time,open,high,low,close,tick_volume,spread,real_volume
2025-05-26 11:00:00,3337.45,3339.72,3333.53,3336.43,6229,7,0
2025-05-26 11:30:00,3336.43,3336.64,3331.11,3334.64,6162,7,0
2025-05-26 12:00:00,3334.69,3336.34,3323.67,3327.13,9129,7,0
2025-05-26 12:30:00,3327.13,3329.7,3324.84,3328.78,4955,7,0
2025-05-26 13:00:00,3328.78,3333.68,3328.77,3331.26,3875,7,0
2025-05-26 13:30:00,3331.28,3331.96,3329.27,3331.57,2276,7,0
2025-05-26 14:00:00,3331.57,3332.95,3330.6,3331.62,2298,7,0
2025-05-26 14:30:00,3331.62,3334.48,3329.24,3333.22,2491,7,0
2025-05-26 15:00:00,3333.22,3335.05,3326.46,3326.96,4331,7,0
2025-05-26 15:30:00,3326.96,3334.95,3326.45,3334.33,4426,7,0
2025-05-26 16:00:00,3334.33,3338.58,3331.44,3338.08,5870,7,0
2025-05-26 16:30:00,3338.08,3339.02,3334.69,3338.39,5933,7,0
2025-05-26 17:00:00,3338.39,3341.78,3336.13,3336.91,7038,7,0
2025-05-26 17:30:00,3336.91,3339.65,3335.59,3337.33,5239,7,0
2025-05-26 18:00:00,3337.33,3339.42,3336.95,3338.91,3525,7,0
2025-05-26 18:30:00,3338.91,3339.72,3337.25,3337.98,2428,7,0
2025-05-26 19:00:00,3337.98,3341.02,3337.59,3340.61,2718,7,0
2025-05-26 19:30:00,3340.61,3343.68,3339.66,3342.11,2759,7,0
2025-05-26 20:00:00,3342.11,3343.17,3340.73,3340.87,2479,7,0
2025-05-26 20:30:00,3340.87,3341.86,3340.55,3341.25,2307,7,0
2025-05-26 21:00:00,3341.25,3341.99,3341.02,3341.54,1079,7,0
2025-05-27 01:00:00,3343.0,3347.7,3342.94,3346.96,2834,7,0
2025-05-27 01:30:00,3346.96,3348.87,3346.28,3347.77,1778,7,0
2025-05-27 02:00:00,3347.77,3348.6,3345.69,3347.39,1846,7,0
2025-05-27 02:30:00,3347.39,3348.26,3344.52,3346.19,2302,7,0
2025-05-27 03:00:00,3346.19,3350.02,3343.81,3344.35,4209,7,0
2025-05-27 03:30:00,3344.35,3346.7,3342.49,3345.11,3850,7,0
2025-05-27 04:00:00,3345.11,3347.36,3337.71,3339.32,6865,7,0
2025-05-27 04:30:00,3339.32,3341.33,3331.83,3335.98,7327,7,0
2025-05-27 05:00:00,3335.98,3342.04,3335.18,3341.21,5815,7,0
2025-05-27 05:30:00,3341.21,3344.45,3339.11,3343.06,4704,7,0
2025-05-27 06:00:00,3343.08,3347.29,3341.74,3346.85,4327,7,0
2025-05-27 06:30:00,3346.85,3347.26,3340.94,3341.29,3753,7,0
2025-05-27 07:00:00,3341.29,3341.62,3339.16,3340.01,3359,7,0
2025-05-27 07:30:00,3340.01,3340.23,3330.75,3330.94,5298,7,0
2025-05-27 08:00:00,3330.94,3332.75,3326.34,3326.95,6315,7,0
2025-05-27 08:30:00,3326.95,3328.67,3316.1,3323.51,12036,7,0
2025-05-27 09:00:00,3323.51,3328.37,3319.53,3320.37,10064,7,0
2025-05-27 09:30:00,3320.37,3322.18,3305.16,3308.65,14654,7,0
2025-05-27 10:00:00,3308.64,3312.54,3302.28,3305.02,12132,7,0
2025-05-27 10:30:00,3305.02,3311.42,3292.66,3296.34,11251,7,0
2025-05-27 11:00:00,3296.34,3310.45,3296.19,3307.09,10897,7,0
2025-05-27 11:30:00,3307.09,3307.42,3297.34,3298.57,9378,7,0
2025-05-27 12:00:00,3298.57,3309.72,3298.04,3301.45,9159,7,0
2025-05-27 12:30:00,3301.45,3301.45,3294.6,3296.28,9403,7,0
2025-05-27 13:00:00,3296.25,3299.63,3290.61,3294.78,8868,7,0
2025-05-27 13:30:00,3294.78,3297.98,3291.36,3293.25,7951,7,0
2025-05-27 14:00:00,3293.25,3298.09,3288.08,3290.24,7412,7,0
2025-05-27 14:30:00,3290.24,3293.74,3287.77,3288.37,7366,7,0
2025-05-27 15:00:00,3288.37,3297.89,3288.06,3295.25,8884,7,0
2025-05-27 15:30:00,3295.25,3297.19,3291.49,3293.73,10201,7,0
2025-05-27 16:00:00,3293.75,3299.43,3293.13,3296.52,11851,7,0
2025-05-27 16:30:00,3296.52,3304.93,3292.24,3295.35,16192,7,0
2025-05-27 17:00:00,3295.35,3298.73,3285.28,3296.28,14916,7,0
2025-05-27 17:30:00,3296.28,3303.32,3295.6,3299.93,11690,7,0
2025-05-27 18:00:00,3299.93,3303.09,3294.55,3296.24,10001,7,0
2025-05-27 18:30:00,3296.24,3296.29,3289.75,3293.57,7970,7,0
2025-05-27 19:00:00,3293.57,3298.8,3293.11,3297.81,5929,7,0
2025-05-27 19:30:00,3297.81,3298.15,3294.88,3297.76,5516,7,0
2025-05-27 20:00:00,3297.76,3303.12,3296.78,3301.94,5397,7,0
2025-05-27 20:30:00,3301.94,3304.37,3300.37,3301.34,4995,7,0
2025-05-27 21:00:00,3301.34,3303.45,3299.14,3301.18,4145,7,0
2025-05-27 21:30:00,3301.18,3303.98,3301.17,3303.17,3856,7,0
2025-05-27 22:00:00,3303.17,3305.37,3303.03,3304.86,3029,7,0
2025-05-27 22:30:00,3304.86,3308.06,3304.1,3304.42,4229,7,0
2025-05-27 23:00:00,3304.42,3305.12,3302.85,3303.9,1957,7,0
2025-05-27 23:30:00,3303.9,3304.95,3299.59,3300.1,1339,7,0
2025-05-28 01:00:00,3301.63,3305.76,3300.04,3304.69,2640,7,0
2025-05-28 01:30:00,3304.69,3305.61,3302.72,3303.39,2651,7,0
2025-05-28 02:00:00,3303.4,3310.11,3297.14,3308.58,4296,7,0
2025-05-28 02:30:00,3308.58,3310.93,3307.95,3309.42,2889,7,0
2025-05-28 03:00:00,3309.42,3312.6,3309.36,3312.14,2735,7,0
2025-05-28 03:30:00,3312.14,3315.86,3308.28,3308.65,4502,7,0
2025-05-28 04:00:00,3308.65,3310.81,3303.08,3307.22,6742,7,0
2025-05-28 04:30:00,3307.22,3309.29,3298.58,3301.8,6936,7,0
2025-05-28 05:00:00,3301.8,3313.69,3300.38,3309.95,9241,7,0
2025-05-28 05:30:00,3309.95,3312.0,3301.86,3302.56,7126,7,0
2025-05-28 06:00:00,3302.56,3304.19,3291.62,3293.96,8902,7,0
2025-05-28 06:30:00,3293.96,3300.61,3292.5,3297.79,5838,7,0
2025-05-28 07:00:00,3297.79,3298.91,3294.4,3295.02,3990,7,0
2025-05-28 07:30:00,3295.02,3299.28,3294.64,3296.45,3303,7,0
2025-05-28 08:00:00,3296.45,3310.4,3296.02,3308.8,7169,7,0
2025-05-28 08:30:00,3308.8,3309.53,3305.18,3307.35,5238,7,0
2025-05-28 09:00:00,3307.35,3308.02,3298.6,3304.21,7753,7,0
2025-05-28 09:30:00,3304.21,3308.73,3303.38,3308.28,5232,7,0
2025-05-28 10:00:00,3308.28,3313.46,3307.27,3310.7,7496,7,0
2025-05-28 10:30:00,3310.7,3322.52,3308.86,3319.18,11222,7,0
2025-05-28 11:00:00,3319.18,3323.82,3316.55,3318.48,8042,7,0
2025-05-28 11:30:00,3318.48,3323.66,3315.22,3321.71,8425,7,0
2025-05-28 12:00:00,3321.71,3323.63,3320.23,3323.51,4408,7,0
2025-05-28 12:30:00,3323.51,3325.54,3321.11,3324.19,4810,7,0
2025-05-28 13:00:00,3324.19,3324.66,3318.24,3319.5,4783,7,0
2025-05-28 13:30:00,3319.5,3319.56,3311.8,3313.36,6506,7,0
2025-05-28 14:00:00,3313.36,3313.77,3309.59,3313.26,5880,7,0
2025-05-28 14:30:00,3313.26,3315.15,3307.44,3311.1,6719,7,0
2025-05-28 15:00:00,3311.1,3313.58,3305.45,3311.01,9252,7,0
2025-05-28 15:30:00,3311.01,3314.55,3310.45,3312.3,7523,7,0
2025-05-28 16:00:00,3312.3,3316.46,3304.74,3305.71,11328,7,0
2025-05-28 16:30:00,3305.71,3309.54,3297.53,3305.25,18502,7,0
2025-05-28 17:00:00,3305.25,3309.09,3300.86,3308.03,11402,7,0
2025-05-28 17:30:00,3308.03,3308.47,3300.57,3302.68,12332,7,0
2025-05-28 18:00:00,3302.68,3302.81,3294.85,3295.14,11022,7,0
2025-05-28 18:30:00,3295.26,3297.91,3292.6,3296.07,7957,7,0
2025-05-28 19:00:00,3296.07,3299.2,3294.53,3297.45,5590,7,0
2025-05-28 19:30:00,3297.45,3297.52,3288.63,3293.49,7924,7,0
2025-05-28 20:00:00,3293.49,3299.08,3291.37,3296.81,6812,7,0
2025-05-28 20:30:00,3296.81,3298.35,3294.64,3296.52,4821,7,0
2025-05-28 21:00:00,3296.52,3302.91,3296.48,3301.6,6384,7,0
2025-05-28 21:30:00,3301.6,3302.83,3299.48,3302.01,5706,7,0
2025-05-28 22:00:00,3302.02,3302.93,3294.15,3294.15,7197,7,0
2025-05-28 22:30:00,3294.15,3298.28,3293.92,3297.02,5865,7,0
2025-05-28 23:00:00,3297.02,3297.38,3292.94,3296.77,3093,7,0
2025-05-28 23:30:00,3296.77,3297.19,3276.15,3286.24,3791,7,0
2025-05-29 01:00:00,3286.2,3294.84,3282.1,3285.69,3739,7,0
2025-05-29 01:30:00,3285.69,3288.43,3282.99,3286.72,3262,7,0
2025-05-29 02:00:00,3286.72,3287.8,3261.19,3266.14,11714,7,0
2025-05-29 02:30:00,3266.15,3268.23,3250.02,3259.67,14836,7,0
2025-05-29 03:00:00,3259.67,3264.92,3253.97,3261.52,14308,7,0
2025-05-29 03:30:00,3261.52,3269.14,3258.53,3265.05,11504,7,0
2025-05-29 04:00:00,3265.05,3265.88,3245.55,3256.43,14971,7,0
2025-05-29 04:30:00,3256.43,3264.37,3248.28,3263.64,11254,7,0
2025-05-29 05:00:00,3263.64,3266.28,3261.12,3265.38,8560,7,0
2025-05-29 05:30:00,3265.38,3275.45,3262.48,3270.14,9027,7,0
2025-05-29 06:00:00,3270.14,3277.33,3268.16,3274.38,7812,7,0
2025-05-29 06:30:00,3274.38,3280.2,3273.37,3274.67,6338,7,0
2025-05-29 07:00:00,3274.67,3275.45,3272.45,3275.02,4830,7,0
2025-05-29 07:30:00,3275.02,3275.43,3269.13,3269.2,5222,7,0
2025-05-29 08:00:00,3269.2,3272.28,3268.48,3271.93,4592,7,0
2025-05-29 08:30:00,3271.93,3272.72,3266.11,3272.58,7445,7,0
2025-05-29 09:00:00,3272.58,3276.43,3268.11,3273.91,8595,7,0
2025-05-29 09:30:00,3273.91,3274.34,3270.56,3271.78,6448,7,0
2025-05-29 10:00:00,3271.78,3283.41,3271.77,3281.17,8306,7,0
2025-05-29 10:30:00,3281.17,3287.46,3276.67,3286.59,7087,7,0
2025-05-29 11:00:00,3286.51,3289.37,3281.54,3283.39,7028,7,0
2025-05-29 11:30:00,3283.4,3284.24,3278.28,3281.74,5185,7,0
2025-05-29 12:00:00,3281.74,3282.26,3276.28,3278.64,4881,7,0
2025-05-29 12:30:00,3278.64,3283.26,3278.15,3282.11,4890,7,0
2025-05-29 13:00:00,3282.11,3299.58,3281.93,3298.39,9159,7,0
2025-05-29 13:30:00,3298.38,3300.83,3295.55,3296.76,6883,7,0
2025-05-29 14:00:00,3296.76,3302.47,3295.44,3302.29,6453,7,0
2025-05-29 14:30:00,3302.29,3305.5,3298.98,3299.79,7778,7,0
2025-05-29 15:00:00,3299.79,3311.54,3298.69,3309.6,12429,7,0
2025-05-29 15:30:00,3309.6,3317.55,3309.6,3316.51,13692,7,0
2025-05-29 16:00:00,3316.51,3319.11,3310.31,3319.06,14746,7,0
2025-05-29 16:30:00,3319.06,3322.0,3311.77,3312.67,18670,7,0
2025-05-29 17:00:00,3312.67,3319.53,3309.99,3310.94,14785,7,0
2025-05-29 17:30:00,3310.9,3313.93,3304.82,3310.31,12481,7,0
2025-05-29 18:00:00,3310.31,3317.63,3309.81,3316.33,8300,7,0
2025-05-29 18:30:00,3316.33,3322.02,3314.89,3321.62,7157,7,0
2025-05-29 19:00:00,3321.69,3331.26,3319.83,3326.06,10936,7,0
2025-05-29 19:30:00,3326.06,3327.3,3321.63,3322.29,6610,7,0
2025-05-29 20:00:00,3322.29,3323.44,3318.82,3319.03,6907,7,0
2025-05-29 20:30:00,3319.02,3324.52,3318.22,3324.27,6257,7,0
2025-05-29 21:00:00,3324.27,3325.85,3317.68,3319.1,6543,7,0
2025-05-29 21:30:00,3319.1,3321.6,3318.3,3321.34,5539,7,0
2025-05-29 22:00:00,3321.34,3321.55,3317.15,3319.17,4558,7,0
2025-05-29 22:30:00,3319.17,3319.33,3315.57,3316.65,5074,7,0
2025-05-29 23:00:00,3316.65,3317.74,3315.29,3317.74,2451,7,0
2025-05-29 23:30:00,3317.74,3318.18,3315.73,3317.33,1049,7,0
2025-05-30 01:00:00,3318.76,3320.98,3315.97,3317.61,1634,7,0
2025-05-30 01:30:00,3317.61,3318.03,3313.59,3314.38,2962,7,0
2025-05-30 02:00:00,3314.38,3317.41,3313.59,3315.76,2616,7,0
2025-05-30 02:30:00,3315.76,3316.44,3312.93,3315.59,2796,7,0
2025-05-30 03:00:00,3315.59,3318.91,3312.15,3313.44,4326,7,0
2025-05-30 03:30:00,3313.44,3314.19,3309.63,3312.56,5102,7,0
2025-05-30 04:00:00,3312.56,3322.77,3311.68,3316.63,8558,7,0
2025-05-30 04:30:00,3316.63,3317.43,3308.2,3309.92,8113,7,0
2025-05-30 05:00:00,3309.92,3312.22,3299.49,3301.9,8803,7,0
2025-05-30 05:30:00,3301.9,3303.89,3295.08,3297.29,7459,7,0
2025-05-30 06:00:00,3297.29,3302.38,3296.22,3296.86,5581,7,0
2025-05-30 06:30:00,3296.86,3299.45,3291.35,3294.54,5410,7,0
2025-05-30 07:00:00,3294.54,3295.53,3292.15,3294.73,3680,7,0
2025-05-30 07:30:00,3294.73,3296.47,3291.51,3296.31,2995,7,0
2025-05-30 08:00:00,3296.31,3298.8,3290.3,3297.01,4875,7,0
2025-05-30 08:30:00,3297.01,3305.07,3296.83,3303.9,6097,7,0
2025-05-30 09:00:00,3303.9,3304.29,3290.55,3291.23,8107,7,0
2025-05-30 09:30:00,3291.23,3302.25,3291.04,3301.85,6822,7,0
2025-05-30 10:00:00,3301.85,3301.85,3287.56,3296.03,9426,7,0
2025-05-30 10:30:00,3296.03,3297.38,3292.66,3295.03,6503,7,0
2025-05-30 11:00:00,3295.03,3299.27,3291.65,3297.89,7897,7,0
2025-05-30 11:30:00,3297.89,3299.05,3294.42,3295.79,5318,7,0
2025-05-30 12:00:00,3295.8,3299.27,3294.15,3296.25,5463,7,0
2025-05-30 12:30:00,3296.25,3298.34,3292.61,3295.65,4813,7,0
2025-05-30 13:00:00,3295.65,3300.68,3295.06,3296.53,4387,7,0
2025-05-30 13:30:00,3296.53,3296.81,3292.57,3295.27,4769,7,0
2025-05-30 14:00:00,3295.27,3297.33,3290.15,3293.46,5951,7,0
2025-05-30 14:30:00,3293.46,3294.84,3288.41,3294.02,5776,7,0
2025-05-30 15:00:00,3294.02,3306.87,3282.93,3302.16,19544,7,0
2025-05-30 15:30:00,3302.16,3306.15,3296.1,3304.02,11840,7,0
2025-05-30 16:00:00,3304.02,3308.23,3293.95,3294.77,12126,7,0
2025-05-30 16:30:00,3294.77,3299.36,3275.31,3276.74,18605,7,0
2025-05-30 17:00:00,3276.74,3287.33,3271.48,3283.57,15787,7,0
2025-05-30 17:30:00,3283.57,3285.23,3273.43,3282.74,16175,7,0
2025-05-30 18:00:00,3282.74,3288.83,3276.06,3286.99,14261,7,0
2025-05-30 18:30:00,3286.99,3292.77,3286.64,3288.66,9150,7,0
2025-05-30 19:00:00,3288.66,3292.38,3287.13,3289.1,7380,7,0
2025-05-30 19:30:00,3289.1,3295.78,3284.01,3293.42,10136,7,0
2025-05-30 20:00:00,3293.36,3294.77,3289.79,3291.7,6684,7,0
2025-05-30 20:30:00,3291.7,3294.29,3290.32,3291.02,4659,7,0
2025-05-30 21:00:00,3291.02,3295.01,3291.02,3294.53,4696,7,0
2025-05-30 21:30:00,3294.53,3295.07,3293.51,3293.88,3325,7,0
2025-05-30 22:00:00,3293.88,3295.08,3292.56,3293.25,2525,7,0
2025-05-30 22:30:00,3293.25,3295.04,3291.67,3294.97,3641,7,0
2025-05-30 23:00:00,3294.97,3295.86,3290.37,3290.4,2366,7,0
2025-05-30 23:30:00,3290.4,3292.15,3288.48,3288.56,1102,7,0
2025-06-02 01:00:00,3298.89,3309.56,3295.88,3304.0,6389,7,0
2025-06-02 01:30:00,3304.0,3315.37,3302.52,3313.18,3761,7,0
2025-06-02 02:00:00,3313.18,3316.67,3311.34,3312.17,2868,7,0
2025-06-02 02:30:00,3312.17,3313.23,3309.25,3310.22,2922,7,0
2025-06-02 03:00:00,3310.22,3314.98,3309.8,3312.96,4904,7,0
2025-06-02 03:30:00,3312.96,3313.6,3303.36,3311.35,7109,7,0
2025-06-02 04:00:00,3311.35,3313.72,3308.2,3309.39,6251,7,0
2025-06-02 04:30:00,3309.39,3310.95,3301.48,3303.72,7290,7,0
2025-06-02 05:00:00,3303.72,3311.54,3303.5,3306.9,5570,7,0
2025-06-02 05:30:00,3306.9,3309.68,3305.17,3307.36,3723,7,0
2025-06-02 06:00:00,3307.36,3308.41,3304.41,3305.6,3862,7,0
2025-06-02 06:30:00,3305.6,3308.91,3303.36,3308.66,3822,7,0
2025-06-02 07:00:00,3308.66,3313.99,3308.66,3313.67,4587,7,0
2025-06-02 07:30:00,3313.67,3318.2,3312.91,3313.93,4507,7,0
2025-06-02 08:00:00,3313.93,3319.9,3313.88,3318.2,4600,7,0
2025-06-02 08:30:00,3318.2,3325.74,3316.57,3323.78,5368,7,0
2025-06-02 09:00:00,3323.78,3338.02,3323.78,3337.59,8797,7,0
2025-06-02 09:30:00,3337.59,3345.46,3335.95,3344.47,9346,7,0
2025-06-02 10:00:00,3344.47,3358.89,3343.19,3353.45,12893,7,0
2025-06-02 10:30:00,3353.45,3359.05,3350.81,3352.62,9806,7,0
2025-06-02 11:00:00,3352.62,3356.41,3350.6,3353.1,6153,7,0
2025-06-02 11:30:00,3353.1,3355.69,3350.13,3352.08,5418,7,0
2025-06-02 12:00:00,3352.08,3352.51,3346.29,3347.06,6124,7,0
2025-06-02 12:30:00,3347.06,3348.52,3344.53,3348.37,6818,7,0
2025-06-02 13:00:00,3348.37,3350.7,3345.58,3349.38,5722,7,0
2025-06-02 13:30:00,3349.38,3351.44,3344.62,3348.67,7869,7,0
2025-06-02 14:00:00,3348.67,3354.03,3346.11,3353.39,6374,7,0
2025-06-02 14:30:00,3353.39,3360.22,3353.22,3356.32,7444,7,0
2025-06-02 15:00:00,3356.32,3363.58,3353.99,3360.86,8804,7,0
2025-06-02 15:30:00,3360.86,3363.68,3354.69,3355.5,9544,7,0
2025-06-02 16:00:00,3355.5,3357.78,3352.02,3355.78,9991,7,0
2025-06-02 16:30:00,3355.78,3376.25,3350.39,3371.0,18208,7,0
2025-06-02 17:00:00,3371.0,3378.15,3367.73,3373.15,17650,7,0
2025-06-02 17:30:00,3373.15,3378.86,3372.13,3376.15,12313,7,0
2025-06-02 18:00:00,3376.11,3378.77,3369.86,3373.39,10758,7,0
2025-06-02 18:30:00,3373.4,3376.02,3371.09,3374.36,7229,7,0
2025-06-02 19:00:00,3374.33,3379.34,3370.39,3373.16,8794,7,0
2025-06-02 19:30:00,3373.16,3375.05,3369.36,3371.84,7570,7,0
2025-06-02 20:00:00,3371.79,3375.66,3371.35,3372.34,6744,7,0
2025-06-02 20:30:00,3372.34,3376.01,3372.24,3374.43,5655,7,0
2025-06-02 21:00:00,3374.43,3374.56,3370.83,3372.08,5464,7,0
2025-06-02 21:30:00,3372.08,3380.06,3371.43,3379.29,5827,7,0
2025-06-02 22:00:00,3379.29,3380.49,3377.95,3378.94,4181,7,0
2025-06-02 22:30:00,3378.94,3382.39,3378.53,3381.56,5583,7,0
2025-06-02 23:00:00,3381.56,3381.94,3378.46,3380.07,3103,7,0
2025-06-02 23:30:00,3380.07,3382.82,3379.02,3381.58,2224,7,0
2025-06-03 01:00:00,3383.24,3391.54,3382.15,3389.89,4641,7,0
2025-06-03 01:30:00,3389.89,3390.92,3388.29,3389.97,2398,7,0
2025-06-03 02:00:00,3389.97,3392.19,3385.03,3385.61,2290,7,0
2025-06-03 02:30:00,3385.61,3388.27,3383.18,3387.43,3650,7,0
2025-06-03 03:00:00,3387.43,3388.7,3375.65,3379.8,6435,7,0
2025-06-03 03:30:00,3379.8,3381.51,3373.88,3375.92,6476,7,0
2025-06-03 04:00:00,3375.92,3376.04,3363.26,3368.45,13523,7,0
2025-06-03 04:30:00,3368.45,3375.67,3366.36,3372.6,9134,7,0
2025-06-03 05:00:00,3372.6,3378.06,3371.72,3372.44,6905,7,0
2025-06-03 05:30:00,3372.44,3375.25,3364.46,3368.86,8218,7,0
2025-06-03 06:00:00,3368.86,3369.71,3364.56,3365.03,6069,7,0
2025-06-03 06:30:00,3365.03,3367.35,3359.82,3361.19,5589,7,0
2025-06-03 07:00:00,3361.19,3365.21,3361.02,3362.87,4116,7,0
2025-06-03 07:30:00,3362.87,3363.82,3359.26,3362.69,4423,7,0
2025-06-03 08:00:00,3362.69,3364.21,3358.99,3359.19,4735,7,0
2025-06-03 08:30:00,3359.14,3367.78,3356.41,3365.17,7454,7,0
2025-06-03 09:00:00,3365.17,3367.4,3359.23,3364.23,8256,7,0
2025-06-03 09:30:00,3364.23,3364.92,3351.19,3358.9,10284,7,0
2025-06-03 10:00:00,3358.9,3361.29,3352.56,3357.14,10105,7,0
2025-06-03 10:30:00,3357.14,3359.73,3354.22,3359.66,6517,7,0
2025-06-03 11:00:00,3359.66,3364.9,3359.66,3361.78,7400,7,0
2025-06-03 11:30:00,3361.78,3364.27,3359.92,3361.34,5048,7,0
2025-06-03 12:00:00,3361.34,3362.83,3357.73,3359.12,5177,7,0
2025-06-03 12:30:00,3359.12,3360.61,3355.02,3356.88,5329,7,0
2025-06-03 13:00:00,3356.88,3358.22,3355.21,3357.8,4380,7,0
2025-06-03 13:30:00,3357.8,3358.7,3355.0,3355.52,5380,7,0
2025-06-03 14:00:00,3355.52,3358.57,3353.43,3356.95,5460,7,0
2025-06-03 14:30:00,3356.95,3360.46,3356.53,3359.29,3803,7,0
2025-06-03 15:00:00,3359.29,3359.96,3349.01,3354.62,9729,7,0
2025-06-03 15:30:00,3354.62,3363.19,3352.98,3359.4,9422,7,0
2025-06-03 16:00:00,3359.4,3363.14,3357.19,3359.56,8385,7,0
2025-06-03 16:30:00,3359.56,3359.8,3340.96,3344.96,17720,7,0
2025-06-03 17:00:00,3344.96,3346.64,3333.1,3346.36,17705,7,0
2025-06-03 17:30:00,3346.36,3350.19,3345.07,3346.51,9098,7,0
2025-06-03 18:00:00,3346.5,3350.37,3344.09,3349.76,8101,7,0
2025-06-03 18:30:00,3349.76,3351.56,3346.8,3350.29,7607,7,0
2025-06-03 19:00:00,3350.29,3353.55,3348.23,3349.23,6381,7,0
2025-06-03 19:30:00,3349.23,3349.36,3344.65,3348.48,5668,7,0
2025-06-03 20:00:00,3348.48,3353.6,3347.36,3353.48,5437,7,0
2025-06-03 20:30:00,3353.48,3354.57,3352.31,3353.18,3496,7,0
2025-06-03 21:00:00,3353.18,3353.85,3350.52,3352.47,3176,7,0
2025-06-03 21:30:00,3352.49,3353.63,3351.2,3353.6,2578,7,0
2025-06-03 22:00:00,3353.6,3355.48,3353.14,3353.14,2348,7,0
2025-06-03 22:30:00,3353.14,3355.42,3351.31,3352.61,3681,7,0
2025-06-03 23:00:00,3352.61,3354.33,3352.6,3353.99,1889,7,0
2025-06-03 23:30:00,3353.99,3355.37,3353.11,3353.18,974,7,0
2025-06-04 01:00:00,3354.05,3358.05,3354.05,3357.68,1489,7,0
2025-06-04 01:30:00,3357.68,3358.52,3357.22,3357.23,1011,7,0
2025-06-04 02:00:00,3357.23,3361.62,3357.05,3358.63,1754,7,0
2025-06-04 02:30:00,3358.63,3360.31,3355.41,3359.96,2600,7,0
2025-06-04 03:00:00,3359.96,3360.27,3351.7,3357.43,6074,7,0
2025-06-04 03:30:00,3357.43,3357.84,3349.8,3350.24,6331,7,0
2025-06-04 04:00:00,3350.24,3364.24,3346.45,3363.74,8666,7,0
2025-06-04 04:30:00,3363.74,3372.38,3362.72,3370.9,9319,7,0
2025-06-04 05:00:00,3370.88,3372.65,3368.49,3368.93,4980,7,0
2025-06-04 05:30:00,3368.93,3369.05,3362.9,3365.59,5775,7,0
2025-06-04 06:00:00,3365.59,3367.53,3363.27,3365.74,3649,7,0
2025-06-04 06:30:00,3365.74,3366.1,3358.34,3359.17,4725,7,0
2025-06-04 07:00:00,3359.17,3361.51,3356.98,3360.09,4755,7,0
2025-06-04 07:30:00,3360.09,3360.67,3352.4,3354.81,4629,7,0
2025-06-04 08:00:00,3354.81,3356.51,3349.69,3351.63,4475,7,0
2025-06-04 08:30:00,3351.63,3354.37,3348.01,3351.09,7697,7,0
2025-06-04 09:00:00,3351.09,3355.61,3349.09,3355.61,8544,7,0
2025-06-04 09:30:00,3355.61,3358.49,3354.43,3355.66,7064,7,0
2025-06-04 10:00:00,3355.66,3362.9,3355.66,3361.48,6967,7,0
2025-06-04 10:30:00,3361.49,3365.22,3353.68,3354.64,6032,7,0
2025-06-04 11:00:00,3354.64,3357.32,3351.77,3355.12,6544,7,0
2025-06-04 11:30:00,3355.12,3364.23,3355.12,3362.8,6748,7,0
2025-06-04 12:00:00,3362.8,3365.0,3360.91,3364.43,5663,7,0
2025-06-04 12:30:00,3364.43,3364.65,3359.42,3362.97,4808,7,0
2025-06-04 13:00:00,3362.97,3363.99,3357.64,3358.35,4994,7,0
2025-06-04 13:30:00,3358.35,3358.94,3347.29,3350.94,8828,7,0
2025-06-04 14:00:00,3350.94,3352.08,3343.81,3346.7,7201,7,0
2025-06-04 14:30:00,3346.7,3350.57,3344.22,3346.59,6319,7,0
2025-06-04 15:00:00,3346.62,3355.67,3344.46,3349.71,10979,7,0
2025-06-04 15:30:00,3349.71,3360.85,3349.2,3358.93,14184,7,0
2025-06-04 16:00:00,3358.94,3362.79,3355.08,3358.16,11932,7,0
2025-06-04 16:30:00,3358.19,3359.47,3350.93,3352.8,11885,7,0
2025-06-04 17:00:00,3352.8,3369.64,3351.09,3369.5,17296,7,0
2025-06-04 17:30:00,3369.5,3384.71,3368.9,3377.5,14022,7,0
2025-06-04 18:00:00,3377.5,3378.98,3370.5,3374.3,11822,7,0
2025-06-04 18:30:00,3374.3,3374.9,3369.81,3371.77,7372,7,0
2025-06-04 19:00:00,3371.77,3375.07,3370.9,3373.03,5634,7,0
2025-06-04 19:30:00,3373.07,3376.35,3372.49,3375.12,4960,7,0
2025-06-04 20:00:00,3375.12,3376.55,3373.04,3375.19,4484,7,0
2025-06-04 20:30:00,3375.19,3380.86,3375.19,3379.21,4482,7,0
2025-06-04 21:00:00,3379.21,3382.17,3378.09,3380.21,3666,7,0
2025-06-04 21:30:00,3380.21,3380.9,3375.01,3376.24,3653,7,0
2025-06-04 22:00:00,3376.19,3376.33,3372.06,3373.27,3598,7,0
2025-06-04 22:30:00,3373.27,3374.18,3371.93,3373.61,3900,7,0
2025-06-04 23:00:00,3373.61,3374.47,3370.74,3373.95,1954,7,0
2025-06-04 23:30:00,3373.95,3375.23,3371.66,3373.96,1945,7,0
2025-06-05 01:00:00,3373.35,3375.26,3372.24,3375.24,1503,7,0
2025-06-05 01:30:00,3375.24,3375.95,3372.48,3373.64,1509,7,0
2025-06-05 02:00:00,3373.64,3379.14,3372.52,3378.74,1956,7,0
2025-06-05 02:30:00,3378.74,3379.04,3374.33,3378.17,2228,7,0
2025-06-05 03:00:00,3378.19,3381.75,3374.53,3381.11,4331,7,0
2025-06-05 03:30:00,3381.11,3381.51,3372.46,3380.27,7145,7,0
2025-06-05 04:00:00,3380.27,3384.17,3374.81,3377.74,7509,7,0
2025-06-05 04:30:00,3377.74,3377.84,3370.72,3373.77,7463,7,0
2025-06-05 05:00:00,3373.77,3375.11,3368.39,3371.74,5041,7,0
2025-06-05 05:30:00,3371.74,3373.4,3368.28,3370.88,4703,7,0
2025-06-05 06:00:00,3370.88,3373.99,3369.86,3373.9,3535,7,0
2025-06-05 06:30:00,3373.9,3377.39,3369.37,3369.77,4073,7,0
2025-06-05 07:00:00,3369.77,3372.55,3363.92,3367.41,5595,7,0
2025-06-05 07:30:00,3367.41,3369.09,3366.02,3368.44,3698,7,0
2025-06-05 08:00:00,3368.44,3369.83,3364.81,3365.81,3906,7,0
2025-06-05 08:30:00,3365.8,3367.21,3361.23,3364.34,6010,7,0
2025-06-05 09:00:00,3364.34,3368.94,3363.87,3368.76,6610,7,0
2025-06-05 09:30:00,3368.76,3370.01,3364.52,3366.05,5927,7,0
2025-06-05 10:00:00,3366.06,3374.52,3365.36,3372.44,6710,7,0
2025-06-05 10:30:00,3372.44,3373.91,3369.29,3371.28,5039,7,0
2025-06-05 11:00:00,3371.28,3373.69,3369.79,3373.08,4983,7,0
2025-06-05 11:30:00,3373.08,3376.92,3371.97,3375.25,4566,7,0
2025-06-05 12:00:00,3375.25,3388.16,3374.11,3387.92,11843,7,0
2025-06-05 12:30:00,3387.87,3391.37,3381.92,3389.62,12090,7,0
2025-06-05 13:00:00,3389.61,3395.98,3388.33,3395.64,8974,7,0
2025-06-05 13:30:00,3395.64,3400.48,3393.49,3399.98,10425,7,0
2025-06-05 14:00:00,3399.98,3403.66,3394.83,3395.35,11102,7,0
2025-06-05 14:30:00,3395.35,3397.37,3391.73,3392.34,8331,7,0
2025-06-05 15:00:00,3392.34,3397.06,3389.56,3394.99,8846,7,0
2025-06-05 15:30:00,3394.98,3400.25,3377.71,3383.09,19593,7,0
2025-06-05 16:00:00,3383.09,3385.4,3371.21,3378.9,21304,7,0
2025-06-05 16:30:00,3378.91,3388.6,3375.9,3378.19,21408,7,0
2025-06-05 17:00:00,3378.19,3380.98,3367.7,3375.57,17267,7,0
2025-06-05 17:30:00,3375.57,3383.29,3363.91,3367.67,21427,7,0
2025-06-05 18:00:00,3367.66,3373.18,3360.78,3361.96,20699,7,0
2025-06-05 18:30:00,3362.0,3363.06,3339.5,3344.79,17012,7,0
2025-06-05 19:00:00,3344.79,3351.74,3339.88,3348.02,13025,7,0
2025-06-05 19:30:00,3348.04,3356.46,3347.43,3354.08,8995,7,0
2025-06-05 20:00:00,3354.08,3354.79,3348.95,3352.51,8323,7,0
2025-06-05 20:30:00,3352.51,3354.26,3350.1,3353.97,5638,7,0
2025-06-05 21:00:00,3353.97,3355.68,3350.51,3355.38,6229,7,0
2025-06-05 21:30:00,3355.38,3356.0,3352.75,3353.57,5959,7,0
2025-06-05 22:00:00,3353.57,3361.39,3353.13,3357.81,7778,7,0
2025-06-05 22:30:00,3357.81,3358.98,3352.89,3356.88,8262,7,0
2025-06-05 23:00:00,3356.77,3357.75,3353.23,3353.8,3437,7,0
2025-06-05 23:30:00,3353.8,3355.53,3351.92,3352.51,1897,7,0
2025-06-06 01:00:00,3354.28,3363.58,3353.15,3360.76,4026,7,0
2025-06-06 01:30:00,3360.76,3361.65,3357.25,3359.11,4120,7,0
2025-06-06 02:00:00,3359.11,3361.07,3358.72,3359.35,1991,7,0
2025-06-06 02:30:00,3359.35,3362.64,3357.27,3361.91,2788,7,0
2025-06-06 03:00:00,3361.91,3364.12,3361.55,3362.94,3696,7,0
2025-06-06 03:30:00,3362.94,3364.08,3357.47,3359.45,5350,7,0
2025-06-06 04:00:00,3359.45,3368.53,3356.01,3368.53,8072,7,0
2025-06-06 04:30:00,3368.53,3368.63,3360.35,3363.88,7296,7,0
2025-06-06 05:00:00,3363.88,3365.33,3362.11,3363.95,4307,7,0
2025-06-06 05:30:00,3363.95,3366.52,3362.39,3364.01,5633,7,0
2025-06-06 06:00:00,3364.01,3367.31,3359.26,3366.8,4909,7,0
2025-06-06 06:30:00,3366.8,3371.85,3366.7,3369.77,4269,7,0
2025-06-06 07:00:00,3369.77,3373.58,3369.07,3372.2,4305,7,0
2025-06-06 07:30:00,3372.2,3374.61,3370.74,3373.68,3729,7,0
2025-06-06 08:00:00,3373.68,3375.64,3368.28,3369.22,5166,7,0
2025-06-06 08:30:00,3369.22,3369.61,3362.24,3366.1,8372,7,0
2025-06-06 09:00:00,3366.08,3366.99,3361.48,3364.83,9314,7,0
2025-06-06 09:30:00,3364.83,3365.24,3356.15,3360.8,11554,7,0
2025-06-06 10:00:00,3360.8,3362.37,3356.78,3360.54,8717,7,0
2025-06-06 10:30:00,3360.54,3360.67,3352.78,3359.47,7686,7,0
2025-06-06 11:00:00,3359.47,3364.92,3358.45,3363.92,6645,7,0
2025-06-06 11:30:00,3363.92,3367.76,3363.13,3365.39,5687,7,0
2025-06-06 12:00:00,3365.39,3365.45,3355.53,3355.77,6118,7,0
2025-06-06 12:30:00,3355.77,3359.47,3352.86,3356.76,6619,7,0
2025-06-06 13:00:00,3356.76,3360.35,3355.93,3356.7,5436,7,0
2025-06-06 13:30:00,3356.7,3360.85,3356.65,3360.62,4949,7,0
2025-06-06 14:00:00,3360.62,3364.3,3360.37,3360.94,5703,7,0
2025-06-06 14:30:00,3360.94,3364.34,3358.19,3358.41,6541,7,0
2025-06-06 15:00:00,3358.41,3360.43,3354.02,3358.31,8446,7,0
2025-06-06 15:30:00,3358.31,3364.31,3343.54,3353.35,26336,7,0
2025-06-06 16:00:00,3353.33,3361.01,3346.64,3353.92,19061,7,0
2025-06-06 16:30:00,3353.92,3355.46,3342.65,3343.24,22929,7,0
2025-06-06 17:00:00,3343.26,3345.15,3316.53,3324.15,26592,7,0
2025-06-06 17:30:00,3324.15,3334.29,3322.4,3326.15,17666,7,0
2025-06-06 18:00:00,3326.16,3331.83,3323.38,3330.86,16073,7,0
2025-06-06 18:30:00,3330.86,3336.81,3328.52,3332.21,9415,7,0
2025-06-06 19:00:00,3332.21,3332.73,3323.93,3324.06,8835,7,0
2025-06-06 19:30:00,3324.06,3325.8,3320.93,3322.78,9822,7,0
2025-06-06 20:00:00,3322.78,3326.79,3322.66,3324.05,7262,7,0
2025-06-06 20:30:00,3324.05,3324.4,3321.41,3323.61,5971,7,0
2025-06-06 21:00:00,3323.61,3324.01,3313.72,3315.87,7275,7,0
2025-06-06 21:30:00,3315.87,3320.24,3314.61,3317.53,5590,7,0
2025-06-06 22:00:00,3317.53,3318.95,3313.47,3315.03,4677,7,0
2025-06-06 22:30:00,3315.03,3316.04,3311.31,3312.41,5729,7,0
2025-06-06 23:00:00,3312.41,3312.82,3307.14,3311.25,3037,7,0
2025-06-06 23:30:00,3311.25,3312.86,3310.72,3311.92,1856,7,0
2025-06-09 01:00:00,3311.09,3321.12,3311.09,3318.15,3285,7,0
2025-06-09 01:30:00,3318.15,3318.88,3309.24,3314.84,4053,7,0
2025-06-09 02:00:00,3314.84,3318.19,3314.65,3316.06,2708,7,0
2025-06-09 02:30:00,3316.06,3318.54,3313.44,3318.07,3260,7,0
2025-06-09 03:00:00,3318.07,3318.68,3304.64,3310.1,6593,7,0
2025-06-09 03:30:00,3310.1,3311.88,3298.14,3305.1,9358,7,0
2025-06-09 04:00:00,3305.1,3309.41,3301.3,3306.69,10321,7,0
2025-06-09 04:30:00,3306.69,3308.76,3295.02,3295.98,7863,7,0
2025-06-09 05:00:00,3296.11,3305.84,3293.29,3301.94,7629,7,0
2025-06-09 05:30:00,3301.94,3307.61,3300.32,3305.57,5645,7,0
2025-06-09 06:00:00,3305.57,3309.05,3303.23,3304.34,7364,7,0
2025-06-09 06:30:00,3304.34,3312.09,3304.25,3310.84,4234,7,0
2025-06-09 07:00:00,3310.84,3313.19,3309.27,3312.2,3633,7,0
2025-06-09 07:30:00,3312.2,3313.45,3310.21,3311.77,3271,7,0
2025-06-09 08:00:00,3311.77,3312.99,3309.6,3312.0,4045,7,0
2025-06-09 08:30:00,3312.0,3316.63,3310.36,3314.68,5872,7,0
2025-06-09 09:00:00,3314.68,3320.47,3312.52,3318.76,7665,7,0
2025-06-09 09:30:00,3318.76,3324.96,3317.55,3324.41,6823,7,0
2025-06-09 10:00:00,3324.41,3328.61,3321.59,3325.6,6555,7,0
2025-06-09 10:30:00,3325.6,3327.31,3321.56,3324.17,8335,7,0
2025-06-09 11:00:00,3324.17,3325.46,3321.79,3324.82,6257,7,0
2025-06-09 11:30:00,3324.82,3325.66,3319.81,3319.81,5601,7,0
2025-06-09 12:00:00,3319.81,3323.51,3316.86,3318.68,5680,7,0
2025-06-09 12:30:00,3318.68,3322.4,3318.08,3318.72,4838,7,0
2025-06-09 13:00:00,3318.72,3319.76,3315.81,3316.9,3980,7,0
2025-06-09 13:30:00,3316.9,3316.93,3312.16,3314.66,4873,7,0
2025-06-09 14:00:00,3314.66,3318.83,3314.19,3318.37,5342,7,0
2025-06-09 14:30:00,3318.37,3321.34,3313.71,3317.46,6008,7,0
2025-06-09 15:00:00,3317.46,3318.7,3313.1,3318.23,7751,7,0
2025-06-09 15:30:00,3318.23,3322.47,3315.55,3320.08,7628,7,0
2025-06-09 16:00:00,3320.08,3320.6,3310.75,3313.83,9470,7,0
2025-06-09 16:30:00,3313.86,3321.71,3310.91,3319.38,15840,7,0
2025-06-09 17:00:00,3319.38,3326.85,3317.45,3322.03,12014,7,0
2025-06-09 17:30:00,3322.03,3322.73,3316.18,3320.86,10274,7,0
2025-06-09 18:00:00,3320.86,3330.72,3320.44,3330.65,7776,7,0
2025-06-09 18:30:00,3330.65,3332.14,3328.28,3328.68,5407,7,0
2025-06-09 19:00:00,3328.68,3335.61,3327.57,3333.18,7115,7,0
2025-06-09 19:30:00,3333.18,3337.94,3331.85,3337.74,6782,7,0
2025-06-09 20:00:00,3337.74,3338.23,3333.01,3334.12,5581,7,0
2025-06-09 20:30:00,3334.12,3335.96,3332.94,3333.7,5143,7,0
2025-06-09 21:00:00,3333.7,3337.07,3333.32,3336.38,4508,7,0
2025-06-09 21:30:00,3336.38,3337.14,3332.76,3333.21,4010,7,0
2025-06-09 22:00:00,3333.21,3335.49,3331.29,3331.4,3698,7,0
2025-06-09 22:30:00,3331.4,3331.81,3325.95,3327.26,5882,7,0
2025-06-09 23:00:00,3327.26,3329.52,3325.42,3325.5,2544,7,0
2025-06-09 23:30:00,3325.5,3327.1,3324.77,3325.53,1940,7,0
2025-06-10 01:00:00,3325.95,3327.45,3322.03,3325.28,1928,7,0
2025-06-10 01:30:00,3325.28,3326.91,3321.64,3323.59,3121,7,0
2025-06-10 02:00:00,3323.59,3326.68,3323.59,3326.26,1354,7,0
2025-06-10 02:30:00,3326.26,3327.85,3324.86,3326.77,2128,7,0
2025-06-10 03:00:00,3326.77,3326.84,3319.26,3320.7,5054,7,0
2025-06-10 03:30:00,3320.7,3322.68,3314.63,3316.66,7590,7,0
2025-06-10 04:00:00,3316.66,3319.91,3308.98,3310.96,11067,7,0
2025-06-10 04:30:00,3310.96,3312.05,3302.92,3306.28,9005,7,0
2025-06-10 05:00:00,3306.28,3308.85,3303.1,3303.85,6582,7,0
2025-06-10 05:30:00,3303.85,3310.31,3301.68,3309.37,6527,7,0
2025-06-10 06:00:00,3309.37,3310.44,3305.15,3307.52,4761,7,0
2025-06-10 06:30:00,3307.52,3309.62,3307.02,3307.59,3495,7,0
2025-06-10 07:00:00,3307.59,3308.69,3302.96,3303.49,3450,7,0
2025-06-10 07:30:00,3303.49,3308.27,3302.85,3307.31,3219,7,0
2025-06-10 08:00:00,3307.31,3313.36,3306.8,3310.63,5361,7,0
2025-06-10 08:30:00,3310.63,3319.22,3309.62,3317.65,9683,7,0
2025-06-10 09:00:00,3317.71,3326.2,3315.59,3326.06,9563,7,0
2025-06-10 09:30:00,3326.06,3331.36,3325.47,3325.49,9569,7,0
2025-06-10 10:00:00,3325.49,3329.49,3324.09,3327.89,8185,7,0
2025-06-10 10:30:00,3327.89,3332.26,3327.59,3330.13,8183,7,0
2025-06-10 11:00:00,3330.13,3334.94,3326.95,3329.26,7735,7,0
2025-06-10 11:30:00,3329.26,3330.01,3326.24,3329.37,4746,7,0
2025-06-10 12:00:00,3329.37,3331.83,3327.55,3329.11,4319,7,0
2025-06-10 12:30:00,3329.1,3329.81,3327.18,3329.75,4104,7,0
2025-06-10 13:00:00,3329.75,3335.44,3328.46,3333.99,5204,7,0
2025-06-10 13:30:00,3333.99,3336.33,3332.9,3335.44,4097,7,0
2025-06-10 14:00:00,3335.44,3342.23,3333.78,3340.57,5978,7,0
2025-06-10 14:30:00,3340.58,3342.58,3332.32,3333.78,6458,7,0
2025-06-10 15:00:00,3333.78,3338.48,3328.26,3337.24,8242,7,0
2025-06-10 15:30:00,3337.24,3340.36,3335.54,3337.21,6813,7,0
2025-06-10 16:00:00,3337.21,3346.21,3335.54,3345.9,9844,7,0
2025-06-10 16:30:00,3345.85,3349.2,3342.59,3343.65,12457,7,0
2025-06-10 17:00:00,3343.65,3343.74,3331.26,3333.65,13041,7,0
2025-06-10 17:30:00,3333.65,3333.71,3325.5,3328.55,10724,7,0
2025-06-10 18:00:00,3328.55,3329.13,3323.51,3326.61,8632,7,0
2025-06-10 18:30:00,3326.61,3329.34,3323.26,3326.67,7934,7,0
2025-06-10 19:00:00,3326.67,3327.76,3320.69,3322.93,6717,7,0
2025-06-10 19:30:00,3322.93,3324.5,3320.04,3321.36,5468,7,0
2025-06-10 20:00:00,3321.36,3324.59,3320.46,3321.85,5703,7,0
2025-06-10 20:30:00,3321.86,3325.87,3321.86,3324.81,4322,7,0
2025-06-10 21:00:00,3324.81,3325.42,3321.27,3323.29,5041,7,0
2025-06-10 21:30:00,3323.34,3324.03,3319.43,3321.66,4468,7,0
2025-06-10 22:00:00,3321.66,3332.07,3321.49,3331.32,4967,7,0
2025-06-10 22:30:00,3331.32,3334.61,3327.91,3328.77,5636,7,0
2025-06-10 23:00:00,3328.77,3328.95,3324.38,3324.91,3577,7,0
2025-06-10 23:30:00,3324.91,3326.48,3322.47,3322.55,1923,7,0
2025-06-11 01:00:00,3322.53,3324.64,3320.78,3322.12,2095,7,0
2025-06-11 01:30:00,3322.12,3327.48,3321.24,3324.48,3133,7,0
2025-06-11 02:00:00,3324.48,3327.27,3315.51,3321.93,4638,7,0
2025-06-11 02:30:00,3321.93,3328.15,3319.59,3327.99,3903,7,0
2025-06-11 03:00:00,3327.99,3333.86,3325.05,3331.03,5836,7,0
2025-06-11 03:30:00,3331.03,3335.26,3330.41,3332.45,5667,7,0
2025-06-11 04:00:00,3332.45,3337.49,3330.47,3335.82,6134,7,0
2025-06-11 04:30:00,3335.82,3336.58,3327.66,3328.52,5553,7,0
2025-06-11 05:00:00,3328.52,3336.43,3327.15,3333.62,5062,7,0
2025-06-11 05:30:00,3333.62,3339.66,3332.53,3338.31,4726,7,0
2025-06-11 06:00:00,3338.31,3339.84,3336.48,3339.53,3912,7,0
2025-06-11 06:30:00,3339.53,3341.67,3338.65,3339.45,2789,7,0
2025-06-11 07:00:00,3339.45,3342.99,3336.97,3341.79,4086,7,0
2025-06-11 07:30:00,3341.79,3342.78,3339.49,3341.88,2634,7,0
2025-06-11 08:00:00,3341.88,3343.16,3338.96,3340.82,3681,7,0
2025-06-11 08:30:00,3340.82,3342.65,3335.56,3339.68,6071,7,0
2025-06-11 09:00:00,3339.68,3340.19,3332.53,3333.42,6066,7,0
2025-06-11 09:30:00,3333.42,3339.23,3333.3,3337.34,6562,7,0
2025-06-11 10:00:00,3337.34,3340.55,3335.21,3339.09,5753,7,0
2025-06-11 10:30:00,3339.09,3348.58,3336.13,3345.74,6667,7,0
2025-06-11 11:00:00,3345.74,3345.98,3343.35,3345.37,5600,7,0
2025-06-11 11:30:00,3345.37,3346.75,3342.54,3344.53,4302,7,0
2025-06-11 12:00:00,3344.53,3344.61,3334.03,3338.87,9084,7,0
2025-06-11 12:30:00,3338.87,3339.81,3331.37,3333.81,7070,7,0
2025-06-11 13:00:00,3333.81,3336.76,3331.4,3331.97,5316,7,0
2025-06-11 13:30:00,3331.97,3333.75,3328.57,3329.9,5096,7,0
2025-06-11 14:00:00,3329.9,3332.12,3326.18,3331.79,6825,7,0
2025-06-11 14:30:00,3331.79,3335.3,3330.06,3333.13,5147,7,0
2025-06-11 15:00:00,3333.13,3342.92,3327.28,3339.39,11380,7,0
2025-06-11 15:30:00,3339.39,3360.71,3332.56,3336.77,20678,7,0
2025-06-11 16:00:00,3336.77,3344.59,3331.72,3337.79,17547,7,0
2025-06-11 16:30:00,3337.79,3339.67,3328.05,3329.98,18400,7,0
2025-06-11 17:00:00,3329.98,3335.61,3328.62,3333.32,12383,7,0
2025-06-11 17:30:00,3333.32,3341.32,3332.49,3337.62,9478,7,0
2025-06-11 18:00:00,3337.62,3342.81,3336.63,3339.99,9136,7,0
2025-06-11 18:30:00,3339.99,3340.43,3329.62,3333.17,7920,7,0
2025-06-11 19:00:00,3333.17,3334.52,3329.17,3331.82,6628,7,0
2025-06-11 19:30:00,3331.82,3332.56,3328.19,3330.26,5956,7,0
2025-06-11 20:00:00,3330.26,3331.38,3321.43,3323.8,8967,7,0
2025-06-11 20:30:00,3323.8,3325.99,3319.27,3324.34,7917,7,0
2025-06-11 21:00:00,3324.34,3345.8,3323.86,3345.71,13310,7,0
2025-06-11 21:30:00,3345.71,3347.34,3338.53,3343.91,9483,7,0
2025-06-11 22:00:00,3343.91,3346.36,3342.4,3345.13,5655,7,0
2025-06-11 22:30:00,3345.13,3349.34,3344.76,3346.86,6710,7,0
2025-06-11 23:00:00,3346.86,3353.32,3346.68,3352.81,3255,7,0
2025-06-11 23:30:00,3352.81,3355.37,3351.33,3355.32,2687,7,0
2025-06-12 01:00:00,3356.41,3365.13,3356.3,3363.85,4583,7,0
2025-06-12 01:30:00,3363.85,3369.78,3362.84,3369.07,3919,7,0
2025-06-12 02:00:00,3369.07,3373.61,3363.38,3364.79,5328,7,0
2025-06-12 02:30:00,3364.79,3367.06,3357.5,3365.53,5246,7,0
2025-06-12 03:00:00,3365.53,3370.2,3362.26,3367.4,8969,7,0
2025-06-12 03:30:00,3367.4,3371.44,3363.53,3365.9,8008,7,0
2025-06-12 04:00:00,3365.9,3376.83,3362.56,3375.47,10225,7,0
2025-06-12 04:30:00,3375.47,3375.51,3368.16,3371.11,8336,7,0
2025-06-12 05:00:00,3371.11,3375.78,3369.0,3374.3,7396,7,0
2025-06-12 05:30:00,3374.3,3377.85,3373.5,3374.66,6613,7,0
2025-06-12 06:00:00,3374.66,3376.66,3373.16,3374.76,5760,7,0
2025-06-12 06:30:00,3374.76,3375.85,3371.73,3373.45,4662,7,0
2025-06-12 07:00:00,3373.45,3373.78,3369.52,3371.92,3100,7,0
2025-06-12 07:30:00,3371.92,3373.79,3370.52,3370.59,2573,7,0
2025-06-12 08:00:00,3370.59,3374.96,3367.8,3374.71,3543,7,0
2025-06-12 08:30:00,3374.71,3375.91,3372.97,3374.48,4728,7,0
2025-06-12 09:00:00,3374.48,3375.21,3365.27,3369.72,7718,7,0
2025-06-12 09:30:00,3369.72,3375.69,3369.72,3375.01,7185,7,0
2025-06-12 10:00:00,3375.01,3375.29,3368.28,3369.97,7201,7,0
2025-06-12 10:30:00,3369.97,3370.55,3338.61,3346.21,17061,7,0
2025-06-12 11:00:00,3346.21,3360.22,3346.21,3359.0,13199,7,0
2025-06-12 11:30:00,3359.0,3361.12,3355.88,3356.86,9282,7,0
2025-06-12 12:00:00,3356.86,3363.89,3355.39,3361.08,6477,7,0
2025-06-12 12:30:00,3361.08,3368.02,3358.11,3365.43,8553,7,0
2025-06-12 13:00:00,3365.43,3379.94,3362.58,3379.54,8712,7,0
2025-06-12 13:30:00,3379.54,3385.89,3379.21,3382.67,11482,7,0
2025-06-12 14:00:00,3382.67,3388.64,3380.66,3380.98,8927,7,0
2025-06-12 14:30:00,3380.98,3383.37,3373.22,3379.33,9485,7,0
2025-06-12 15:00:00,3379.33,3384.57,3376.41,3382.67,8857,7,0
2025-06-12 15:30:00,3382.67,3390.48,3381.36,3388.07,14782,7,0
2025-06-12 16:00:00,3388.07,3393.86,3379.15,3382.7,14984,7,0
2025-06-12 16:30:00,3382.7,3398.95,3380.72,3392.05,19879,7,0
2025-06-12 17:00:00,3392.05,3393.19,3384.4,3388.98,17848,7,0
2025-06-12 17:30:00,3388.99,3390.68,3383.03,3383.91,11697,7,0
2025-06-12 18:00:00,3383.91,3389.77,3377.86,3388.36,14589,7,0
2025-06-12 18:30:00,3388.36,3390.28,3385.56,3385.86,9603,7,0
2025-06-12 19:00:00,3385.86,3390.44,3384.45,3389.3,7647,7,0
2025-06-12 19:30:00,3389.3,3391.38,3380.99,3383.8,8514,7,0
2025-06-12 20:00:00,3383.8,3385.05,3378.13,3381.22,7381,7,0
2025-06-12 20:30:00,3381.22,3384.61,3378.73,3382.65,5200,7,0
2025-06-12 21:00:00,3382.65,3384.97,3381.96,3383.03,4583,7,0
2025-06-12 21:30:00,3383.03,3386.4,3382.76,3385.97,4899,7,0
2025-06-12 22:00:00,3385.97,3387.03,3384.8,3386.86,3357,7,0
2025-06-12 22:30:00,3386.85,3389.29,3386.12,3388.22,4552,7,0
2025-06-12 23:00:00,3388.22,3388.96,3385.82,3386.48,2045,7,0
2025-06-12 23:30:00,3386.48,3386.68,3384.86,3385.66,1138,7,0
2025-06-13 01:00:00,3386.42,3386.63,3381.01,3382.74,1833,7,0
2025-06-13 01:30:00,3382.74,3384.67,3379.6,3383.48,2383,7,0
2025-06-13 02:00:00,3383.48,3385.48,3382.64,3383.68,2062,7,0
2025-06-13 02:30:00,3383.68,3396.26,3383.13,3395.94,4164,7,0
2025-06-13 03:00:00,3395.83,3414.6,3391.82,3413.72,23057,7,0
2025-06-13 03:30:00,3413.72,3419.91,3403.54,3416.8,18697,7,0
2025-06-13 04:00:00,3416.79,3430.4,3413.9,3429.75,15699,7,0
2025-06-13 04:30:00,3429.75,3433.37,3422.82,3427.78,12203,7,0
2025-06-13 05:00:00,3427.78,3436.09,3424.97,3432.67,9426,7,0
2025-06-13 05:30:00,3432.67,3444.17,3431.51,3441.35,12627,7,0
2025-06-13 06:00:00,3441.35,3444.58,3423.89,3430.33,13482,7,0
2025-06-13 06:30:00,3430.31,3431.7,3425.36,3425.56,7327,7,0
2025-06-13 07:00:00,3425.56,3430.3,3422.8,3427.36,6202,7,0
2025-06-13 07:30:00,3427.36,3429.66,3424.74,3425.38,4125,7,0
2025-06-13 08:00:00,3425.38,3428.84,3418.31,3419.75,6706,7,0
2025-06-13 08:30:00,3419.75,3426.78,3418.02,3426.17,7091,7,0
2025-06-13 09:00:00,3426.17,3427.72,3420.11,3425.27,8157,7,0
2025-06-13 09:30:00,3425.27,3428.91,3408.53,3416.33,13312,7,0
2025-06-13 10:00:00,3416.37,3418.08,3407.95,3416.27,11815,7,0
2025-06-13 10:30:00,3416.27,3419.03,3414.23,3414.92,7698,7,0
2025-06-13 11:00:00,3414.92,3425.98,3414.36,3423.79,7990,7,0
2025-06-13 11:30:00,3423.79,3426.17,3422.9,3424.42,6112,7,0
2025-06-13 12:00:00,3424.42,3427.36,3420.43,3422.24,7812,7,0
2025-06-13 12:30:00,3422.24,3425.8,3420.18,3424.34,7628,7,0
2025-06-13 13:00:00,3424.34,3427.74,3414.92,3422.19,10434,7,0
2025-06-13 13:30:00,3422.19,3424.25,3411.6,3415.88,8570,7,0
2025-06-13 14:00:00,3415.88,3421.65,3412.6,3419.53,8737,7,0
2025-06-13 14:30:00,3419.53,3423.08,3418.66,3422.23,5579,7,0
2025-06-13 15:00:00,3422.23,3427.94,3421.81,3427.65,8115,7,0
2025-06-13 15:30:00,3427.65,3438.23,3426.66,3436.67,10639,7,0
2025-06-13 16:00:00,3436.67,3444.56,3435.45,3443.51,14864,7,0
2025-06-13 16:30:00,3443.51,3446.75,3433.99,3437.16,19142,7,0
2025-06-13 17:00:00,3437.16,3438.33,3424.81,3436.11,17363,7,0
2025-06-13 17:30:00,3436.11,3439.96,3423.75,3427.88,15172,7,0
2025-06-13 18:00:00,3427.88,3430.43,3421.85,3425.96,13571,7,0
2025-06-13 18:30:00,3425.96,3426.54,3421.12,3426.27,9113,7,0
2025-06-13 19:00:00,3426.27,3428.25,3419.24,3427.17,7857,7,0
2025-06-13 19:30:00,3427.17,3431.1,3426.6,3430.19,6745,7,0
2025-06-13 20:00:00,3430.19,3433.5,3427.96,3432.11,6450,7,0
2025-06-13 20:30:00,3432.09,3432.79,3427.38,3430.39,5542,7,0
2025-06-13 21:00:00,3430.39,3435.83,3428.77,3432.69,7513,7,0
2025-06-13 21:30:00,3432.69,3439.57,3432.0,3436.58,7682,7,0
2025-06-13 22:00:00,3436.59,3438.14,3434.05,3435.21,5251,7,0
2025-06-13 22:30:00,3435.21,3435.59,3431.79,3432.37,7039,7,0
2025-06-13 23:00:00,3432.37,3433.53,3429.09,3432.91,3789,7,0
2025-06-13 23:30:00,3432.91,3434.62,3431.03,3434.0,3354,7,0
2025-06-16 01:00:00,3451.58,3451.58,3427.2,3447.24,7426,7,0
2025-06-16 01:30:00,3447.24,3450.15,3439.76,3448.43,6797,7,0
2025-06-16 02:00:00,3448.43,3450.16,3443.25,3447.98,4124,7,0
2025-06-16 02:30:00,3447.98,3449.32,3439.59,3444.12,5424,7,0
2025-06-16 03:00:00,3444.12,3451.18,3437.2,3448.84,8148,7,0
2025-06-16 03:30:00,3448.84,3450.0,3434.36,3436.36,8379,7,0
2025-06-16 04:00:00,3436.39,3443.23,3433.3,3436.03,10090,7,0
2025-06-16 04:30:00,3436.03,3442.32,3435.48,3441.49,6723,7,0
2025-06-16 05:00:00,3441.49,3446.42,3440.52,3442.57,6147,7,0
2025-06-16 05:30:00,3442.57,3443.96,3437.91,3438.49,6195,7,0
2025-06-16 06:00:00,3438.49,3439.73,3434.19,3437.16,6361,7,0
2025-06-16 06:30:00,3437.16,3437.16,3429.34,3431.57,4621,7,0
2025-06-16 07:00:00,3431.57,3433.28,3428.92,3430.35,3948,7,0
2025-06-16 07:30:00,3430.3,3432.07,3426.88,3427.56,3762,7,0
2025-06-16 08:00:00,3427.56,3429.74,3422.05,3427.66,6318,7,0
2025-06-16 08:30:00,3427.66,3430.43,3417.77,3421.54,9508,7,0
2025-06-16 09:00:00,3421.54,3421.56,3413.04,3416.02,10870,7,0
2025-06-16 09:30:00,3416.02,3420.0,3413.05,3418.36,9256,7,0
2025-06-16 10:00:00,3418.36,3419.82,3409.55,3413.6,9449,7,0
2025-06-16 10:30:00,3413.6,3416.45,3411.03,3412.64,7644,7,0
2025-06-16 11:00:00,3412.64,3418.47,3409.81,3414.0,7796,7,0
2025-06-16 11:30:00,3414.0,3418.57,3412.44,3413.86,5981,7,0
2025-06-16 12:00:00,3413.86,3419.54,3413.02,3418.8,5042,7,0
2025-06-16 12:30:00,3418.8,3419.31,3411.98,3412.1,6833,7,0
2025-06-16 13:00:00,3412.1,3415.94,3410.76,3414.29,5867,7,0
2025-06-16 13:30:00,3414.29,3421.33,3413.77,3421.09,6365,7,0
2025-06-16 14:00:00,3421.09,3422.68,3418.21,3419.98,5420,7,0
2025-06-16 14:30:00,3419.98,3419.98,3410.84,3414.99,7038,7,0
2025-06-16 15:00:00,3414.99,3417.82,3412.46,3414.6,7615,7,0
2025-06-16 15:30:00,3414.6,3417.36,3411.15,3415.62,8252,7,0
2025-06-16 16:00:00,3415.62,3418.05,3406.08,3416.2,10916,7,0
2025-06-16 16:30:00,3416.2,3417.31,3382.88,3388.08,23131,7,0
2025-06-16 17:00:00,3388.17,3399.41,3387.47,3392.02,16899,7,0
2025-06-16 17:30:00,3391.96,3398.82,3389.83,3396.96,12315,7,0
2025-06-16 18:00:00,3396.96,3405.27,3396.96,3404.46,10011,7,0
2025-06-16 18:30:00,3404.46,3405.77,3400.96,3404.56,7716,7,0
2025-06-16 19:00:00,3404.56,3404.99,3397.45,3399.95,7158,7,0
2025-06-16 19:30:00,3399.95,3400.68,3398.72,3399.49,4847,7,0
2025-06-16 20:00:00,3399.49,3400.28,3396.64,3397.88,5271,7,0
2025-06-16 20:30:00,3397.88,3398.28,3391.21,3392.69,5646,7,0
2025-06-16 21:00:00,3392.69,3394.12,3388.01,3389.95,5112,7,0
2025-06-16 21:30:00,3389.95,3390.85,3384.07,3385.33,4510,7,0
2025-06-16 22:00:00,3385.33,3386.2,3382.9,3384.74,5338,7,0
2025-06-16 22:30:00,3384.74,3388.52,3383.25,3384.19,5706,7,0
2025-06-16 23:00:00,3384.2,3385.25,3383.41,3384.86,2041,7,0
2025-06-16 23:30:00,3384.86,3386.07,3383.38,3384.62,1334,7,0
2025-06-17 01:00:00,3386.8,3389.5,3385.49,3387.79,2216,7,0
2025-06-17 01:30:00,3387.79,3398.48,3386.77,3395.51,4989,7,0
2025-06-17 02:00:00,3395.51,3398.8,3393.17,3398.68,4011,7,0
2025-06-17 02:30:00,3398.68,3402.88,3393.1,3402.81,6055,7,0
2025-06-17 03:00:00,3402.81,3402.89,3397.16,3399.23,7210,7,0
2025-06-17 03:30:00,3399.28,3403.32,3391.61,3394.22,5903,7,0
2025-06-17 04:00:00,3394.22,3402.68,3394.16,3399.61,6697,7,0
2025-06-17 04:30:00,3399.61,3401.42,3393.37,3393.72,6389,7,0
2025-06-17 05:00:00,3393.72,3397.87,3390.08,3397.37,5653,7,0
2025-06-17 05:30:00,3397.37,3400.44,3388.44,3390.06,6337,7,0
2025-06-17 06:00:00,3390.06,3392.65,3373.92,3385.61,10016,7,0
2025-06-17 06:30:00,3385.61,3388.08,3383.31,3387.67,6086,7,0
2025-06-17 07:00:00,3387.67,3390.6,3387.13,3389.16,3664,7,0
2025-06-17 07:30:00,3389.16,3396.33,3389.16,3394.06,3748,7,0
2025-06-17 08:00:00,3394.06,3394.9,3391.6,3393.66,3684,7,0
2025-06-17 08:30:00,3393.66,3395.5,3390.74,3392.65,4847,7,0
2025-06-17 09:00:00,3392.65,3392.65,3386.9,3388.49,7218,7,0
2025-06-17 09:30:00,3388.48,3389.23,3381.07,3385.5,8049,7,0
2025-06-17 10:00:00,3385.48,3391.22,3383.17,3387.3,7038,7,0
2025-06-17 10:30:00,3387.3,3391.89,3384.39,3387.75,6376,7,0
2025-06-17 11:00:00,3387.75,3388.63,3384.4,3386.1,5331,7,0
2025-06-17 11:30:00,3386.1,3386.63,3377.87,3378.91,7467,7,0
2025-06-17 12:00:00,3378.91,3384.84,3375.62,3380.13,8881,7,0
2025-06-17 12:30:00,3380.13,3386.0,3379.06,3385.63,7534,7,0
2025-06-17 13:00:00,3385.63,3397.53,3385.38,3393.82,8843,7,0
2025-06-17 13:30:00,3393.82,3398.78,3392.85,3398.15,7966,7,0
2025-06-17 14:00:00,3398.15,3400.17,3392.72,3393.85,7943,7,0
2025-06-17 14:30:00,3393.85,3397.08,3388.19,3388.58,7946,7,0
2025-06-17 15:00:00,3388.58,3388.66,3383.54,3388.2,8555,7,0
2025-06-17 15:30:00,3388.16,3391.61,3383.79,3386.78,11871,7,0
2025-06-17 16:00:00,3386.78,3396.11,3385.96,3393.53,11202,7,0
2025-06-17 16:30:00,3393.53,3397.51,3388.38,3390.68,15870,7,0
2025-06-17 17:00:00,3390.68,3392.08,3380.52,3383.9,14294,7,0
2025-06-17 17:30:00,3383.9,3386.65,3366.16,3385.05,17139,7,0
2025-06-17 18:00:00,3385.05,3388.36,3379.64,3381.11,10130,7,0
2025-06-17 18:30:00,3381.11,3382.58,3372.62,3379.34,9276,7,0
2025-06-17 19:00:00,3379.34,3382.71,3376.71,3381.8,8075,7,0
2025-06-17 19:30:00,3381.8,3385.95,3380.01,3382.91,8063,7,0
2025-06-17 20:00:00,3382.91,3390.71,3381.33,3388.36,8612,7,0
2025-06-17 20:30:00,3388.36,3391.3,3388.07,3390.39,7609,7,0
2025-06-17 21:00:00,3390.39,3392.61,3388.86,3389.28,7493,7,0
2025-06-17 21:30:00,3389.28,3391.29,3382.52,3382.84,6583,7,0
2025-06-17 22:00:00,3382.84,3385.48,3382.45,3384.53,3856,7,0
2025-06-17 22:30:00,3384.53,3386.45,3383.19,3385.76,4899,7,0
2025-06-17 23:00:00,3385.76,3387.2,3383.64,3386.35,1990,7,0
2025-06-17 23:30:00,3386.35,3390.29,3385.11,3388.49,1399,7,0
2025-06-18 01:00:00,3390.73,3396.13,3390.46,3392.54,2872,7,0
2025-06-18 01:30:00,3392.54,3393.59,3388.86,3388.87,2799,7,0
2025-06-18 02:00:00,3388.87,3390.4,3388.76,3389.93,2351,7,0
2025-06-18 02:30:00,3389.93,3390.03,3385.06,3387.36,2732,7,0
2025-06-18 03:00:00,3387.36,3388.89,3383.02,3384.69,4923,7,0
2025-06-18 03:30:00,3384.69,3388.18,3383.33,3385.8,4113,7,0
2025-06-18 04:00:00,3385.8,3388.03,3382.58,3387.64,5372,7,0
2025-06-18 04:30:00,3387.64,3388.68,3378.77,3379.02,5765,7,0
2025-06-18 05:00:00,3379.02,3379.02,3373.2,3373.53,5869,7,0
2025-06-18 05:30:00,3373.53,3379.67,3370.69,3379.39,5188,7,0
2025-06-18 06:00:00,3379.39,3386.05,3379.34,3384.92,5842,7,0
2025-06-18 06:30:00,3384.92,3391.53,3384.87,3391.0,4215,7,0
2025-06-18 07:00:00,3391.0,3395.14,3389.48,3394.99,3370,7,0
2025-06-18 07:30:00,3394.99,3400.1,3394.21,3395.17,5028,7,0
2025-06-18 08:00:00,3395.17,3395.7,3391.47,3392.36,5453,7,0
2025-06-18 08:30:00,3392.36,3392.61,3384.32,3386.55,8488,7,0
2025-06-18 09:00:00,3386.55,3386.85,3382.01,3382.5,7411,7,0
2025-06-18 09:30:00,3382.5,3385.59,3379.47,3382.44,7322,7,0
2025-06-18 10:00:00,3382.44,3384.08,3377.83,3378.39,6879,7,0
2025-06-18 10:30:00,3378.39,3386.15,3377.12,3385.95,5694,7,0
2025-06-18 11:00:00,3385.95,3388.42,3384.7,3387.18,4873,7,0
2025-06-18 11:30:00,3387.18,3387.52,3382.61,3383.58,4632,7,0
2025-06-18 12:00:00,3383.58,3385.6,3381.68,3381.98,4458,7,0
2025-06-18 12:30:00,3381.98,3382.61,3375.55,3378.27,5052,7,0
2025-06-18 13:00:00,3378.27,3379.64,3376.47,3376.75,5064,7,0
2025-06-18 13:30:00,3376.75,3382.44,3375.78,3380.25,6491,7,0
2025-06-18 14:00:00,3380.25,3385.91,3379.98,3385.8,5063,7,0
2025-06-18 14:30:00,3385.8,3387.06,3379.05,3382.09,7709,7,0
2025-06-18 15:00:00,3382.09,3388.01,3381.7,3386.79,7297,7,0
2025-06-18 15:30:00,3386.79,3389.89,3384.87,3386.62,6929,7,0
2025-06-18 16:00:00,3386.62,3395.47,3385.63,3395.19,7595,7,0
2025-06-18 16:30:00,3395.19,3396.85,3389.83,3392.32,11144,7,0
2025-06-18 17:00:00,3392.32,3392.48,3373.78,3382.7,17588,7,0
2025-06-18 17:30:00,3382.7,3390.17,3382.69,3386.88,11357,7,0
2025-06-18 18:00:00,3386.88,3389.37,3381.27,3387.41,7642,7,0
2025-06-18 18:30:00,3387.41,3392.9,3386.51,3392.77,5331,7,0
2025-06-18 19:00:00,3392.77,3394.74,3390.02,3392.23,5611,7,0
2025-06-18 19:30:00,3392.23,3393.11,3390.79,3390.96,4733,7,0
2025-06-18 20:00:00,3390.96,3391.33,3388.46,3389.66,4511,7,0
2025-06-18 20:30:00,3389.66,3389.66,3384.52,3385.3,5169,7,0
2025-06-18 21:00:00,3385.23,3395.86,3384.95,3391.02,15891,7,0
2025-06-18 21:30:00,3391.02,3392.48,3378.4,3379.15,15816,7,0
2025-06-18 22:00:00,3379.15,3379.29,3365.34,3365.41,15468,7,0
2025-06-18 22:30:00,3365.43,3374.69,3363.01,3366.87,11864,7,0
2025-06-18 23:00:00,3366.87,3368.94,3362.62,3365.22,5036,7,0
2025-06-18 23:30:00,3365.22,3369.29,3364.32,3368.38,2689,7,0
2025-06-19 01:00:00,3369.19,3379.89,3369.05,3375.22,3590,7,0
2025-06-19 01:30:00,3375.22,3377.72,3373.63,3375.15,2935,7,0
2025-06-19 02:00:00,3375.15,3375.7,3371.1,3371.86,2775,7,0
2025-06-19 02:30:00,3371.86,3377.07,3370.74,3375.12,3465,7,0
2025-06-19 03:00:00,3375.12,3380.28,3374.79,3379.13,4194,7,0
2025-06-19 03:30:00,3379.13,3383.34,3378.25,3379.53,4501,7,0
2025-06-19 04:00:00,3379.53,3388.03,3377.21,3380.35,9383,7,0
2025-06-19 04:30:00,3380.32,3381.75,3374.64,3374.93,5947,7,0
2025-06-19 05:00:00,3374.93,3379.48,3374.14,3375.65,4369,7,0
2025-06-19 05:30:00,3375.65,3379.48,3374.53,3376.79,3840,7,0
2025-06-19 06:00:00,3376.79,3377.35,3369.71,3371.33,3954,7,0
2025-06-19 06:30:00,3371.33,3376.09,3370.63,3373.61,3197,7,0
2025-06-19 07:00:00,3373.61,3374.62,3371.63,3373.13,2104,7,0
2025-06-19 07:30:00,3373.13,3375.2,3372.2,3374.58,1963,7,0
2025-06-19 08:00:00,3374.58,3375.34,3370.28,3372.31,3403,7,0
2025-06-19 08:30:00,3372.31,3374.55,3360.24,3364.66,7437,7,0
2025-06-19 09:00:00,3364.66,3364.85,3349.65,3350.2,15960,7,0
2025-06-19 09:30:00,3350.2,3358.21,3347.54,3357.41,12772,7,0
2025-06-19 10:00:00,3357.41,3358.77,3350.71,3353.12,9486,7,0
2025-06-19 10:30:00,3353.12,3369.12,3353.12,3365.94,10502,7,0
2025-06-19 11:00:00,3365.94,3367.5,3362.36,3366.45,7340,7,0
2025-06-19 11:30:00,3366.45,3371.68,3364.18,3368.73,7071,7,0
2025-06-19 12:00:00,3368.73,3373.78,3363.74,3372.56,6425,7,0
2025-06-19 12:30:00,3372.56,3373.52,3369.62,3370.36,5163,7,0
2025-06-19 13:00:00,3370.36,3378.01,3369.13,3376.12,5409,7,0
2025-06-19 13:30:00,3376.12,3379.16,3373.66,3375.0,5096,7,0
2025-06-19 14:00:00,3375.0,3375.53,3371.89,3373.91,5433,7,0
2025-06-19 14:30:00,3373.91,3374.61,3370.45,3371.99,3727,7,0
2025-06-19 15:00:00,3371.99,3372.58,3363.78,3365.42,6570,7,0
2025-06-19 15:30:00,3365.42,3371.35,3364.6,3368.01,5579,7,0
2025-06-19 16:00:00,3368.01,3368.97,3361.57,3362.93,7259,7,0
2025-06-19 16:30:00,3362.93,3372.96,3361.76,3369.53,8190,7,0
2025-06-19 17:00:00,3369.53,3370.99,3362.22,3362.24,7621,7,0
2025-06-19 17:30:00,3362.24,3366.84,3361.66,3364.75,6444,7,0
2025-06-19 18:00:00,3364.75,3370.12,3362.35,3367.41,6697,7,0
2025-06-19 18:30:00,3367.41,3372.13,3365.41,3369.26,5951,7,0
2025-06-19 19:00:00,3369.26,3371.65,3366.18,3369.88,4390,7,0
2025-06-19 19:30:00,3369.88,3371.69,3366.91,3371.12,3945,7,0
2025-06-19 20:00:00,3371.12,3374.09,3370.99,3373.4,1933,7,0
2025-06-20 01:00:00,3369.96,3370.49,3362.03,3366.46,3035,7,0
2025-06-20 01:30:00,3366.46,3366.85,3362.46,3365.73,2858,7,0
2025-06-20 02:00:00,3365.73,3370.49,3363.69,3368.43,2027,7,0
2025-06-20 02:30:00,3368.43,3370.12,3365.48,3368.81,3731,7,0
2025-06-20 03:00:00,3368.81,3370.4,3365.68,3365.87,4117,7,0
2025-06-20 03:30:00,3365.87,3369.17,3364.71,3368.0,4270,7,0
2025-06-20 04:00:00,3368.0,3368.3,3357.39,3361.73,7203,7,0
2025-06-20 04:30:00,3361.73,3364.39,3356.22,3356.52,5098,7,0
2025-06-20 05:00:00,3356.52,3360.58,3355.86,3357.34,4239,7,0
2025-06-20 05:30:00,3357.34,3358.05,3351.69,3352.42,6972,7,0
2025-06-20 06:00:00,3352.42,3354.09,3344.73,3352.47,8614,7,0
2025-06-20 06:30:00,3352.47,3356.29,3350.88,3355.56,4653,7,0
2025-06-20 07:00:00,3355.56,3357.3,3354.03,3356.67,3541,7,0
2025-06-20 07:30:00,3356.67,3357.88,3352.57,3354.3,3182,7,0
2025-06-20 08:00:00,3354.3,3355.15,3349.24,3349.26,3485,7,0
2025-06-20 08:30:00,3349.26,3352.93,3342.68,3344.75,7944,7,0
2025-06-20 09:00:00,3344.75,3348.74,3342.15,3344.12,7669,7,0
2025-06-20 09:30:00,3344.12,3346.16,3340.36,3345.28,7554,7,0
2025-06-20 10:00:00,3345.28,3355.43,3343.36,3352.12,7387,7,0
2025-06-20 10:30:00,3352.04,3352.12,3346.17,3347.68,5501,7,0
2025-06-20 11:00:00,3347.68,3350.38,3346.77,3348.98,5123,7,0
2025-06-20 11:30:00,3348.98,3352.51,3348.41,3351.09,4612,7,0
2025-06-20 12:00:00,3351.09,3357.05,3349.3,3356.04,5233,7,0
2025-06-20 12:30:00,3356.04,3359.23,3354.41,3355.31,5528,7,0
2025-06-20 13:00:00,3355.31,3357.97,3355.05,3356.49,3995,7,0
2025-06-20 13:30:00,3356.49,3357.5,3355.14,3355.41,3554,7,0
2025-06-20 14:00:00,3355.41,3356.04,3351.18,3352.02,3964,7,0
2025-06-20 14:30:00,3352.02,3355.52,3346.61,3347.09,8538,7,0
2025-06-20 15:00:00,3347.09,3350.8,3345.75,3348.53,6207,7,0
2025-06-20 15:30:00,3348.53,3349.38,3341.95,3344.49,10439,7,0
2025-06-20 16:00:00,3344.49,3357.48,3343.03,3357.19,11317,7,0
2025-06-20 16:30:00,3357.19,3373.87,3356.63,3370.38,14535,7,0
2025-06-20 17:00:00,3370.38,3374.52,3365.31,3367.99,12698,7,0
2025-06-20 17:30:00,3367.99,3370.67,3365.27,3369.34,9149,7,0
2025-06-20 18:00:00,3369.34,3371.76,3365.89,3368.65,6444,7,0
2025-06-20 18:30:00,3368.65,3371.83,3366.4,3369.9,4897,7,0
2025-06-20 19:00:00,3369.9,3370.91,3367.84,3369.59,4675,7,0
2025-06-20 19:30:00,3369.62,3373.48,3368.94,3371.53,4741,7,0
2025-06-20 20:00:00,3371.53,3371.79,3369.52,3369.87,5324,7,0
2025-06-20 20:30:00,3369.87,3370.28,3366.59,3367.35,4463,7,0
2025-06-20 21:00:00,3367.35,3367.93,3364.71,3365.93,4587,7,0
2025-06-20 21:30:00,3365.93,3367.3,3364.59,3366.58,3335,7,0
2025-06-20 22:00:00,3366.58,3370.62,3366.45,3369.42,3480,7,0
2025-06-20 22:30:00,3369.42,3369.5,3364.9,3365.51,4215,7,0
2025-06-20 23:00:00,3365.51,3369.15,3364.72,3368.17,3244,7,0
2025-06-20 23:30:00,3368.17,3369.15,3367.54,3368.57,1439,7,0
2025-06-23 01:00:00,3389.68,3396.86,3375.32,3375.8,9180,7,0
2025-06-23 01:30:00,3375.8,3384.72,3372.38,3379.13,5875,7,0
2025-06-23 02:00:00,3379.13,3380.58,3372.46,3375.15,4420,7,0
2025-06-23 02:30:00,3375.15,3378.51,3371.25,3372.82,3863,7,0
2025-06-23 03:00:00,3372.82,3373.62,3362.28,3362.79,7042,7,0
2025-06-23 03:30:00,3362.79,3366.89,3358.67,3365.67,6950,7,0
2025-06-23 04:00:00,3365.66,3368.11,3351.97,3353.49,10074,7,0
2025-06-23 04:30:00,3353.49,3359.07,3352.76,3355.26,6664,7,0
2025-06-23 05:00:00,3355.26,3364.88,3354.77,3363.33,5390,7,0
2025-06-23 05:30:00,3363.33,3364.38,3360.66,3361.53,4816,7,0
2025-06-23 06:00:00,3361.53,3366.36,3360.41,3361.86,4598,7,0
2025-06-23 06:30:00,3361.86,3364.8,3361.22,3363.41,3645,7,0
2025-06-23 07:00:00,3363.41,3365.02,3358.3,3359.91,2930,7,0
2025-06-23 07:30:00,3359.91,3361.1,3356.87,3358.54,2458,7,0
2025-06-23 08:00:00,3358.54,3360.64,3354.51,3355.06,4353,7,0
2025-06-23 08:30:00,3355.06,3357.5,3347.05,3356.82,7671,7,0
2025-06-23 09:00:00,3356.82,3359.91,3353.97,3355.04,6758,7,0
2025-06-23 09:30:00,3355.04,3358.65,3352.67,3357.64,5634,7,0
2025-06-23 10:00:00,3357.64,3357.95,3351.63,3356.44,6497,7,0
2025-06-23 10:30:00,3356.44,3358.83,3354.19,3357.67,5133,7,0
2025-06-23 11:00:00,3357.67,3362.36,3357.67,3361.35,6515,7,0
2025-06-23 11:30:00,3361.35,3362.41,3358.97,3361.85,4755,7,0
2025-06-23 12:00:00,3361.85,3369.02,3361.63,3365.06,7358,7,0
2025-06-23 12:30:00,3365.06,3367.53,3361.87,3366.61,5321,7,0
2025-06-23 13:00:00,3366.61,3368.3,3364.02,3367.09,5104,7,0
2025-06-23 13:30:00,3367.09,3368.16,3364.79,3367.84,3912,7,0
2025-06-23 14:00:00,3367.84,3382.05,3367.84,3378.07,10206,7,0
2025-06-23 14:30:00,3378.07,3381.35,3375.83,3380.76,6331,7,0
2025-06-23 15:00:00,3380.76,3381.09,3360.01,3362.53,9286,7,0
2025-06-23 15:30:00,3362.53,3363.87,3355.91,3360.44,7938,7,0
2025-06-23 16:00:00,3360.44,3369.24,3359.87,3368.57,9452,7,0
2025-06-23 16:30:00,3368.6,3387.82,3368.34,3380.8,17288,7,0
2025-06-23 17:00:00,3380.8,3384.78,3369.93,3378.97,17132,7,0
2025-06-23 17:30:00,3378.97,3386.71,3377.63,3386.39,9437,7,0
2025-06-23 18:00:00,3386.39,3388.99,3384.54,3388.22,8225,7,0
2025-06-23 18:30:00,3388.22,3389.86,3386.02,3387.21,8817,7,0
2025-06-23 19:00:00,3387.21,3393.48,3387.1,3391.36,8118,7,0
2025-06-23 19:30:00,3391.36,3392.45,3380.46,3389.85,13215,7,0
2025-06-23 20:00:00,3389.85,3391.62,3375.66,3379.45,11908,7,0
2025-06-23 20:30:00,3379.45,3384.61,3378.42,3382.49,7630,7,0
2025-06-23 21:00:00,3382.49,3388.09,3379.07,3384.8,7183,7,0
2025-06-23 21:30:00,3384.8,3385.06,3376.87,3378.62,6131,7,0
2025-06-23 22:00:00,3378.62,3381.58,3378.12,3380.64,5431,7,0
2025-06-23 22:30:00,3380.64,3382.15,3375.65,3376.46,6656,7,0
2025-06-23 23:00:00,3376.46,3377.33,3372.0,3372.7,3207,7,0
2025-06-23 23:30:00,3372.7,3372.74,3367.3,3368.56,3442,7,0
2025-06-24 01:00:00,3368.38,3369.99,3350.44,3356.61,6628,7,0
2025-06-24 01:30:00,3356.61,3361.32,3354.22,3355.5,4313,7,0
2025-06-24 02:00:00,3355.5,3357.33,3349.02,3352.32,6197,7,0
2025-06-24 02:30:00,3352.32,3353.29,3341.52,3344.27,6754,7,0
2025-06-24 03:00:00,3344.32,3349.32,3333.16,3348.99,9216,7,0
2025-06-24 03:30:00,3348.99,3355.28,3348.55,3351.13,7714,7,0
2025-06-24 04:00:00,3351.13,3354.41,3346.84,3349.7,10762,7,0
2025-06-24 04:30:00,3349.7,3349.99,3342.22,3347.78,8306,7,0
2025-06-24 05:00:00,3347.78,3352.93,3345.95,3347.17,5784,7,0
2025-06-24 05:30:00,3347.17,3352.48,3347.13,3351.94,4493,7,0
2025-06-24 06:00:00,3351.94,3354.83,3351.61,3352.86,4152,7,0
2025-06-24 06:30:00,3352.86,3357.93,3351.62,3352.59,4012,7,0
2025-06-24 07:00:00,3352.59,3353.38,3347.73,3349.01,4153,7,0
2025-06-24 07:30:00,3349.01,3349.6,3347.09,3348.62,2262,7,0
2025-06-24 08:00:00,3348.62,3348.83,3337.81,3338.55,5405,7,0
2025-06-24 08:30:00,3338.54,3339.69,3326.71,3332.1,10104,7,0
2025-06-24 09:00:00,3332.1,3333.2,3322.01,3322.55,13265,7,0
2025-06-24 09:30:00,3322.55,3324.3,3316.1,3322.8,12097,7,0
2025-06-24 10:00:00,3322.8,3326.15,3316.61,3321.96,10341,7,0
2025-06-24 10:30:00,3321.96,3331.87,3321.85,3329.73,10768,7,0
2025-06-24 11:00:00,3329.73,3332.41,3325.75,3327.11,9143,7,0
2025-06-24 11:30:00,3327.11,3328.48,3324.72,3327.32,5103,7,0
2025-06-24 12:00:00,3327.32,3328.77,3319.55,3320.79,7316,7,0
2025-06-24 12:30:00,3320.79,3323.38,3317.95,3318.52,6037,7,0
2025-06-24 13:00:00,3318.54,3325.65,3318.52,3325.44,4683,7,0
2025-06-24 13:30:00,3325.44,3327.64,3324.87,3325.55,3918,7,0
2025-06-24 14:00:00,3325.55,3328.96,3322.64,3324.44,5505,7,0
2025-06-24 14:30:00,3324.44,3324.61,3317.93,3321.19,6376,7,0
2025-06-24 15:00:00,3321.19,3321.19,3311.32,3313.58,9559,7,0
2025-06-24 15:30:00,3313.58,3317.76,3304.46,3314.82,14262,7,0
2025-06-24 16:00:00,3314.82,3317.9,3310.19,3310.52,10948,7,0
2025-06-24 16:30:00,3310.5,3313.51,3295.42,3302.13,21641,7,0
2025-06-24 17:00:00,3302.13,3310.29,3298.63,3305.03,17610,7,0
2025-06-24 17:30:00,3305.03,3309.1,3301.81,3304.63,10698,7,0
2025-06-24 18:00:00,3304.63,3314.16,3299.85,3312.24,11388,7,0
2025-06-24 18:30:00,3312.24,3317.0,3312.12,3313.27,8685,7,0
2025-06-24 19:00:00,3313.27,3314.32,3311.36,3311.87,5253,7,0
2025-06-24 19:30:00,3311.87,3320.4,3311.74,3318.43,6475,7,0
2025-06-24 20:00:00,3318.43,3320.92,3318.32,3320.66,6266,7,0
2025-06-24 20:30:00,3320.66,3321.25,3317.93,3318.02,4148,7,0
2025-06-24 21:00:00,3318.02,3319.03,3315.71,3316.91,4950,7,0
2025-06-24 21:30:00,3316.91,3318.47,3315.95,3317.2,3981,7,0
2025-06-24 22:00:00,3317.2,3318.86,3316.07,3318.71,3308,7,0
2025-06-24 22:30:00,3318.74,3325.3,3318.72,3323.66,6308,7,0
2025-06-24 23:00:00,3323.66,3324.51,3322.38,3322.79,2460,7,0
2025-06-24 23:30:00,3322.79,3324.24,3321.24,3322.98,1857,7,0
2025-06-25 01:00:00,3324.5,3325.01,3321.09,3322.15,2022,7,0
2025-06-25 01:30:00,3322.15,3322.71,3320.82,3321.5,1476,7,0
2025-06-25 02:00:00,3321.5,3324.02,3321.5,3322.85,1512,7,0
2025-06-25 02:30:00,3322.85,3324.85,3322.38,3324.19,1579,7,0
2025-06-25 03:00:00,3324.19,3328.71,3323.64,3328.42,3138,7,0
2025-06-25 03:30:00,3328.42,3330.07,3324.31,3326.99,4046,7,0
2025-06-25 04:00:00,3326.99,3333.07,3326.47,3328.9,6255,7,0
2025-06-25 04:30:00,3328.9,3334.88,3328.07,3334.67,5728,7,0
2025-06-25 05:00:00,3334.67,3335.27,3330.12,3331.53,4064,7,0
2025-06-25 05:30:00,3331.53,3332.04,3327.81,3329.44,4144,7,0
2025-06-25 06:00:00,3329.44,3332.08,3327.97,3330.68,3445,7,0
2025-06-25 06:30:00,3330.68,3331.09,3327.23,3328.36,2980,7,0
2025-06-25 07:00:00,3328.36,3329.27,3326.72,3327.29,2123,7,0
2025-06-25 07:30:00,3327.29,3328.61,3325.82,3327.49,2094,7,0
2025-06-25 08:00:00,3327.49,3329.92,3326.73,3329.9,2542,7,0
2025-06-25 08:30:00,3329.9,3333.71,3329.81,3331.63,3871,7,0
2025-06-25 09:00:00,3331.63,3333.4,3329.28,3330.54,4381,7,0
2025-06-25 09:30:00,3330.54,3333.49,3329.0,3331.74,4485,7,0
2025-06-25 10:00:00,3331.79,3334.22,3326.77,3334.15,6475,7,0
2025-06-25 10:30:00,3334.15,3337.23,3329.97,3330.71,6327,7,0
2025-06-25 11:00:00,3330.71,3332.41,3326.5,3329.73,6544,7,0
2025-06-25 11:30:00,3329.73,3330.28,3326.88,3327.27,4289,7,0
2025-06-25 12:00:00,3327.27,3327.28,3321.81,3322.67,6338,7,0
2025-06-25 12:30:00,3322.67,3325.35,3321.51,3325.35,3549,7,0
2025-06-25 13:00:00,3325.35,3329.55,3324.25,3326.57,5497,7,0
2025-06-25 13:30:00,3326.57,3328.1,3324.27,3324.53,3359,7,0
2025-06-25 14:00:00,3324.53,3329.53,3324.02,3325.35,4877,7,0
2025-06-25 14:30:00,3325.35,3328.51,3322.19,3322.68,6155,7,0
2025-06-25 15:00:00,3322.68,3329.43,3321.71,3328.24,5109,7,0
2025-06-25 15:30:00,3328.24,3328.25,3318.2,3320.64,6587,7,0
2025-06-25 16:00:00,3320.64,3321.6,3313.82,3314.13,7852,7,0
2025-06-25 16:30:00,3314.13,3317.51,3311.99,3314.66,11083,7,0
2025-06-25 17:00:00,3314.66,3323.03,3311.93,3321.82,10918,7,0
2025-06-25 17:30:00,3321.86,3326.38,3320.54,3323.43,7980,7,0
2025-06-25 18:00:00,3323.43,3325.88,3322.55,3322.75,5685,7,0
2025-06-25 18:30:00,3322.75,3327.17,3321.64,3325.63,5105,7,0
2025-06-25 19:00:00,3325.64,3329.32,3324.25,3329.32,5194,7,0
2025-06-25 19:30:00,3329.32,3335.17,3329.19,3334.81,6206,7,0
2025-06-25 20:00:00,3334.81,3335.35,3328.7,3328.98,6477,7,0
2025-06-25 20:30:00,3328.97,3330.25,3324.83,3328.02,6953,7,0
2025-06-25 21:00:00,3328.02,3330.36,3326.26,3329.57,4678,7,0
2025-06-25 21:30:00,3329.57,3331.8,3329.25,3331.68,4107,7,0
2025-06-25 22:00:00,3331.68,3334.25,3330.44,3334.04,4012,7,0
2025-06-25 22:30:00,3334.04,3336.06,3332.29,3333.72,5403,7,0
2025-06-25 23:00:00,3333.72,3335.64,3331.46,3332.9,3434,7,0
2025-06-25 23:30:00,3332.9,3333.55,3332.09,3332.26,1428,7,0
2025-06-26 01:00:00,3332.27,3335.67,3330.89,3332.3,1715,7,0
2025-06-26 01:30:00,3332.3,3334.86,3331.89,3333.26,1563,7,0
2025-06-26 02:00:00,3333.26,3337.52,3332.91,3337.06,2943,7,0
2025-06-26 02:30:00,3337.06,3340.14,3336.64,3339.05,2615,7,0
2025-06-26 03:00:00,3339.05,3339.32,3332.8,3333.6,4602,7,0
2025-06-26 03:30:00,3333.6,3335.68,3332.19,3334.05,3134,7,0
2025-06-26 04:00:00,3334.05,3336.74,3330.06,3331.51,6667,7,0
2025-06-26 04:30:00,3331.51,3333.76,3329.35,3330.2,4182,7,0
2025-06-26 05:00:00,3330.2,3336.52,3329.33,3335.76,3839,7,0
2025-06-26 05:30:00,3335.76,3341.81,3335.3,3339.54,5487,7,0
2025-06-26 06:00:00,3339.54,3343.29,3338.07,3338.97,4700,7,0
2025-06-26 06:30:00,3338.97,3339.61,3336.46,3338.03,2887,7,0
2025-06-26 07:00:00,3338.03,3338.16,3335.6,3335.83,2442,7,0
2025-06-26 07:30:00,3335.83,3336.02,3333.41,3333.97,2719,7,0
2025-06-26 08:00:00,3333.97,3335.78,3333.14,3334.29,2764,7,0
2025-06-26 08:30:00,3334.29,3338.29,3332.5,3334.18,5233,7,0
2025-06-26 09:00:00,3334.18,3337.29,3331.02,3337.0,5956,7,0
2025-06-26 09:30:00,3337.0,3340.46,3332.59,3339.87,6005,7,0
2025-06-26 10:00:00,3339.87,3346.02,3339.68,3345.49,6014,7,0
2025-06-26 10:30:00,3345.49,3347.18,3344.92,3346.12,5027,7,0
2025-06-26 11:00:00,3346.12,3347.64,3344.44,3345.54,5115,7,0
2025-06-26 11:30:00,3345.54,3350.34,3345.12,3348.25,6806,7,0
2025-06-26 12:00:00,3348.2,3348.78,3339.29,3340.66,8507,7,0
2025-06-26 12:30:00,3340.66,3342.06,3338.83,3340.6,4970,7,0
2025-06-26 13:00:00,3340.6,3342.18,3338.01,3340.43,4111,7,0
2025-06-26 13:30:00,3340.43,3343.53,3338.49,3343.32,3278,7,0
2025-06-26 14:00:00,3343.32,3344.15,3339.21,3339.3,3868,7,0
2025-06-26 14:30:00,3339.3,3339.88,3331.57,3333.0,7222,7,0
2025-06-26 15:00:00,3333.0,3344.15,3332.18,3342.85,6130,7,0
2025-06-26 15:30:00,3342.85,3343.54,3321.75,3322.09,13038,7,0
2025-06-26 16:00:00,3322.09,3325.5,3316.28,3319.43,13338,7,0
2025-06-26 16:30:00,3319.44,3328.77,3309.91,3319.94,19047,7,0
2025-06-26 17:00:00,3319.94,3323.85,3313.15,3313.87,13059,7,0
2025-06-26 17:30:00,3313.87,3320.71,3311.94,3318.38,11674,7,0
2025-06-26 18:00:00,3318.38,3323.81,3318.38,3322.31,6549,7,0
2025-06-26 18:30:00,3322.31,3324.94,3320.9,3324.88,5569,7,0
2025-06-26 19:00:00,3324.88,3330.96,3323.82,3329.73,5877,7,0
2025-06-26 19:30:00,3329.73,3333.35,3329.55,3331.36,6251,7,0
2025-06-26 20:00:00,3331.36,3335.67,3331.27,3334.59,5600,7,0
2025-06-26 20:30:00,3334.59,3336.47,3332.28,3332.73,5219,7,0
2025-06-26 21:00:00,3332.73,3334.93,3331.28,3332.59,4366,7,0
2025-06-26 21:30:00,3332.59,3334.9,3332.42,3334.13,3277,7,0
2025-06-26 22:00:00,3334.13,3334.36,3328.27,3331.01,4408,7,0
2025-06-26 22:30:00,3331.01,3331.64,3329.16,3331.37,3421,7,0
2025-06-26 23:00:00,3331.37,3332.36,3329.18,3330.68,1967,7,0
2025-06-26 23:30:00,3330.68,3331.05,3327.81,3328.23,1522,7,0
2025-06-27 01:00:00,3327.5,3328.01,3321.24,3322.72,2296,7,0
2025-06-27 01:30:00,3322.72,3323.98,3318.93,3321.51,2161,7,0
2025-06-27 02:00:00,3321.51,3323.7,3321.24,3321.52,1965,7,0
2025-06-27 02:30:00,3321.52,3322.02,3316.31,3318.79,2970,7,0
2025-06-27 03:00:00,3318.8,3320.0,3313.62,3315.08,4216,7,0
2025-06-27 03:30:00,3315.08,3319.01,3313.22,3318.95,4252,7,0
2025-06-27 04:00:00,3318.95,3321.26,3315.04,3321.23,5590,7,0
2025-06-27 04:30:00,3321.23,3322.06,3314.84,3316.51,5563,7,0
2025-06-27 05:00:00,3316.51,3320.4,3313.87,3314.03,5043,7,0
2025-06-27 05:30:00,3314.03,3314.1,3308.59,3308.88,7243,7,0
2025-06-27 06:00:00,3308.88,3311.09,3299.47,3302.47,9112,7,0
2025-06-27 06:30:00,3302.47,3303.71,3292.63,3294.39,5869,7,0
2025-06-27 07:00:00,3294.39,3295.4,3291.2,3294.2,4950,7,0
2025-06-27 07:30:00,3294.2,3297.57,3293.18,3294.0,3993,7,0
2025-06-27 08:00:00,3294.0,3299.59,3289.19,3298.33,6388,7,0
2025-06-27 08:30:00,3298.33,3301.03,3295.34,3297.39,6884,7,0
2025-06-27 09:00:00,3297.39,3299.99,3292.63,3294.65,8159,7,0
2025-06-27 09:30:00,3294.65,3295.9,3286.92,3294.96,10051,7,0
2025-06-27 10:00:00,3294.99,3295.38,3283.5,3289.19,10496,7,0
2025-06-27 10:30:00,3289.19,3290.03,3284.46,3284.51,7907,7,0
2025-06-27 11:00:00,3284.51,3287.95,3281.88,3283.42,8760,7,0
2025-06-27 11:30:00,3283.42,3291.11,3283.03,3289.33,6185,7,0
2025-06-27 12:00:00,3289.33,3289.73,3284.16,3285.69,7671,7,0
2025-06-27 12:30:00,3285.69,3289.61,3282.22,3282.81,5871,7,0
2025-06-27 13:00:00,3282.81,3290.97,3282.58,3287.41,6105,7,0
2025-06-27 13:30:00,3287.41,3287.78,3279.76,3285.64,6019,7,0
2025-06-27 14:00:00,3285.64,3287.98,3282.6,3284.83,5494,7,0
2025-06-27 14:30:00,3284.83,3285.24,3276.1,3281.39,8541,7,0
2025-06-27 15:00:00,3281.39,3282.35,3272.53,3279.89,10843,7,0
2025-06-27 15:30:00,3279.89,3280.78,3269.6,3270.14,12637,7,0
2025-06-27 16:00:00,3270.14,3270.78,3256.3,3256.85,18022,7,0
2025-06-27 16:30:00,3256.85,3274.43,3255.86,3274.37,18240,7,0
2025-06-27 17:00:00,3274.37,3277.35,3264.88,3274.94,15719,7,0
2025-06-27 17:30:00,3274.94,3278.18,3263.75,3272.47,13727,7,0
2025-06-27 18:00:00,3272.47,3275.59,3271.57,3272.21,9928,7,0
2025-06-27 18:30:00,3272.21,3277.57,3271.08,3274.66,8283,7,0
2025-06-27 19:00:00,3274.66,3278.29,3274.39,3277.86,6449,7,0
2025-06-27 19:30:00,3277.86,3278.66,3273.43,3277.68,7061,7,0
2025-06-27 20:00:00,3277.68,3277.89,3274.09,3276.03,5934,7,0
2025-06-27 20:30:00,3276.03,3282.89,3272.87,3277.48,9301,7,0
2025-06-27 21:00:00,3277.48,3278.44,3272.51,3274.07,7032,7,0
2025-06-27 21:30:00,3274.07,3276.69,3270.56,3275.88,5748,7,0
2025-06-27 22:00:00,3275.88,3276.58,3268.45,3271.67,5533,7,0
2025-06-27 22:30:00,3271.67,3272.28,3269.5,3270.63,6956,7,0
2025-06-27 23:00:00,3270.63,3275.58,3270.39,3273.74,2860,7,0
2025-06-27 23:30:00,3273.74,3275.57,3273.14,3275.03,2387,7,0
2025-06-30 01:00:00,3273.06,3281.74,3247.74,3249.56,8034,7,0
2025-06-30 01:30:00,3249.56,3265.71,3249.41,3263.82,6331,7,0
2025-06-30 02:00:00,3263.82,3270.95,3263.82,3268.43,3904,7,0
2025-06-30 02:30:00,3268.43,3270.18,3262.93,3263.82,3809,7,0
2025-06-30 03:00:00,3263.82,3269.8,3263.1,3268.43,3724,7,0
2025-06-30 03:30:00,3268.43,3268.96,3262.71,3264.56,4052,7,0
2025-06-30 04:00:00,3264.56,3275.92,3259.42,3275.16,10071,7,0
2025-06-30 04:30:00,3275.16,3275.97,3271.12,3273.98,5509,7,0
2025-06-30 05:00:00,3273.98,3282.6,3273.69,3280.28,6361,7,0
2025-06-30 05:30:00,3280.28,3283.34,3277.31,3280.31,3995,7,0
2025-06-30 06:00:00,3280.31,3282.82,3278.31,3279.0,3686,7,0
2025-06-30 06:30:00,3279.0,3281.19,3277.96,3279.03,2765,7,0
2025-06-30 07:00:00,3279.03,3281.5,3277.02,3278.15,2659,7,0
2025-06-30 07:30:00,3278.15,3286.41,3278.15,3285.69,2590,7,0
2025-06-30 08:00:00,3285.69,3288.91,3284.76,3288.13,3465,7,0
2025-06-30 08:30:00,3288.13,3291.44,3286.32,3288.96,4596,7,0
2025-06-30 09:00:00,3288.96,3291.81,3287.96,3290.65,4953,7,0
2025-06-30 09:30:00,3290.65,3295.6,3289.32,3292.12,6478,7,0
2025-06-30 10:00:00,3292.12,3296.81,3291.13,3295.21,5196,7,0
2025-06-30 10:30:00,3295.21,3296.47,3290.84,3292.99,4714,7,0
2025-06-30 11:00:00,3292.99,3296.6,3291.28,3293.18,5271,7,0
2025-06-30 11:30:00,3293.18,3293.55,3288.17,3289.22,4068,7,0
2025-06-30 12:00:00,3289.22,3289.22,3281.4,3284.47,6264,7,0
2025-06-30 12:30:00,3284.47,3288.0,3277.56,3287.89,7323,7,0
2025-06-30 13:00:00,3287.89,3288.84,3284.7,3286.13,3153,7,0
2025-06-30 13:30:00,3286.13,3286.88,3282.54,3283.55,3055,7,0
2025-06-30 14:00:00,3283.55,3283.8,3274.7,3275.99,5392,7,0
2025-06-30 14:30:00,3275.99,3280.21,3274.6,3277.98,5563,7,0
2025-06-30 15:00:00,3277.98,3287.29,3277.98,3284.43,5572,7,0
2025-06-30 15:30:00,3284.43,3289.0,3281.53,3282.09,5937,7,0
2025-06-30 16:00:00,3282.09,3285.16,3278.76,3282.98,8184,7,0
2025-06-30 16:30:00,3282.98,3287.13,3278.03,3284.83,9756,7,0
2025-06-30 17:00:00,3284.83,3288.79,3279.26,3285.24,9791,7,0
2025-06-30 17:30:00,3285.24,3289.59,3284.11,3287.74,7518,7,0
2025-06-30 18:00:00,3287.74,3290.75,3283.75,3287.22,7877,7,0
2025-06-30 18:30:00,3287.22,3290.21,3286.13,3289.56,5980,7,0
2025-06-30 19:00:00,3289.56,3294.42,3288.82,3292.35,6207,7,0
2025-06-30 19:30:00,3292.35,3297.48,3292.35,3297.32,4872,7,0
2025-06-30 20:00:00,3297.32,3298.56,3294.46,3295.92,5525,7,0
2025-06-30 20:30:00,3295.98,3296.88,3292.1,3294.05,5687,7,0
2025-06-30 21:00:00,3294.05,3299.24,3292.65,3299.15,4758,7,0
2025-06-30 21:30:00,3299.15,3299.6,3297.6,3298.44,4019,7,0
2025-06-30 22:00:00,3298.44,3307.03,3298.08,3306.14,5006,7,0
2025-06-30 22:30:00,3306.14,3309.57,3305.34,3308.72,5033,7,0
2025-06-30 23:00:00,3308.73,3309.29,3306.8,3306.88,2429,7,0
2025-06-30 23:30:00,3306.88,3307.35,3302.25,3303.13,2316,7,0
2025-07-01 01:00:00,3303.69,3307.79,3302.43,3307.17,1929,7,0
2025-07-01 01:30:00,3307.17,3314.5,3305.92,3311.51,4135,7,0
2025-07-01 02:00:00,3311.51,3312.23,3308.64,3309.58,3985,7,0
2025-07-01 02:30:00,3309.58,3312.54,3308.87,3312.52,2200,7,0
2025-07-01 03:00:00,3312.52,3313.32,3310.02,3310.91,3830,7,0
2025-07-01 03:30:00,3310.91,3314.91,3310.91,3314.8,3096,7,0
2025-07-01 04:00:00,3314.8,3320.93,3314.01,3320.39,6197,7,0
2025-07-01 04:30:00,3320.39,3321.08,3315.9,3317.86,6374,7,0
2025-07-01 05:00:00,3317.86,3317.99,3314.49,3316.1,4474,7,0
2025-07-01 05:30:00,3316.1,3319.41,3315.29,3316.2,4977,7,0
2025-07-01 06:00:00,3316.2,3322.01,3315.91,3321.16,3919,7,0
2025-07-01 06:30:00,3321.16,3322.68,3318.15,3321.19,3382,7,0
2025-07-01 07:00:00,3321.19,3323.15,3319.0,3322.81,3193,7,0
2025-07-01 07:30:00,3322.81,3323.1,3322.05,3322.95,1938,7,0
2025-07-01 08:00:00,3322.95,3330.11,3322.91,3329.57,3450,7,0
2025-07-01 08:30:00,3329.57,3332.35,3328.1,3328.76,5842,7,0
2025-07-01 09:00:00,3328.76,3330.68,3325.1,3328.17,6695,7,0
2025-07-01 09:30:00,3328.17,3334.55,3327.4,3331.41,6830,7,0
2025-07-01 10:00:00,3331.41,3338.86,3330.83,3338.71,7035,7,0
2025-07-01 10:30:00,3338.71,3339.9,3333.57,3339.55,8109,7,0
2025-07-01 11:00:00,3339.55,3342.17,3336.82,3339.83,5709,7,0
2025-07-01 11:30:00,3339.83,3342.49,3337.51,3339.62,5146,7,0
2025-07-01 12:00:00,3339.62,3345.04,3338.3,3343.12,6261,7,0
2025-07-01 12:30:00,3343.09,3348.11,3342.86,3345.78,7784,7,0
2025-07-01 13:00:00,3345.78,3348.71,3344.45,3346.78,5289,7,0
2025-07-01 13:30:00,3346.78,3349.71,3345.3,3348.69,4158,7,0
2025-07-01 14:00:00,3348.69,3352.41,3348.45,3351.79,6641,7,0
2025-07-01 14:30:00,3351.8,3352.93,3347.1,3349.07,5519,7,0
2025-07-01 15:00:00,3349.07,3357.14,3348.36,3352.28,7989,7,0
2025-07-01 15:30:00,3352.28,3358.06,3350.06,3354.6,10090,7,0
2025-07-01 16:00:00,3354.61,3355.69,3346.1,3349.72,10849,7,0
2025-07-01 16:30:00,3349.72,3352.63,3344.51,3351.88,14968,7,0
2025-07-01 17:00:00,3351.88,3354.46,3347.31,3351.65,12888,7,0
2025-07-01 17:30:00,3351.65,3352.61,3343.67,3345.75,10395,7,0
2025-07-01 18:00:00,3345.75,3346.7,3338.88,3340.53,10919,7,0
2025-07-01 18:30:00,3340.53,3342.66,3337.07,3340.24,8935,7,0
2025-07-01 19:00:00,3340.24,3342.36,3337.78,3338.35,6017,7,0
2025-07-01 19:30:00,3338.35,3343.51,3337.61,3341.78,7481,7,0
2025-07-01 20:00:00,3341.78,3342.2,3337.01,3337.71,7223,7,0
2025-07-01 20:30:00,3337.71,3340.88,3337.2,3339.78,4740,7,0
2025-07-01 21:00:00,3339.78,3339.91,3337.65,3337.99,3998,7,0
2025-07-01 21:30:00,3337.99,3339.13,3336.96,3338.0,3217,7,0
2025-07-01 22:00:00,3338.03,3340.13,3336.93,3338.34,4274,7,0
2025-07-01 22:30:00,3338.34,3339.03,3337.35,3338.11,4191,7,0
2025-07-01 23:00:00,3338.11,3338.73,3336.95,3338.1,1949,7,0
2025-07-01 23:30:00,3338.1,3340.3,3338.02,3338.9,1763,7,0
2025-07-02 01:00:00,3338.75,3343.39,3336.62,3342.28,2683,7,0
2025-07-02 01:30:00,3342.28,3343.81,3340.91,3341.6,2593,7,0
2025-07-02 02:00:00,3341.6,3341.89,3337.16,3340.26,2324,7,0
2025-07-02 02:30:00,3340.26,3341.5,3336.75,3338.14,2329,7,0
2025-07-02 03:00:00,3338.14,3345.02,3334.66,3339.15,6675,7,0
2025-07-02 03:30:00,3339.18,3339.71,3335.89,3338.88,4260,7,0
2025-07-02 04:00:00,3338.88,3342.89,3332.28,3335.27,7421,7,0
2025-07-02 04:30:00,3335.27,3335.81,3330.99,3332.25,5059,7,0
2025-07-02 05:00:00,3332.25,3333.31,3328.64,3330.91,5086,7,0
2025-07-02 05:30:00,3330.91,3338.22,3330.21,3336.73,4262,7,0
2025-07-02 06:00:00,3336.73,3340.5,3334.94,3339.45,3754,7,0
2025-07-02 06:30:00,3339.45,3342.13,3337.95,3339.96,3293,7,0
2025-07-02 07:00:00,3339.96,3342.02,3339.56,3339.97,2605,7,0
2025-07-02 07:30:00,3339.97,3341.39,3339.63,3340.05,1945,7,0
2025-07-02 08:00:00,3340.05,3343.21,3338.27,3342.87,3122,7,0
2025-07-02 08:30:00,3342.87,3343.82,3336.6,3338.79,4533,7,0
2025-07-02 09:00:00,3338.81,3339.37,3333.12,3335.73,4676,7,0
2025-07-02 09:30:00,3335.73,3335.75,3329.93,3333.5,5484,7,0
2025-07-02 10:00:00,3333.46,3333.47,3327.62,3330.07,6369,7,0
2025-07-02 10:30:00,3330.05,3336.89,3327.96,3334.8,5879,7,0
2025-07-02 11:00:00,3334.8,3337.82,3333.1,3336.75,4074,7,0
2025-07-02 11:30:00,3336.75,3338.05,3332.97,3333.59,4768,7,0
2025-07-02 12:00:00,3333.59,3339.45,3333.15,3339.09,5245,7,0
2025-07-02 12:30:00,3339.09,3342.34,3338.03,3341.7,5045,7,0
2025-07-02 13:00:00,3341.7,3344.62,3340.6,3343.2,3508,7,0
2025-07-02 13:30:00,3343.2,3345.73,3342.77,3344.42,3311,7,0
2025-07-02 14:00:00,3344.42,3347.78,3341.55,3344.09,5103,7,0
2025-07-02 14:30:00,3344.09,3345.0,3339.76,3342.28,4345,7,0
2025-07-02 15:00:00,3342.28,3350.57,3337.79,3346.61,10066,7,0
2025-07-02 15:30:00,3346.61,3351.25,3343.07,3346.7,9188,7,0
2025-07-02 16:00:00,3346.7,3346.71,3341.45,3345.03,9387,7,0
2025-07-02 16:30:00,3345.03,3345.58,3335.0,3337.41,11777,7,0
2025-07-02 17:00:00,3337.41,3339.56,3333.97,3337.97,8505,7,0
2025-07-02 17:30:00,3337.97,3343.55,3337.12,3343.01,6909,7,0
2025-07-02 18:00:00,3343.01,3343.8,3338.77,3342.06,7374,7,0
2025-07-02 18:30:00,3342.06,3343.35,3339.79,3341.03,5092,7,0
2025-07-02 19:00:00,3341.03,3348.18,3340.96,3345.91,5487,7,0
2025-07-02 19:30:00,3345.91,3349.24,3344.27,3348.67,4372,7,0
2025-07-02 20:00:00,3348.67,3350.6,3347.46,3348.92,3553,7,0
2025-07-02 20:30:00,3348.92,3349.95,3347.54,3349.75,2697,7,0
2025-07-02 21:00:00,3349.75,3352.75,3348.56,3352.19,2971,7,0
2025-07-02 21:30:00,3352.19,3355.19,3351.47,3354.95,2232,7,0
2025-07-02 22:00:00,3354.95,3357.33,3354.64,3356.21,4409,7,0
2025-07-02 22:30:00,3356.21,3359.76,3355.63,3358.23,3962,7,0
2025-07-02 23:00:00,3358.23,3360.09,3357.54,3358.13,1473,7,0
2025-07-02 23:30:00,3358.13,3358.93,3355.46,3357.09,968,7,0
2025-07-03 01:00:00,3357.31,3365.76,3357.31,3364.66,2501,7,0
2025-07-03 01:30:00,3364.66,3365.22,3361.57,3361.95,1995,7,0
2025-07-03 02:00:00,3361.95,3362.27,3348.82,3350.52,5313,7,0
2025-07-03 02:30:00,3350.52,3352.29,3348.9,3349.37,3550,7,0
2025-07-03 03:00:00,3349.37,3349.87,3344.98,3346.51,4952,7,0
2025-07-03 03:30:00,3346.51,3346.56,3343.57,3344.78,2675,7,0
2025-07-03 04:00:00,3344.78,3347.2,3342.02,3343.66,4046,7,0
2025-07-03 04:30:00,3343.66,3348.29,3342.7,3346.08,3841,7,0
2025-07-03 05:00:00,3346.08,3349.21,3345.83,3347.08,3055,7,0
2025-07-03 05:30:00,3347.08,3351.45,3346.79,3351.03,4092,7,0
2025-07-03 06:00:00,3351.03,3351.47,3345.92,3347.13,3223,7,0
2025-07-03 06:30:00,3347.13,3348.3,3345.53,3347.55,1853,7,0
2025-07-03 07:00:00,3347.55,3350.62,3347.47,3349.33,1776,7,0
2025-07-03 07:30:00,3349.33,3351.78,3348.75,3350.78,2274,7,0
2025-07-03 08:00:00,3350.78,3354.15,3350.2,3352.81,2453,7,0
2025-07-03 08:30:00,3352.81,3360.44,3351.08,3359.42,6257,7,0
2025-07-03 09:00:00,3359.42,3363.76,3357.16,3360.09,5262,7,0
2025-07-03 09:30:00,3360.09,3362.08,3356.65,3361.87,4419,7,0
2025-07-03 10:00:00,3361.87,3363.09,3354.37,3356.3,4494,7,0
2025-07-03 10:30:00,3356.3,3359.41,3352.57,3353.12,4449,7,0
2025-07-03 11:00:00,3353.12,3355.27,3351.71,3355.12,3413,7,0
2025-07-03 11:30:00,3355.12,3358.34,3353.84,3356.17,3405,7,0
2025-07-03 12:00:00,3356.17,3356.34,3350.03,3350.49,3693,7,0
2025-07-03 12:30:00,3350.49,3351.01,3343.9,3345.73,6108,7,0
2025-07-03 13:00:00,3345.73,3349.7,3344.81,3349.55,3286,7,0
2025-07-03 13:30:00,3349.55,3355.52,3349.09,3353.2,4076,7,0
2025-07-03 14:00:00,3353.2,3353.81,3347.06,3347.86,4993,7,0
2025-07-03 14:30:00,3347.86,3348.02,3343.14,3346.04,4305,7,0
2025-07-03 15:00:00,3346.04,3352.35,3343.08,3350.09,5806,7,0
2025-07-03 15:30:00,3350.09,3350.09,3311.62,3324.51,25842,7,0
2025-07-03 16:00:00,3324.51,3334.24,3322.17,3332.43,15354,7,0
2025-07-03 16:30:00,3332.43,3338.52,3330.74,3332.3,12979,7,0
2025-07-03 17:00:00,3332.29,3334.7,3323.52,3327.66,12896,7,0
2025-07-03 17:30:00,3327.66,3331.34,3323.64,3324.63,9064,7,0
2025-07-03 18:00:00,3324.63,3331.47,3323.12,3329.31,7248,7,0
2025-07-03 18:30:00,3329.31,3330.13,3326.43,3328.02,5175,7,0
2025-07-03 19:00:00,3328.02,3328.73,3325.72,3328.6,3743,7,0
2025-07-03 19:30:00,3328.6,3334.69,3328.6,3333.99,5102,7,0
2025-07-03 20:00:00,3333.96,3334.88,3332.31,3332.55,2803,7,0
2025-07-03 20:30:00,3332.55,3332.74,3328.9,3329.13,2072,7,0
2025-07-03 21:00:00,3329.13,3329.45,3327.95,3329.21,1091,7,0
2025-07-03 21:30:00,3329.21,3330.26,3328.46,3329.12,1026,7,0
2025-07-03 22:00:00,3329.12,3329.3,3327.06,3328.76,1089,7,0
2025-07-03 22:30:00,3328.76,3329.57,3328.4,3328.82,1003,7,0
2025-07-03 23:00:00,3328.82,3329.0,3325.89,3326.84,727,7,0
2025-07-03 23:30:00,3326.84,3327.37,3325.07,3326.49,494,7,0
2025-07-04 01:00:00,3325.71,3326.56,3323.62,3325.15,815,7,0
2025-07-04 01:30:00,3325.15,3329.66,3325.05,3329.15,1113,7,0
2025-07-04 02:00:00,3329.15,3331.45,3328.47,3330.64,1435,7,0
2025-07-04 02:30:00,3330.64,3332.03,3329.46,3330.92,2501,7,0
2025-07-04 03:00:00,3330.92,3331.2,3325.9,3328.37,2913,7,0
2025-07-04 03:30:00,3328.37,3330.78,3328.06,3328.98,1747,7,0
2025-07-04 04:00:00,3328.88,3334.4,3326.55,3332.54,3960,7,0
2025-07-04 04:30:00,3332.54,3332.73,3328.05,3330.11,2719,7,0
2025-07-04 05:00:00,3330.11,3331.97,3328.87,3331.51,2265,7,0
2025-07-04 05:30:00,3331.51,3332.37,3327.17,3327.36,2840,7,0
2025-07-04 06:00:00,3327.36,3333.08,3326.18,3332.89,2968,7,0
2025-07-04 06:30:00,3332.89,3338.99,3332.79,3338.35,3243,7,0
2025-07-04 07:00:00,3338.35,3342.27,3338.02,3340.78,2665,7,0
2025-07-04 07:30:00,3340.78,3341.87,3339.36,3340.86,2385,7,0
2025-07-04 08:00:00,3340.86,3342.26,3340.36,3340.36,1625,7,0
2025-07-04 08:30:00,3340.36,3340.67,3338.49,3339.58,3619,7,0
2025-07-04 09:00:00,3339.58,3345.13,3339.32,3344.1,5882,7,0
2025-07-04 09:30:00,3344.1,3344.15,3342.06,3342.64,2865,7,0
2025-07-04 10:00:00,3342.65,3343.76,3336.44,3337.48,5024,7,0
2025-07-04 10:30:00,3337.48,3343.35,3337.19,3342.94,3574,7,0
2025-07-04 11:00:00,3342.94,3344.16,3340.92,3342.93,3593,7,0
2025-07-04 11:30:00,3342.93,3344.2,3341.67,3342.86,2871,7,0
2025-07-04 12:00:00,3342.86,3343.08,3338.25,3338.29,2730,7,0
2025-07-04 12:30:00,3338.29,3338.73,3333.03,3334.56,4709,7,0
2025-07-04 13:00:00,3334.56,3336.32,3333.44,3334.4,2704,7,0
2025-07-04 13:30:00,3334.4,3338.16,3331.59,3336.87,3634,7,0
2025-07-04 14:00:00,3336.87,3337.51,3335.26,3337.35,2736,7,0
2025-07-04 14:30:00,3337.35,3337.92,3334.53,3334.76,2311,7,0
2025-07-04 15:00:00,3334.76,3337.92,3333.86,3335.22,3856,7,0
2025-07-04 15:30:00,3335.22,3337.07,3331.47,3333.94,4160,7,0
2025-07-04 16:00:00,3333.94,3335.7,3332.29,3334.1,3543,7,0
2025-07-04 16:30:00,3334.1,3338.05,3333.58,3333.92,4792,7,0
2025-07-04 17:00:00,3333.92,3334.26,3331.52,3333.86,4061,7,0
2025-07-04 17:30:00,3333.86,3334.16,3330.92,3333.29,2780,7,0
2025-07-04 18:00:00,3333.29,3334.07,3331.69,3332.37,2232,7,0
2025-07-04 18:30:00,3332.37,3333.48,3330.88,3332.48,1488,7,0
2025-07-04 19:00:00,3332.48,3334.28,3332.33,3333.95,1302,7,0
2025-07-04 19:30:00,3333.95,3335.95,3333.88,3335.01,551,7,0
2025-07-07 01:00:00,3334.45,3342.84,3333.2,3333.76,3226,7,0
2025-07-07 01:30:00,3333.76,3336.3,3332.5,3333.46,1703,7,0
2025-07-07 02:00:00,3333.46,3334.6,3329.16,3330.87,2456,7,0
2025-07-07 02:30:00,3330.87,3330.87,3326.17,3328.9,2904,7,0
2025-07-07 03:00:00,3328.9,3329.77,3322.42,3323.93,4862,7,0
2025-07-07 03:30:00,3323.93,3326.54,3321.74,3326.53,4011,7,0
2025-07-07 04:00:00,3326.53,3327.71,3306.74,3312.22,11846,7,0
2025-07-07 04:30:00,3312.22,3320.0,3312.09,3316.62,6070,7,0
2025-07-07 05:00:00,3316.62,3317.75,3312.61,3314.76,4596,7,0
2025-07-07 05:30:00,3314.76,3315.53,3306.07,3308.9,5202,7,0
2025-07-07 06:00:00,3308.9,3315.31,3307.16,3313.11,5801,7,0
2025-07-07 06:30:00,3313.11,3314.05,3309.83,3310.91,3311,7,0
2025-07-07 07:00:00,3310.91,3312.36,3305.32,3307.41,4620,7,0
2025-07-07 07:30:00,3307.41,3309.43,3305.31,3307.84,4196,7,0
2025-07-07 08:00:00,3307.84,3312.4,3307.12,3309.21,4558,7,0
2025-07-07 08:30:00,3309.21,3315.27,3307.92,3313.37,5439,7,0
2025-07-07 09:00:00,3313.37,3315.26,3309.46,3311.9,5031,7,0
2025-07-07 09:30:00,3311.9,3312.67,3308.38,3310.03,5625,7,0
2025-07-07 10:00:00,3310.03,3313.3,3305.94,3312.04,4888,7,0
2025-07-07 10:30:00,3312.04,3312.06,3300.71,3302.26,5501,7,0
2025-07-07 11:00:00,3302.26,3310.63,3301.27,3310.47,5977,7,0
2025-07-07 11:30:00,3310.47,3312.8,3308.44,3310.27,4590,7,0
2025-07-07 12:00:00,3310.27,3311.99,3307.65,3307.66,4466,7,0
2025-07-07 12:30:00,3307.66,3310.63,3306.23,3309.03,5154,7,0
2025-07-07 13:00:00,3309.03,3310.79,3307.88,3308.32,4018,7,0
2025-07-07 13:30:00,3308.32,3308.84,3296.35,3302.09,8894,7,0
2025-07-07 14:00:00,3302.09,3307.57,3300.08,3302.35,7312,7,0
2025-07-07 14:30:00,3302.35,3305.92,3299.78,3301.97,7636,7,0
2025-07-07 15:00:00,3301.97,3307.84,3300.52,3302.86,9204,7,0
2025-07-07 15:30:00,3302.86,3312.75,3302.15,3309.61,9958,7,0
2025-07-07 16:00:00,3309.61,3312.54,3306.72,3311.77,6789,7,0
2025-07-07 16:30:00,3311.77,3317.14,3306.24,3316.51,13262,7,0
2025-07-07 17:00:00,3316.6,3319.17,3313.31,3314.53,8980,7,0
2025-07-07 17:30:00,3314.67,3321.36,3314.41,3318.0,7095,7,0
2025-07-07 18:00:00,3318.0,3320.18,3316.19,3318.69,4430,7,0
2025-07-07 18:30:00,3318.69,3322.03,3318.69,3320.88,4241,7,0
2025-07-07 19:00:00,3320.88,3327.01,3320.16,3324.77,7066,7,0
2025-07-07 19:30:00,3324.77,3328.1,3323.64,3327.49,6773,7,0
2025-07-07 20:00:00,3327.49,3334.03,3327.45,3332.48,6628,7,0
2025-07-07 20:30:00,3332.48,3335.9,3330.63,3332.04,5688,7,0
2025-07-07 21:00:00,3332.04,3332.43,3328.59,3330.29,4291,7,0
2025-07-07 21:30:00,3330.29,3335.8,3330.24,3334.41,3236,7,0
2025-07-07 22:00:00,3334.41,3339.04,3334.37,3338.44,3328,7,0
2025-07-07 22:30:00,3338.44,3340.41,3336.56,3337.06,3900,7,0
2025-07-07 23:00:00,3337.06,3337.45,3335.45,3336.38,1881,7,0
2025-07-07 23:30:00,3336.38,3337.75,3335.47,3336.23,862,7,0
2025-07-08 01:00:00,3339.16,3345.89,3338.94,3342.19,2455,7,0
2025-07-08 01:30:00,3342.19,3342.91,3339.0,3339.84,1728,7,0
2025-07-08 02:00:00,3339.84,3340.18,3334.14,3336.27,2398,7,0
2025-07-08 02:30:00,3336.27,3337.35,3333.91,3334.6,1935,7,0
2025-07-08 03:00:00,3334.6,3337.29,3331.86,3332.73,4787,7,0
2025-07-08 03:30:00,3332.73,3335.41,3331.05,3334.25,4311,7,0
2025-07-08 04:00:00,3334.25,3335.64,3329.73,3334.01,5673,7,0
2025-07-08 04:30:00,3334.01,3337.02,3332.36,3334.75,5620,7,0
2025-07-08 05:00:00,3334.75,3336.31,3332.81,3335.98,4118,7,0
2025-07-08 05:30:00,3335.98,3338.08,3333.64,3334.51,4161,7,0
2025-07-08 06:00:00,3334.51,3335.57,3329.67,3331.67,3102,7,0
2025-07-08 06:30:00,3331.67,3333.17,3330.55,3331.57,1880,7,0
2025-07-08 07:00:00,3331.57,3332.81,3329.53,3329.91,1659,7,0
2025-07-08 07:30:00,3329.91,3331.51,3327.42,3329.64,2981,7,0
2025-07-08 08:00:00,3329.61,3336.6,3329.55,3335.75,3013,7,0
2025-07-08 08:30:00,3335.75,3336.57,3333.5,3334.15,3697,7,0
2025-07-08 09:00:00,3334.15,3335.16,3330.8,3334.62,3858,7,0
2025-07-08 09:30:00,3334.62,3336.07,3332.61,3335.8,2855,7,0
2025-07-08 10:00:00,3335.8,3339.56,3332.75,3333.09,4606,7,0
2025-07-08 10:30:00,3333.09,3335.55,3330.57,3334.02,3970,7,0
2025-07-08 11:00:00,3334.02,3334.02,3324.53,3328.55,7157,7,0
2025-07-08 11:30:00,3328.55,3329.7,3323.37,3323.71,4879,7,0
2025-07-08 12:00:00,3323.71,3326.77,3322.95,3324.85,4326,7,0
2025-07-08 12:30:00,3324.85,3326.24,3321.18,3322.12,3663,7,0
2025-07-08 13:00:00,3322.12,3324.94,3320.54,3323.34,3184,7,0
2025-07-08 13:30:00,3323.34,3327.08,3322.63,3324.71,2718,7,0
2025-07-08 14:00:00,3324.71,3327.56,3323.25,3324.89,3198,7,0
2025-07-08 14:30:00,3324.89,3326.14,3320.12,3325.04,4989,7,0
2025-07-08 15:00:00,3325.04,3329.7,3324.67,3327.27,6287,7,0
2025-07-08 15:30:00,3327.27,3329.87,3325.98,3328.2,4311,7,0
2025-07-08 16:00:00,3328.2,3328.69,3318.94,3325.68,8912,7,0
2025-07-08 16:30:00,3325.68,3326.93,3314.81,3315.29,12798,7,0
2025-07-08 17:00:00,3315.29,3315.91,3300.77,3305.05,16011,7,0
2025-07-08 17:30:00,3305.05,3305.05,3294.41,3296.62,14615,7,0
2025-07-08 18:00:00,3296.62,3298.39,3287.14,3296.58,14156,7,0
2025-07-08 18:30:00,3296.58,3300.36,3294.81,3298.21,7345,7,0
2025-07-08 19:00:00,3298.21,3301.39,3296.52,3300.1,6387,7,0
2025-07-08 19:30:00,3300.1,3301.57,3295.94,3300.45,9213,7,0
2025-07-08 20:00:00,3300.5,3310.41,3299.39,3308.1,12166,7,0
2025-07-08 20:30:00,3308.1,3308.99,3304.54,3306.41,6839,7,0
2025-07-08 21:00:00,3306.41,3308.2,3300.7,3301.76,5569,7,0
2025-07-08 21:30:00,3301.76,3306.87,3300.67,3305.43,4448,7,0
2025-07-08 22:00:00,3305.43,3306.17,3302.99,3303.44,2902,7,0
2025-07-08 22:30:00,3303.44,3305.84,3302.45,3302.96,4494,7,0
2025-07-08 23:00:00,3302.96,3303.81,3301.44,3302.3,1681,7,0
2025-07-08 23:30:00,3302.3,3302.97,3299.29,3301.45,1254,7,0
2025-07-09 01:00:00,3302.09,3304.09,3300.59,3301.82,1956,7,0
2025-07-09 01:30:00,3301.82,3302.9,3300.4,3301.59,1858,7,0
2025-07-09 02:00:00,3301.59,3303.95,3300.98,3301.38,1965,7,0
2025-07-09 02:30:00,3301.38,3302.73,3297.27,3302.3,3077,7,0
2025-07-09 03:00:00,3302.3,3308.06,3301.85,3304.69,3827,7,0
2025-07-09 03:30:00,3304.69,3307.08,3304.13,3307.07,1830,7,0
2025-07-09 04:00:00,3307.07,3307.13,3301.18,3306.21,5522,7,0
2025-07-09 04:30:00,3306.21,3307.26,3299.29,3301.83,5080,7,0
2025-07-09 05:00:00,3301.83,3302.87,3298.78,3302.73,3675,7,0
2025-07-09 05:30:00,3302.73,3303.05,3286.56,3288.57,8006,7,0
2025-07-09 06:00:00,3288.57,3294.2,3285.02,3292.17,7084,7,0
2025-07-09 06:30:00,3292.17,3294.77,3289.95,3293.38,2466,7,0
2025-07-09 07:00:00,3293.38,3296.15,3291.23,3295.75,2578,7,0
2025-07-09 07:30:00,3295.75,3296.43,3293.93,3294.0,2106,7,0
2025-07-09 08:00:00,3294.0,3297.91,3291.91,3292.37,3408,7,0
2025-07-09 08:30:00,3292.37,3294.39,3289.03,3289.43,4592,7,0
2025-07-09 09:00:00,3289.43,3291.31,3285.91,3287.48,4771,7,0
2025-07-09 09:30:00,3287.48,3292.84,3285.64,3292.38,4835,7,0
2025-07-09 10:00:00,3292.38,3294.25,3290.02,3290.78,4157,7,0
2025-07-09 10:30:00,3290.78,3296.03,3288.34,3291.9,6262,7,0
2025-07-09 11:00:00,3291.9,3292.68,3284.52,3285.97,5328,7,0
2025-07-09 11:30:00,3285.97,3289.61,3282.7,3285.05,4883,7,0
2025-07-09 12:00:00,3285.05,3290.31,3284.44,3288.17,3990,7,0
2025-07-09 12:30:00,3288.17,3290.48,3287.6,3289.24,2604,7,0
2025-07-09 13:00:00,3289.24,3292.17,3288.32,3290.25,2902,7,0
2025-07-09 13:30:00,3290.25,3295.98,3290.25,3295.55,3235,7,0
2025-07-09 14:00:00,3295.55,3296.03,3287.81,3287.83,3674,7,0
2025-07-09 14:30:00,3287.83,3289.35,3283.26,3284.98,4229,7,0
2025-07-09 15:00:00,3284.98,3293.27,3284.98,3290.87,7011,7,0
2025-07-09 15:30:00,3290.87,3297.57,3290.75,3296.47,6066,7,0
2025-07-09 16:00:00,3296.47,3299.52,3294.64,3295.65,7679,7,0
2025-07-09 16:30:00,3295.65,3305.27,3291.93,3300.31,12988,7,0
2025-07-09 17:00:00,3300.31,3308.94,3299.72,3307.2,10036,7,0
2025-07-09 17:30:00,3307.2,3312.96,3306.82,3312.36,7951,7,0
2025-07-09 18:00:00,3312.36,3312.92,3307.17,3308.48,5787,7,0
2025-07-09 18:30:00,3308.48,3310.77,3306.4,3309.64,4955,7,0
2025-07-09 19:00:00,3309.64,3312.06,3307.97,3311.52,3900,7,0
2025-07-09 19:30:00,3311.52,3313.34,3311.04,3311.91,3081,7,0
2025-07-09 20:00:00,3311.91,3314.74,3309.78,3312.47,4487,7,0
2025-07-09 20:30:00,3312.47,3313.09,3308.21,3309.6,4152,7,0
2025-07-09 21:00:00,3309.6,3313.77,3308.16,3311.77,4199,7,0
2025-07-09 21:30:00,3311.77,3313.62,3310.24,3311.47,3699,7,0
2025-07-09 22:00:00,3311.47,3316.88,3311.01,3314.5,3906,7,0
2025-07-09 22:30:00,3314.5,3316.82,3313.88,3315.71,3932,7,0
2025-07-09 23:00:00,3315.71,3315.91,3312.11,3312.82,1761,7,0
2025-07-09 23:30:00,3312.82,3314.23,3311.56,3313.68,1041,7,0
2025-07-10 01:00:00,3314.05,3320.92,3312.83,3320.25,1722,7,0
2025-07-10 01:30:00,3320.25,3321.22,3319.38,3319.6,1734,7,0
2025-07-10 02:00:00,3319.6,3319.74,3315.78,3318.04,2208,7,0
2025-07-10 02:30:00,3318.04,3318.64,3316.07,3317.67,2049,7,0
2025-07-10 03:00:00,3317.68,3319.82,3316.68,3319.12,3318,7,0
2025-07-10 03:30:00,3319.12,3321.99,3316.89,3317.73,4172,7,0
2025-07-10 04:00:00,3317.73,3324.49,3316.45,3324.12,5742,7,0
2025-07-10 04:30:00,3324.12,3326.32,3321.78,3322.23,3636,7,0
2025-07-10 05:00:00,3322.23,3323.62,3321.07,3322.5,2467,7,0
2025-07-10 05:30:00,3322.5,3323.36,3318.24,3319.23,2634,7,0
2025-07-10 06:00:00,3319.23,3320.21,3316.74,3317.83,2558,7,0
2025-07-10 06:30:00,3317.83,3320.17,3315.43,3315.74,2686,7,0
2025-07-10 07:00:00,3315.74,3317.58,3314.88,3316.02,1823,7,0
2025-07-10 07:30:00,3316.02,3322.58,3315.75,3322.22,2178,7,0
2025-07-10 08:00:00,3322.22,3325.07,3322.21,3322.75,2867,7,0
2025-07-10 08:30:00,3322.75,3324.02,3320.63,3321.17,3311,7,0
2025-07-10 09:00:00,3321.17,3328.56,3320.93,3324.92,5025,7,0
2025-07-10 09:30:00,3324.92,3326.06,3323.51,3325.31,2869,7,0
2025-07-10 10:00:00,3325.31,3329.51,3325.28,3327.23,4302,7,0
2025-07-10 10:30:00,3327.23,3327.95,3319.92,3321.13,3218,7,0
2025-07-10 11:00:00,3321.13,3322.36,3320.05,3321.94,2306,7,0
2025-07-10 11:30:00,3321.94,3330.19,3321.32,3328.68,3411,7,0
2025-07-10 12:00:00,3328.68,3330.33,3326.34,3326.46,3136,7,0
2025-07-10 12:30:00,3326.46,3327.14,3323.3,3326.47,3605,7,0
2025-07-10 13:00:00,3326.49,3326.92,3322.32,3325.41,3318,7,0
2025-07-10 13:30:00,3325.41,3328.79,3323.91,3325.28,4305,7,0
2025-07-10 14:00:00,3325.28,3330.29,3325.28,3328.35,4993,7,0
2025-07-10 14:30:00,3328.36,3329.13,3318.34,3320.47,5842,7,0
2025-07-10 15:00:00,3320.47,3322.04,3317.99,3320.42,5335,7,0
2025-07-10 15:30:00,3320.37,3326.09,3318.28,3323.81,6660,7,0
2025-07-10 16:00:00,3323.83,3329.46,3322.47,3324.29,9712,7,0
2025-07-10 16:30:00,3324.29,3328.38,3312.03,3312.89,12318,7,0
2025-07-10 17:00:00,3312.89,3321.66,3310.13,3313.38,11875,7,0
2025-07-10 17:30:00,3313.38,3318.83,3312.95,3314.96,7818,7,0
2025-07-10 18:00:00,3314.96,3321.56,3314.64,3320.91,5439,7,0
2025-07-10 18:30:00,3320.91,3321.27,3318.71,3319.67,4903,7,0
2025-07-10 19:00:00,3319.67,3319.98,3316.26,3316.39,4829,7,0
2025-07-10 19:30:00,3316.39,3316.39,3312.2,3315.1,4763,7,0
2025-07-10 20:00:00,3315.1,3318.65,3314.72,3316.84,4054,7,0
2025-07-10 20:30:00,3316.84,3318.57,3316.4,3317.37,3558,7,0
2025-07-10 21:00:00,3317.37,3319.16,3316.49,3318.07,3575,7,0
2025-07-10 21:30:00,3318.07,3321.92,3316.61,3321.52,2926,7,0
2025-07-10 22:00:00,3321.52,3326.0,3321.46,3324.27,4563,7,0
2025-07-10 22:30:00,3324.27,3325.52,3323.07,3324.91,3923,7,0
2025-07-10 23:00:00,3324.91,3325.36,3323.44,3324.37,1438,7,0
2025-07-10 23:30:00,3324.37,3324.67,3323.42,3324.35,690,7,0
2025-07-11 01:00:00,3324.43,3326.48,3323.33,3325.53,2228,7,0
2025-07-11 01:30:00,3325.53,3325.67,3321.88,3323.37,2212,7,0
2025-07-11 02:00:00,3323.37,3325.0,3323.02,3324.61,692,7,0
2025-07-11 02:30:00,3324.61,3326.42,3323.26,3323.79,2133,7,0
2025-07-11 03:00:00,3323.79,3328.13,3323.57,3327.72,3203,7,0
2025-07-11 03:30:00,3327.72,3336.2,3327.41,3330.68,7662,7,0
2025-07-11 04:00:00,3330.68,3331.6,3325.31,3328.48,8387,7,0
2025-07-11 04:30:00,3328.48,3331.36,3328.48,3329.62,4469,7,0
2025-07-11 05:00:00,3329.62,3332.69,3327.17,3330.96,4106,7,0
2025-07-11 05:30:00,3330.96,3335.13,3330.11,3332.47,3729,7,0
2025-07-11 06:00:00,3332.47,3336.07,3332.12,3335.91,3184,7,0
2025-07-11 06:30:00,3335.91,3335.91,3332.47,3333.74,1992,7,0
2025-07-11 07:00:00,3333.74,3335.4,3331.52,3331.61,2463,7,0
2025-07-11 07:30:00,3331.61,3332.56,3329.71,3332.03,2107,7,0
2025-07-11 08:00:00,3332.03,3341.71,3331.98,3340.28,5235,7,0
2025-07-11 08:30:00,3340.28,3340.43,3332.48,3334.17,6721,7,0
2025-07-11 09:00:00,3334.17,3343.95,3332.89,3342.87,6228,7,0
2025-07-11 09:30:00,3342.87,3343.49,3332.17,3332.56,5750,7,0
2025-07-11 10:00:00,3332.43,3335.2,3331.19,3334.78,5675,7,0
2025-07-11 10:30:00,3334.78,3342.27,3334.48,3342.03,4876,7,0
2025-07-11 11:00:00,3342.03,3343.81,3338.58,3338.69,6062,7,0
2025-07-11 11:30:00,3338.69,3340.15,3332.96,3333.13,5751,7,0
2025-07-11 12:00:00,3333.13,3335.84,3332.77,3334.09,4483,7,0
2025-07-11 12:30:00,3334.09,3340.02,3334.01,3339.47,4069,7,0
2025-07-11 13:00:00,3339.47,3346.02,3339.47,3345.8,4354,7,0
2025-07-11 13:30:00,3345.8,3348.31,3344.26,3345.02,4749,7,0
2025-07-11 14:00:00,3345.02,3348.49,3342.12,3345.02,4665,7,0
2025-07-11 14:30:00,3344.98,3350.28,3344.89,3347.5,5401,7,0
2025-07-11 15:00:00,3347.5,3350.3,3344.24,3347.02,5756,7,0
2025-07-11 15:30:00,3347.02,3357.23,3347.02,3355.21,10900,7,0
2025-07-11 16:00:00,3355.21,3358.42,3350.17,3353.17,9383,7,0
2025-07-11 16:30:00,3353.17,3359.27,3350.3,3351.89,14018,7,0
2025-07-11 17:00:00,3351.89,3355.65,3350.36,3355.19,11375,7,0
2025-07-11 17:30:00,3355.19,3363.81,3355.17,3361.28,9370,7,0
2025-07-11 18:00:00,3361.28,3368.8,3361.02,3365.99,8657,7,0
2025-07-11 18:30:00,3365.99,3366.36,3357.02,3358.95,9319,7,0
2025-07-11 19:00:00,3358.95,3359.8,3353.34,3355.33,6765,7,0
2025-07-11 19:30:00,3355.33,3356.44,3352.89,3353.89,4783,7,0
2025-07-11 20:00:00,3353.89,3354.26,3349.32,3349.84,5215,7,0
2025-07-11 20:30:00,3349.84,3353.7,3349.44,3353.44,4627,7,0
2025-07-11 21:00:00,3353.44,3358.1,3353.4,3355.69,4561,7,0
2025-07-11 21:30:00,3355.69,3358.53,3355.39,3356.15,3169,7,0
2025-07-11 22:00:00,3356.15,3359.45,3355.67,3358.42,3940,7,0
2025-07-11 22:30:00,3358.42,3359.85,3355.99,3356.33,4195,7,0
2025-07-11 23:00:00,3356.33,3356.74,3354.29,3354.4,1117,7,0
2025-07-11 23:30:00,3354.4,3358.01,3353.56,3355.11,1215,7,0
2025-07-14 01:00:00,3362.76,3370.74,3359.34,3370.67,5451,7,0
2025-07-14 01:30:00,3370.67,3371.05,3364.67,3369.56,3388,7,0
2025-07-14 02:00:00,3369.56,3374.06,3366.84,3368.28,2840,7,0
2025-07-14 02:30:00,3368.28,3369.72,3366.42,3367.82,2842,7,0
2025-07-14 03:00:00,3367.82,3372.01,3364.88,3370.67,5180,7,0
2025-07-14 03:30:00,3370.67,3373.34,3367.22,3367.62,3673,7,0
2025-07-14 04:00:00,3367.62,3370.18,3360.63,3361.32,7211,7,0
2025-07-14 04:30:00,3361.32,3362.04,3357.09,3358.66,5061,7,0
2025-07-14 05:00:00,3358.66,3359.22,3354.95,3358.94,3829,7,0
2025-07-14 05:30:00,3358.94,3359.53,3353.78,3357.48,4512,7,0
2025-07-14 06:00:00,3357.48,3359.71,3355.5,3357.01,3257,7,0
2025-07-14 06:30:00,3357.01,3358.48,3355.61,3357.04,2900,7,0
2025-07-14 07:00:00,3357.04,3357.41,3353.78,3356.33,3636,7,0
2025-07-14 07:30:00,3356.33,3361.72,3355.54,3359.8,3729,7,0
2025-07-14 08:00:00,3359.8,3360.46,3352.72,3356.01,3726,7,0
2025-07-14 08:30:00,3356.02,3359.11,3355.95,3357.62,4985,7,0
2025-07-14 09:00:00,3357.62,3361.34,3356.64,3360.49,4886,7,0
2025-07-14 09:30:00,3360.49,3369.71,3358.19,3368.96,5648,7,0
2025-07-14 10:00:00,3368.96,3374.7,3366.64,3374.7,6601,7,0
2025-07-14 10:30:00,3374.7,3375.0,3369.36,3372.04,4537,7,0
2025-07-14 11:00:00,3372.04,3372.7,3366.6,3367.58,4317,7,0
2025-07-14 11:30:00,3367.58,3368.75,3365.47,3366.0,3106,7,0
2025-07-14 12:00:00,3366.0,3369.11,3364.62,3367.2,2164,7,0
2025-07-14 12:30:00,3367.2,3370.41,3364.09,3370.27,2827,7,0
2025-07-14 13:00:00,3370.27,3374.66,3370.27,3370.5,4824,7,0
2025-07-14 13:30:00,3370.5,3372.47,3369.79,3372.07,2824,7,0
2025-07-14 14:00:00,3372.07,3373.1,3369.41,3369.57,3425,7,0
2025-07-14 14:30:00,3369.57,3371.64,3364.05,3364.26,4616,7,0
2025-07-14 15:00:00,3364.26,3366.7,3357.3,3358.2,8025,7,0
2025-07-14 15:30:00,3358.2,3358.88,3349.45,3350.08,9455,7,0
2025-07-14 16:00:00,3350.08,3355.83,3347.25,3355.6,8991,7,0
2025-07-14 16:30:00,3355.6,3359.07,3354.8,3355.28,9852,7,0
2025-07-14 17:00:00,3355.28,3356.35,3345.16,3352.06,10017,7,0
2025-07-14 17:30:00,3352.06,3352.44,3341.08,3343.13,11215,7,0
2025-07-14 18:00:00,3343.13,3349.43,3342.51,3347.12,8034,7,0
2025-07-14 18:30:00,3347.12,3349.69,3344.38,3345.08,6032,7,0
2025-07-14 19:00:00,3345.08,3348.48,3343.13,3348.36,5921,7,0
2025-07-14 19:30:00,3348.36,3349.22,3346.15,3347.79,4413,7,0
2025-07-14 20:00:00,3347.79,3351.11,3347.42,3350.47,4157,7,0
2025-07-14 20:30:00,3350.47,3351.8,3349.85,3351.06,4228,7,0
2025-07-14 21:00:00,3351.06,3351.24,3347.97,3349.25,2829,7,0
2025-07-14 21:30:00,3349.25,3351.13,3348.49,3349.0,3073,7,0
2025-07-14 22:00:00,3349.0,3350.56,3348.08,3348.24,4731,7,0
2025-07-14 22:30:00,3348.24,3348.53,3343.2,3344.16,6330,7,0
2025-07-14 23:00:00,3344.16,3345.65,3343.45,3344.93,1762,7,0
2025-07-14 23:30:00,3344.93,3345.35,3341.15,3342.33,1307,7,0
2025-07-15 01:00:00,3344.01,3344.91,3341.33,3344.21,1083,7,0
2025-07-15 01:30:00,3344.21,3345.84,3343.13,3345.84,1003,7,0
2025-07-15 02:00:00,3345.84,3346.46,3344.01,3344.84,1288,7,0
2025-07-15 02:30:00,3344.84,3346.61,3344.07,3345.34,1666,7,0
2025-07-15 03:00:00,3345.34,3347.98,3344.82,3347.6,2344,7,0
2025-07-15 03:30:00,3347.6,3349.37,3345.98,3347.73,2212,7,0
2025-07-15 04:00:00,3347.73,3349.95,3347.14,3348.41,3121,7,0
2025-07-15 04:30:00,3348.41,3350.65,3346.08,3346.55,2798,7,0
2025-07-15 05:00:00,3346.55,3352.11,3345.89,3350.19,3198,7,0
2025-07-15 05:30:00,3350.19,3351.17,3347.65,3350.98,2797,7,0
2025-07-15 06:00:00,3350.98,3356.1,3350.8,3354.56,3690,7,0
2025-07-15 06:30:00,3354.56,3358.34,3354.35,3357.95,2405,7,0
2025-07-15 07:00:00,3357.95,3361.18,3357.65,3360.29,3243,7,0
2025-07-15 07:30:00,3360.29,3361.41,3359.34,3360.21,1963,7,0
2025-07-15 08:00:00,3360.21,3364.62,3360.2,3363.62,2208,7,0
2025-07-15 08:30:00,3363.62,3365.21,3361.85,3362.22,3341,7,0
2025-07-15 09:00:00,3362.22,3364.19,3358.94,3359.91,4130,7,0
2025-07-15 09:30:00,3359.91,3362.84,3357.73,3358.24,3722,7,0
2025-07-15 10:00:00,3358.24,3363.25,3357.44,3362.78,3860,7,0
2025-07-15 10:30:00,3362.78,3365.18,3361.7,3364.32,2790,7,0
2025-07-15 11:00:00,3364.32,3365.63,3356.67,3357.89,5151,7,0
2025-07-15 11:30:00,3357.89,3364.01,3357.61,3361.09,4125,7,0
2025-07-15 12:00:00,3361.09,3364.77,3359.23,3361.7,3434,7,0
2025-07-15 12:30:00,3361.7,3363.66,3358.7,3363.48,3663,7,0
2025-07-15 13:00:00,3363.48,3366.46,3362.47,3363.04,3585,7,0
2025-07-15 13:30:00,3363.04,3364.49,3361.24,3361.4,2239,7,0
2025-07-15 14:00:00,3361.4,3362.07,3357.98,3358.17,3518,7,0
2025-07-15 14:30:00,3358.17,3359.39,3354.23,3354.91,4638,7,0
2025-07-15 15:00:00,3354.91,3355.56,3349.28,3354.49,5935,7,0
2025-07-15 15:30:00,3354.49,3359.63,3346.43,3348.93,11935,7,0
2025-07-15 16:00:00,3348.93,3352.49,3338.41,3340.87,11995,7,0
2025-07-15 16:30:00,3340.87,3347.89,3334.4,3346.59,16786,7,0
2025-07-15 17:00:00,3346.59,3349.27,3342.5,3347.09,11225,7,0
2025-07-15 17:30:00,3347.09,3352.16,3345.47,3347.97,8025,7,0
2025-07-15 18:00:00,3347.97,3349.9,3332.67,3334.31,10728,7,0
2025-07-15 18:30:00,3334.31,3334.31,3325.38,3328.97,12001,7,0
2025-07-15 19:00:00,3328.97,3329.0,3320.25,3325.75,8707,7,0
2025-07-15 19:30:00,3325.75,3330.39,3324.08,3329.35,6038,7,0
2025-07-15 20:00:00,3329.35,3331.35,3327.73,3329.32,5706,7,0
2025-07-15 20:30:00,3329.32,3330.37,3325.86,3328.19,4115,7,0
2025-07-15 21:00:00,3328.19,3329.46,3325.88,3326.46,3069,7,0
2025-07-15 21:30:00,3326.46,3331.97,3326.33,3328.87,4045,7,0
2025-07-15 22:00:00,3328.87,3330.09,3326.57,3326.93,2875,7,0
2025-07-15 22:30:00,3326.93,3331.3,3326.84,3330.47,3215,7,0
2025-07-15 23:00:00,3330.47,3331.04,3327.66,3328.21,1562,7,0
2025-07-15 23:30:00,3328.21,3329.0,3324.72,3325.08,1080,7,0
2025-07-16 01:00:00,3324.79,3327.66,3323.81,3326.46,1260,7,0
2025-07-16 01:30:00,3326.46,3327.07,3325.59,3326.63,779,7,0
2025-07-16 02:00:00,3326.63,3330.24,3326.29,3329.0,1171,7,0
2025-07-16 02:30:00,3329.05,3331.78,3328.86,3331.11,1314,7,0
2025-07-16 03:00:00,3331.11,3331.79,3328.98,3331.3,2022,7,0
2025-07-16 03:30:00,3331.3,3332.64,3329.85,3330.49,2654,7,0
2025-07-16 04:00:00,3330.49,3334.28,3328.96,3332.99,4111,7,0
2025-07-16 04:30:00,3332.99,3335.11,3329.89,3330.94,4191,7,0
2025-07-16 05:00:00,3330.94,3331.57,3327.89,3329.01,3191,7,0
2025-07-16 05:30:00,3329.01,3330.39,3325.12,3326.22,3604,7,0
2025-07-16 06:00:00,3326.22,3333.06,3325.94,3332.73,3532,7,0
2025-07-16 06:30:00,3332.73,3335.11,3332.64,3334.39,2974,7,0
2025-07-16 07:00:00,3334.39,3335.18,3332.84,3335.18,2213,7,0
2025-07-16 07:30:00,3335.18,3338.72,3335.0,3338.38,3424,7,0
2025-07-16 08:00:00,3338.38,3339.65,3337.31,3339.4,2037,7,0
2025-07-16 08:30:00,3339.4,3339.92,3335.66,3338.21,2958,7,0
2025-07-16 09:00:00,3338.21,3342.1,3337.77,3340.04,3546,7,0
2025-07-16 09:30:00,3340.04,3341.69,3338.77,3339.27,3447,7,0
2025-07-16 10:00:00,3339.27,3340.18,3336.96,3338.07,3095,7,0
2025-07-16 10:30:00,3338.07,3339.02,3336.01,3337.89,3134,7,0
2025-07-16 11:00:00,3337.89,3342.4,3337.79,3340.57,3846,7,0
2025-07-16 11:30:00,3340.57,3342.68,3339.56,3342.04,2956,7,0
2025-07-16 12:00:00,3342.04,3343.04,3339.14,3339.37,2817,7,0
2025-07-16 12:30:00,3339.37,3341.86,3339.37,3340.04,2796,7,0
2025-07-16 13:00:00,3340.04,3340.44,3337.06,3338.69,3046,7,0
2025-07-16 13:30:00,3338.69,3339.43,3333.98,3335.0,2965,7,0
2025-07-16 14:00:00,3335.0,3337.42,3333.87,3335.97,3578,7,0
2025-07-16 14:30:00,3335.97,3340.27,3335.26,3339.32,4352,7,0
2025-07-16 15:00:00,3339.32,3340.97,3333.27,3334.48,5918,7,0
2025-07-16 15:30:00,3334.48,3338.61,3331.02,3334.66,9537,7,0
2025-07-16 16:00:00,3334.66,3339.47,3332.9,3334.8,7689,7,0
2025-07-16 16:30:00,3334.8,3334.84,3322.05,3326.89,15341,7,0
2025-07-16 17:00:00,3326.89,3329.36,3321.63,3325.22,12299,7,0
2025-07-16 17:30:00,3325.22,3342.67,3319.73,3338.14,16034,7,0
2025-07-16 18:00:00,3338.14,3371.3,3337.41,3363.39,37914,7,0
2025-07-16 18:30:00,3363.39,3377.61,3336.08,3343.67,37027,7,0
2025-07-16 19:00:00,3343.67,3355.23,3339.19,3352.15,21494,7,0
2025-07-16 19:30:00,3352.15,3354.83,3348.28,3349.14,10519,7,0
2025-07-16 20:00:00,3349.14,3354.11,3348.88,3351.6,7540,7,0
2025-07-16 20:30:00,3351.6,3357.28,3350.3,3354.85,6694,7,0
2025-07-16 21:00:00,3354.85,3357.5,3352.68,3353.51,5334,7,0
2025-07-16 21:30:00,3353.51,3354.42,3349.14,3350.35,4606,7,0
2025-07-16 22:00:00,3350.35,3350.63,3346.54,3347.44,5061,7,0
2025-07-16 22:30:00,3347.44,3348.26,3346.12,3347.15,6687,7,0
2025-07-16 23:00:00,3347.17,3349.47,3347.17,3348.4,1908,7,0
2025-07-16 23:30:00,3348.4,3348.44,3346.37,3347.47,1410,7,0
2025-07-17 01:00:00,3347.65,3352.25,3347.57,3351.49,2168,7,0
2025-07-17 01:30:00,3351.49,3351.79,3348.42,3349.67,1279,7,0
2025-07-17 02:00:00,3349.67,3350.29,3348.03,3348.06,1005,7,0
2025-07-17 02:30:00,3348.06,3348.75,3345.25,3346.5,1675,7,0
2025-07-17 03:00:00,3346.5,3347.36,3342.98,3344.25,3354,7,0
2025-07-17 03:30:00,3344.25,3344.77,3339.77,3340.79,3267,7,0
2025-07-17 04:00:00,3340.79,3342.17,3337.74,3340.82,5141,7,0
2025-07-17 04:30:00,3340.82,3344.54,3337.11,3344.08,4405,7,0
2025-07-17 05:00:00,3344.08,3344.8,3339.27,3339.94,3212,7,0
2025-07-17 05:30:00,3339.94,3342.16,3337.86,3341.42,3788,7,0
2025-07-17 06:00:00,3341.42,3342.2,3336.34,3339.42,2988,7,0
2025-07-17 06:30:00,3339.42,3342.37,3339.41,3341.54,2829,7,0
2025-07-17 07:00:00,3341.54,3341.69,3338.38,3341.23,1832,7,0
2025-07-17 07:30:00,3341.23,3344.8,3341.1,3342.72,2256,7,0
2025-07-17 08:00:00,3342.72,3342.94,3338.74,3340.54,2455,7,0
2025-07-17 08:30:00,3340.54,3341.2,3335.91,3339.43,3182,7,0
2025-07-17 09:00:00,3339.43,3339.93,3329.72,3330.22,6333,7,0
2025-07-17 09:30:00,3330.22,3336.53,3328.38,3335.45,5794,7,0
2025-07-17 10:00:00,3335.46,3336.2,3327.88,3329.6,6044,7,0
2025-07-17 10:30:00,3329.6,3330.08,3325.16,3325.8,4575,7,0
2025-07-17 11:00:00,3325.8,3331.4,3325.59,3331.08,3734,7,0
2025-07-17 11:30:00,3331.08,3332.15,3328.31,3328.82,3949,7,0
2025-07-17 12:00:00,3328.82,3332.42,3327.53,3330.09,3613,7,0
2025-07-17 12:30:00,3330.09,3330.56,3324.79,3325.68,3348,7,0
2025-07-17 13:00:00,3325.68,3328.9,3325.37,3328.83,3416,7,0
2025-07-17 13:30:00,3328.83,3331.19,3324.99,3325.88,3973,7,0
2025-07-17 14:00:00,3325.88,3328.61,3323.03,3326.48,3814,7,0
2025-07-17 14:30:00,3326.48,3326.48,3322.39,3324.27,4130,7,0
2025-07-17 15:00:00,3324.27,3328.56,3322.26,3327.5,5532,7,0
2025-07-17 15:30:00,3326.66,3327.24,3309.82,3313.09,18055,7,0
2025-07-17 16:00:00,3313.09,3319.46,3311.23,3317.68,11138,7,0
2025-07-17 16:30:00,3317.68,3321.85,3313.73,3319.12,13163,7,0
2025-07-17 17:00:00,3319.12,3330.27,3318.37,3330.26,11174,7,0
2025-07-17 17:30:00,3330.26,3335.24,3329.74,3334.17,8755,7,0
2025-07-17 18:00:00,3334.17,3338.13,3331.34,3337.11,7731,7,0
2025-07-17 18:30:00,3337.11,3338.5,3335.3,3336.78,6842,7,0
2025-07-17 19:00:00,3336.78,3339.1,3335.51,3338.85,4212,7,0
2025-07-17 19:30:00,3338.85,3340.07,3336.45,3338.88,5087,7,0
2025-07-17 20:00:00,3338.88,3341.07,3338.7,3340.29,4037,7,0
2025-07-17 20:30:00,3340.29,3340.87,3336.35,3337.48,4556,7,0
2025-07-17 21:00:00,3337.48,3337.99,3335.73,3337.08,3244,7,0
2025-07-17 21:30:00,3337.08,3339.0,3336.93,3338.61,2671,7,0
2025-07-17 22:00:00,3338.61,3340.32,3338.3,3339.75,2610,7,0
2025-07-17 22:30:00,3339.75,3340.85,3338.38,3339.83,4194,7,0
2025-07-17 23:00:00,3339.83,3340.33,3338.83,3339.0,2013,7,0
2025-07-17 23:30:00,3339.0,3339.36,3336.76,3338.6,1181,7,0
2025-07-18 01:00:00,3340.44,3341.88,3338.19,3339.43,2926,7,0
2025-07-18 01:30:00,3339.43,3343.97,3338.79,3343.31,2349,7,0
2025-07-18 02:00:00,3343.31,3343.45,3340.81,3341.52,1505,7,0
2025-07-18 02:30:00,3341.52,3342.86,3339.49,3340.31,1140,7,0
2025-07-18 03:00:00,3340.31,3341.52,3338.68,3339.1,2097,7,0
2025-07-18 03:30:00,3339.1,3340.27,3338.07,3339.94,1457,7,0
2025-07-18 04:00:00,3339.94,3343.16,3336.32,3336.68,4812,7,0
2025-07-18 04:30:00,3336.68,3340.21,3335.37,3337.75,3309,7,0
2025-07-18 05:00:00,3337.75,3344.26,3336.87,3343.23,4199,7,0
2025-07-18 05:30:00,3343.23,3343.65,3337.3,3337.8,3263,7,0
2025-07-18 06:00:00,3337.8,3338.53,3334.64,3335.2,2400,7,0
2025-07-18 06:30:00,3335.2,3336.7,3334.14,3334.68,1797,7,0
2025-07-18 07:00:00,3334.68,3336.59,3334.52,3335.07,2128,7,0
2025-07-18 07:30:00,3335.07,3337.2,3333.9,3337.2,1975,7,0
2025-07-18 08:00:00,3337.2,3340.22,3336.92,3337.97,2346,7,0
2025-07-18 08:30:00,3337.97,3338.69,3333.39,3333.52,3963,7,0
2025-07-18 09:00:00,3333.52,3339.15,3331.81,3339.05,4393,7,0
2025-07-18 09:30:00,3339.05,3342.76,3337.91,3342.08,4113,7,0
2025-07-18 10:00:00,3342.08,3346.66,3340.76,3345.48,3985,7,0
2025-07-18 10:30:00,3345.48,3350.16,3344.25,3349.94,3959,7,0
2025-07-18 11:00:00,3349.94,3350.43,3346.28,3348.63,4003,7,0
2025-07-18 11:30:00,3348.63,3349.9,3347.11,3347.58,2485,7,0
2025-07-18 12:00:00,3347.58,3354.65,3347.48,3352.04,3470,7,0
2025-07-18 12:30:00,3352.1,3354.97,3350.95,3352.45,2948,7,0
2025-07-18 13:00:00,3352.45,3352.57,3347.91,3350.61,5349,7,0
2025-07-18 13:30:00,3350.61,3352.79,3349.93,3351.48,2320,7,0
2025-07-18 14:00:00,3351.48,3353.92,3350.84,3353.05,3107,7,0
2025-07-18 14:30:00,3353.05,3357.7,3352.15,3354.46,4447,7,0
2025-07-18 15:00:00,3354.46,3359.97,3354.26,3357.99,5561,7,0
2025-07-18 15:30:00,3357.99,3361.23,3356.98,3360.01,5776,7,0
2025-07-18 16:00:00,3360.01,3360.35,3356.17,3358.14,7469,7,0
2025-07-18 16:30:00,3358.14,3358.49,3352.27,3355.59,11163,7,0
2025-07-18 17:00:00,3355.59,3359.17,3351.24,3354.11,11331,7,0
2025-07-18 17:30:00,3354.11,3357.23,3353.76,3354.75,7483,7,0
2025-07-18 18:00:00,3354.75,3355.74,3352.47,3353.92,7606,7,0
2025-07-18 18:30:00,3353.9,3356.41,3352.41,3353.69,4959,7,0
2025-07-18 19:00:00,3353.69,3355.49,3351.26,3353.58,5964,7,0
2025-07-18 19:30:00,3353.58,3357.52,3351.98,3353.68,4908,7,0
2025-07-18 20:00:00,3353.68,3353.78,3350.59,3351.87,4562,7,0
2025-07-18 20:30:00,3351.87,3352.46,3350.96,3352.26,2907,7,0
2025-07-18 21:00:00,3352.26,3353.43,3350.28,3351.71,3524,7,0
2025-07-18 21:30:00,3351.71,3352.67,3350.82,3351.39,2423,7,0
2025-07-18 22:00:00,3351.39,3352.8,3350.69,3350.75,3081,7,0
2025-07-18 22:30:00,3350.75,3350.87,3347.7,3348.33,4209,7,0
2025-07-18 23:00:00,3348.33,3350.57,3347.88,3349.86,1517,7,0
2025-07-18 23:30:00,3349.86,3351.84,3349.06,3350.06,994,7,0
2025-07-21 01:00:00,3349.11,3350.28,3344.98,3347.93,2790,7,0
2025-07-21 01:30:00,3347.93,3348.41,3346.52,3347.84,1147,7,0
2025-07-21 02:00:00,3347.84,3349.15,3345.49,3346.48,1097,7,0
2025-07-21 02:30:00,3346.48,3349.57,3345.67,3349.19,1522,7,0
2025-07-21 03:00:00,3349.19,3351.83,3347.72,3351.83,2679,7,0
2025-07-21 03:30:00,3351.83,3354.55,3351.83,3352.32,2361,7,0
2025-07-21 04:00:00,3352.32,3358.47,3351.96,3358.14,4173,7,0
2025-07-21 04:30:00,3358.14,3358.6,3354.37,3356.49,3603,7,0
2025-07-21 05:00:00,3356.49,3357.43,3354.1,3357.1,2296,7,0
2025-07-21 05:30:00,3357.1,3357.47,3352.39,3354.2,2159,7,0
2025-07-21 06:00:00,3354.2,3356.99,3353.82,3354.87,2575,7,0
2025-07-21 06:30:00,3354.87,3354.89,3351.16,3351.34,1242,7,0
2025-07-21 07:00:00,3351.34,3354.9,3350.7,3354.85,1438,7,0
2025-07-21 07:30:00,3354.85,3358.74,3354.66,3357.81,1780,7,0
2025-07-21 08:00:00,3357.81,3368.66,3357.62,3367.0,5040,7,0
2025-07-21 08:30:00,3366.99,3369.72,3364.99,3366.65,5573,7,0
2025-07-21 09:00:00,3366.65,3370.21,3365.41,3369.96,4321,7,0
2025-07-21 09:30:00,3369.96,3370.74,3367.5,3368.35,4282,7,0
2025-07-21 10:00:00,3368.35,3370.51,3364.64,3366.05,4555,7,0
2025-07-21 10:30:00,3366.05,3367.62,3363.99,3364.76,3586,7,0
2025-07-21 11:00:00,3364.76,3365.99,3363.13,3365.53,4397,7,0
2025-07-21 11:30:00,3365.53,3366.82,3364.22,3365.97,3077,7,0
2025-07-21 12:00:00,3365.97,3366.52,3364.36,3365.08,2630,7,0
2025-07-21 12:30:00,3365.08,3366.39,3362.83,3366.17,2787,7,0
2025-07-21 13:00:00,3366.17,3368.16,3364.82,3365.5,2863,7,0
2025-07-21 13:30:00,3365.5,3366.26,3362.91,3366.2,2616,7,0
2025-07-21 14:00:00,3366.2,3373.81,3365.36,3373.58,5643,7,0
2025-07-21 14:30:00,3373.58,3375.71,3370.8,3375.46,4257,7,0
2025-07-21 15:00:00,3375.45,3383.58,3374.6,3381.73,8369,7,0
2025-07-21 15:30:00,3381.73,3388.67,3381.59,3387.22,8566,7,0
2025-07-21 16:00:00,3387.22,3389.63,3384.91,3386.75,8180,7,0
2025-07-21 16:30:00,3386.75,3395.28,3383.61,3388.56,15291,7,0
2025-07-21 17:00:00,3388.56,3398.41,3386.18,3397.68,15535,7,0
2025-07-21 17:30:00,3397.68,3401.54,3397.26,3400.39,12617,7,0
2025-07-21 18:00:00,3400.39,3400.96,3395.6,3400.08,11602,7,0
2025-07-21 18:30:00,3400.08,3400.88,3396.33,3397.99,7937,7,0
2025-07-21 19:00:00,3397.99,3399.08,3396.21,3396.97,6376,7,0
2025-07-21 19:30:00,3396.97,3398.81,3393.86,3395.68,5119,7,0
2025-07-21 20:00:00,3395.68,3395.82,3391.42,3392.36,5052,7,0
2025-07-21 20:30:00,3392.34,3393.63,3391.63,3393.33,3921,7,0
2025-07-21 21:00:00,3393.33,3395.39,3393.33,3394.49,4861,7,0
2025-07-21 21:30:00,3394.49,3395.91,3393.17,3395.44,3566,7,0
2025-07-21 22:00:00,3395.44,3399.35,3395.16,3398.34,5367,7,0
2025-07-21 22:30:00,3398.34,3399.79,3397.09,3398.91,9279,7,0
2025-07-21 23:00:00,3398.91,3399.38,3397.32,3398.0,2484,7,0
2025-07-21 23:30:00,3398.0,3398.42,3396.63,3397.5,1769,7,0
2025-07-22 01:00:00,3396.81,3400.31,3396.8,3400.12,1261,7,0
2025-07-22 01:30:00,3400.12,3400.9,3398.93,3399.38,1024,7,0
2025-07-22 02:00:00,3399.38,3401.8,3399.38,3401.42,877,7,0
2025-07-22 02:30:00,3401.42,3402.61,3393.37,3396.62,3046,7,0
2025-07-22 03:00:00,3396.62,3396.7,3390.64,3395.2,3210,7,0
2025-07-22 03:30:00,3395.2,3397.63,3392.8,3394.4,3408,7,0
2025-07-22 04:00:00,3394.4,3395.89,3389.95,3391.73,6011,7,0
2025-07-22 04:30:00,3391.73,3392.91,3385.16,3386.01,4691,7,0
2025-07-22 05:00:00,3386.01,3391.53,3385.38,3389.21,3593,7,0
2025-07-22 05:30:00,3389.21,3392.02,3387.46,3391.6,3403,7,0
2025-07-22 06:00:00,3391.6,3391.88,3388.88,3391.18,2487,7,0
2025-07-22 06:30:00,3391.18,3393.83,3390.14,3392.67,1998,7,0
2025-07-22 07:00:00,3392.67,3392.67,3388.67,3389.84,2220,7,0
2025-07-22 07:30:00,3389.84,3391.68,3388.1,3391.1,1921,7,0
2025-07-22 08:00:00,3391.1,3391.93,3387.0,3387.94,2927,7,0
2025-07-22 08:30:00,3387.94,3389.84,3384.77,3385.57,4837,7,0
2025-07-22 09:00:00,3385.57,3388.06,3384.55,3384.91,4639,7,0
2025-07-22 09:30:00,3384.91,3387.2,3384.51,3384.8,3649,7,0
2025-07-22 10:00:00,3384.8,3386.0,3383.4,3383.79,3625,7,0
2025-07-22 10:30:00,3383.79,3387.56,3383.37,3387.56,3068,7,0
2025-07-22 11:00:00,3387.56,3389.8,3386.2,3388.57,3785,7,0
2025-07-22 11:30:00,3388.57,3390.18,3387.93,3389.02,4564,7,0
2025-07-22 12:00:00,3389.02,3390.64,3384.83,3385.68,4191,7,0
2025-07-22 12:30:00,3385.68,3387.46,3384.68,3386.21,3939,7,0
2025-07-22 13:00:00,3386.21,3388.58,3385.93,3387.48,2481,7,0
2025-07-22 13:30:00,3387.48,3388.72,3386.77,3387.14,2763,7,0
2025-07-22 14:00:00,3387.14,3388.87,3386.78,3387.63,2967,7,0
2025-07-22 14:30:00,3387.63,3391.7,3386.76,3391.39,4234,7,0
2025-07-22 15:00:00,3391.39,3400.82,3391.04,3400.46,7779,7,0
2025-07-22 15:30:00,3400.46,3407.97,3397.86,3407.62,8325,7,0
2025-07-22 16:00:00,3407.62,3416.71,3406.5,3415.63,11449,7,0
2025-07-22 16:30:00,3415.63,3420.23,3411.41,3412.48,18126,7,0
2025-07-22 17:00:00,3412.48,3423.37,3405.11,3421.85,18154,7,0
2025-07-22 17:30:00,3421.86,3427.82,3421.59,3426.44,14341,7,0
2025-07-22 18:00:00,3426.45,3430.62,3424.0,3425.47,12129,7,0
2025-07-22 18:30:00,3425.47,3427.56,3423.66,3426.54,7059,7,0
2025-07-22 19:00:00,3426.54,3430.78,3426.29,3427.11,6026,7,0
2025-07-22 19:30:00,3427.27,3432.86,3427.17,3432.25,6973,7,0
2025-07-22 20:00:00,3432.25,3433.51,3426.61,3428.9,8475,7,0
2025-07-22 20:30:00,3428.9,3430.31,3427.37,3429.38,6290,7,0
2025-07-22 21:00:00,3429.38,3431.09,3427.89,3429.74,5792,7,0
2025-07-22 21:30:00,3429.74,3430.92,3428.5,3429.73,4105,7,0
2025-07-22 22:00:00,3429.73,3432.04,3429.05,3431.7,4393,7,0
2025-07-22 22:30:00,3431.7,3432.57,3430.89,3431.63,5303,7,0
2025-07-22 23:00:00,3431.62,3432.76,3429.72,3430.69,2661,7,0
2025-07-22 23:30:00,3430.69,3431.33,3427.52,3430.82,3432,7,0
2025-07-23 01:00:00,3431.59,3433.03,3428.66,3429.28,1352,7,0
2025-07-23 01:30:00,3429.28,3429.48,3427.6,3427.98,1264,7,0
2025-07-23 02:00:00,3427.98,3433.34,3427.9,3429.64,2610,7,0
2025-07-23 02:30:00,3429.64,3430.36,3426.39,3427.51,2884,7,0
2025-07-23 03:00:00,3427.51,3438.85,3427.14,3432.47,6873,7,0
2025-07-23 03:30:00,3432.47,3433.67,3428.73,3428.78,4837,7,0
2025-07-23 04:00:00,3428.78,3430.77,3421.87,3424.96,8694,7,0
2025-07-23 04:30:00,3424.96,3427.0,3420.96,3421.14,6318,7,0
2025-07-23 05:00:00,3421.14,3423.8,3420.09,3421.64,5159,7,0
2025-07-23 05:30:00,3421.64,3424.97,3419.33,3423.14,4338,7,0
2025-07-23 06:00:00,3423.14,3428.03,3422.98,3427.93,4756,7,0
2025-07-23 06:30:00,3427.93,3428.72,3422.92,3423.05,4122,7,0
2025-07-23 07:00:00,3423.05,3425.33,3422.04,3423.49,3676,7,0
2025-07-23 07:30:00,3423.49,3424.33,3422.09,3423.65,2335,7,0
2025-07-23 08:00:00,3423.65,3423.87,3420.8,3422.5,3108,7,0
2025-07-23 08:30:00,3422.5,3422.77,3416.4,3420.43,6869,7,0
2025-07-23 09:00:00,3420.43,3424.61,3420.43,3423.46,5267,7,0
2025-07-23 09:30:00,3423.46,3425.28,3419.57,3425.06,5693,7,0
2025-07-23 10:00:00,3425.06,3429.7,3422.86,3427.05,5644,7,0
2025-07-23 10:30:00,3427.05,3427.97,3420.01,3420.7,4318,7,0
2025-07-23 11:00:00,3420.7,3428.35,3420.6,3424.35,4874,7,0
2025-07-23 11:30:00,3424.35,3428.77,3423.89,3428.49,4011,7,0
2025-07-23 12:00:00,3428.49,3433.85,3428.36,3431.75,4083,7,0
2025-07-23 12:30:00,3431.75,3432.98,3430.19,3431.19,3536,7,0
2025-07-23 13:00:00,3431.19,3431.41,3422.01,3423.39,5989,7,0
2025-07-23 13:30:00,3423.39,3424.35,3421.17,3422.8,3913,7,0
2025-07-23 14:00:00,3422.8,3425.3,3420.46,3425.26,4694,7,0
2025-07-23 14:30:00,3425.26,3429.79,3425.25,3428.25,4759,7,0
2025-07-23 15:00:00,3428.25,3429.91,3424.24,3425.84,6367,7,0
2025-07-23 15:30:00,3425.84,3427.42,3419.98,3420.05,8500,7,0
2025-07-23 16:00:00,3420.05,3420.72,3407.81,3409.31,13324,7,0
2025-07-23 16:30:00,3409.31,3414.49,3405.67,3413.45,13961,7,0
2025-07-23 17:00:00,3413.45,3419.91,3410.77,3412.25,10398,7,0
2025-07-23 17:30:00,3412.25,3416.77,3410.89,3413.54,8934,7,0
2025-07-23 18:00:00,3413.54,3415.91,3410.36,3412.39,7509,7,0
2025-07-23 18:30:00,3412.39,3413.62,3398.26,3398.3,11236,7,0
2025-07-23 19:00:00,3398.3,3398.3,3381.55,3383.71,25147,7,0
2025-07-23 19:30:00,3383.71,3390.98,3381.72,3387.5,13216,7,0
2025-07-23 20:00:00,3387.5,3390.75,3385.69,3388.68,9113,7,0
2025-07-23 20:30:00,3388.68,3394.85,3385.85,3393.27,9566,7,0
2025-07-23 21:00:00,3393.27,3395.99,3392.09,3394.28,4867,7,0
2025-07-23 21:30:00,3394.28,3395.98,3392.93,3393.64,4751,7,0
2025-07-23 22:00:00,3393.64,3395.93,3390.95,3391.16,5274,7,0
2025-07-23 22:30:00,3391.16,3392.05,3388.62,3390.1,5017,7,0
2025-07-23 23:00:00,3390.1,3390.46,3388.24,3388.34,2353,7,0
2025-07-23 23:30:00,3388.34,3389.84,3385.63,3386.58,1527,7,0
2025-07-24 01:00:00,3388.31,3392.47,3387.45,3388.73,2109,7,0
2025-07-24 01:30:00,3388.73,3389.45,3386.78,3386.81,830,7,0
2025-07-24 02:00:00,3386.81,3390.79,3386.51,3390.41,1279,7,0
2025-07-24 02:30:00,3390.41,3391.5,3388.32,3390.03,1674,7,0
2025-07-24 03:00:00,3390.03,3393.24,3388.69,3389.56,2332,7,0
2025-07-24 03:30:00,3389.56,3392.73,3388.85,3391.53,2018,7,0
2025-07-24 04:00:00,3391.53,3393.42,3384.09,3389.21,7942,7,0
2025-07-24 04:30:00,3389.21,3390.98,3386.41,3387.66,6067,7,0
2025-07-24 05:00:00,3387.66,3388.99,3380.68,3387.64,6365,7,0
2025-07-24 05:30:00,3387.64,3388.66,3382.9,3383.88,5493,7,0
2025-07-24 06:00:00,3383.88,3383.88,3374.63,3379.96,6667,7,0
2025-07-24 06:30:00,3379.96,3386.04,3379.21,3383.76,2877,7,0
2025-07-24 07:00:00,3383.76,3385.39,3382.63,3383.47,2219,7,0
2025-07-24 07:30:00,3383.47,3384.33,3381.06,3382.65,2444,7,0
2025-07-24 08:00:00,3382.65,3382.96,3378.93,3380.94,3660,7,0
2025-07-24 08:30:00,3380.94,3381.89,3374.52,3379.24,4660,7,0
2025-07-24 09:00:00,3379.24,3379.78,3371.48,3371.98,5415,7,0
2025-07-24 09:30:00,3371.98,3377.04,3370.05,3375.95,6928,7,0
2025-07-24 10:00:00,3375.95,3377.56,3373.11,3376.28,4804,7,0
2025-07-24 10:30:00,3376.28,3377.35,3366.11,3367.68,6252,7,0
2025-07-24 11:00:00,3367.68,3373.2,3365.84,3372.41,6190,7,0
2025-07-24 11:30:00,3372.41,3374.66,3369.39,3369.75,4702,7,0
2025-07-24 12:00:00,3369.75,3370.13,3362.57,3363.2,4472,7,0
2025-07-24 12:30:00,3363.2,3365.14,3362.03,3363.74,4604,7,0
2025-07-24 13:00:00,3363.74,3365.47,3362.22,3364.54,3150,7,0
2025-07-24 13:30:00,3364.54,3367.3,3362.71,3364.4,3388,7,0
2025-07-24 14:00:00,3364.4,3366.53,3362.7,3363.36,3308,7,0
2025-07-24 14:30:00,3363.36,3366.08,3361.29,3362.21,4719,7,0
2025-07-24 15:00:00,3362.21,3364.72,3358.15,3361.29,6712,7,0
2025-07-24 15:30:00,3361.29,3365.57,3352.71,3353.55,11142,7,0
2025-07-24 16:00:00,3353.55,3360.29,3351.43,3359.13,10098,7,0
2025-07-24 16:30:00,3359.13,3372.21,3356.55,3366.82,18180,7,0
2025-07-24 17:00:00,3366.82,3374.46,3365.9,3373.15,13097,7,0
2025-07-24 17:30:00,3373.15,3377.43,3372.4,3373.64,9423,7,0
2025-07-24 18:00:00,3373.64,3375.09,3370.39,3374.57,9593,7,0
2025-07-24 18:30:00,3374.62,3375.33,3371.13,3372.57,7399,7,0
2025-07-24 19:00:00,3372.57,3373.79,3369.72,3370.02,4730,7,0
2025-07-24 19:30:00,3370.02,3371.38,3366.93,3366.97,4679,7,0
2025-07-24 20:00:00,3366.97,3371.88,3366.3,3371.59,5639,7,0
2025-07-24 20:30:00,3371.59,3371.67,3368.72,3370.04,3527,7,0
2025-07-24 21:00:00,3370.04,3370.22,3367.52,3369.39,5085,7,0
2025-07-24 21:30:00,3369.39,3373.48,3369.39,3372.04,3420,7,0
2025-07-24 22:00:00,3372.04,3373.15,3371.46,3372.21,4431,7,0
2025-07-24 22:30:00,3372.23,3372.69,3370.12,3370.5,4832,7,0
2025-07-24 23:00:00,3370.5,3371.14,3368.98,3369.73,2233,7,0
2025-07-24 23:30:00,3369.73,3370.14,3367.18,3368.17,1818,7,0
2025-07-25 01:00:00,3368.46,3369.99,3365.23,3366.6,1888,7,0
2025-07-25 01:30:00,3366.6,3369.17,3365.84,3368.79,2241,7,0
2025-07-25 02:00:00,3368.79,3371.43,3367.79,3368.08,2249,7,0
2025-07-25 02:30:00,3368.08,3370.18,3366.77,3369.49,1348,7,0
2025-07-25 03:00:00,3369.49,3372.17,3368.41,3371.98,2388,7,0
2025-07-25 03:30:00,3371.98,3373.55,3371.02,3372.22,1718,7,0
2025-07-25 04:00:00,3372.22,3372.76,3366.43,3367.84,3654,7,0
2025-07-25 04:30:00,3367.84,3371.62,3366.66,3370.53,4643,7,0
2025-07-25 05:00:00,3370.51,3370.63,3363.61,3366.29,3528,7,0
2025-07-25 05:30:00,3366.29,3366.7,3362.38,3363.12,2423,7,0
2025-07-25 06:00:00,3363.12,3363.51,3361.0,3361.41,3103,7,0
2025-07-25 06:30:00,3361.41,3362.17,3358.64,3359.14,1552,7,0
2025-07-25 07:00:00,3359.14,3363.53,3359.06,3360.99,2455,7,0
2025-07-25 07:30:00,3360.99,3362.28,3357.93,3360.99,2309,7,0
2025-07-25 08:00:00,3360.99,3362.42,3358.5,3358.83,1376,7,0
2025-07-25 08:30:00,3358.83,3359.43,3355.37,3358.72,3606,7,0
2025-07-25 09:00:00,3358.72,3359.78,3355.06,3356.04,3546,7,0
2025-07-25 09:30:00,3356.04,3359.42,3354.76,3359.38,4015,7,0
2025-07-25 10:00:00,3359.38,3360.18,3356.75,3358.89,3321,7,0
2025-07-25 10:30:00,3358.89,3358.96,3352.7,3354.07,3362,7,0
2025-07-25 11:00:00,3354.07,3355.33,3345.59,3345.62,4113,7,0
2025-07-25 11:30:00,3345.62,3349.27,3344.5,3345.53,3913,7,0
2025-07-25 12:00:00,3345.53,3348.57,3343.19,3347.31,3378,7,0
2025-07-25 12:30:00,3347.31,3349.0,3345.5,3345.89,2471,7,0
2025-07-25 13:00:00,3345.89,3348.1,3343.59,3343.83,2158,7,0
2025-07-25 13:30:00,3343.83,3345.7,3341.03,3342.89,3613,7,0
2025-07-25 14:00:00,3342.89,3345.19,3339.51,3339.82,3569,7,0
2025-07-25 14:30:00,3339.82,3343.62,3338.74,3341.07,4182,7,0
2025-07-25 15:00:00,3341.07,3344.19,3339.79,3341.32,5548,7,0
2025-07-25 15:30:00,3341.32,3341.76,3336.39,3340.8,6350,7,0
2025-07-25 16:00:00,3340.8,3343.37,3336.84,3342.06,8866,7,0
2025-07-25 16:30:00,3342.06,3347.56,3339.45,3343.95,12403,7,0
2025-07-25 17:00:00,3343.95,3344.96,3333.86,3338.03,12693,7,0
2025-07-25 17:30:00,3338.03,3338.82,3330.61,3332.0,13452,7,0
2025-07-25 18:00:00,3331.98,3335.94,3328.21,3330.36,12216,7,0
2025-07-25 18:30:00,3330.36,3332.42,3325.05,3327.9,10491,7,0
2025-07-25 19:00:00,3327.89,3331.08,3326.63,3328.95,6808,7,0
2025-07-25 19:30:00,3328.95,3331.44,3326.29,3329.7,5147,7,0
2025-07-25 20:00:00,3329.7,3335.17,3329.64,3334.26,6377,7,0
2025-07-25 20:30:00,3334.29,3336.88,3333.6,3335.97,4503,7,0
2025-07-25 21:00:00,3335.97,3339.36,3335.88,3338.46,5162,7,0
2025-07-25 21:30:00,3338.46,3339.4,3338.06,3338.83,2798,7,0
2025-07-25 22:00:00,3338.83,3340.3,3338.55,3339.65,3979,7,0
2025-07-25 22:30:00,3339.65,3340.06,3337.22,3337.68,3993,7,0
2025-07-25 23:00:00,3337.68,3338.38,3336.66,3337.31,1572,7,0
2025-07-25 23:30:00,3337.31,3339.13,3335.63,3336.59,1156,7,0
2025-07-28 01:00:00,3318.94,3335.48,3318.94,3330.76,5796,7,0
2025-07-28 01:30:00,3330.76,3332.67,3323.87,3329.73,3596,7,0
2025-07-28 02:00:00,3329.73,3337.45,3329.47,3333.57,3678,7,0
2025-07-28 02:30:00,3333.57,3333.79,3329.76,3333.7,3029,7,0
2025-07-28 03:00:00,3333.7,3336.13,3331.49,3332.51,2949,7,0
2025-07-28 03:30:00,3332.51,3334.28,3327.72,3333.36,4381,7,0
2025-07-28 04:00:00,3333.36,3338.81,3329.92,3335.44,5992,7,0
2025-07-28 04:30:00,3335.45,3338.74,3331.3,3332.0,5301,7,0
2025-07-28 05:00:00,3332.0,3335.72,3330.59,3335.62,3477,7,0
2025-07-28 05:30:00,3335.62,3336.61,3331.61,3335.62,2878,7,0
2025-07-28 06:00:00,3335.62,3338.99,3334.48,3336.87,2604,7,0
2025-07-28 06:30:00,3336.87,3343.28,3336.59,3343.27,2253,7,0
2025-07-28 07:00:00,3343.27,3344.03,3339.88,3340.58,2750,7,0
2025-07-28 07:30:00,3340.58,3341.66,3339.47,3339.67,1829,7,0
2025-07-28 08:00:00,3339.67,3340.57,3338.09,3338.64,2223,7,0
2025-07-28 08:30:00,3338.64,3344.23,3338.15,3343.37,4223,7,0
2025-07-28 09:00:00,3343.37,3345.36,3338.92,3339.41,4801,7,0
2025-07-28 09:30:00,3339.41,3340.95,3335.85,3340.22,4717,7,0
2025-07-28 10:00:00,3340.22,3342.0,3338.7,3340.2,3930,7,0
2025-07-28 10:30:00,3340.2,3340.2,3333.99,3335.0,5024,7,0
2025-07-28 11:00:00,3335.0,3338.86,3334.79,3336.68,3924,7,0
2025-07-28 11:30:00,3336.68,3337.63,3332.41,3336.15,4759,7,0
2025-07-28 12:00:00,3336.15,3340.83,3336.0,3339.36,4638,7,0
2025-07-28 12:30:00,3339.36,3339.36,3336.04,3337.83,3471,7,0
2025-07-28 13:00:00,3337.83,3338.87,3335.49,3337.23,3376,7,0
2025-07-28 13:30:00,3337.23,3338.35,3334.26,3335.93,4787,7,0
2025-07-28 14:00:00,3335.93,3337.49,3334.44,3335.56,3652,7,0
2025-07-28 14:30:00,3335.56,3338.39,3335.03,3336.57,3027,7,0
2025-07-28 15:00:00,3336.57,3338.4,3328.45,3330.52,7566,7,0
2025-07-28 15:30:00,3330.52,3331.39,3325.5,3328.47,7304,7,0
2025-07-28 16:00:00,3328.47,3330.68,3326.61,3328.52,6258,7,0
2025-07-28 16:30:00,3328.52,3329.21,3301.74,3302.28,18032,7,0
2025-07-28 17:00:00,3302.28,3314.39,3301.83,3312.05,14837,7,0
2025-07-28 17:30:00,3312.05,3314.87,3305.84,3308.01,9210,7,0
2025-07-28 18:00:00,3308.02,3315.21,3306.52,3313.76,7806,7,0
2025-07-28 18:30:00,3313.76,3317.25,3313.21,3314.8,6814,7,0
2025-07-28 19:00:00,3314.8,3314.86,3311.54,3313.69,5015,7,0
2025-07-28 19:30:00,3313.69,3315.02,3311.47,3312.21,4080,7,0
2025-07-28 20:00:00,3312.21,3313.19,3308.83,3310.55,5634,7,0
2025-07-28 20:30:00,3310.57,3312.29,3309.58,3310.81,3734,7,0
2025-07-28 21:00:00,3310.81,3313.84,3310.25,3313.82,2809,7,0
2025-07-28 21:30:00,3313.82,3315.66,3313.09,3313.68,4519,7,0
2025-07-28 22:00:00,3313.68,3316.37,3313.07,3314.21,4475,7,0
2025-07-28 22:30:00,3314.21,3318.87,3314.15,3317.15,6302,7,0
2025-07-28 23:00:00,3317.15,3318.49,3316.83,3318.09,1930,7,0
2025-07-28 23:30:00,3318.09,3318.44,3314.36,3314.78,1691,7,0
2025-07-29 01:00:00,3315.02,3315.52,3312.24,3312.66,3159,7,0
2025-07-29 01:30:00,3312.66,3315.21,3312.02,3314.76,1880,7,0
2025-07-29 02:00:00,3314.76,3314.79,3311.47,3311.51,1682,7,0
2025-07-29 02:30:00,3311.51,3314.55,3310.53,3312.65,1647,7,0
2025-07-29 03:00:00,3312.65,3315.84,3308.42,3308.81,4009,7,0
2025-07-29 03:30:00,3308.81,3312.5,3308.08,3311.69,3552,7,0
2025-07-29 04:00:00,3311.69,3314.6,3308.65,3313.9,5754,7,0
2025-07-29 04:30:00,3313.9,3320.99,3313.68,3319.01,4788,7,0
2025-07-29 05:00:00,3319.01,3320.36,3317.55,3319.8,3657,7,0
2025-07-29 05:30:00,3319.8,3320.34,3317.8,3318.93,3441,7,0
2025-07-29 06:00:00,3318.93,3318.98,3314.62,3315.21,3308,7,0
2025-07-29 06:30:00,3315.21,3315.38,3311.28,3312.62,3363,7,0
2025-07-29 07:00:00,3312.62,3314.07,3309.01,3310.73,2703,7,0
2025-07-29 07:30:00,3310.73,3317.49,3310.55,3316.55,2730,7,0
2025-07-29 08:00:00,3316.55,3317.71,3314.28,3317.61,3106,7,0
2025-07-29 08:30:00,3317.61,3320.24,3315.73,3319.99,4240,7,0
2025-07-29 09:00:00,3319.99,3321.33,3316.35,3321.17,5837,7,0
2025-07-29 09:30:00,3321.17,3322.41,3316.83,3317.11,8754,7,0
2025-07-29 10:00:00,3317.11,3318.73,3311.29,3314.37,7394,7,0
2025-07-29 10:30:00,3314.37,3318.28,3312.76,3317.11,4216,7,0
2025-07-29 11:00:00,3317.11,3329.99,3316.72,3327.55,6484,7,0
2025-07-29 11:30:00,3327.55,3328.65,3324.74,3326.4,4826,7,0
2025-07-29 12:00:00,3326.4,3326.67,3320.92,3325.21,7213,7,0
2025-07-29 12:30:00,3325.21,3328.29,3324.07,3324.6,4569,7,0
2025-07-29 13:00:00,3324.6,3325.51,3323.5,3325.06,2675,7,0
2025-07-29 13:30:00,3325.06,3326.39,3322.07,3322.21,3784,7,0
2025-07-29 14:00:00,3322.21,3322.36,3318.18,3320.54,5134,7,0
2025-07-29 14:30:00,3320.54,3320.73,3314.94,3315.27,5306,7,0
2025-07-29 15:00:00,3315.27,3323.36,3315.25,3321.9,6460,7,0
2025-07-29 15:30:00,3321.9,3324.58,3318.54,3323.38,7327,7,0
2025-07-29 16:00:00,3323.38,3324.44,3319.52,3321.2,8066,7,0
2025-07-29 16:30:00,3321.2,3321.94,3312.84,3318.03,14587,7,0
2025-07-29 17:00:00,3318.03,3325.16,3312.01,3324.4,12252,7,0
2025-07-29 17:30:00,3324.4,3329.63,3323.09,3328.94,9468,7,0
2025-07-29 18:00:00,3328.94,3334.18,3324.53,3325.92,9790,7,0
2025-07-29 18:30:00,3325.92,3326.9,3319.67,3320.75,7915,7,0
2025-07-29 19:00:00,3320.75,3323.62,3319.1,3322.46,4299,7,0
2025-07-29 19:30:00,3322.46,3324.79,3320.89,3323.25,5349,7,0
2025-07-29 20:00:00,3323.25,3328.07,3323.03,3326.52,4344,7,0
2025-07-29 20:30:00,3326.52,3329.33,3325.38,3328.3,5931,7,0
2025-07-29 21:00:00,3328.3,3330.86,3327.96,3329.98,3793,7,0
2025-07-29 21:30:00,3329.98,3330.88,3325.43,3325.88,3460,7,0
2025-07-29 22:00:00,3325.88,3328.78,3325.22,3327.53,3979,7,0
2025-07-29 22:30:00,3327.53,3327.54,3322.68,3325.03,5983,7,0
2025-07-29 23:00:00,3325.02,3326.28,3324.78,3326.08,2166,7,0
2025-07-29 23:30:00,3326.08,3326.64,3325.09,3326.3,1750,7,0
2025-07-30 01:00:00,3326.66,3329.23,3326.03,3328.91,1038,7,0
2025-07-30 01:30:00,3328.91,3328.91,3326.29,3327.75,681,7,0
2025-07-30 02:00:00,3327.75,3328.38,3326.92,3327.6,563,7,0
2025-07-30 02:30:00,3327.6,3328.0,3326.26,3327.69,1052,7,0
2025-07-30 03:00:00,3327.69,3330.43,3327.32,3328.72,1764,7,0
2025-07-30 03:30:00,3328.72,3333.63,3328.41,3330.29,2973,7,0
2025-07-30 04:00:00,3330.29,3333.33,3328.1,3329.89,3817,7,0
2025-07-30 04:30:00,3329.89,3329.89,3321.85,3323.37,4545,7,0
2025-07-30 05:00:00,3323.35,3332.39,3323.33,3330.86,4401,7,0
2025-07-30 05:30:00,3330.86,3332.08,3326.02,3329.4,3334,7,0
2025-07-30 06:00:00,3329.4,3329.89,3326.29,3328.45,2777,7,0
2025-07-30 06:30:00,3328.45,3329.34,3326.93,3328.41,1412,7,0
2025-07-30 07:00:00,3328.41,3329.32,3326.26,3329.17,1432,7,0
2025-07-30 07:30:00,3329.17,3329.84,3325.89,3327.2,1600,7,0
2025-07-30 08:00:00,3327.2,3330.73,3325.13,3326.66,2513,7,0
2025-07-30 08:30:00,3326.66,3329.01,3324.54,3325.0,3435,7,0
2025-07-30 09:00:00,3325.02,3326.28,3323.32,3323.73,3919,7,0
2025-07-30 09:30:00,3323.73,3327.59,3323.15,3327.26,4091,7,0
2025-07-30 10:00:00,3327.26,3332.18,3325.64,3326.87,4992,7,0
2025-07-30 10:30:00,3326.87,3331.16,3326.35,3327.77,2453,7,0
2025-07-30 11:00:00,3327.77,3332.77,3327.55,3330.07,3803,7,0
2025-07-30 11:30:00,3330.07,3333.46,3329.21,3332.23,2408,7,0
2025-07-30 12:00:00,3332.23,3333.42,3330.76,3331.94,1955,7,0
2025-07-30 12:30:00,3331.94,3334.05,3329.43,3331.35,3589,7,0
2025-07-30 13:00:00,3331.35,3333.07,3327.92,3329.14,6071,7,0
2025-07-30 13:30:00,3329.14,3329.84,3326.72,3328.53,3517,7,0
2025-07-30 14:00:00,3328.53,3330.45,3325.21,3328.51,4738,7,0
2025-07-30 14:30:00,3328.51,3331.65,3324.03,3330.84,4513,7,0
2025-07-30 15:00:00,3330.84,3331.91,3326.08,3328.4,5391,7,0
2025-07-30 15:30:00,3328.4,3328.86,3310.56,3313.36,11948,7,0
2025-07-30 16:00:00,3313.36,3316.25,3304.34,3305.39,13753,7,0
2025-07-30 16:30:00,3305.39,3308.2,3298.41,3303.13,12622,7,0
2025-07-30 17:00:00,3303.13,3308.44,3301.72,3301.93,9009,7,0
2025-07-30 17:30:00,3301.91,3306.39,3301.34,3302.22,6409,7,0
2025-07-30 18:00:00,3302.22,3303.41,3290.59,3292.65,9505,7,0
2025-07-30 18:30:00,3292.58,3294.02,3288.63,3290.41,7256,7,0
2025-07-30 19:00:00,3290.41,3297.57,3289.95,3295.36,6599,7,0
2025-07-30 19:30:00,3295.36,3298.57,3293.81,3298.08,3560,7,0
2025-07-30 20:00:00,3298.08,3300.42,3297.74,3299.08,3992,7,0
2025-07-30 20:30:00,3299.08,3302.3,3298.12,3301.88,3921,7,0
2025-07-30 21:00:00,3301.88,3305.02,3297.11,3297.75,13661,7,0
2025-07-30 21:30:00,3297.75,3299.28,3279.58,3280.24,20818,7,0
2025-07-30 22:00:00,3280.24,3282.72,3271.96,3273.24,19613,7,0
2025-07-30 22:30:00,3273.22,3275.66,3268.11,3269.31,12594,7,0
2025-07-30 23:00:00,3269.31,3275.71,3268.96,3269.44,4555,7,0
2025-07-30 23:30:00,3269.44,3276.26,3269.43,3275.08,2541,7,0
2025-07-31 01:00:00,3276.65,3280.18,3273.85,3277.25,3245,7,0
2025-07-31 01:30:00,3277.25,3279.94,3277.04,3278.98,1663,7,0
2025-07-31 02:00:00,3278.98,3280.23,3277.8,3279.7,1571,7,0
2025-07-31 02:30:00,3279.7,3285.81,3279.51,3285.33,2264,7,0
2025-07-31 03:00:00,3285.33,3288.2,3282.75,3283.8,4430,7,0
2025-07-31 03:30:00,3283.8,3288.47,3283.8,3286.59,3579,7,0
2025-07-31 04:00:00,3286.59,3291.37,3285.03,3287.32,7073,7,0
2025-07-31 04:30:00,3287.32,3294.0,3285.5,3293.8,4713,7,0
2025-07-31 05:00:00,3293.8,3295.8,3291.4,3292.63,3724,7,0
2025-07-31 05:30:00,3292.63,3297.54,3290.56,3297.3,4334,7,0
2025-07-31 06:00:00,3297.3,3298.56,3293.46,3295.76,4408,7,0
2025-07-31 06:30:00,3295.76,3297.94,3294.39,3295.03,2656,7,0
2025-07-31 07:00:00,3295.03,3296.41,3293.71,3294.53,3015,7,0
2025-07-31 07:30:00,3294.53,3298.43,3294.01,3298.13,1932,7,0
2025-07-31 08:00:00,3298.18,3299.16,3295.59,3295.87,1786,7,0
2025-07-31 08:30:00,3295.87,3301.6,3294.76,3299.68,3255,7,0
2025-07-31 09:00:00,3299.68,3303.99,3298.26,3302.05,5170,7,0
2025-07-31 09:30:00,3302.05,3304.81,3298.14,3299.14,4933,7,0
2025-07-31 10:00:00,3299.14,3303.78,3298.13,3300.97,3981,7,0
2025-07-31 10:30:00,3300.97,3309.78,3299.48,3304.76,5643,7,0
2025-07-31 11:00:00,3304.76,3314.87,3303.72,3310.85,5187,7,0
2025-07-31 11:30:00,3310.85,3313.57,3308.86,3309.93,3877,7,0
2025-07-31 12:00:00,3309.93,3313.15,3306.81,3307.49,4383,7,0
2025-07-31 12:30:00,3307.49,3309.36,3304.89,3306.68,4285,7,0
2025-07-31 13:00:00,3306.68,3308.11,3303.46,3304.68,3541,7,0
2025-07-31 13:30:00,3304.68,3305.18,3293.9,3296.29,6036,7,0
2025-07-31 14:00:00,3296.29,3303.53,3295.22,3302.29,7271,7,0
2025-07-31 14:30:00,3302.29,3307.79,3302.22,3306.24,5019,7,0
2025-07-31 15:00:00,3306.24,3307.91,3304.32,3306.93,6927,7,0
2025-07-31 15:30:00,3306.93,3311.12,3304.07,3307.67,7216,7,0
2025-07-31 16:00:00,3307.67,3310.46,3304.77,3308.56,8603,7,0
2025-07-31 16:30:00,3308.56,3308.91,3300.62,3301.42,16175,7,0
2025-07-31 17:00:00,3301.42,3303.21,3295.59,3296.68,12758,7,0
2025-07-31 17:30:00,3296.68,3298.25,3291.44,3296.27,10419,7,0
2025-07-31 18:00:00,3296.27,3299.12,3291.35,3295.59,9805,7,0
2025-07-31 18:30:00,3295.59,3298.14,3292.91,3295.53,7886,7,0
2025-07-31 19:00:00,3295.53,3295.7,3289.75,3292.56,8581,7,0
2025-07-31 19:30:00,3292.56,3297.36,3291.41,3295.06,6520,7,0
2025-07-31 20:00:00,3295.06,3298.42,3294.79,3296.18,6150,7,0
2025-07-31 20:30:00,3296.18,3296.64,3294.04,3294.97,5492,7,0
2025-07-31 21:00:00,3294.97,3297.11,3292.81,3296.56,3434,7,0
2025-07-31 21:30:00,3296.56,3296.69,3294.44,3295.77,2983,7,0
2025-07-31 22:00:00,3295.77,3296.4,3290.58,3291.12,3006,7,0
2025-07-31 22:30:00,3291.12,3294.87,3290.55,3291.01,6678,7,0
2025-07-31 23:00:00,3291.02,3293.74,3290.86,3291.89,2670,7,0
2025-07-31 23:30:00,3291.89,3292.16,3289.74,3290.12,1306,7,0
2025-08-01 01:00:00,3290.31,3293.83,3288.78,3293.48,1639,7,0
2025-08-01 01:30:00,3293.48,3295.13,3292.85,3295.04,1330,7,0
2025-08-01 02:00:00,3295.04,3295.14,3288.42,3292.27,3273,7,0
2025-08-01 02:30:00,3292.26,3292.46,3288.13,3288.7,2586,7,0
2025-08-01 03:00:00,3288.7,3290.13,3286.57,3288.75,4116,7,0
2025-08-01 03:30:00,3288.75,3293.9,3288.18,3290.41,4351,7,0
2025-08-01 04:00:00,3290.41,3293.62,3288.83,3290.43,4765,7,0
2025-08-01 04:30:00,3290.43,3291.72,3281.62,3283.78,5387,7,0
2025-08-01 05:00:00,3283.78,3291.23,3283.41,3289.53,6197,7,0
2025-08-01 05:30:00,3289.53,3292.51,3287.13,3291.8,4484,7,0
2025-08-01 06:00:00,3291.8,3297.2,3291.5,3292.69,4142,7,0
2025-08-01 06:30:00,3292.69,3293.37,3290.63,3291.46,2791,7,0
2025-08-01 07:00:00,3291.46,3293.92,3290.4,3292.85,2657,7,0
2025-08-01 07:30:00,3292.85,3295.55,3290.08,3292.2,3302,7,0
2025-08-01 08:00:00,3292.2,3294.66,3291.79,3293.17,2784,7,0
2025-08-01 08:30:00,3293.17,3300.48,3292.66,3296.67,4263,7,0
2025-08-01 09:00:00,3296.67,3297.64,3291.75,3292.11,6378,7,0
2025-08-01 09:30:00,3292.11,3293.16,3290.61,3292.35,4324,7,0
2025-08-01 10:00:00,3292.35,3293.45,3289.63,3290.93,4908,7,0
2025-08-01 10:30:00,3290.93,3291.08,3285.27,3286.76,5494,7,0
2025-08-01 11:00:00,3286.76,3289.7,3285.26,3287.98,5174,7,0
2025-08-01 11:30:00,3287.98,3294.49,3286.71,3294.31,3909,7,0
2025-08-01 12:00:00,3294.31,3296.31,3293.12,3294.47,4058,7,0
2025-08-01 12:30:00,3294.47,3296.41,3292.75,3294.47,4419,7,0
2025-08-01 13:00:00,3294.47,3296.35,3293.45,3294.02,2685,7,0
2025-08-01 13:30:00,3294.02,3303.16,3293.37,3298.4,5394,7,0
2025-08-01 14:00:00,3298.4,3301.49,3298.4,3299.98,4822,7,0
2025-08-01 14:30:00,3299.98,3301.44,3296.93,3300.4,4171,7,0
2025-08-01 15:00:00,3300.4,3304.13,3297.49,3301.67,6497,7,0
2025-08-01 15:30:00,3301.67,3345.24,3301.45,3341.26,31249,7,0
2025-08-01 16:00:00,3341.26,3354.82,3339.59,3351.77,22437,7,0
2025-08-01 16:30:00,3351.77,3353.34,3338.87,3342.11,22759,7,0
2025-08-01 17:00:00,3342.11,3355.12,3342.11,3346.04,24068,7,0
2025-08-01 17:30:00,3346.02,3347.82,3341.34,3345.9,15235,7,0
2025-08-01 18:00:00,3345.9,3351.09,3341.64,3349.6,13631,7,0
2025-08-01 18:30:00,3349.6,3351.17,3346.95,3348.6,8826,7,0
2025-08-01 19:00:00,3348.6,3349.48,3340.74,3341.16,8202,7,0
2025-08-01 19:30:00,3341.16,3348.86,3340.57,3347.33,7329,7,0
2025-08-01 20:00:00,3347.33,3349.5,3345.63,3347.48,7355,7,0
2025-08-01 20:30:00,3347.48,3349.24,3346.96,3348.28,4163,7,0
2025-08-01 21:00:00,3348.21,3349.95,3345.9,3349.32,5113,7,0
2025-08-01 21:30:00,3349.32,3351.31,3347.49,3347.63,4953,7,0
2025-08-01 22:00:00,3347.63,3351.22,3347.63,3351.1,3737,7,0
2025-08-01 22:30:00,3351.1,3361.33,3350.99,3357.22,12794,7,0
2025-08-01 23:00:00,3357.22,3360.95,3357.06,3360.45,3149,7,0
2025-08-01 23:30:00,3360.45,3363.31,3360.44,3362.28,2087,7,0
2025-08-04 01:00:00,3365.73,3369.15,3359.14,3360.71,4581,7,0
2025-08-04 01:30:00,3360.71,3360.81,3357.67,3359.21,2205,7,0
2025-08-04 02:00:00,3359.21,3359.46,3354.65,3356.03,1921,7,0
2025-08-04 02:30:00,3356.03,3362.11,3356.03,3362.06,2542,7,0
2025-08-04 03:00:00,3362.06,3362.36,3354.55,3355.55,4781,7,0
2025-08-04 03:30:00,3355.55,3355.58,3350.24,3352.15,4974,7,0
2025-08-04 04:00:00,3352.2,3353.67,3345.1,3347.61,7408,7,0
2025-08-04 04:30:00,3347.61,3353.24,3346.63,3352.28,5446,7,0
2025-08-04 05:00:00,3352.28,3355.27,3350.31,3354.11,3693,7,0
2025-08-04 05:30:00,3354.11,3354.81,3352.14,3354.35,3118,7,0
2025-08-04 06:00:00,3354.35,3357.73,3354.34,3356.92,4406,7,0
2025-08-04 06:30:00,3356.93,3360.86,3355.64,3360.34,3747,7,0
2025-08-04 07:00:00,3360.34,3361.4,3360.02,3360.95,2285,7,0
2025-08-04 07:30:00,3360.95,3362.16,3358.77,3358.96,2990,7,0
2025-08-04 08:00:00,3358.96,3361.03,3358.16,3358.85,3037,7,0
2025-08-04 08:30:00,3358.85,3359.48,3355.5,3357.55,3900,7,0
2025-08-04 09:00:00,3357.55,3360.94,3353.56,3353.67,5256,7,0
2025-08-04 09:30:00,3353.67,3362.61,3353.67,3362.58,5696,7,0
2025-08-04 10:00:00,3362.58,3362.6,3353.3,3353.85,5870,7,0
2025-08-04 10:30:00,3353.85,3356.6,3351.73,3355.93,6272,7,0
2025-08-04 11:00:00,3355.93,3359.93,3354.14,3358.94,5000,7,0
2025-08-04 11:30:00,3358.94,3359.89,3357.02,3358.52,4669,7,0
2025-08-04 12:00:00,3358.52,3361.88,3357.94,3361.09,4219,7,0
2025-08-04 12:30:00,3361.09,3361.22,3356.93,3358.06,3780,7,0
2025-08-04 13:00:00,3358.06,3358.92,3352.96,3356.5,4132,7,0
2025-08-04 13:30:00,3356.5,3358.41,3356.23,3357.92,3906,7,0
2025-08-04 14:00:00,3357.92,3368.17,3357.62,3367.7,6210,7,0
2025-08-04 14:30:00,3367.7,3370.77,3365.64,3370.37,5389,7,0
2025-08-04 15:00:00,3370.37,3371.58,3363.76,3363.84,7379,7,0
2025-08-04 15:30:00,3363.84,3368.98,3361.1,3367.82,7597,7,0
2025-08-04 16:00:00,3367.82,3377.45,3367.13,3375.68,11204,7,0
2025-08-04 16:30:00,3375.68,3385.49,3373.49,3383.41,13324,7,0
2025-08-04 17:00:00,3383.41,3384.67,3374.9,3377.5,11568,7,0
2025-08-04 17:30:00,3377.5,3379.84,3371.93,3374.06,9828,7,0
2025-08-04 18:00:00,3374.06,3375.71,3371.5,3372.26,9595,7,0
2025-08-04 18:30:00,3372.26,3376.17,3370.72,3374.38,6159,7,0
2025-08-04 19:00:00,3374.38,3378.19,3372.93,3373.96,6255,7,0
2025-08-04 19:30:00,3373.96,3373.99,3370.59,3371.07,5047,7,0
2025-08-04 20:00:00,3371.07,3373.32,3370.71,3372.49,4364,7,0
2025-08-04 20:30:00,3372.49,3374.4,3371.89,3374.11,3919,7,0
2025-08-04 21:00:00,3374.11,3376.92,3373.24,3375.94,2963,7,0
2025-08-04 21:30:00,3375.94,3376.77,3375.15,3375.86,3044,7,0
2025-08-04 22:00:00,3375.86,3377.21,3375.41,3376.68,2831,7,0
2025-08-04 22:30:00,3376.68,3377.18,3374.53,3376.09,4107,7,0
2025-08-04 23:00:00,3376.09,3377.15,3374.79,3376.03,1795,7,0
2025-08-04 23:30:00,3376.03,3376.1,3373.33,3373.48,1047,7,0
2025-08-05 01:00:00,3374.55,3376.52,3374.05,3374.71,985,7,0
2025-08-05 01:30:00,3374.71,3375.37,3373.81,3374.8,869,7,0
2025-08-05 02:00:00,3374.8,3379.46,3374.78,3379.2,1790,7,0
2025-08-05 02:30:00,3379.2,3379.67,3376.46,3377.49,1514,7,0
2025-08-05 03:00:00,3377.49,3378.98,3375.98,3377.54,2120,7,0
2025-08-05 03:30:00,3377.54,3381.36,3377.54,3379.82,2666,7,0
2025-08-05 04:00:00,3379.82,3382.49,3377.92,3380.0,3678,7,0
2025-08-05 04:30:00,3380.0,3382.29,3379.1,3379.19,2253,7,0
2025-08-05 05:00:00,3379.19,3381.42,3375.7,3375.98,2891,7,0
2025-08-05 05:30:00,3375.98,3378.2,3373.74,3373.74,4397,7,0
2025-08-05 06:00:00,3373.73,3375.44,3372.87,3373.33,3715,7,0
2025-08-05 06:30:00,3373.32,3374.85,3372.16,3372.17,2933,7,0
2025-08-05 07:00:00,3372.16,3373.19,3371.29,3372.48,2856,7,0
2025-08-05 07:30:00,3372.47,3372.54,3371.02,3371.19,2355,7,0
2025-08-05 08:00:00,3371.19,3371.19,3367.72,3369.33,4153,7,0
2025-08-05 08:30:00,3369.35,3374.12,3369.11,3374.05,4276,7,0
2025-08-05 09:00:00,3374.05,3374.21,3368.63,3369.53,4054,7,0
2025-08-05 09:30:00,3369.52,3370.43,3365.78,3366.3,4696,7,0
2025-08-05 10:00:00,3366.28,3374.66,3366.16,3374.24,5944,7,0
2025-08-05 10:30:00,3374.26,3375.52,3371.24,3373.73,5150,7,0
2025-08-05 11:00:00,3373.73,3374.72,3370.74,3372.85,5187,7,0
2025-08-05 11:30:00,3372.85,3373.48,3366.12,3366.18,4465,7,0
2025-08-05 12:00:00,3366.17,3366.39,3364.09,3365.02,3555,7,0
2025-08-05 12:30:00,3365.02,3365.33,3358.88,3359.68,5419,7,0
2025-08-05 13:00:00,3359.68,3361.78,3354.49,3356.32,5372,7,0
2025-08-05 13:30:00,3356.32,3358.01,3352.9,3353.12,4281,7,0
2025-08-05 14:00:00,3353.12,3354.19,3351.38,3352.22,4533,7,0
2025-08-05 14:30:00,3352.22,3354.38,3349.99,3351.46,4578,7,0
2025-08-05 15:00:00,3351.46,3360.88,3350.0,3360.88,7295,7,0
2025-08-05 15:30:00,3360.88,3367.06,3360.26,3366.16,7904,7,0
2025-08-05 16:00:00,3366.16,3371.69,3365.92,3370.33,7459,7,0
2025-08-05 16:30:00,3370.33,3379.65,3369.29,3373.34,13044,7,0
2025-08-05 17:00:00,3373.34,3382.41,3370.59,3379.89,18285,7,0
2025-08-05 17:30:00,3379.89,3386.63,3378.76,3385.31,12707,7,0
2025-08-05 18:00:00,3385.31,3388.04,3383.74,3384.8,8074,7,0
2025-08-05 18:30:00,3384.8,3390.16,3382.29,3389.62,7234,7,0
2025-08-05 19:00:00,3389.62,3390.49,3381.66,3382.55,5696,7,0
2025-08-05 19:30:00,3382.55,3383.13,3376.97,3382.11,6224,7,0
2025-08-05 20:00:00,3382.11,3382.48,3379.1,3379.99,3793,7,0
2025-08-05 20:30:00,3380.01,3382.85,3379.1,3380.14,3981,7,0
2025-08-05 21:00:00,3380.14,3381.22,3378.48,3379.75,4081,7,0
2025-08-05 21:30:00,3379.75,3380.98,3378.8,3380.02,3399,7,0
2025-08-05 22:00:00,3380.02,3381.42,3378.18,3379.75,2607,7,0
2025-08-05 22:30:00,3379.75,3381.02,3378.99,3379.07,2768,7,0
2025-08-05 23:00:00,3379.07,3380.56,3378.85,3379.87,1141,7,0
2025-08-05 23:30:00,3379.87,3380.81,3378.52,3380.81,1050,7,0
2025-08-06 01:00:00,3380.95,3382.01,3378.96,3379.14,1100,7,0
2025-08-06 01:30:00,3379.14,3380.44,3378.14,3379.78,860,7,0
2025-08-06 02:00:00,3379.78,3382.18,3379.08,3381.91,1248,7,0
2025-08-06 02:30:00,3381.91,3384.04,3381.83,3383.27,2087,7,0
2025-08-06 03:00:00,3383.27,3385.31,3381.65,3384.96,3225,7,0
2025-08-06 03:30:00,3384.96,3385.39,3380.97,3383.49,3284,7,0
2025-08-06 04:00:00,3383.49,3383.67,3376.1,3378.09,4884,7,0
2025-08-06 04:30:00,3378.09,3381.61,3373.2,3376.15,5005,7,0
2025-08-06 05:00:00,3376.15,3377.88,3374.21,3375.46,3541,7,0
2025-08-06 05:30:00,3375.46,3377.64,3374.36,3376.38,2408,7,0
2025-08-06 06:00:00,3376.38,3378.37,3375.49,3377.02,2459,7,0
2025-08-06 06:30:00,3377.02,3377.31,3373.57,3374.58,2185,7,0
2025-08-06 07:00:00,3374.58,3376.51,3374.46,3375.0,1401,7,0
2025-08-06 07:30:00,3375.0,3376.16,3372.29,3372.48,1896,7,0
2025-08-06 08:00:00,3372.48,3373.29,3370.7,3371.75,2314,7,0
2025-08-06 08:30:00,3371.75,3374.69,3370.71,3374.31,3541,7,0
2025-08-06 09:00:00,3374.31,3378.01,3373.23,3377.25,3394,7,0
2025-08-06 09:30:00,3377.25,3378.8,3373.86,3375.2,2939,7,0
2025-08-06 10:00:00,3375.2,3375.2,3369.08,3370.26,4256,7,0
2025-08-06 10:30:00,3370.26,3377.2,3370.04,3373.55,4206,7,0
2025-08-06 11:00:00,3373.55,3374.74,3365.28,3366.77,5619,7,0
2025-08-06 11:30:00,3366.77,3367.6,3364.9,3365.17,3581,7,0
2025-08-06 12:00:00,3365.17,3367.79,3364.17,3364.57,4108,7,0
2025-08-06 12:30:00,3364.57,3364.57,3358.24,3358.87,5455,7,0
2025-08-06 13:00:00,3358.87,3365.61,3358.25,3363.77,5446,7,0
2025-08-06 13:30:00,3363.77,3365.34,3360.07,3363.66,3927,7,0
2025-08-06 14:00:00,3363.66,3366.66,3360.75,3366.24,3543,7,0
2025-08-06 14:30:00,3366.24,3367.05,3363.96,3365.14,3135,7,0
2025-08-06 15:00:00,3365.14,3365.39,3360.22,3364.46,6094,7,0
2025-08-06 15:30:00,3364.46,3369.34,3360.75,3367.55,7330,7,0
2025-08-06 16:00:00,3367.55,3371.47,3367.23,3368.87,8240,7,0
2025-08-06 16:30:00,3368.87,3373.6,3365.2,3371.74,13958,7,0
2025-08-06 17:00:00,3371.74,3376.59,3369.51,3376.38,9687,7,0
2025-08-06 17:30:00,3376.38,3379.38,3374.65,3379.38,7528,7,0
2025-08-06 18:00:00,3379.38,3379.97,3375.63,3376.5,6649,7,0
2025-08-06 18:30:00,3376.5,3379.14,3370.15,3377.51,10386,7,0
2025-08-06 19:00:00,3377.51,3379.53,3372.91,3374.83,5627,7,0
2025-08-06 19:30:00,3374.83,3376.96,3374.18,3376.14,5400,7,0
2025-08-06 20:00:00,3376.14,3377.69,3370.9,3372.7,6536,7,0
2025-08-06 20:30:00,3372.7,3376.33,3372.41,3374.56,4584,7,0
2025-08-06 21:00:00,3374.53,3374.6,3369.03,3369.68,5966,7,0
2025-08-06 21:30:00,3369.68,3374.51,3369.63,3371.61,4441,7,0
2025-08-06 22:00:00,3371.61,3373.2,3370.45,3371.81,5686,7,0
2025-08-06 22:30:00,3371.81,3372.81,3370.42,3371.76,3949,7,0
2025-08-06 23:00:00,3371.76,3372.24,3368.59,3368.78,2255,7,0
2025-08-06 23:30:00,3368.78,3369.04,3367.06,3368.88,2030,7,0
2025-08-07 01:00:00,3369.06,3374.93,3369.06,3371.28,2879,7,0
2025-08-07 01:30:00,3371.28,3372.55,3370.24,3372.05,1908,7,0
2025-08-07 02:00:00,3372.05,3372.06,3368.79,3369.02,2061,7,0
2025-08-07 02:30:00,3369.02,3370.89,3367.84,3370.17,2926,7,0
2025-08-07 03:00:00,3370.17,3373.09,3365.42,3372.43,6302,7,0
2025-08-07 03:30:00,3372.43,3374.86,3370.09,3372.2,6348,7,0
2025-08-07 04:00:00,3372.2,3378.26,3370.09,3377.96,8568,7,0
2025-08-07 04:30:00,3377.96,3382.62,3377.57,3382.37,7353,7,0
2025-08-07 05:00:00,3382.37,3383.97,3378.54,3379.03,6120,7,0
2025-08-07 05:30:00,3379.03,3381.76,3378.29,3379.67,3362,7,0
2025-08-07 06:00:00,3379.67,3379.8,3376.58,3378.17,3141,7,0
2025-08-07 06:30:00,3378.17,3380.51,3377.02,3379.77,3454,7,0
2025-08-07 07:00:00,3379.77,3380.73,3377.53,3377.95,3456,7,0
2025-08-07 07:30:00,3377.94,3379.71,3376.94,3377.67,2179,7,0
2025-08-07 08:00:00,3377.67,3380.97,3377.3,3379.85,4670,7,0
2025-08-07 08:30:00,3379.85,3379.88,3371.67,3375.6,6550,7,0
2025-08-07 09:00:00,3375.6,3380.93,3375.15,3380.38,8822,7,0
2025-08-07 09:30:00,3380.38,3387.88,3380.11,3387.76,5838,7,0
2025-08-07 10:00:00,3387.76,3393.84,3386.31,3392.32,7344,7,0
2025-08-07 10:30:00,3392.32,3397.33,3392.2,3396.02,9373,7,0
2025-08-07 11:00:00,3396.02,3396.52,3373.0,3374.45,14437,7,0
2025-08-07 11:30:00,3374.45,3382.42,3372.48,3378.3,9755,7,0
2025-08-07 12:00:00,3378.3,3381.39,3376.47,3376.82,8374,7,0
2025-08-07 12:30:00,3376.82,3380.63,3373.35,3376.71,8832,7,0
2025-08-07 13:00:00,3376.71,3378.91,3374.42,3374.51,6396,7,0
2025-08-07 13:30:00,3374.51,3378.49,3371.71,3373.04,6147,7,0
2025-08-07 14:00:00,3373.04,3383.13,3371.79,3382.08,8649,7,0
2025-08-07 14:30:00,3382.06,3383.3,3375.88,3378.26,9437,7,0
2025-08-07 15:00:00,3378.28,3381.96,3375.4,3380.93,7307,7,0
2025-08-07 15:30:00,3380.93,3389.86,3379.85,3380.84,11851,7,0
2025-08-07 16:00:00,3380.84,3387.54,3380.09,3386.71,11850,7,0
2025-08-07 16:30:00,3386.71,3393.81,3384.71,3385.08,19729,7,0
2025-08-07 17:00:00,3385.08,3390.34,3373.82,3382.22,26380,7,0
2025-08-07 17:30:00,3382.22,3389.48,3380.76,3387.86,15413,7,0
2025-08-07 18:00:00,3387.86,3390.43,3384.3,3385.98,9301,7,0
2025-08-07 18:30:00,3385.98,3390.93,3385.29,3390.17,6256,7,0
2025-08-07 19:00:00,3390.17,3392.7,3389.38,3389.84,5649,7,0
2025-08-07 19:30:00,3389.84,3390.29,3387.17,3388.82,4087,7,0
2025-08-07 20:00:00,3388.82,3389.14,3384.33,3388.98,9365,7,0
2025-08-07 20:30:00,3388.98,3393.07,3388.08,3392.33,5331,7,0
2025-08-07 21:00:00,3392.33,3394.01,3389.12,3389.2,4643,7,0
2025-08-07 21:30:00,3389.2,3391.02,3387.64,3388.25,4040,7,0
2025-08-07 22:00:00,3388.25,3390.24,3387.34,3389.89,4212,7,0
2025-08-07 22:30:00,3389.87,3400.8,3389.86,3399.86,14062,7,0
2025-08-07 23:00:00,3399.86,3401.7,3397.99,3401.16,6705,7,0
2025-08-07 23:30:00,3401.16,3402.11,3391.95,3395.96,5949,7,0
2025-08-08 01:00:00,3403.13,3408.52,3388.11,3391.87,8261,7,0
2025-08-08 01:30:00,3391.87,3406.57,3390.28,3404.85,7419,7,0
2025-08-08 02:00:00,3404.85,3407.51,3396.99,3398.4,2967,7,0
2025-08-08 02:30:00,3398.4,3402.45,3393.36,3400.51,3541,7,0
2025-08-08 03:00:00,3400.51,3402.52,3390.91,3392.18,17433,7,0
2025-08-08 03:30:00,3392.18,3395.57,3387.05,3390.09,14341,7,0
2025-08-08 04:00:00,3390.07,3390.88,3381.63,3384.57,19170,7,0
2025-08-08 04:30:00,3384.57,3385.87,3381.14,3383.48,11569,7,0
2025-08-08 05:00:00,3383.48,3388.23,3383.21,3386.8,7118,7,0
2025-08-08 05:30:00,3386.84,3389.93,3386.24,3388.37,8821,7,0
2025-08-08 06:00:00,3388.37,3389.79,3382.73,3388.77,9323,7,0
2025-08-08 06:30:00,3388.77,3397.83,3387.96,3395.98,11108,7,0
2025-08-08 07:00:00,3395.98,3399.19,3395.02,3397.95,5921,7,0
2025-08-08 07:30:00,3397.95,3399.38,3393.28,3394.44,9015,7,0
2025-08-08 08:00:00,3394.44,3396.0,3390.91,3391.91,7071,7,0
2025-08-08 08:30:00,3391.9,3394.62,3389.96,3392.29,6467,7,0
2025-08-08 09:00:00,3392.29,3397.77,3391.97,3393.9,10398,7,0
2025-08-08 09:30:00,3393.9,3395.18,3388.8,3393.51,9212,7,0
2025-08-08 10:00:00,3393.51,3400.5,3393.5,3395.03,9871,7,0
2025-08-08 10:30:00,3395.03,3404.22,3391.49,3402.15,19332,7,0
2025-08-08 11:00:00,3402.2,3402.71,3398.03,3399.3,9418,7,0
2025-08-08 11:30:00,3399.3,3399.95,3394.13,3394.32,13990,7,0
2025-08-08 12:00:00,3394.32,3401.35,3393.95,3399.41,10708,7,0
2025-08-08 12:30:00,3399.41,3401.56,3396.76,3400.8,10505,7,0
2025-08-08 13:00:00,3400.8,3400.99,3389.45,3390.41,11649,7,0
2025-08-08 13:30:00,3390.41,3391.79,3384.36,3385.17,14432,7,0
2025-08-08 14:00:00,3385.17,3388.5,3380.6,3381.74,13202,7,0
2025-08-08 14:30:00,3381.74,3388.49,3381.26,3386.12,15594,7,0
2025-08-08 15:00:00,3386.1,3396.58,3384.96,3394.47,17435,7,0
2025-08-08 15:30:00,3394.47,3401.91,3388.19,3391.48,28058,7,0
2025-08-08 16:00:00,3391.48,3395.89,3387.49,3392.32,22715,7,0
2025-08-08 16:30:00,3392.32,3401.68,3389.68,3400.24,21227,7,0
2025-08-08 17:00:00,3400.24,3401.21,3383.02,3383.15,25678,7,0
2025-08-08 17:30:00,3383.15,3391.22,3381.21,3390.68,13426,7,0
2025-08-08 18:00:00,3390.68,3395.35,3388.78,3393.33,12218,7,0
2025-08-08 18:30:00,3393.33,3395.31,3391.08,3395.24,12400,7,0
2025-08-08 19:00:00,3395.24,3398.68,3393.58,3397.92,11382,7,0
2025-08-08 19:30:00,3397.92,3400.81,3397.6,3397.69,10090,7,0
2025-08-08 20:00:00,3397.69,3399.16,3395.44,3398.49,11004,7,0
2025-08-08 20:30:00,3398.49,3399.64,3382.01,3382.01,8565,7,0
2025-08-08 21:00:00,3381.72,3403.9,3375.45,3394.41,33182,7,0
2025-08-08 21:30:00,3394.41,3400.86,3390.66,3395.54,13430,7,0
2025-08-08 22:00:00,3395.54,3400.92,3392.85,3394.47,11947,7,0
2025-08-08 22:30:00,3394.47,3399.6,3392.34,3398.68,14516,7,0
2025-08-08 23:00:00,3398.68,3398.96,3393.6,3395.59,4955,7,0
2025-08-08 23:30:00,3395.59,3398.38,3392.21,3396.62,2107,7,0
2025-08-11 01:00:00,3397.88,3405.19,3390.29,3394.84,4437,7,0
2025-08-11 01:30:00,3394.8,3395.77,3392.27,3395.35,1408,7,0
2025-08-11 02:00:00,3395.35,3397.01,3392.61,3394.69,1540,7,0
2025-08-11 02:30:00,3394.69,3395.04,3390.18,3391.4,2355,7,0
2025-08-11 03:00:00,3391.4,3391.74,3386.14,3388.01,5455,7,0
2025-08-11 03:30:00,3388.01,3388.21,3381.42,3381.57,5095,7,0
2025-08-11 04:00:00,3381.57,3383.94,3367.83,3375.25,11252,7,0
2025-08-11 04:30:00,3375.25,3380.0,3371.09,3377.62,6685,7,0
2025-08-11 05:00:00,3377.62,3378.97,3369.78,3377.39,6845,7,0
2025-08-11 05:30:00,3377.39,3380.05,3374.03,3377.18,5713,7,0
2025-08-11 06:00:00,3377.18,3379.84,3376.11,3378.58,3725,7,0
2025-08-11 06:30:00,3378.58,3380.27,3374.14,3378.32,4238,7,0
2025-08-11 07:00:00,3378.32,3379.95,3376.24,3377.92,3706,7,0
2025-08-11 07:30:00,3377.92,3378.88,3375.62,3375.99,2193,7,0
2025-08-11 08:00:00,3375.99,3380.2,3373.99,3377.23,5042,7,0
2025-08-11 08:30:00,3377.23,3378.89,3375.12,3377.15,3937,7,0
2025-08-11 09:00:00,3377.15,3377.22,3365.99,3366.52,7352,7,0
2025-08-11 09:30:00,3366.52,3369.42,3363.76,3365.81,9272,7,0
2025-08-11 10:00:00,3365.81,3366.46,3359.59,3365.47,8975,7,0
2025-08-11 10:30:00,3365.47,3365.73,3357.15,3360.24,11619,7,0
2025-08-11 11:00:00,3360.24,3365.98,3358.9,3364.94,8318,7,0
2025-08-11 11:30:00,3364.94,3365.66,3361.44,3362.0,5417,7,0
2025-08-11 12:00:00,3362.0,3363.84,3354.43,3363.52,6956,7,0
2025-08-11 12:30:00,3363.52,3363.67,3353.0,3353.43,7405,7,0
2025-08-11 13:00:00,3353.4,3363.99,3353.24,3360.92,6719,7,0
2025-08-11 13:30:00,3360.92,3363.56,3358.28,3358.59,5125,7,0
2025-08-11 14:00:00,3358.59,3358.93,3350.08,3352.08,7711,7,0
2025-08-11 14:30:00,3352.08,3355.59,3349.91,3355.4,7477,7,0
2025-08-11 15:00:00,3355.4,3357.1,3347.4,3349.21,8941,7,0
2025-08-11 15:30:00,3349.21,3357.55,3344.26,3356.84,11754,7,0
2025-08-11 16:00:00,3356.84,3358.84,3348.46,3350.64,10767,7,0
2025-08-11 16:30:00,3350.64,3362.93,3349.64,3358.69,13925,7,0
2025-08-11 17:00:00,3358.69,3359.45,3351.83,3352.06,11911,7,0
2025-08-11 17:30:00,3352.06,3352.57,3341.55,3346.32,12061,7,0
2025-08-11 18:00:00,3346.32,3350.22,3344.87,3349.86,7751,7,0
2025-08-11 18:30:00,3349.86,3352.26,3347.71,3349.46,7259,7,0
2025-08-11 19:00:00,3349.46,3350.29,3345.28,3346.47,7532,7,0
2025-08-11 19:30:00,3346.47,3347.13,3342.57,3344.22,6556,7,0
2025-08-11 20:00:00,3344.22,3345.67,3341.9,3345.35,5568,7,0
2025-08-11 20:30:00,3345.39,3358.85,3341.17,3357.66,16986,7,0
2025-08-11 21:00:00,3357.66,3358.74,3352.36,3355.28,7149,7,0
2025-08-11 21:30:00,3355.28,3357.03,3354.05,3356.21,4650,7,0
2025-08-11 22:00:00,3356.21,3356.9,3351.82,3352.97,3460,7,0
2025-08-11 22:30:00,3352.97,3354.35,3350.53,3351.59,4562,7,0
2025-08-11 23:00:00,3351.59,3351.85,3349.64,3349.74,3037,7,0
2025-08-11 23:30:00,3349.74,3349.95,3341.83,3342.45,3683,7,0
2025-08-12 01:00:00,3343.1,3346.75,3342.27,3344.78,2255,7,0
2025-08-12 01:30:00,3344.78,3347.21,3342.91,3347.08,2090,7,0
2025-08-12 02:00:00,3347.08,3349.62,3346.33,3346.91,1715,7,0
2025-08-12 02:30:00,3346.91,3349.58,3346.55,3349.03,1313,7,0
2025-08-12 03:00:00,3349.03,3353.33,3347.49,3350.68,3822,7,0
2025-08-12 03:30:00,3350.68,3355.73,3350.34,3354.51,4304,7,0
2025-08-12 04:00:00,3354.51,3357.44,3349.96,3351.16,5749,7,0
2025-08-12 04:30:00,3351.16,3352.54,3346.3,3349.83,6308,7,0
2025-08-12 05:00:00,3349.84,3353.12,3349.71,3352.86,3242,7,0
2025-08-12 05:30:00,3352.86,3354.41,3350.14,3353.08,2666,7,0
2025-08-12 06:00:00,3353.08,3355.39,3351.04,3351.23,3301,7,0
2025-08-12 06:30:00,3351.23,3351.62,3348.16,3349.41,2455,7,0
2025-08-12 07:00:00,3349.41,3352.83,3348.61,3352.02,2017,7,0
2025-08-12 07:30:00,3352.02,3355.75,3349.69,3354.51,2890,7,0
2025-08-12 08:00:00,3354.51,3354.98,3352.91,3353.15,2184,7,0
2025-08-12 08:30:00,3353.15,3355.76,3350.53,3354.65,3539,7,0
2025-08-12 09:00:00,3354.65,3354.99,3342.32,3344.9,6969,7,0
2025-08-12 09:30:00,3344.9,3349.2,3342.33,3345.49,4578,7,0
2025-08-12 10:00:00,3345.49,3349.25,3343.87,3349.2,3497,7,0
2025-08-12 10:30:00,3349.2,3358.18,3348.44,3355.69,5781,7,0
2025-08-12 11:00:00,3355.69,3355.87,3348.63,3349.85,3920,7,0
2025-08-12 11:30:00,3349.85,3351.03,3345.57,3348.02,4034,7,0
2025-08-12 12:00:00,3348.02,3351.83,3346.89,3348.36,3653,7,0
2025-08-12 12:30:00,3348.36,3349.2,3344.6,3345.55,2914,7,0
2025-08-12 13:00:00,3345.55,3350.62,3344.15,3349.46,4701,7,0
2025-08-12 13:30:00,3349.46,3350.23,3344.03,3344.68,4686,7,0
2025-08-12 14:00:00,3344.68,3345.2,3339.44,3343.13,5885,7,0
2025-08-12 14:30:00,3343.13,3348.35,3336.13,3347.54,7027,7,0
2025-08-12 15:00:00,3347.54,3348.42,3338.65,3339.32,7934,7,0
2025-08-12 15:30:00,3339.32,3358.1,3339.31,3349.96,22226,7,0
2025-08-12 16:00:00,3349.96,3354.19,3342.58,3347.58,14942,7,0
2025-08-12 16:30:00,3347.58,3357.26,3340.1,3345.53,24581,7,0
2025-08-12 17:00:00,3345.53,3346.58,3330.95,3335.18,20723,7,0
2025-08-12 17:30:00,3335.18,3338.92,3332.4,3337.5,12070,7,0
2025-08-12 18:00:00,3337.5,3359.31,3336.99,3354.84,14530,7,0
2025-08-12 18:30:00,3354.84,3358.31,3349.02,3349.87,13526,7,0
2025-08-12 19:00:00,3349.87,3350.59,3345.95,3349.0,9350,7,0
2025-08-12 19:30:00,3349.0,3351.25,3347.27,3349.49,6940,7,0
2025-08-12 20:00:00,3349.49,3350.66,3347.31,3348.11,7127,7,0
2025-08-12 20:30:00,3348.11,3349.89,3346.5,3349.04,4391,7,0
2025-08-12 21:00:00,3349.04,3350.89,3347.98,3349.04,4627,7,0
2025-08-12 21:30:00,3349.04,3349.74,3347.48,3349.06,4145,7,0
2025-08-12 22:00:00,3349.06,3349.44,3345.64,3348.25,3745,7,0
2025-08-12 22:30:00,3348.25,3349.32,3346.77,3347.69,4209,7,0
2025-08-12 23:00:00,3347.69,3348.38,3346.02,3348.08,2741,7,0
2025-08-12 23:30:00,3348.08,3350.02,3347.25,3347.98,1543,7,0
2025-08-13 01:00:00,3349.13,3353.71,3349.07,3351.98,1788,7,0
2025-08-13 01:30:00,3351.98,3352.3,3350.0,3350.6,1358,7,0
2025-08-13 02:00:00,3350.6,3352.12,3350.21,3351.48,1453,7,0
2025-08-13 02:30:00,3351.48,3352.12,3349.75,3350.6,1794,7,0
2025-08-13 03:00:00,3350.6,3350.8,3343.81,3346.61,5117,7,0
2025-08-13 03:30:00,3346.61,3347.0,3342.75,3343.65,3395,7,0
2025-08-13 04:00:00,3343.65,3349.31,3342.73,3345.77,6009,7,0
2025-08-13 04:30:00,3345.77,3352.15,3345.41,3350.9,5786,7,0
2025-08-13 05:00:00,3350.9,3352.11,3346.7,3351.98,5317,7,0
2025-08-13 05:30:00,3351.98,3354.42,3349.55,3351.8,4171,7,0
2025-08-13 06:00:00,3351.8,3352.99,3348.55,3351.51,3758,7,0
2025-08-13 06:30:00,3351.51,3351.58,3349.31,3349.69,2108,7,0
2025-08-13 07:00:00,3349.69,3352.43,3348.24,3350.66,2538,7,0
2025-08-13 07:30:00,3350.66,3351.84,3349.25,3351.81,1400,7,0
2025-08-13 08:00:00,3351.81,3352.06,3348.51,3350.98,2155,7,0
2025-08-13 08:30:00,3350.98,3351.24,3345.67,3349.28,3940,7,0
2025-08-13 09:00:00,3349.28,3356.64,3348.98,3355.14,5215,7,0
2025-08-13 09:30:00,3355.14,3357.65,3353.71,3357.21,4846,7,0
2025-08-13 10:00:00,3357.21,3360.89,3354.02,3359.19,5493,7,0
2025-08-13 10:30:00,3359.19,3360.97,3354.46,3354.77,4552,7,0
2025-08-13 11:00:00,3354.77,3355.85,3352.86,3353.93,5580,7,0
2025-08-13 11:30:00,3353.94,3363.49,3353.72,3360.3,5464,7,0
2025-08-13 12:00:00,3360.3,3363.43,3358.74,3362.23,3368,7,0
2025-08-13 12:30:00,3362.23,3366.64,3361.91,3364.74,6133,7,0
2025-08-13 13:00:00,3364.74,3366.25,3363.18,3364.12,3331,7,0
2025-08-13 13:30:00,3364.12,3366.99,3363.83,3366.19,3697,7,0
2025-08-13 14:00:00,3366.19,3367.17,3359.49,3360.29,5278,7,0
2025-08-13 14:30:00,3360.29,3362.42,3358.89,3362.31,5249,7,0
2025-08-13 15:00:00,3362.31,3363.81,3356.45,3358.71,7065,7,0
2025-08-13 15:30:00,3358.71,3360.97,3355.54,3358.14,7708,7,0
2025-08-13 16:00:00,3358.14,3358.4,3354.23,3357.44,7789,7,0
2025-08-13 16:30:00,3357.44,3365.93,3356.37,3365.12,11476,7,0
2025-08-13 17:00:00,3365.12,3370.81,3363.19,3365.12,11741,7,0
2025-08-13 17:30:00,3365.12,3366.76,3361.1,3363.17,7134,7,0
2025-08-13 18:00:00,3363.17,3363.78,3355.68,3355.9,7847,7,0
2025-08-13 18:30:00,3355.9,3357.84,3354.41,3357.73,5054,7,0
2025-08-13 19:00:00,3357.73,3360.45,3357.2,3359.71,4667,7,0
2025-08-13 19:30:00,3359.71,3360.92,3357.09,3357.97,3388,7,0
2025-08-13 20:00:00,3357.97,3359.47,3356.97,3357.62,3545,7,0
2025-08-13 20:30:00,3357.62,3357.94,3352.73,3353.66,3759,7,0
2025-08-13 21:00:00,3353.66,3354.44,3350.0,3351.04,3632,7,0
2025-08-13 21:30:00,3351.04,3354.47,3350.98,3353.78,2480,7,0
2025-08-13 22:00:00,3353.78,3356.93,3352.72,3355.67,2463,7,0
2025-08-13 22:30:00,3355.67,3358.85,3354.72,3357.89,3610,7,0
2025-08-13 23:00:00,3357.89,3358.3,3356.44,3357.07,1646,7,0
2025-08-13 23:30:00,3357.07,3357.08,3355.5,3355.72,858,7,0
2025-08-14 01:00:00,3357.12,3359.11,3356.62,3357.06,1344,7,0
2025-08-14 01:30:00,3357.06,3358.36,3356.65,3357.7,1171,7,0
2025-08-14 02:00:00,3357.7,3361.4,3357.53,3360.99,1957,7,0
2025-08-14 02:30:00,3360.99,3363.51,3360.83,3362.8,1934,7,0
2025-08-14 03:00:00,3362.8,3373.14,3362.8,3373.0,5553,7,0
2025-08-14 03:30:00,3373.0,3374.74,3369.29,3369.64,4842,7,0
2025-08-14 04:00:00,3369.64,3370.96,3365.4,3366.22,6986,7,0
2025-08-14 04:30:00,3366.22,3370.69,3365.19,3367.44,5899,7,0
2025-08-14 05:00:00,3367.44,3369.3,3365.25,3365.47,4192,7,0
2025-08-14 05:30:00,3365.47,3368.49,3362.83,3362.91,4508,7,0
2025-08-14 06:00:00,3362.91,3364.11,3357.17,3357.52,6316,7,0
2025-08-14 06:30:00,3357.52,3360.48,3355.53,3360.45,4691,7,0
2025-08-14 07:00:00,3360.45,3361.3,3359.33,3361.02,2231,7,0
2025-08-14 07:30:00,3361.02,3361.81,3358.63,3360.53,2510,7,0
2025-08-14 08:00:00,3360.53,3361.94,3358.68,3359.2,2847,7,0
2025-08-14 08:30:00,3359.2,3359.78,3356.25,3358.9,4003,7,0
2025-08-14 09:00:00,3358.9,3361.34,3356.02,3359.02,5904,7,0
2025-08-14 09:30:00,3359.02,3362.32,3357.36,3362.05,5621,7,0
2025-08-14 10:00:00,3362.05,3366.48,3361.53,3362.63,7106,7,0
2025-08-14 10:30:00,3362.63,3362.69,3343.72,3346.05,8895,7,0
2025-08-14 11:00:00,3346.05,3349.9,3341.51,3349.74,9124,7,0
2025-08-14 11:30:00,3349.74,3350.37,3344.49,3346.25,6015,7,0
2025-08-14 12:00:00,3346.25,3359.19,3345.14,3356.23,7850,7,0
2025-08-14 12:30:00,3356.23,3358.27,3353.92,3356.54,5006,7,0
2025-08-14 13:00:00,3356.53,3358.82,3355.36,3357.66,3396,7,0
2025-08-14 13:30:00,3357.64,3359.05,3352.1,3355.06,3790,7,0
2025-08-14 14:00:00,3355.06,3357.18,3352.54,3355.29,4629,7,0
2025-08-14 14:30:00,3355.29,3356.92,3353.27,3355.5,3536,7,0
2025-08-14 15:00:00,3355.51,3358.49,3352.77,3352.77,6020,7,0
2025-08-14 15:30:00,3352.77,3356.48,3342.09,3350.66,19496,7,0
2025-08-14 16:00:00,3350.66,3356.07,3345.02,3345.39,14434,7,0
2025-08-14 16:30:00,3345.39,3349.43,3343.83,3344.17,15982,7,0
2025-08-14 17:00:00,3344.17,3346.1,3334.27,3344.83,17052,7,0
2025-08-14 17:30:00,3344.83,3346.68,3339.21,3340.68,11833,7,0
2025-08-14 18:00:00,3340.68,3341.87,3335.49,3339.56,9628,7,0
2025-08-14 18:30:00,3339.56,3342.89,3337.99,3341.82,6185,7,0
2025-08-14 19:00:00,3341.82,3342.09,3329.85,3332.15,10404,7,0
2025-08-14 19:30:00,3332.15,3335.36,3330.77,3334.43,6485,7,0
2025-08-14 20:00:00,3334.43,3338.59,3331.9,3337.06,6355,7,0
2025-08-14 20:30:00,3337.06,3338.37,3335.6,3337.87,4306,7,0
2025-08-14 21:00:00,3337.87,3338.37,3336.11,3337.06,4158,7,0
2025-08-14 21:30:00,3337.06,3339.4,3336.82,3338.33,3388,7,0
2025-08-14 22:00:00,3338.33,3341.04,3338.0,3340.51,3038,7,0
2025-08-14 22:30:00,3340.52,3341.08,3337.96,3337.98,3380,7,0
2025-08-14 23:00:00,3337.98,3338.55,3334.54,3335.58,1972,7,0
2025-08-14 23:30:00,3335.58,3335.97,3334.59,3335.15,1149,7,0
2025-08-15 01:00:00,3336.27,3337.75,3332.77,3333.99,1564,7,0
2025-08-15 01:30:00,3333.99,3334.8,3332.52,3333.35,2156,7,0
2025-08-15 02:00:00,3333.35,3334.6,3332.26,3334.53,1611,7,0
2025-08-15 02:30:00,3334.53,3336.65,3333.91,3335.65,1292,7,0
2025-08-15 03:00:00,3335.65,3336.19,3332.43,3335.93,2866,7,0
2025-08-15 03:30:00,3335.93,3338.8,3334.76,3337.07,3154,7,0
2025-08-15 04:00:00,3337.07,3337.64,3333.38,3336.76,4482,7,0
2025-08-15 04:30:00,3336.76,3340.29,3335.29,3339.61,5004,7,0
2025-08-15 05:00:00,3339.61,3340.1,3336.71,3338.06,3520,7,0
2025-08-15 05:30:00,3338.06,3340.84,3337.45,3340.52,3287,7,0
2025-08-15 06:00:00,3340.52,3341.17,3340.07,3340.88,2717,7,0
2025-08-15 06:30:00,3340.88,3344.81,3340.84,3343.46,2943,7,0
2025-08-15 07:00:00,3343.46,3346.29,3343.34,3345.77,2839,7,0
2025-08-15 07:30:00,3345.77,3346.76,3343.48,3345.45,3208,7,0
2025-08-15 08:00:00,3345.45,3348.79,3343.13,3343.45,3505,7,0
2025-08-15 08:30:00,3343.45,3347.43,3342.03,3343.84,3301,7,0
2025-08-15 09:00:00,3343.84,3344.14,3341.03,3341.58,4380,7,0
2025-08-15 09:30:00,3341.58,3344.06,3340.2,3340.43,2914,7,0
2025-08-15 10:00:00,3340.43,3345.84,3340.12,3344.76,4224,7,0
2025-08-15 10:30:00,3344.76,3346.65,3340.31,3346.27,5078,7,0
2025-08-15 11:00:00,3346.27,3348.26,3338.97,3339.47,5172,7,0
2025-08-15 11:30:00,3339.47,3342.87,3338.39,3341.3,4145,7,0
2025-08-15 12:00:00,3341.3,3345.03,3338.56,3344.31,5014,7,0
2025-08-15 12:30:00,3344.31,3344.86,3340.53,3342.78,3831,7,0
2025-08-15 13:00:00,3342.78,3342.79,3337.4,3338.2,3970,7,0
2025-08-15 13:30:00,3338.17,3340.52,3336.25,3337.81,3720,7,0
2025-08-15 14:00:00,3337.72,3340.7,3337.15,3340.08,3801,7,0
2025-08-15 14:30:00,3340.08,3344.13,3339.87,3342.38,4595,7,0
2025-08-15 15:00:00,3342.38,3342.89,3337.06,3337.17,6373,7,0
2025-08-15 15:30:00,3337.17,3343.92,3333.68,3342.73,11824,7,0
2025-08-15 16:00:00,3342.73,3345.97,3336.4,3338.53,10089,7,0
2025-08-15 16:30:00,3338.53,3340.26,3333.02,3335.68,11520,7,0
2025-08-15 17:00:00,3335.68,3342.71,3335.14,3338.49,10589,7,0
2025-08-15 17:30:00,3338.49,3343.67,3338.47,3341.83,6987,7,0
2025-08-15 18:00:00,3341.83,3344.71,3341.83,3343.38,5925,7,0
2025-08-15 18:30:00,3343.38,3345.2,3341.4,3342.41,4382,7,0
2025-08-15 19:00:00,3342.41,3342.51,3337.16,3338.75,4442,7,0
2025-08-15 19:30:00,3338.75,3339.48,3335.79,3338.22,4215,7,0
2025-08-15 20:00:00,3338.23,3338.98,3335.08,3336.49,3917,7,0
2025-08-15 20:30:00,3336.49,3337.35,3335.53,3336.08,3054,7,0
2025-08-15 21:00:00,3336.08,3338.33,3334.73,3337.2,3657,7,0
2025-08-15 21:30:00,3337.2,3337.7,3335.63,3336.02,2472,7,0
2025-08-15 22:00:00,3336.02,3337.48,3334.5,3337.29,3054,7,0
2025-08-15 22:30:00,3337.29,3339.68,3336.71,3339.21,4926,7,0
2025-08-15 23:00:00,3339.21,3339.48,3336.36,3336.8,1795,7,0
2025-08-15 23:30:00,3336.8,3337.33,3335.21,3335.74,1506,7,0
2025-08-18 01:00:00,3336.65,3339.13,3332.76,3335.1,2908,7,0
2025-08-18 01:30:00,3335.1,3335.21,3334.03,3334.35,1000,7,0
2025-08-18 02:00:00,3334.35,3334.45,3323.55,3329.1,4296,7,0
2025-08-18 02:30:00,3329.1,3329.59,3325.84,3327.06,2480,7,0
2025-08-18 03:00:00,3327.06,3342.24,3326.77,3340.27,7185,7,0
2025-08-18 03:30:00,3340.27,3342.88,3338.82,3340.64,5097,7,0
2025-08-18 04:00:00,3340.64,3344.24,3339.78,3340.4,5887,7,0
2025-08-18 04:30:00,3340.4,3347.42,3339.58,3346.84,6024,7,0
2025-08-18 05:00:00,3346.84,3347.61,3342.42,3342.77,3521,7,0
2025-08-18 05:30:00,3342.77,3344.75,3342.63,3343.39,3579,7,0
2025-08-18 06:00:00,3343.39,3347.01,3343.32,3346.74,3037,7,0
2025-08-18 06:30:00,3346.74,3351.9,3346.53,3347.06,4574,7,0
2025-08-18 07:00:00,3347.04,3352.75,3346.81,3352.34,3242,7,0
2025-08-18 07:30:00,3352.34,3358.15,3352.33,3357.51,4615,7,0
2025-08-18 08:00:00,3357.51,3358.45,3351.26,3351.28,4132,7,0
2025-08-18 08:30:00,3351.28,3351.57,3346.65,3349.57,6700,7,0
2025-08-18 09:00:00,3349.57,3351.25,3346.22,3349.5,4997,7,0
2025-08-18 09:30:00,3349.5,3350.83,3347.83,3349.54,4075,7,0
2025-08-18 10:00:00,3349.54,3355.71,3348.27,3352.42,5961,7,0
2025-08-18 10:30:00,3352.42,3352.76,3347.29,3349.05,4539,7,0
2025-08-18 11:00:00,3349.05,3349.9,3344.67,3347.85,5126,7,0
2025-08-18 11:30:00,3347.85,3349.85,3346.76,3348.72,3600,7,0
2025-08-18 12:00:00,3348.72,3351.14,3348.2,3348.68,2602,7,0
2025-08-18 12:30:00,3348.68,3351.75,3347.64,3348.2,3956,7,0
2025-08-18 13:00:00,3348.2,3351.44,3347.96,3348.69,2955,7,0
2025-08-18 13:30:00,3348.69,3350.12,3346.54,3346.65,2681,7,0
2025-08-18 14:00:00,3346.65,3348.81,3346.55,3348.57,2443,7,0
2025-08-18 14:30:00,3348.57,3348.69,3344.62,3345.44,2417,7,0
2025-08-18 15:00:00,3345.44,3348.08,3345.17,3346.44,3639,7,0
2025-08-18 15:30:00,3346.44,3348.76,3343.22,3344.76,5186,7,0
2025-08-18 16:00:00,3344.76,3344.99,3340.37,3343.12,7035,7,0
2025-08-18 16:30:00,3343.12,3343.97,3335.73,3336.7,7691,7,0
2025-08-18 17:00:00,3336.7,3338.45,3332.49,3335.85,7814,7,0
2025-08-18 17:30:00,3335.85,3338.73,3332.95,3334.37,6161,7,0
2025-08-18 18:00:00,3334.37,3335.91,3332.29,3334.7,4989,7,0
2025-08-18 18:30:00,3334.7,3336.86,3333.23,3335.66,4237,7,0
2025-08-18 19:00:00,3335.66,3335.95,3331.89,3332.43,4039,7,0
2025-08-18 19:30:00,3332.43,3334.62,3331.79,3334.27,2997,7,0
2025-08-18 20:00:00,3334.27,3334.42,3331.74,3332.64,3499,7,0
2025-08-18 20:30:00,3332.64,3334.88,3332.39,3333.66,2275,7,0
2025-08-18 21:00:00,3333.65,3333.84,3332.1,3332.95,1631,7,0
2025-08-18 21:30:00,3332.95,3333.44,3331.58,3331.99,1313,7,0
2025-08-18 22:00:00,3331.99,3332.37,3330.29,3331.88,2133,7,0
2025-08-18 22:30:00,3331.88,3334.32,3331.37,3333.6,1925,7,0
2025-08-18 23:00:00,3333.6,3334.29,3333.21,3333.27,1248,7,0
2025-08-18 23:30:00,3333.27,3333.97,3332.43,3332.61,862,7,0
2025-08-19 01:00:00,3333.79,3334.73,3332.94,3333.96,1333,7,0
2025-08-19 01:30:00,3333.96,3334.48,3333.07,3334.46,838,7,0
2025-08-19 02:00:00,3334.46,3334.73,3331.73,3332.3,1027,7,0
2025-08-19 02:30:00,3332.3,3333.22,3330.47,3330.94,1700,7,0
2025-08-19 03:00:00,3330.94,3339.18,3326.1,3337.34,5696,7,0
2025-08-19 03:30:00,3337.34,3338.48,3332.68,3335.22,2922,7,0
2025-08-19 04:00:00,3335.22,3335.73,3330.33,3332.57,5903,7,0
2025-08-19 04:30:00,3332.57,3335.67,3331.05,3332.98,4261,7,0
2025-08-19 05:00:00,3332.98,3334.86,3329.48,3333.56,3934,7,0
2025-08-19 05:30:00,3333.56,3338.16,3332.33,3338.03,2986,7,0
2025-08-19 06:00:00,3338.03,3341.62,3337.55,3340.98,4112,7,0
2025-08-19 06:30:00,3340.98,3341.63,3337.13,3337.8,2522,7,0
2025-08-19 07:00:00,3337.8,3338.15,3335.79,3336.34,2169,7,0
2025-08-19 07:30:00,3336.34,3338.18,3334.49,3337.69,2254,7,0
2025-08-19 08:00:00,3337.69,3340.68,3336.42,3339.86,2681,7,0
2025-08-19 08:30:00,3339.86,3340.68,3335.82,3336.23,2927,7,0
2025-08-19 09:00:00,3336.23,3338.87,3335.07,3336.41,3290,7,0
2025-08-19 09:30:00,3336.41,3337.46,3334.49,3336.09,2989,7,0
2025-08-19 10:00:00,3336.09,3341.79,3335.01,3339.78,4704,7,0
2025-08-19 10:30:00,3339.78,3340.91,3337.57,3340.84,3537,7,0
2025-08-19 11:00:00,3340.84,3340.94,3336.57,3338.6,3148,7,0
2025-08-19 11:30:00,3338.6,3339.48,3337.08,3337.95,2321,7,0
2025-08-19 12:00:00,3337.95,3339.4,3336.99,3337.96,2652,7,0
2025-08-19 12:30:00,3337.96,3339.73,3336.91,3339.35,2108,7,0
2025-08-19 13:00:00,3339.35,3345.32,3339.29,3343.84,3991,7,0
2025-08-19 13:30:00,3343.84,3343.96,3341.76,3343.61,2273,7,0
2025-08-19 14:00:00,3343.61,3344.87,3341.08,3341.74,2438,7,0
2025-08-19 14:30:00,3341.74,3342.3,3339.34,3339.78,3062,7,0
2025-08-19 15:00:00,3339.78,3340.63,3336.1,3338.08,4530,7,0
2025-08-19 15:30:00,3338.08,3338.08,3334.32,3334.79,5269,7,0
2025-08-19 16:00:00,3334.79,3335.59,3325.7,3331.8,9393,7,0
2025-08-19 16:30:00,3331.8,3339.44,3331.56,3333.96,10064,7,0
2025-08-19 17:00:00,3333.97,3337.03,3332.23,3335.48,6743,7,0
2025-08-19 17:30:00,3335.48,3336.68,3320.85,3325.36,12096,7,0
2025-08-19 18:00:00,3325.36,3326.79,3321.58,3324.22,7417,7,0
2025-08-19 18:30:00,3324.22,3326.29,3321.84,3322.68,4464,7,0
2025-08-19 19:00:00,3322.68,3324.44,3318.74,3319.45,4409,7,0
2025-08-19 19:30:00,3319.45,3320.73,3317.01,3317.46,4312,7,0
2025-08-19 20:00:00,3317.46,3318.97,3314.97,3315.64,5171,7,0
2025-08-19 20:30:00,3315.64,3320.19,3315.52,3317.51,3628,7,0
2025-08-19 21:00:00,3317.51,3319.12,3316.88,3318.93,2371,7,0
2025-08-19 21:30:00,3318.93,3320.22,3318.1,3318.41,3000,7,0
2025-08-19 22:00:00,3318.41,3318.86,3316.57,3316.99,4339,7,0
2025-08-19 22:30:00,3316.99,3317.41,3315.57,3315.95,5091,7,0
2025-08-19 23:00:00,3315.95,3316.97,3314.98,3316.73,2023,7,0
2025-08-19 23:30:00,3316.73,3317.55,3314.98,3315.32,1241,7,0
2025-08-20 01:00:00,3316.27,3317.62,3315.64,3317.16,1130,7,0
2025-08-20 01:30:00,3317.16,3317.42,3315.8,3316.82,1017,7,0
2025-08-20 02:00:00,3316.82,3316.82,3314.89,3315.55,1708,7,0
2025-08-20 02:30:00,3315.55,3316.67,3312.94,3314.28,1947,7,0
2025-08-20 03:00:00,3314.28,3316.2,3313.24,3313.73,3188,7,0
2025-08-20 03:30:00,3313.73,3316.93,3312.9,3316.03,3296,7,0
2025-08-20 04:00:00,3316.03,3316.83,3311.55,3312.1,5787,7,0
2025-08-20 04:30:00,3312.1,3317.85,3311.57,3315.38,5362,7,0
2025-08-20 05:00:00,3315.38,3317.1,3313.13,3314.67,4061,7,0
2025-08-20 05:30:00,3314.67,3315.53,3312.42,3314.07,3901,7,0
2025-08-20 06:00:00,3314.07,3318.22,3314.03,3317.33,4051,7,0
2025-08-20 06:30:00,3317.33,3318.67,3316.66,3317.61,1894,7,0
2025-08-20 07:00:00,3317.61,3319.47,3317.22,3318.49,1671,7,0
2025-08-20 07:30:00,3318.49,3321.08,3318.34,3318.69,2447,7,0
2025-08-20 08:00:00,3318.69,3320.48,3318.15,3318.61,1890,7,0
2025-08-20 08:30:00,3318.61,3323.89,3318.5,3323.44,3329,7,0
2025-08-20 09:00:00,3323.45,3326.03,3322.53,3323.44,5016,7,0
2025-08-20 09:30:00,3323.44,3324.9,3322.3,3323.07,3023,7,0
2025-08-20 10:00:00,3323.07,3327.54,3321.6,3324.57,3519,7,0
2025-08-20 10:30:00,3324.57,3326.63,3323.64,3324.88,3111,7,0
2025-08-20 11:00:00,3324.88,3325.01,3321.58,3321.68,3443,7,0
2025-08-20 11:30:00,3321.68,3325.75,3320.96,3325.06,3111,7,0
2025-08-20 12:00:00,3325.06,3327.4,3323.63,3325.61,3117,7,0
2025-08-20 12:30:00,3325.62,3327.46,3325.43,3326.19,2897,7,0
2025-08-20 13:00:00,3326.19,3327.17,3323.96,3326.88,3136,7,0
2025-08-20 13:30:00,3326.88,3327.92,3325.57,3326.47,2927,7,0
2025-08-20 14:00:00,3326.47,3331.26,3325.8,3330.93,4083,7,0
2025-08-20 14:30:00,3330.93,3333.0,3328.98,3332.37,5449,7,0
2025-08-20 15:00:00,3332.37,3338.41,3332.15,3337.98,7099,7,0
2025-08-20 15:30:00,3337.98,3344.86,3337.64,3342.91,8108,7,0
2025-08-20 16:00:00,3342.91,3343.67,3338.94,3340.84,7115,7,0
2025-08-20 16:30:00,3340.84,3348.41,3340.44,3344.94,10397,7,0
2025-08-20 17:00:00,3344.94,3346.01,3340.06,3344.46,8199,7,0
2025-08-20 17:30:00,3344.46,3350.27,3344.26,3346.94,7846,7,0
2025-08-20 18:00:00,3346.94,3347.03,3339.48,3341.24,5838,7,0
2025-08-20 18:30:00,3341.24,3343.05,3338.95,3340.74,4256,7,0
2025-08-20 19:00:00,3340.74,3345.86,3340.7,3343.78,4174,7,0
2025-08-20 19:30:00,3343.78,3346.09,3343.7,3345.23,2861,7,0
2025-08-20 20:00:00,3345.23,3346.37,3344.12,3345.62,3920,7,0
2025-08-20 20:30:00,3345.62,3348.1,3345.28,3346.82,3862,7,0
2025-08-20 21:00:00,3346.82,3347.21,3344.03,3344.31,4464,7,0
2025-08-20 21:30:00,3344.31,3346.4,3344.25,3345.74,3468,7,0
2025-08-20 22:00:00,3345.74,3349.32,3345.11,3348.65,3485,7,0
2025-08-20 22:30:00,3348.65,3349.26,3347.51,3348.81,4564,7,0
2025-08-20 23:00:00,3348.83,3349.21,3347.53,3349.16,1565,7,0
2025-08-20 23:30:00,3349.16,3349.32,3347.35,3348.01,1263,7,0
2025-08-21 01:00:00,3349.45,3352.28,3348.79,3350.26,1970,7,0
2025-08-21 01:30:00,3350.26,3351.23,3349.3,3349.72,1326,7,0
2025-08-21 02:00:00,3349.72,3349.72,3347.22,3348.02,1431,7,0
2025-08-21 02:30:00,3348.02,3348.36,3346.4,3346.98,1489,7,0
2025-08-21 03:00:00,3346.98,3346.98,3342.51,3343.87,2452,7,0
2025-08-21 03:30:00,3343.87,3343.99,3341.59,3342.35,2505,7,0
2025-08-21 04:00:00,3342.35,3344.78,3340.75,3342.82,3358,7,0
2025-08-21 04:30:00,3342.82,3346.36,3341.6,3342.85,3229,7,0
2025-08-21 05:00:00,3342.85,3344.01,3340.48,3341.21,2441,7,0
2025-08-21 05:30:00,3341.21,3345.03,3341.16,3344.63,2931,7,0
2025-08-21 06:00:00,3344.63,3344.86,3342.85,3342.93,2205,7,0
2025-08-21 06:30:00,3342.93,3343.25,3339.69,3340.0,1815,7,0
2025-08-21 07:00:00,3340.0,3340.61,3338.75,3339.98,1440,7,0
2025-08-21 07:30:00,3339.98,3341.11,3338.03,3338.33,1290,7,0
2025-08-21 08:00:00,3338.33,3339.93,3337.09,3338.92,2098,7,0
2025-08-21 08:30:00,3338.95,3340.72,3338.7,3338.83,2524,7,0
2025-08-21 09:00:00,3338.83,3339.94,3334.32,3334.58,4269,7,0
2025-08-21 09:30:00,3334.58,3337.99,3334.53,3336.66,3403,7,0
2025-08-21 10:00:00,3336.66,3339.29,3335.48,3338.01,3311,7,0
2025-08-21 10:30:00,3338.01,3341.61,3337.27,3339.73,3056,7,0
2025-08-21 11:00:00,3339.73,3340.73,3339.02,3339.96,2255,7,0
2025-08-21 11:30:00,3339.96,3341.39,3337.83,3339.7,3025,7,0
2025-08-21 12:00:00,3339.7,3340.71,3338.07,3339.43,2772,7,0
2025-08-21 12:30:00,3339.43,3342.25,3338.61,3340.76,2582,7,0
2025-08-21 13:00:00,3340.76,3341.7,3338.59,3339.5,2236,7,0
2025-08-21 13:30:00,3339.5,3339.5,3327.54,3328.49,6623,7,0
2025-08-21 14:00:00,3328.49,3332.87,3325.23,3331.1,5688,7,0
2025-08-21 14:30:00,3331.1,3334.43,3330.26,3333.67,4579,7,0
2025-08-21 15:00:00,3333.67,3342.82,3333.65,3337.8,6732,7,0
2025-08-21 15:30:00,3337.8,3345.15,3336.62,3341.91,9765,7,0
2025-08-21 16:00:00,3341.91,3345.59,3339.19,3345.36,7923,7,0
2025-08-21 16:30:00,3345.36,3347.69,3336.09,3339.43,13489,7,0
2025-08-21 17:00:00,3339.43,3345.61,3337.97,3344.85,11808,7,0
2025-08-21 17:30:00,3344.85,3348.17,3341.57,3344.23,8719,7,0
2025-08-21 18:00:00,3344.23,3345.25,3337.57,3343.04,7796,7,0
2025-08-21 18:30:00,3343.04,3346.22,3341.25,3343.67,6982,7,0
2025-08-21 19:00:00,3343.67,3343.95,3340.06,3341.05,3974,7,0
2025-08-21 19:30:00,3341.05,3341.46,3338.35,3339.8,3728,7,0
2025-08-21 20:00:00,3339.8,3342.12,3337.88,3338.53,3313,7,0
2025-08-21 20:30:00,3338.53,3340.26,3336.98,3337.12,2832,7,0
2025-08-21 21:00:00,3337.12,3339.43,3336.64,3338.65,2897,7,0
2025-08-21 21:30:00,3338.65,3339.62,3338.21,3339.39,2044,7,0
2025-08-21 22:00:00,3339.39,3341.78,3339.04,3341.63,2301,7,0
2025-08-21 22:30:00,3341.63,3342.04,3338.04,3338.82,2880,7,0
2025-08-21 23:00:00,3338.82,3339.23,3338.03,3338.67,1092,7,0
2025-08-21 23:30:00,3338.67,3339.03,3337.87,3338.78,876,7,0
2025-08-22 01:00:00,3339.19,3340.67,3338.01,3340.36,995,7,0
2025-08-22 01:30:00,3340.36,3340.68,3338.92,3339.04,1522,7,0
2025-08-22 02:00:00,3339.04,3339.6,3337.46,3338.04,695,7,0
2025-08-22 02:30:00,3338.04,3339.6,3337.61,3338.47,939,7,0
2025-08-22 03:00:00,3338.47,3338.48,3335.08,3337.68,2704,7,0
2025-08-22 03:30:00,3337.68,3339.81,3336.97,3339.61,2040,7,0
2025-08-22 04:00:00,3339.61,3340.32,3336.77,3337.43,2834,7,0
2025-08-22 04:30:00,3337.43,3338.59,3333.7,3334.14,3381,7,0
2025-08-22 05:00:00,3334.14,3336.29,3333.38,3335.18,3232,7,0
2025-08-22 05:30:00,3335.18,3335.65,3332.84,3334.08,2653,7,0
2025-08-22 06:00:00,3334.08,3334.28,3331.75,3333.66,2607,7,0
2025-08-22 06:30:00,3333.66,3335.4,3331.8,3331.97,2297,7,0
2025-08-22 07:00:00,3331.97,3332.73,3329.23,3329.48,1864,7,0
2025-08-22 07:30:00,3329.48,3330.0,3328.03,3328.4,1662,7,0
2025-08-22 08:00:00,3328.4,3329.8,3327.21,3329.63,2046,7,0
2025-08-22 08:30:00,3329.63,3331.46,3328.11,3330.18,3136,7,0
2025-08-22 09:00:00,3330.18,3330.44,3327.03,3327.55,3509,7,0
2025-08-22 09:30:00,3327.55,3329.55,3325.73,3329.51,3633,7,0
2025-08-22 10:00:00,3329.51,3335.12,3328.97,3332.47,4543,7,0
2025-08-22 10:30:00,3332.46,3332.52,3325.82,3327.46,4293,7,0
2025-08-22 11:00:00,3327.46,3330.7,3325.41,3329.19,4712,7,0
2025-08-22 11:30:00,3329.19,3330.52,3327.06,3328.85,3203,7,0
2025-08-22 12:00:00,3328.85,3331.39,3328.23,3328.34,2471,7,0
2025-08-22 12:30:00,3328.34,3331.68,3328.21,3330.17,2513,7,0
2025-08-22 13:00:00,3330.17,3331.51,3328.99,3330.41,2149,7,0
2025-08-22 13:30:00,3330.41,3331.73,3329.16,3331.01,2091,7,0
2025-08-22 14:00:00,3331.01,3331.12,3327.88,3329.44,2798,7,0
2025-08-22 14:30:00,3329.44,3331.03,3327.72,3329.36,3157,7,0
2025-08-22 15:00:00,3329.36,3329.95,3325.06,3326.04,7335,7,0
2025-08-22 15:30:00,3326.04,3327.21,3321.53,3323.55,8186,7,0
2025-08-22 16:00:00,3323.55,3329.39,3323.23,3328.81,6885,7,0
2025-08-22 16:30:00,3328.81,3336.32,3328.81,3333.82,9838,7,0
2025-08-22 17:00:00,3333.82,3367.77,3333.8,3365.96,36730,7,0
2025-08-22 17:30:00,3365.96,3376.86,3365.96,3373.86,17918,7,0
2025-08-22 18:00:00,3373.86,3378.03,3373.08,3376.86,11573,7,0
2025-08-22 18:30:00,3376.87,3378.8,3367.44,3367.97,10844,7,0
2025-08-22 19:00:00,3367.97,3374.35,3367.84,3368.91,6879,7,0
2025-08-22 19:30:00,3368.91,3372.28,3368.84,3370.62,4572,7,0
2025-08-22 20:00:00,3370.62,3374.07,3370.51,3373.97,3781,7,0
2025-08-22 20:30:00,3373.97,3375.51,3373.33,3374.26,3209,7,0
2025-08-22 21:00:00,3374.23,3375.11,3371.05,3372.72,3171,7,0
2025-08-22 21:30:00,3372.72,3374.02,3371.8,3372.73,2879,7,0
2025-08-22 22:00:00,3372.73,3372.92,3368.88,3370.01,3501,7,0
2025-08-22 22:30:00,3370.01,3373.65,3368.97,3373.27,5256,7,0
2025-08-22 23:00:00,3373.27,3373.67,3370.11,3371.18,2208,7,0
2025-08-22 23:30:00,3371.18,3372.01,3370.63,3371.19,870,7,0
2025-08-25 01:00:00,3371.87,3372.24,3367.07,3367.86,1811,7,0
2025-08-25 01:30:00,3367.86,3367.86,3365.94,3367.31,1373,7,0
2025-08-25 02:00:00,3367.31,3368.45,3366.45,3367.42,989,7,0
2025-08-25 02:30:00,3367.42,3371.06,3366.88,3369.17,1993,7,0
2025-08-25 03:00:00,3369.17,3369.72,3364.43,3364.92,2555,7,0
2025-08-25 03:30:00,3364.92,3365.69,3363.4,3364.91,2056,7,0
2025-08-25 04:00:00,3364.91,3367.84,3364.08,3364.82,4636,7,0
2025-08-25 04:30:00,3364.82,3365.1,3360.72,3362.89,3597,7,0
2025-08-25 05:00:00,3362.89,3362.97,3359.78,3362.47,2803,7,0
2025-08-25 05:30:00,3362.47,3365.19,3362.35,3364.49,2447,7,0
2025-08-25 06:00:00,3364.49,3367.44,3364.21,3366.29,2302,7,0
2025-08-25 06:30:00,3366.29,3368.14,3366.01,3367.3,1663,7,0
2025-08-25 07:00:00,3367.3,3367.68,3363.85,3365.64,1817,7,0
2025-08-25 07:30:00,3365.64,3367.09,3365.24,3366.08,964,7,0
2025-08-25 08:00:00,3366.08,3366.13,3363.71,3363.81,1354,7,0
2025-08-25 08:30:00,3363.81,3365.18,3363.11,3364.65,1638,7,0
2025-08-25 09:00:00,3364.65,3369.38,3364.55,3368.68,2755,7,0
2025-08-25 09:30:00,3368.68,3369.57,3366.0,3368.92,2814,7,0
2025-08-25 10:00:00,3368.92,3369.93,3366.4,3368.93,2258,7,0
2025-08-25 10:30:00,3368.93,3369.5,3366.07,3366.22,2081,7,0
2025-08-25 11:00:00,3366.22,3366.85,3363.72,3363.88,2484,7,0
2025-08-25 11:30:00,3363.88,3365.35,3363.52,3363.96,1858,7,0
2025-08-25 12:00:00,3363.96,3364.35,3361.99,3362.68,1788,7,0
2025-08-25 12:30:00,3362.68,3368.07,3362.13,3367.4,2681,7,0
2025-08-25 13:00:00,3367.4,3368.5,3365.18,3365.33,2474,7,0
2025-08-25 13:30:00,3365.33,3367.99,3365.17,3366.02,2042,7,0
2025-08-25 14:00:00,3366.02,3368.46,3365.72,3367.85,2324,7,0
2025-08-25 14:30:00,3367.85,3371.55,3367.85,3370.62,2723,7,0
2025-08-25 15:00:00,3370.62,3371.24,3368.3,3368.92,2904,7,0
2025-08-25 15:30:00,3368.92,3369.3,3364.26,3364.53,4136,7,0
2025-08-25 16:00:00,3364.53,3365.21,3362.21,3363.99,4660,7,0
2025-08-25 16:30:00,3363.99,3371.37,3363.74,3370.81,7953,7,0
2025-08-25 17:00:00,3370.81,3374.24,3369.27,3371.1,8016,7,0
2025-08-25 17:30:00,3371.1,3375.48,3371.1,3374.39,6271,7,0
2025-08-25 18:00:00,3374.39,3376.32,3373.78,3374.14,5459,7,0
2025-08-25 18:30:00,3374.14,3374.79,3371.94,3374.1,4032,7,0
2025-08-25 19:00:00,3374.1,3374.1,3372.45,3372.91,3276,7,0
2025-08-25 19:30:00,3372.91,3374.39,3371.78,3373.88,3045,7,0
2025-08-25 20:00:00,3373.88,3374.85,3372.86,3373.06,2906,7,0
2025-08-25 20:30:00,3373.06,3373.06,3370.93,3371.13,3273,7,0
2025-08-25 21:00:00,3371.13,3373.32,3370.59,3372.5,2680,7,0
2025-08-25 21:30:00,3372.5,3372.74,3369.87,3370.57,2652,7,0
2025-08-25 22:00:00,3370.57,3370.93,3367.89,3368.4,3098,7,0
2025-08-25 22:30:00,3368.4,3369.21,3365.29,3365.48,3381,7,0
2025-08-25 23:00:00,3365.48,3366.13,3364.58,3365.06,1780,7,0
2025-08-25 23:30:00,3365.06,3365.94,3364.33,3365.45,1235,7,0
2025-08-26 01:00:00,3365.6,3367.17,3364.23,3364.61,1890,7,0
2025-08-26 01:30:00,3364.61,3365.25,3363.75,3364.34,938,7,0
2025-08-26 02:00:00,3364.34,3364.34,3353.75,3355.79,3920,7,0
2025-08-26 02:30:00,3355.79,3355.79,3351.67,3354.99,3678,7,0
2025-08-26 03:00:00,3354.99,3380.32,3351.3,3377.69,14581,7,0
2025-08-26 03:30:00,3377.4,3386.48,3377.24,3383.16,11429,7,0
2025-08-26 04:00:00,3383.16,3385.11,3372.54,3374.01,9179,7,0
2025-08-26 04:30:00,3374.01,3378.02,3371.8,3376.86,6273,7,0
2025-08-26 05:00:00,3376.86,3379.08,3376.09,3377.69,4339,7,0
2025-08-26 05:30:00,3377.69,3378.15,3372.89,3375.43,4694,7,0
2025-08-26 06:00:00,3375.43,3375.51,3369.89,3372.29,4483,7,0
2025-08-26 06:30:00,3372.29,3374.03,3371.9,3372.24,2245,7,0
2025-08-26 07:00:00,3372.24,3376.15,3372.14,3375.61,1917,7,0
2025-08-26 07:30:00,3375.6,3378.96,3375.48,3377.39,2975,7,0
2025-08-26 08:00:00,3377.39,3379.1,3372.86,3373.43,2578,7,0
2025-08-26 08:30:00,3373.43,3378.23,3372.56,3376.69,4284,7,0
2025-08-26 09:00:00,3376.69,3376.79,3372.5,3373.53,3708,7,0
2025-08-26 09:30:00,3373.53,3377.74,3373.28,3376.28,4168,7,0
2025-08-26 10:00:00,3376.28,3377.03,3367.23,3370.87,6215,7,0
2025-08-26 10:30:00,3370.87,3379.19,3370.68,3376.75,5523,7,0
2025-08-26 11:00:00,3376.75,3379.58,3375.62,3378.96,5068,7,0
2025-08-26 11:30:00,3378.96,3379.88,3376.64,3376.78,3515,7,0
2025-08-26 12:00:00,3376.77,3378.66,3374.5,3375.36,3348,7,0
2025-08-26 12:30:00,3375.36,3375.36,3369.63,3372.1,5877,7,0
2025-08-26 13:00:00,3372.1,3375.18,3370.38,3370.68,2636,7,0
2025-08-26 13:30:00,3370.68,3372.62,3367.25,3372.03,4030,7,0
2025-08-26 14:00:00,3372.03,3378.57,3370.72,3378.41,5281,7,0
2025-08-26 14:30:00,3378.41,3380.41,3376.4,3377.58,5091,7,0
2025-08-26 15:00:00,3377.58,3379.86,3376.02,3376.93,5997,7,0
2025-08-26 15:30:00,3376.93,3379.01,3371.06,3372.06,6039,7,0
2025-08-26 16:00:00,3372.04,3374.63,3370.56,3373.74,8788,7,0
2025-08-26 16:30:00,3373.74,3378.23,3372.71,3375.79,11441,7,0
2025-08-26 17:00:00,3375.79,3376.36,3370.34,3374.27,10661,7,0
2025-08-26 17:30:00,3374.27,3379.61,3373.7,3379.36,7853,7,0
2025-08-26 18:00:00,3379.36,3383.65,3378.68,3382.01,8087,7,0
2025-08-26 18:30:00,3382.01,3389.41,3381.68,3386.73,8013,7,0
2025-08-26 19:00:00,3386.73,3387.75,3383.13,3384.63,6456,7,0
2025-08-26 19:30:00,3384.63,3385.99,3382.55,3383.07,3954,7,0
2025-08-26 20:00:00,3383.07,3385.94,3382.7,3383.97,4525,7,0
2025-08-26 20:30:00,3383.97,3384.24,3381.62,3381.78,3601,7,0
2025-08-26 21:00:00,3381.78,3383.31,3380.25,3382.91,3863,7,0
2025-08-26 21:30:00,3382.91,3385.77,3382.89,3385.67,3487,7,0
2025-08-26 22:00:00,3385.67,3389.46,3385.22,3388.47,4005,7,0
2025-08-26 22:30:00,3388.47,3390.94,3387.89,3389.78,5611,7,0
2025-08-26 23:00:00,3389.77,3391.06,3389.27,3390.39,2026,7,0
2025-08-26 23:30:00,3390.39,3393.59,3390.06,3393.4,1287,7,0
2025-08-27 01:00:00,3393.5,3394.24,3388.86,3389.77,2373,7,0
2025-08-27 01:30:00,3389.77,3391.99,3389.76,3391.01,1435,7,0
2025-08-27 02:00:00,3391.01,3393.03,3390.61,3391.63,1384,7,0
2025-08-27 02:30:00,3391.63,3392.22,3390.01,3390.96,1519,7,0
2025-08-27 03:00:00,3390.96,3393.6,3389.73,3391.39,2804,7,0
2025-08-27 03:30:00,3391.39,3392.74,3389.04,3389.61,3418,7,0
2025-08-27 04:00:00,3389.61,3390.12,3384.4,3384.74,5133,7,0
2025-08-27 04:30:00,3384.74,3387.95,3383.38,3386.27,3807,7,0
2025-08-27 05:00:00,3386.27,3387.03,3384.5,3385.75,2436,7,0
2025-08-27 05:30:00,3385.75,3386.58,3382.23,3384.17,2721,7,0
2025-08-27 06:00:00,3384.17,3384.49,3381.92,3382.1,1780,7,0
2025-08-27 06:30:00,3382.1,3383.3,3380.6,3380.61,2453,7,0
2025-08-27 07:00:00,3380.61,3381.32,3377.19,3377.32,2981,7,0
2025-08-27 07:30:00,3377.32,3377.88,3373.95,3375.06,3196,7,0
2025-08-27 08:00:00,3375.06,3377.52,3374.16,3375.85,3265,7,0
2025-08-27 08:30:00,3375.85,3379.01,3375.7,3377.23,3803,7,0
2025-08-27 09:00:00,3377.23,3381.97,3377.15,3381.04,4100,7,0
2025-08-27 09:30:00,3381.04,3381.61,3376.32,3377.5,3855,7,0
2025-08-27 10:00:00,3377.5,3378.31,3373.78,3375.07,3876,7,0
2025-08-27 10:30:00,3375.07,3381.62,3374.38,3381.49,4320,7,0
2025-08-27 11:00:00,3381.49,3385.03,3381.02,3384.3,5633,7,0
2025-08-27 11:30:00,3384.3,3384.73,3381.8,3384.56,3284,7,0
2025-08-27 12:00:00,3384.56,3385.48,3382.52,3382.71,3188,7,0
2025-08-27 12:30:00,3382.71,3383.73,3377.63,3378.21,4973,7,0
2025-08-27 13:00:00,3378.21,3379.31,3376.42,3376.53,5184,7,0
2025-08-27 13:30:00,3376.53,3378.01,3374.82,3375.68,6197,7,0
2025-08-27 14:00:00,3375.68,3377.4,3374.12,3375.39,4564,7,0
2025-08-27 14:30:00,3375.39,3378.25,3373.77,3376.81,4293,7,0
2025-08-27 15:00:00,3376.81,3382.9,3374.32,3381.72,5307,7,0
2025-08-27 15:30:00,3381.72,3382.78,3379.71,3381.17,6846,7,0
2025-08-27 16:00:00,3381.17,3384.83,3380.6,3381.96,6198,7,0
2025-08-27 16:30:00,3381.96,3382.21,3375.57,3377.88,11225,7,0
2025-08-27 17:00:00,3377.88,3383.61,3376.11,3383.11,8275,7,0
2025-08-27 17:30:00,3383.11,3386.96,3380.96,3386.53,7860,7,0
2025-08-27 18:00:00,3386.53,3390.51,3385.19,3387.91,9587,7,0
2025-08-27 18:30:00,3387.91,3389.66,3386.52,3388.08,5428,7,0
2025-08-27 19:00:00,3388.08,3391.21,3387.58,3391.16,4591,7,0
2025-08-27 19:30:00,3391.16,3398.87,3390.28,3395.57,9811,7,0
2025-08-27 20:00:00,3395.57,3397.5,3394.91,3396.59,5783,7,0
2025-08-27 20:30:00,3396.59,3397.01,3395.01,3395.18,4761,7,0
2025-08-27 21:00:00,3395.18,3395.61,3392.36,3395.4,4137,7,0
2025-08-27 21:30:00,3395.4,3396.33,3394.3,3394.58,3410,7,0
2025-08-27 22:00:00,3394.58,3396.36,3393.78,3395.5,4445,7,0
2025-08-27 22:30:00,3395.5,3396.42,3394.03,3396.32,4602,7,0
2025-08-27 23:00:00,3396.32,3396.47,3394.2,3395.73,2246,7,0
2025-08-27 23:30:00,3395.73,3397.85,3395.59,3396.97,1876,7,0
2025-08-28 01:00:00,3398.13,3399.11,3394.92,3396.4,1944,7,0
2025-08-28 01:30:00,3396.4,3397.7,3395.72,3395.86,1025,7,0
2025-08-28 02:00:00,3395.86,3399.1,3395.78,3398.38,1462,7,0
2025-08-28 02:30:00,3398.38,3399.31,3395.18,3395.76,2024,7,0
2025-08-28 03:00:00,3395.76,3398.01,3394.64,3395.61,2702,7,0
2025-08-28 03:30:00,3395.61,3398.09,3391.24,3392.06,3168,7,0
2025-08-28 04:00:00,3392.06,3392.93,3387.62,3388.15,5998,7,0
2025-08-28 04:30:00,3388.15,3389.68,3385.55,3385.95,4841,7,0
2025-08-28 05:00:00,3385.95,3388.11,3384.66,3386.9,3784,7,0
2025-08-28 05:30:00,3386.9,3391.47,3384.61,3391.47,3498,7,0
2025-08-28 06:00:00,3391.47,3392.49,3390.38,3390.53,3020,7,0
2025-08-28 06:30:00,3390.53,3391.87,3388.93,3390.22,2256,7,0
2025-08-28 07:00:00,3390.22,3391.89,3388.75,3391.23,1656,7,0
2025-08-28 07:30:00,3391.23,3392.29,3389.81,3390.35,1793,7,0
2025-08-28 08:00:00,3390.35,3390.79,3389.32,3390.46,1986,7,0
2025-08-28 08:30:00,3390.46,3390.89,3387.74,3389.19,3568,7,0
2025-08-28 09:00:00,3389.19,3392.68,3388.82,3390.24,4973,7,0
2025-08-28 09:30:00,3390.24,3395.7,3389.88,3395.34,4564,7,0
2025-08-28 10:00:00,3395.34,3397.74,3393.9,3395.29,5084,7,0
2025-08-28 10:30:00,3395.29,3396.12,3393.68,3395.84,3514,7,0
2025-08-28 11:00:00,3395.84,3397.52,3393.96,3395.69,4222,7,0
2025-08-28 11:30:00,3395.69,3401.07,3395.38,3400.7,5227,7,0
2025-08-28 12:00:00,3400.7,3401.72,3399.42,3399.45,3134,7,0
2025-08-28 12:30:00,3399.45,3400.34,3398.49,3399.21,3095,7,0
2025-08-28 13:00:00,3399.21,3399.27,3393.87,3396.78,5854,7,0
2025-08-28 13:30:00,3396.78,3398.75,3395.17,3397.1,3856,7,0
2025-08-28 14:00:00,3397.1,3404.34,3396.31,3404.25,3831,7,0
2025-08-28 14:30:00,3404.25,3407.71,3403.95,3404.08,7106,7,0
2025-08-28 15:00:00,3404.08,3408.83,3403.7,3406.69,6863,7,0
2025-08-28 15:30:00,3406.69,3407.13,3396.88,3397.25,11998,7,0
2025-08-28 16:00:00,3397.27,3405.67,3394.05,3404.78,10977,7,0
2025-08-28 16:30:00,3404.78,3410.55,3401.84,3407.41,15556,7,0
2025-08-28 17:00:00,3407.41,3412.05,3406.54,3410.98,11205,7,0
2025-08-28 17:30:00,3410.98,3413.5,3409.93,3412.27,9505,7,0
2025-08-28 18:00:00,3412.27,3413.2,3405.44,3406.39,7977,7,0
2025-08-28 18:30:00,3406.39,3411.0,3404.56,3411.0,6854,7,0
2025-08-28 19:00:00,3411.0,3415.71,3409.93,3415.55,8653,7,0
2025-08-28 19:30:00,3415.55,3417.8,3414.42,3415.57,6961,7,0
2025-08-28 20:00:00,3415.57,3416.94,3414.58,3415.18,6168,7,0
2025-08-28 20:30:00,3415.18,3418.85,3415.17,3418.04,6935,7,0
2025-08-28 21:00:00,3418.04,3418.95,3417.36,3418.19,5106,7,0
2025-08-28 21:30:00,3418.19,3420.45,3417.82,3420.11,5140,7,0
2025-08-28 22:00:00,3420.11,3420.42,3418.29,3419.47,5091,7,0
2025-08-28 22:30:00,3419.47,3423.21,3417.98,3422.08,6849,7,0
2025-08-28 23:00:00,3422.08,3422.39,3416.94,3417.28,3102,7,0
2025-08-28 23:30:00,3417.28,3417.68,3416.32,3416.93,1124,7,0
2025-08-29 01:00:00,3416.61,3418.16,3415.48,3416.89,1282,7,0
2025-08-29 01:30:00,3416.89,3417.14,3415.57,3416.87,927,7,0
2025-08-29 02:00:00,3416.87,3416.87,3415.74,3415.95,680,7,0
2025-08-29 02:30:00,3415.95,3416.27,3414.77,3414.8,1346,7,0
2025-08-29 03:00:00,3414.8,3417.93,3413.06,3414.75,3998,7,0
2025-08-29 03:30:00,3414.75,3415.31,3413.08,3413.55,3396,7,0
2025-08-29 04:00:00,3413.55,3413.61,3409.87,3410.3,5056,7,0
2025-08-29 04:30:00,3410.3,3410.9,3407.93,3410.0,5724,7,0
2025-08-29 05:00:00,3410.0,3413.49,3409.9,3412.14,3668,7,0
2025-08-29 05:30:00,3412.14,3414.07,3411.08,3411.32,3155,7,0
2025-08-29 06:00:00,3411.32,3412.28,3409.99,3411.99,2856,7,0
2025-08-29 06:30:00,3411.99,3413.6,3410.83,3410.83,1945,7,0
2025-08-29 07:00:00,3410.83,3411.39,3407.57,3408.55,3285,7,0
2025-08-29 07:30:00,3408.55,3409.5,3408.07,3408.99,1976,7,0
2025-08-29 08:00:00,3408.99,3409.63,3407.04,3408.1,2556,7,0
2025-08-29 08:30:00,3408.1,3410.86,3408.0,3410.46,3038,7,0
2025-08-29 09:00:00,3410.46,3412.77,3410.38,3411.64,3546,7,0
2025-08-29 09:30:00,3411.64,3411.76,3407.92,3410.27,3336,7,0
2025-08-29 10:00:00,3410.27,3412.77,3406.78,3407.26,4741,7,0
2025-08-29 10:30:00,3407.26,3412.69,3406.54,3412.16,5556,7,0
2025-08-29 11:00:00,3412.16,3414.83,3411.28,3412.63,4770,7,0
2025-08-29 11:30:00,3412.63,3414.22,3409.78,3410.37,4405,7,0
2025-08-29 12:00:00,3410.37,3411.11,3408.62,3408.85,4930,7,0
2025-08-29 12:30:00,3408.85,3409.03,3406.97,3407.49,5118,7,0
2025-08-29 13:00:00,3407.49,3408.89,3405.72,3406.52,4849,7,0
2025-08-29 13:30:00,3406.52,3407.77,3404.67,3405.53,3261,7,0
2025-08-29 14:00:00,3405.53,3407.49,3404.27,3407.35,3397,7,0
2025-08-29 14:30:00,3407.35,3411.32,3407.01,3410.76,5658,7,0
2025-08-29 15:00:00,3410.76,3411.11,3406.7,3408.28,5983,7,0
2025-08-29 15:30:00,3408.28,3416.87,3408.26,3416.5,11085,7,0
2025-08-29 16:00:00,3416.5,3420.43,3413.62,3417.54,10837,7,0
2025-08-29 16:30:00,3417.54,3429.07,3417.37,3428.31,14358,7,0
2025-08-29 17:00:00,3428.31,3437.41,3428.31,3435.94,19161,7,0
2025-08-29 17:30:00,3435.94,3441.23,3433.36,3441.2,17493,7,0
2025-08-29 18:00:00,3441.19,3446.28,3439.03,3444.88,16976,7,0
2025-08-29 18:30:00,3444.88,3447.77,3444.42,3445.71,12884,7,0
2025-08-29 19:00:00,3445.71,3448.47,3442.26,3445.72,11460,7,0
2025-08-29 19:30:00,3445.72,3449.43,3445.35,3449.25,7734,7,0
2025-08-29 20:00:00,3449.25,3450.2,3446.5,3448.06,8266,7,0
2025-08-29 20:30:00,3448.06,3448.43,3441.08,3443.74,6464,7,0
2025-08-29 21:00:00,3443.74,3445.68,3441.0,3444.83,6784,7,0
2025-08-29 21:30:00,3444.83,3445.76,3442.94,3442.97,5129,7,0
2025-08-29 22:00:00,3442.97,3445.83,3441.64,3444.17,5886,7,0
2025-08-29 22:30:00,3444.19,3454.02,3443.63,3452.59,9772,7,0
2025-08-29 23:00:00,3452.59,3452.7,3445.63,3450.13,6471,7,0
2025-08-29 23:30:00,3450.13,3450.17,3447.19,3448.7,1204,7,0
2025-09-01 01:00:00,3446.31,3448.77,3442.35,3448.03,3944,7,0
2025-09-01 01:30:00,3448.03,3452.57,3447.81,3450.27,2129,7,0
2025-09-01 02:00:00,3450.27,3450.97,3446.75,3446.85,1281,7,0
2025-09-01 02:30:00,3446.85,3449.58,3444.81,3448.1,1922,7,0
2025-09-01 03:00:00,3448.1,3448.1,3442.74,3445.37,3612,7,0
2025-09-01 03:30:00,3445.37,3446.1,3442.6,3444.16,2916,7,0
2025-09-01 04:00:00,3444.16,3445.6,3437.12,3439.09,5741,7,0
2025-09-01 04:30:00,3439.07,3459.45,3438.43,3457.3,9772,7,0
2025-09-01 05:00:00,3457.3,3471.43,3455.25,3466.4,16957,7,0
2025-09-01 05:30:00,3466.4,3484.87,3465.5,3483.76,17017,7,0
2025-09-01 06:00:00,3483.76,3486.2,3469.71,3471.67,12472,7,0
2025-09-01 06:30:00,3471.67,3476.53,3471.33,3474.63,6554,7,0
2025-09-01 07:00:00,3474.63,3479.55,3472.93,3474.09,5154,7,0
2025-09-01 07:30:00,3474.09,3476.2,3472.17,3475.07,4623,7,0
2025-09-01 08:00:00,3475.07,3478.54,3474.38,3478.16,6109,7,0
2025-09-01 08:30:00,3478.16,3482.93,3474.57,3477.33,10336,7,0
2025-09-01 09:00:00,3477.33,3486.26,3476.86,3485.46,9235,7,0
2025-09-01 09:30:00,3485.46,3489.91,3478.45,3479.27,9519,7,0
2025-09-01 10:00:00,3479.27,3480.89,3470.24,3472.11,9519,7,0
2025-09-01 10:30:00,3472.11,3478.18,3467.81,3477.9,8468,7,0
2025-09-01 11:00:00,3477.9,3479.92,3474.53,3479.1,6570,7,0
2025-09-01 11:30:00,3479.1,3479.55,3476.61,3476.94,5946,7,0
2025-09-01 12:00:00,3476.94,3477.1,3470.75,3471.48,5866,7,0
2025-09-01 12:30:00,3471.48,3472.75,3467.31,3469.51,6225,7,0
2025-09-01 13:00:00,3469.51,3474.11,3466.41,3471.04,7800,7,0
2025-09-01 13:30:00,3471.04,3472.99,3468.9,3470.57,4524,7,0
2025-09-01 14:00:00,3470.6,3472.15,3469.73,3471.35,5493,7,0
2025-09-01 14:30:00,3471.35,3473.5,3467.69,3470.16,5587,7,0
2025-09-01 15:00:00,3470.16,3471.65,3467.16,3469.93,5901,7,0
2025-09-01 15:30:00,3469.93,3470.88,3468.67,3469.37,5653,7,0
2025-09-01 16:00:00,3469.37,3478.53,3468.84,3477.98,8206,7,0
2025-09-01 16:30:00,3477.98,3479.04,3475.33,3475.36,6123,7,0
2025-09-01 17:00:00,3475.36,3481.46,3474.34,3477.78,6220,7,0
2025-09-01 17:30:00,3477.78,3479.6,3473.69,3475.75,5520,7,0
2025-09-01 18:00:00,3475.75,3479.12,3475.28,3475.49,3743,7,0
2025-09-01 18:30:00,3475.49,3477.49,3473.55,3474.23,3611,7,0
2025-09-01 19:00:00,3474.23,3474.57,3472.34,3474.2,2310,7,0
2025-09-01 19:30:00,3474.2,3477.66,3473.66,3477.33,1608,7,0
2025-09-01 20:00:00,3477.33,3477.96,3476.16,3477.57,1763,7,0
2025-09-01 20:30:00,3477.57,3478.96,3477.37,3477.96,1720,7,0
2025-09-01 21:00:00,3477.96,3478.01,3476.23,3476.64,1031,7,0
2025-09-02 01:00:00,3478.1,3479.77,3474.42,3478.4,3887,7,0
2025-09-02 01:30:00,3478.4,3479.41,3475.35,3475.35,2090,7,0
2025-09-02 02:00:00,3475.35,3481.46,3474.55,3477.99,1905,7,0
2025-09-02 02:30:00,3477.99,3480.95,3477.68,3479.35,2175,7,0
2025-09-02 03:00:00,3479.35,3483.9,3478.33,3483.23,6837,7,0
2025-09-02 03:30:00,3483.15,3485.15,3478.27,3479.21,7033,7,0
2025-09-02 04:00:00,3479.21,3497.75,3477.04,3497.43,13898,7,0
2025-09-02 04:30:00,3497.43,3508.8,3489.37,3497.83,16729,7,0
2025-09-02 05:00:00,3497.83,3500.66,3491.45,3493.02,11337,7,0
2025-09-02 05:30:00,3493.02,3498.37,3492.08,3496.27,8363,7,0
2025-09-02 06:00:00,3496.27,3496.27,3490.72,3493.38,6750,7,0
2025-09-02 06:30:00,3493.38,3496.07,3490.19,3495.16,4344,7,0
2025-09-02 07:00:00,3495.14,3496.36,3493.42,3494.24,4602,7,0
2025-09-02 07:30:00,3494.24,3498.3,3493.67,3496.79,3603,7,0
2025-09-02 08:00:00,3496.79,3497.8,3492.64,3493.43,3960,7,0
2025-09-02 08:30:00,3493.43,3497.38,3492.05,3493.05,7125,7,0
2025-09-02 09:00:00,3493.05,3495.72,3484.24,3485.56,10288,7,0
2025-09-02 09:30:00,3485.56,3490.45,3483.27,3485.62,9318,7,0
2025-09-02 10:00:00,3485.64,3488.23,3480.29,3483.95,10858,7,0
2025-09-02 10:30:00,3483.95,3485.98,3472.2,3476.94,13053,7,0
2025-09-02 11:00:00,3476.94,3478.53,3470.11,3477.04,12965,7,0
2025-09-02 11:30:00,3477.04,3481.44,3474.69,3477.63,8144,7,0
2025-09-02 12:00:00,3477.63,3480.43,3476.11,3479.96,7237,7,0
2025-09-02 12:30:00,3479.96,3479.96,3476.53,3476.81,6842,7,0
2025-09-02 13:00:00,3476.81,3483.57,3475.79,3480.18,7863,7,0
2025-09-02 13:30:00,3480.18,3485.73,3480.13,3485.57,7758,7,0
2025-09-02 14:00:00,3485.57,3486.69,3479.34,3479.53,8273,7,0
2025-09-02 14:30:00,3479.53,3490.09,3478.57,3489.87,8666,7,0
2025-09-02 15:00:00,3489.87,3494.23,3480.54,3482.68,16403,7,0
2025-09-02 15:30:00,3482.68,3488.46,3474.42,3482.07,16250,7,0
2025-09-02 16:00:00,3482.07,3485.72,3478.24,3485.23,13355,7,0
2025-09-02 16:30:00,3485.23,3493.67,3478.95,3489.74,25770,7,0
2025-09-02 17:00:00,3489.74,3505.02,3488.09,3502.39,27843,7,0
2025-09-02 17:30:00,3502.38,3514.18,3495.29,3511.25,21536,7,0
2025-09-02 18:00:00,3511.25,3516.76,3509.63,3512.92,16374,7,0
2025-09-02 18:30:00,3512.92,3520.5,3511.67,3520.48,14298,7,0
2025-09-02 19:00:00,3520.48,3526.45,3518.2,3524.93,12225,7,0
2025-09-02 19:30:00,3524.93,3528.86,3524.32,3527.86,11400,7,0
2025-09-02 20:00:00,3527.86,3528.84,3521.92,3528.16,9349,7,0
2025-09-02 20:30:00,3528.16,3530.23,3524.82,3529.4,7552,7,0
2025-09-02 21:00:00,3529.4,3530.68,3527.92,3530.0,5581,7,0
2025-09-02 21:30:00,3530.0,3532.18,3525.28,3528.48,7418,7,0
2025-09-02 22:00:00,3528.48,3538.23,3528.48,3536.56,9556,7,0
2025-09-02 22:30:00,3536.56,3540.08,3533.31,3537.14,10866,7,0
2025-09-02 23:00:00,3537.14,3537.78,3533.47,3536.56,3302,7,0
2025-09-02 23:30:00,3536.56,3536.8,3533.64,3533.99,2453,7,0
2025-09-03 01:00:00,3533.3,3535.01,3531.17,3532.97,2412,7,0
2025-09-03 01:30:00,3532.97,3533.71,3529.23,3529.44,1575,7,0
2025-09-03 02:00:00,3529.44,3530.38,3527.9,3527.9,1479,7,0
2025-09-03 02:30:00,3527.9,3533.11,3526.29,3530.17,3842,7,0
2025-09-03 03:00:00,3530.17,3546.8,3528.07,3537.31,9104,7,0
2025-09-03 03:30:00,3537.21,3543.48,3535.15,3536.12,8746,7,0
2025-09-03 04:00:00,3536.12,3541.75,3531.92,3537.43,12283,7,0
2025-09-03 04:30:00,3537.43,3541.17,3535.01,3538.8,7233,7,0
2025-09-03 05:00:00,3538.8,3545.94,3537.99,3540.78,6636,7,0
2025-09-03 05:30:00,3540.78,3541.58,3531.36,3531.86,8396,7,0
2025-09-03 06:00:00,3531.86,3533.51,3529.73,3531.15,8539,7,0
2025-09-03 06:30:00,3531.03,3533.2,3529.39,3530.83,4148,7,0
2025-09-03 07:00:00,3530.83,3535.0,3530.77,3534.23,5082,7,0
2025-09-03 07:30:00,3534.23,3538.35,3534.23,3536.93,5228,7,0
2025-09-03 08:00:00,3536.93,3537.96,3533.01,3534.79,4877,7,0
2025-09-03 08:30:00,3534.79,3534.95,3526.93,3529.94,7269,7,0
2025-09-03 09:00:00,3529.94,3534.88,3529.88,3533.35,6917,7,0
2025-09-03 09:30:00,3533.35,3537.41,3532.57,3535.38,7026,7,0
2025-09-03 10:00:00,3535.36,3536.37,3529.22,3532.01,7687,7,0
2025-09-03 10:30:00,3532.01,3537.01,3531.7,3533.91,6911,7,0
2025-09-03 11:00:00,3533.91,3541.2,3533.78,3541.06,8623,7,0
2025-09-03 11:30:00,3541.06,3541.12,3536.19,3540.1,5656,7,0
2025-09-03 12:00:00,3540.1,3541.93,3538.24,3538.27,5840,7,0
2025-09-03 12:30:00,3538.27,3539.26,3533.93,3534.28,6276,7,0
2025-09-03 13:00:00,3534.28,3537.1,3532.35,3536.88,5095,7,0
2025-09-03 13:30:00,3536.88,3541.89,3535.1,3540.09,5872,7,0
2025-09-03 14:00:00,3540.09,3547.94,3539.81,3545.79,7292,7,0
2025-09-03 14:30:00,3545.79,3549.71,3544.86,3547.63,9244,7,0
2025-09-03 15:00:00,3547.63,3549.41,3541.41,3547.24,11845,7,0
2025-09-03 15:30:00,3547.24,3551.56,3544.33,3550.54,11590,7,0
2025-09-03 16:00:00,3550.54,3561.21,3549.51,3560.4,14895,7,0
2025-09-03 16:30:00,3560.4,3561.47,3549.41,3553.77,20844,7,0
2025-09-03 17:00:00,3553.77,3565.82,3551.6,3563.06,23505,7,0
2025-09-03 17:30:00,3563.06,3564.87,3554.4,3558.46,19836,7,0
2025-09-03 18:00:00,3558.46,3565.18,3557.51,3564.64,13594,7,0
2025-09-03 18:30:00,3564.64,3567.42,3561.26,3563.99,9433,7,0
2025-09-03 19:00:00,3563.99,3568.05,3562.23,3567.86,9479,7,0
2025-09-03 19:30:00,3567.86,3572.68,3567.02,3572.53,7525,7,0
2025-09-03 20:00:00,3572.53,3573.11,3570.33,3571.87,7454,7,0
2025-09-03 20:30:00,3571.87,3576.03,3571.75,3574.45,6856,7,0
2025-09-03 21:00:00,3574.45,3578.55,3574.45,3574.7,9678,7,0
2025-09-03 21:30:00,3574.7,3574.8,3565.53,3570.47,15331,7,0
2025-09-03 22:00:00,3570.47,3571.73,3561.77,3563.97,10342,7,0
2025-09-03 22:30:00,3563.97,3565.86,3561.28,3563.81,10982,7,0
2025-09-03 23:00:00,3563.81,3566.06,3561.89,3564.44,4349,7,0
2025-09-03 23:30:00,3564.44,3564.54,3558.85,3559.73,3117,7,0
2025-09-04 01:00:00,3560.64,3563.62,3558.67,3563.57,4354,7,0
2025-09-04 01:30:00,3563.57,3564.12,3561.32,3561.95,3352,7,0
2025-09-04 02:00:00,3561.95,3561.95,3554.44,3557.96,6361,7,0
2025-09-04 02:30:00,3557.96,3560.7,3555.09,3560.41,3215,7,0
2025-09-04 03:00:00,3560.41,3561.07,3551.99,3560.11,6992,7,0
2025-09-04 03:30:00,3560.11,3562.5,3557.02,3561.56,5479,7,0
2025-09-04 04:00:00,3561.56,3563.22,3551.92,3552.32,10629,7,0
2025-09-04 04:30:00,3552.32,3553.26,3543.75,3546.37,11530,7,0
2025-09-04 05:00:00,3546.37,3550.72,3540.76,3545.36,10063,7,0
2025-09-04 05:30:00,3545.36,3546.38,3526.53,3530.9,14011,7,0
2025-09-04 06:00:00,3530.9,3531.85,3511.56,3529.84,14905,7,0
2025-09-04 06:30:00,3529.84,3531.53,3526.14,3529.12,5798,7,0
2025-09-04 07:00:00,3529.12,3534.35,3528.75,3530.94,4781,7,0
2025-09-04 07:30:00,3530.94,3533.21,3530.01,3533.04,2235,7,0
2025-09-04 08:00:00,3533.04,3533.35,3528.74,3531.31,4685,7,0
2025-09-04 08:30:00,3531.31,3534.08,3525.43,3527.48,8629,7,0
2025-09-04 09:00:00,3527.48,3538.95,3524.51,3537.71,8391,7,0
2025-09-04 09:30:00,3537.71,3541.79,3535.29,3536.07,8706,7,0
2025-09-04 10:00:00,3536.07,3540.34,3532.73,3537.64,8833,7,0
2025-09-04 10:30:00,3537.64,3541.24,3536.83,3541.11,4001,7,0
2025-09-04 11:00:00,3541.1,3545.61,3539.76,3543.46,6147,7,0
2025-09-04 11:30:00,3543.46,3545.19,3537.37,3541.3,6471,7,0
2025-09-04 12:00:00,3541.3,3544.92,3539.08,3539.36,5318,7,0
2025-09-04 12:30:00,3539.36,3541.35,3536.71,3538.75,5275,7,0
2025-09-04 13:00:00,3538.75,3547.09,3538.44,3540.85,6500,7,0
2025-09-04 13:30:00,3540.85,3542.22,3538.66,3540.95,4183,7,0
2025-09-04 14:00:00,3540.95,3541.52,3536.66,3540.07,5015,7,0
2025-09-04 14:30:00,3540.07,3549.91,3539.59,3545.55,7881,7,0
2025-09-04 15:00:00,3545.55,3553.03,3544.09,3546.06,9787,7,0
2025-09-04 15:30:00,3546.06,3548.77,3541.3,3548.4,12445,7,0
2025-09-04 16:00:00,3548.4,3554.35,3539.97,3552.79,11702,7,0
2025-09-04 16:30:00,3552.79,3558.87,3543.02,3547.02,20727,7,0
2025-09-04 17:00:00,3547.02,3547.02,3535.17,3541.78,23189,7,0
2025-09-04 17:30:00,3541.78,3546.44,3540.11,3545.91,14666,7,0
2025-09-04 18:00:00,3545.91,3549.03,3542.41,3544.05,10261,7,0
2025-09-04 18:30:00,3544.05,3553.36,3544.05,3552.86,8473,7,0
2025-09-04 19:00:00,3552.86,3556.28,3551.41,3553.13,8067,7,0
2025-09-04 19:30:00,3553.13,3554.8,3549.27,3552.5,6159,7,0
2025-09-04 20:00:00,3552.5,3555.52,3547.46,3549.4,6939,7,0
2025-09-04 20:30:00,3549.42,3549.71,3542.64,3542.89,6790,7,0
2025-09-04 21:00:00,3542.89,3546.55,3542.78,3545.78,5236,7,0
2025-09-04 21:30:00,3545.78,3548.39,3544.93,3546.37,4597,7,0
2025-09-04 22:00:00,3546.37,3550.4,3545.66,3549.38,4997,7,0
2025-09-04 22:30:00,3549.38,3551.14,3548.91,3549.99,5388,7,0
2025-09-04 23:00:00,3549.97,3550.64,3548.64,3549.82,1903,7,0
2025-09-04 23:30:00,3549.82,3549.87,3544.38,3545.68,1715,7,0
2025-09-05 01:00:00,3547.57,3547.57,3540.54,3542.23,1928,7,0
2025-09-05 01:30:00,3542.23,3543.51,3540.17,3541.1,1510,7,0
2025-09-05 02:00:00,3541.1,3544.76,3540.96,3542.83,2040,7,0
2025-09-05 02:30:00,3542.83,3554.61,3542.81,3552.64,4350,7,0
2025-09-05 03:00:00,3552.64,3556.47,3549.05,3551.28,7115,7,0
2025-09-05 03:30:00,3551.28,3554.76,3549.47,3552.25,5695,7,0
2025-09-05 04:00:00,3552.25,3556.63,3551.16,3555.19,8059,7,0
2025-09-05 04:30:00,3555.19,3556.1,3550.1,3552.53,6748,7,0
2025-09-05 05:00:00,3552.53,3555.45,3549.75,3550.37,6008,7,0
2025-09-05 05:30:00,3550.37,3552.4,3546.05,3550.84,6319,7,0
2025-09-05 06:00:00,3550.84,3555.55,3548.72,3555.17,4842,7,0
2025-09-05 06:30:00,3555.17,3559.14,3555.15,3558.38,4234,7,0
2025-09-05 07:00:00,3558.38,3558.99,3556.42,3557.75,3533,7,0
2025-09-05 07:30:00,3557.75,3559.12,3556.3,3558.48,2856,7,0
2025-09-05 08:00:00,3558.48,3561.16,3555.96,3557.08,3289,7,0
2025-09-05 08:30:00,3557.08,3560.19,3555.81,3557.85,5971,7,0
2025-09-05 09:00:00,3557.85,3558.16,3548.37,3551.39,9023,7,0
2025-09-05 09:30:00,3551.39,3553.85,3551.34,3552.57,5869,7,0
2025-09-05 10:00:00,3552.57,3554.34,3548.3,3549.14,7504,7,0
2025-09-05 10:30:00,3549.14,3550.81,3546.62,3548.2,5346,7,0
2025-09-05 11:00:00,3548.2,3549.44,3544.93,3549.15,6193,7,0
2025-09-05 11:30:00,3549.15,3549.91,3544.86,3546.07,4145,7,0
2025-09-05 12:00:00,3546.07,3551.2,3545.96,3548.48,4632,7,0
2025-09-05 12:30:00,3548.48,3553.87,3547.79,3552.44,4132,7,0
2025-09-05 13:00:00,3552.44,3552.88,3550.3,3552.29,3207,7,0
2025-09-05 13:30:00,3552.29,3552.99,3549.44,3551.89,4768,7,0
2025-09-05 14:00:00,3551.89,3555.18,3548.72,3548.89,5332,7,0
2025-09-05 14:30:00,3548.89,3553.36,3547.82,3553.29,4838,7,0
2025-09-05 15:00:00,3553.29,3554.95,3548.84,3554.35,12534,7,0
2025-09-05 15:30:00,3554.35,3586.86,3554.0,3580.31,34431,7,0
2025-09-05 16:00:00,3580.31,3585.02,3573.18,3579.12,20776,7,0
2025-09-05 16:30:00,3579.12,3595.3,3575.46,3594.43,27036,7,0
2025-09-05 17:00:00,3594.59,3598.03,3577.82,3578.99,24377,7,0
2025-09-05 17:30:00,3578.99,3590.4,3573.23,3590.31,25052,7,0
2025-09-05 18:00:00,3590.31,3592.44,3581.85,3589.31,19584,7,0
2025-09-05 18:30:00,3589.31,3595.55,3589.09,3591.94,12143,7,0
2025-09-05 19:00:00,3591.92,3600.09,3591.15,3599.59,12418,7,0
2025-09-05 19:30:00,3599.59,3600.16,3592.61,3595.26,12007,7,0
2025-09-05 20:00:00,3595.26,3597.01,3590.44,3596.19,10951,7,0
2025-09-05 20:30:00,3596.1,3597.51,3593.2,3596.5,8372,7,0
2025-09-05 21:00:00,3596.5,3597.35,3592.58,3594.76,8379,7,0
2025-09-05 21:30:00,3594.76,3596.68,3592.69,3595.58,7337,7,0
2025-09-05 22:00:00,3595.58,3596.03,3592.68,3593.72,7508,7,0
2025-09-05 22:30:00,3593.72,3596.18,3592.68,3594.76,10314,7,0
2025-09-05 23:00:00,3594.76,3595.51,3587.38,3590.17,5795,7,0
2025-09-05 23:30:00,3590.17,3590.59,3586.22,3586.58,1952,7,0
2025-09-08 01:00:00,3581.17,3596.89,3577.78,3593.74,16608,7,0
2025-09-08 01:30:00,3593.74,3595.17,3590.29,3592.23,5181,7,0
2025-09-08 02:00:00,3592.23,3593.71,3587.85,3589.8,4396,7,0
2025-09-08 02:30:00,3589.8,3594.05,3589.32,3591.23,4144,7,0
2025-09-08 03:00:00,3591.23,3591.69,3587.04,3589.75,7926,7,0
2025-09-08 03:30:00,3589.75,3594.4,3587.32,3594.36,5277,7,0
2025-09-08 04:00:00,3594.36,3597.17,3585.0,3586.0,14529,7,0
2025-09-08 04:30:00,3586.0,3591.4,3585.65,3589.68,10078,7,0
2025-09-08 05:00:00,3589.68,3594.42,3586.43,3590.2,9069,7,0
2025-09-08 05:30:00,3590.2,3592.65,3586.62,3590.68,8245,7,0
2025-09-08 06:00:00,3590.68,3592.38,3584.9,3585.15,5946,7,0
2025-09-08 06:30:00,3585.15,3587.14,3583.02,3583.63,4208,7,0
2025-09-08 07:00:00,3583.63,3584.85,3579.58,3583.47,3880,7,0
2025-09-08 07:30:00,3583.47,3583.67,3580.88,3581.6,2065,7,0
2025-09-08 08:00:00,3581.61,3584.43,3581.17,3582.97,2946,7,0
2025-09-08 08:30:00,3582.97,3591.79,3581.59,3591.26,6477,7,0
2025-09-08 09:00:00,3591.24,3594.55,3589.43,3594.41,6795,7,0
2025-09-08 09:30:00,3594.41,3598.82,3593.31,3598.1,6441,7,0
2025-09-08 10:00:00,3598.1,3610.29,3596.41,3608.95,8225,7,0
2025-09-08 10:30:00,3608.95,3613.62,3606.32,3609.61,8348,7,0
2025-09-08 11:00:00,3609.52,3617.3,3607.22,3612.8,6341,7,0
2025-09-08 11:30:00,3612.8,3614.69,3609.68,3611.23,5813,7,0
2025-09-08 12:00:00,3611.23,3614.4,3608.67,3611.41,6930,7,0
2025-09-08 12:30:00,3611.41,3615.01,3610.57,3613.83,3555,7,0
2025-09-08 13:00:00,3613.83,3622.51,3613.81,3618.67,5666,7,0
2025-09-08 13:30:00,3618.67,3619.21,3613.54,3617.03,5117,7,0
2025-09-08 14:00:00,3617.03,3617.59,3614.4,3616.92,4343,7,0
2025-09-08 14:30:00,3616.92,3620.02,3612.91,3619.85,5007,7,0
2025-09-08 15:00:00,3619.85,3621.89,3614.76,3617.97,7509,7,0
2025-09-08 15:30:00,3617.97,3626.05,3617.67,3624.27,7415,7,0
2025-09-08 16:00:00,3624.27,3632.01,3623.45,3623.97,13839,7,0
2025-09-08 16:30:00,3623.97,3636.94,3620.27,3633.38,21086,7,0
2025-09-08 17:00:00,3633.38,3637.65,3629.23,3630.26,17753,7,0
2025-09-08 17:30:00,3630.23,3640.92,3628.96,3640.75,13993,7,0
2025-09-08 18:00:00,3640.75,3646.49,3636.51,3636.62,15454,7,0
2025-09-08 18:30:00,3636.62,3640.51,3633.22,3639.32,11350,7,0
2025-09-08 19:00:00,3639.32,3641.78,3635.89,3641.27,7322,7,0
2025-09-08 19:30:00,3641.27,3641.66,3636.71,3640.7,8184,7,0
2025-09-08 20:00:00,3640.7,3641.18,3633.85,3636.4,8348,7,0
2025-09-08 20:30:00,3636.4,3637.22,3632.54,3633.4,7702,7,0
2025-09-08 21:00:00,3633.4,3635.61,3631.9,3633.6,6533,7,0
2025-09-08 21:30:00,3633.6,3636.66,3632.73,3636.06,6843,7,0
2025-09-08 22:00:00,3636.06,3636.86,3632.55,3633.42,5815,7,0
2025-09-08 22:30:00,3633.42,3637.72,3632.72,3636.68,7373,7,0
2025-09-08 23:00:00,3636.68,3638.04,3634.57,3634.88,1937,7,0
2025-09-08 23:30:00,3634.88,3637.75,3634.87,3635.29,2129,7,0
2025-09-09 01:00:00,3636.34,3636.99,3630.58,3632.27,1676,7,0
2025-09-09 01:30:00,3632.27,3633.36,3628.92,3629.48,2111,7,0
2025-09-09 02:00:00,3629.48,3631.8,3628.21,3631.19,2089,7,0
2025-09-09 02:30:00,3631.19,3636.12,3630.08,3634.89,2707,7,0
2025-09-09 03:00:00,3634.89,3640.93,3633.42,3636.83,6459,7,0
2025-09-09 03:30:00,3636.83,3640.16,3636.53,3638.56,4415,7,0
2025-09-09 04:00:00,3638.56,3646.31,3636.08,3644.54,8353,7,0
2025-09-09 04:30:00,3644.54,3647.49,3642.51,3646.42,9219,7,0
2025-09-09 05:00:00,3646.42,3653.91,3644.82,3653.75,11131,7,0
2025-09-09 05:30:00,3653.75,3654.54,3647.1,3647.61,7893,7,0
2025-09-09 06:00:00,3647.61,3652.01,3643.89,3648.86,8027,7,0
2025-09-09 06:30:00,3648.86,3649.14,3642.74,3646.01,4436,7,0
2025-09-09 07:00:00,3646.01,3651.92,3645.82,3651.71,3068,7,0
2025-09-09 07:30:00,3651.71,3657.15,3651.28,3654.99,3857,7,0
2025-09-09 08:00:00,3654.99,3656.72,3652.78,3654.65,3674,7,0
2025-09-09 08:30:00,3654.65,3659.31,3654.59,3655.3,6977,7,0
2025-09-09 09:00:00,3655.3,3656.38,3636.54,3638.67,15759,7,0
2025-09-09 09:30:00,3638.67,3649.95,3637.7,3647.61,8764,7,0
2025-09-09 10:00:00,3647.61,3651.08,3643.98,3650.75,6638,7,0
2025-09-09 10:30:00,3650.75,3650.76,3641.7,3644.31,5673,7,0
2025-09-09 11:00:00,3644.31,3646.78,3642.01,3645.55,8728,7,0
2025-09-09 11:30:00,3645.55,3651.08,3643.66,3648.15,6787,7,0
2025-09-09 12:00:00,3648.15,3656.64,3647.78,3653.7,5242,7,0
2025-09-09 12:30:00,3653.7,3654.82,3651.67,3653.65,4310,7,0
2025-09-09 13:00:00,3653.65,3656.04,3652.16,3653.2,3750,7,0
2025-09-09 13:30:00,3653.2,3653.69,3648.85,3651.93,4061,7,0
2025-09-09 14:00:00,3651.93,3654.26,3651.43,3652.78,3544,7,0
2025-09-09 14:30:00,3652.78,3654.19,3646.89,3648.06,5399,7,0
2025-09-09 15:00:00,3648.06,3655.44,3647.34,3649.46,9820,7,0
2025-09-09 15:30:00,3649.46,3649.84,3643.75,3647.52,12525,7,0
2025-09-09 16:00:00,3647.49,3661.8,3646.41,3660.56,15180,7,0
2025-09-09 16:30:00,3660.56,3668.27,3658.3,3666.21,20856,7,0
2025-09-09 17:00:00,3666.16,3675.08,3642.16,3653.31,39413,7,0
2025-09-09 17:30:00,3653.28,3654.45,3636.12,3645.05,27740,7,0
2025-09-09 18:00:00,3645.05,3646.55,3626.97,3640.21,22701,7,0
2025-09-09 18:30:00,3640.21,3645.92,3636.22,3645.61,15132,7,0
2025-09-09 19:00:00,3645.61,3649.5,3644.23,3646.05,11847,7,0
2025-09-09 19:30:00,3646.05,3648.0,3644.61,3645.14,8926,7,0
2025-09-09 20:00:00,3645.14,3646.56,3643.04,3643.36,7358,7,0
2025-09-09 20:30:00,3643.36,3645.35,3641.32,3642.86,7730,7,0
2025-09-09 21:00:00,3642.86,3644.69,3642.2,3643.89,5659,7,0
2025-09-09 21:30:00,3643.89,3645.16,3639.85,3640.43,5785,7,0
2025-09-09 22:00:00,3640.43,3641.35,3634.78,3635.57,6076,7,0
2025-09-09 22:30:00,3635.57,3636.33,3628.57,3629.44,11533,7,0
2025-09-09 23:00:00,3629.44,3632.92,3629.34,3632.14,3239,7,0
2025-09-09 23:30:00,3632.14,3632.22,3626.64,3626.84,2248,7,0
2025-09-10 01:00:00,3620.67,3630.45,3619.25,3624.12,4781,7,0
2025-09-10 01:30:00,3624.12,3635.85,3624.12,3635.46,3453,7,0
2025-09-10 02:00:00,3635.46,3640.86,3634.71,3638.1,3699,7,0
2025-09-10 02:30:00,3638.1,3639.54,3633.4,3633.56,2551,7,0
2025-09-10 03:00:00,3633.56,3634.46,3626.49,3627.53,5658,7,0
2025-09-10 03:30:00,3627.53,3630.95,3621.5,3624.0,6898,7,0
2025-09-10 04:00:00,3624.0,3629.1,3620.34,3621.24,12542,7,0
2025-09-10 04:30:00,3621.23,3632.82,3620.9,3630.77,6774,7,0
2025-09-10 05:00:00,3630.77,3635.45,3630.16,3633.25,5722,7,0
2025-09-10 05:30:00,3633.25,3638.32,3631.46,3636.32,6313,7,0
2025-09-10 06:00:00,3636.32,3637.12,3633.17,3634.56,4288,7,0
2025-09-10 06:30:00,3634.56,3637.04,3633.79,3636.61,2847,7,0
2025-09-10 07:00:00,3636.61,3643.18,3636.55,3641.28,2888,7,0
2025-09-10 07:30:00,3641.28,3643.28,3640.19,3642.92,2281,7,0
2025-09-10 08:00:00,3642.92,3644.8,3641.81,3644.26,2857,7,0
2025-09-10 08:30:00,3644.26,3645.36,3639.91,3642.98,4248,7,0
2025-09-10 09:00:00,3642.98,3647.7,3640.94,3643.94,6217,7,0
2025-09-10 09:30:00,3643.93,3647.01,3640.84,3643.79,6901,7,0
2025-09-10 10:00:00,3643.8,3648.1,3641.23,3643.69,7240,7,0
2025-09-10 10:30:00,3643.69,3648.46,3642.36,3644.02,5975,7,0
2025-09-10 11:00:00,3644.02,3646.55,3642.04,3644.78,6136,7,0
2025-09-10 11:30:00,3644.78,3647.7,3643.56,3645.85,4849,7,0
2025-09-10 12:00:00,3645.85,3647.21,3644.96,3646.2,2733,7,0
2025-09-10 12:30:00,3646.2,3656.06,3645.72,3655.22,5434,7,0
2025-09-10 13:00:00,3655.22,3655.83,3651.61,3654.52,6142,7,0
2025-09-10 13:30:00,3654.52,3657.65,3654.13,3655.35,4489,7,0
2025-09-10 14:00:00,3655.35,3656.44,3650.25,3654.8,5242,7,0
2025-09-10 14:30:00,3654.8,3655.13,3648.55,3649.35,7213,7,0
2025-09-10 15:00:00,3649.35,3650.42,3647.15,3648.96,7133,7,0
2025-09-10 15:30:00,3648.91,3657.6,3640.43,3644.14,22009,7,0
2025-09-10 16:00:00,3644.14,3649.25,3642.27,3647.06,13247,7,0
2025-09-10 16:30:00,3647.06,3654.12,3646.87,3651.27,16842,7,0
2025-09-10 17:00:00,3651.27,3655.31,3649.29,3652.48,14041,7,0
2025-09-10 17:30:00,3652.55,3655.46,3643.97,3647.71,12767,7,0
2025-09-10 18:00:00,3647.71,3648.7,3638.67,3644.29,11666,7,0
2025-09-10 18:30:00,3644.29,3648.5,3643.91,3644.46,8869,7,0
2025-09-10 19:00:00,3644.46,3646.88,3640.62,3641.15,7602,7,0
2025-09-10 19:30:00,3641.11,3643.92,3639.93,3642.87,7102,7,0
2025-09-10 20:00:00,3642.87,3644.31,3641.7,3642.63,5988,7,0
2025-09-10 20:30:00,3642.56,3647.67,3642.33,3647.51,5704,7,0
2025-09-10 21:00:00,3647.51,3649.69,3646.42,3648.72,5115,7,0
2025-09-10 21:30:00,3648.72,3648.79,3644.62,3645.43,4777,7,0
2025-09-10 22:00:00,3645.43,3646.31,3639.07,3639.63,5829,7,0
2025-09-10 22:30:00,3639.63,3642.59,3635.23,3642.03,7552,7,0
2025-09-10 23:00:00,3642.03,3642.89,3639.57,3639.72,2090,7,0
2025-09-10 23:30:00,3639.72,3641.3,3638.12,3640.0,1893,7,0
2025-09-11 01:00:00,3642.42,3644.5,3637.96,3639.96,1926,7,0
2025-09-11 01:30:00,3639.96,3641.55,3639.41,3639.8,1750,7,0
2025-09-11 02:00:00,3639.8,3642.89,3638.6,3642.7,1631,7,0
2025-09-11 02:30:00,3642.7,3645.54,3640.81,3644.94,1860,7,0
2025-09-11 03:00:00,3644.94,3647.11,3644.27,3645.76,4606,7,0
2025-09-11 03:30:00,3645.76,3646.66,3642.66,3643.95,4753,7,0
2025-09-11 04:00:00,3643.95,3648.63,3642.63,3648.48,4876,7,0
2025-09-11 04:30:00,3648.48,3649.06,3639.83,3641.1,5652,7,0
2025-09-11 05:00:00,3641.1,3643.52,3637.54,3638.06,3725,7,0
2025-09-11 05:30:00,3638.06,3638.92,3634.4,3637.38,5180,7,0
2025-09-11 06:00:00,3637.35,3637.39,3632.17,3633.38,4605,7,0
2025-09-11 06:30:00,3633.38,3633.72,3629.82,3631.96,3689,7,0
2025-09-11 07:00:00,3631.96,3634.33,3631.9,3633.44,2337,7,0
2025-09-11 07:30:00,3633.44,3634.35,3630.2,3630.74,2283,7,0
2025-09-11 08:00:00,3630.74,3631.71,3629.7,3631.22,4479,7,0
2025-09-11 08:30:00,3631.22,3633.43,3623.43,3625.19,10433,7,0
2025-09-11 09:00:00,3625.19,3634.33,3622.88,3633.46,6563,7,0
2025-09-11 09:30:00,3633.46,3638.06,3631.85,3633.28,6355,7,0
2025-09-11 10:00:00,3633.28,3633.38,3624.19,3626.09,8432,7,0
2025-09-11 10:30:00,3626.09,3630.09,3623.91,3629.88,5071,7,0
2025-09-11 11:00:00,3629.88,3631.91,3627.21,3629.32,3709,7,0
2025-09-11 11:30:00,3629.32,3630.52,3625.49,3626.25,4922,7,0
2025-09-11 12:00:00,3626.25,3626.25,3614.23,3617.2,9134,7,0
2025-09-11 12:30:00,3617.2,3622.78,3616.92,3621.9,5259,7,0
2025-09-11 13:00:00,3621.9,3623.8,3619.77,3621.08,3704,7,0
2025-09-11 13:30:00,3621.08,3624.98,3619.95,3621.95,4870,7,0
2025-09-11 14:00:00,3621.95,3622.22,3619.7,3621.27,4771,7,0
2025-09-11 14:30:00,3621.27,3621.75,3615.44,3616.84,6083,7,0
2025-09-11 15:00:00,3616.84,3626.35,3616.49,3623.83,8818,7,0
2025-09-11 15:30:00,3623.83,3644.01,3612.53,3628.99,29375,7,0
2025-09-11 16:00:00,3628.99,3637.13,3620.61,3621.46,22305,7,0
2025-09-11 16:30:00,3621.46,3633.48,3618.39,3630.25,21583,7,0
2025-09-11 17:00:00,3630.25,3637.87,3626.15,3635.01,16980,7,0
2025-09-11 17:30:00,3634.98,3635.52,3626.92,3629.58,13206,7,0
2025-09-11 18:00:00,3629.58,3639.07,3629.58,3636.71,10245,7,0
2025-09-11 18:30:00,3636.71,3638.11,3631.29,3633.19,8168,7,0
2025-09-11 19:00:00,3633.19,3642.0,3633.15,3637.25,10319,7,0
2025-09-11 19:30:00,3637.25,3639.19,3633.75,3636.21,7544,7,0
2025-09-11 20:00:00,3636.21,3636.6,3631.89,3634.83,6616,7,0
2025-09-11 20:30:00,3634.83,3636.74,3633.6,3635.08,6340,7,0
2025-09-11 21:00:00,3635.08,3637.16,3631.97,3632.12,5190,7,0
2025-09-11 21:30:00,3632.12,3633.59,3630.42,3632.34,5611,7,0
2025-09-11 22:00:00,3632.34,3637.11,3632.21,3634.77,5293,7,0
2025-09-11 22:30:00,3634.77,3637.54,3634.36,3637.02,5649,7,0
2025-09-11 23:00:00,3637.02,3637.7,3634.88,3635.21,1696,7,0
2025-09-11 23:30:00,3635.21,3635.41,3633.21,3633.59,1019,7,0
2025-09-12 01:00:00,3634.05,3638.31,3633.35,3637.16,1044,7,0
2025-09-12 01:30:00,3637.16,3637.16,3633.18,3634.89,1048,7,0
2025-09-12 02:00:00,3634.89,3636.16,3633.34,3635.36,1063,7,0
2025-09-12 02:30:00,3635.36,3635.84,3631.58,3631.92,1581,7,0
2025-09-12 03:00:00,3631.92,3633.89,3630.85,3631.16,3857,7,0
2025-09-12 03:30:00,3631.2,3638.01,3630.56,3636.54,3730,7,0
2025-09-12 04:00:00,3636.54,3644.01,3636.54,3642.73,8283,7,0
2025-09-12 04:30:00,3642.73,3647.57,3642.52,3646.37,10740,7,0
2025-09-12 05:00:00,3646.37,3650.23,3644.93,3649.92,5973,7,0
2025-09-12 05:30:00,3649.92,3650.94,3646.19,3649.01,5776,7,0
2025-09-12 06:00:00,3649.01,3652.44,3646.61,3650.66,6446,7,0
2025-09-12 06:30:00,3650.66,3653.26,3650.3,3652.96,2283,7,0
2025-09-12 07:00:00,3652.96,3654.92,3651.53,3654.72,2449,7,0
2025-09-12 07:30:00,3654.72,3656.16,3653.84,3654.95,3023,7,0
2025-09-12 08:00:00,3654.95,3656.69,3652.88,3652.99,2459,7,0
2025-09-12 08:30:00,3652.99,3655.8,3652.04,3653.15,5955,7,0
2025-09-12 09:00:00,3653.15,3654.17,3649.43,3650.85,5424,7,0
2025-09-12 09:30:00,3650.85,3652.43,3648.32,3650.56,4721,7,0
2025-09-12 10:00:00,3650.56,3653.88,3649.52,3652.63,5352,7,0
2025-09-12 10:30:00,3652.63,3652.63,3647.86,3648.42,4420,7,0
2025-09-12 11:00:00,3648.42,3651.29,3642.66,3645.17,7725,7,0
2025-09-12 11:30:00,3645.17,3646.2,3639.71,3641.09,7221,7,0
2025-09-12 12:00:00,3641.09,3646.43,3637.7,3646.29,7929,7,0
2025-09-12 12:30:00,3646.29,3647.06,3642.68,3646.56,4287,7,0
2025-09-12 13:00:00,3646.56,3651.52,3646.31,3650.87,4375,7,0
2025-09-12 13:30:00,3650.87,3652.17,3649.01,3651.22,3856,7,0
2025-09-12 14:00:00,3651.22,3652.07,3647.89,3648.32,4325,7,0
2025-09-12 14:30:00,3648.35,3649.5,3646.85,3647.05,4550,7,0
2025-09-12 15:00:00,3647.05,3649.0,3640.13,3642.56,7630,7,0
2025-09-12 15:30:00,3642.56,3645.98,3638.31,3645.44,11198,7,0
2025-09-12 16:00:00,3645.44,3650.7,3643.3,3648.87,9533,7,0
2025-09-12 16:30:00,3648.87,3652.6,3646.66,3650.5,12973,7,0
2025-09-12 17:00:00,3650.52,3654.3,3649.55,3652.84,11125,7,0
2025-09-12 17:30:00,3652.84,3653.56,3647.42,3648.03,7071,7,0
2025-09-12 18:00:00,3648.03,3648.31,3641.85,3644.42,8485,7,0
2025-09-12 18:30:00,3644.42,3647.25,3643.48,3644.46,5062,7,0
2025-09-12 19:00:00,3644.46,3647.11,3642.55,3646.79,4176,7,0
2025-09-12 19:30:00,3646.79,3649.65,3645.91,3649.22,3469,7,0
2025-09-12 20:00:00,3649.23,3650.74,3647.53,3647.88,3869,7,0
2025-09-12 20:30:00,3647.88,3650.14,3647.73,3648.79,3445,7,0
2025-09-12 21:00:00,3648.79,3649.12,3647.04,3648.12,3088,7,0
2025-09-12 21:30:00,3648.12,3649.53,3647.72,3648.45,2822,7,0
2025-09-12 22:00:00,3648.45,3648.51,3645.98,3646.05,2692,7,0
2025-09-12 22:30:00,3646.05,3646.85,3643.66,3644.25,4551,7,0
2025-09-12 23:00:00,3644.25,3645.55,3641.75,3642.73,4053,7,0
2025-09-12 23:30:00,3642.73,3643.62,3641.34,3642.37,1562,7,0
2025-09-15 01:00:00,3644.22,3646.31,3639.9,3642.54,3324,7,0
2025-09-15 01:30:00,3642.54,3642.83,3640.15,3642.22,1698,7,0
2025-09-15 02:00:00,3642.22,3642.25,3637.73,3639.25,2096,7,0
2025-09-15 02:30:00,3639.25,3639.48,3636.91,3638.2,2058,7,0
2025-09-15 03:00:00,3638.2,3642.6,3634.94,3639.45,4830,7,0
2025-09-15 03:30:00,3639.45,3639.45,3632.09,3633.42,4722,7,0
2025-09-15 04:00:00,3633.42,3634.29,3626.51,3631.79,9461,7,0
2025-09-15 04:30:00,3631.79,3634.86,3628.8,3634.48,6329,7,0
2025-09-15 05:00:00,3634.48,3644.91,3634.37,3643.05,4959,7,0
2025-09-15 05:30:00,3643.05,3645.38,3639.88,3641.07,5125,7,0
2025-09-15 06:00:00,3641.07,3644.37,3640.15,3643.87,3997,7,0
2025-09-15 06:30:00,3643.87,3646.48,3643.33,3646.03,3527,7,0
2025-09-15 07:00:00,3646.03,3646.99,3644.41,3645.17,2310,7,0
2025-09-15 07:30:00,3645.17,3645.79,3643.63,3645.79,1728,7,0
2025-09-15 08:00:00,3645.79,3645.89,3642.37,3645.37,2795,7,0
2025-09-15 08:30:00,3645.37,3646.23,3643.45,3643.79,3302,7,0
2025-09-15 09:00:00,3643.79,3644.05,3640.43,3641.93,5352,7,0
2025-09-15 09:30:00,3641.93,3643.89,3636.66,3636.67,5215,7,0
2025-09-15 10:00:00,3636.67,3637.89,3633.72,3636.34,6071,7,0
2025-09-15 10:30:00,3636.34,3644.99,3636.1,3643.86,5350,7,0
2025-09-15 11:00:00,3643.86,3645.25,3641.14,3641.77,5404,7,0
2025-09-15 11:30:00,3641.77,3645.76,3640.92,3645.48,4102,7,0
2025-09-15 12:00:00,3645.48,3645.98,3639.59,3640.42,4219,7,0
2025-09-15 12:30:00,3640.42,3641.71,3635.73,3641.28,6086,7,0
2025-09-15 13:00:00,3641.28,3646.45,3641.2,3645.97,5135,7,0
2025-09-15 13:30:00,3645.97,3646.39,3639.18,3639.99,5419,7,0
2025-09-15 14:00:00,3639.99,3645.99,3639.1,3644.59,4901,7,0
2025-09-15 14:30:00,3644.59,3646.81,3642.37,3642.68,5476,7,0
2025-09-15 15:00:00,3642.68,3643.67,3636.94,3638.31,8166,7,0
2025-09-15 15:30:00,3638.31,3651.0,3637.88,3650.36,9980,7,0
2025-09-15 16:00:00,3650.36,3653.87,3646.94,3653.79,8654,7,0
2025-09-15 16:30:00,3653.79,3664.29,3652.87,3657.16,13760,7,0
2025-09-15 17:00:00,3657.16,3660.94,3653.99,3657.85,10430,7,0
2025-09-15 17:30:00,3657.81,3663.92,3656.99,3663.53,7201,7,0
2025-09-15 18:00:00,3663.53,3667.74,3663.0,3667.41,7239,7,0
2025-09-15 18:30:00,3667.41,3681.9,3666.05,3680.49,10577,7,0
2025-09-15 19:00:00,3680.49,3684.55,3677.49,3684.21,8405,7,0
2025-09-15 19:30:00,3684.21,3685.65,3674.83,3679.23,7949,7,0
2025-09-15 20:00:00,3679.23,3681.72,3678.65,3680.09,5308,7,0
2025-09-15 20:30:00,3680.09,3682.66,3679.77,3681.7,4958,7,0
2025-09-15 21:00:00,3681.7,3682.11,3677.58,3680.08,3719,7,0
2025-09-15 21:30:00,3680.08,3680.71,3675.86,3676.94,4649,7,0
2025-09-15 22:00:00,3676.94,3680.81,3676.7,3679.36,4149,7,0
2025-09-15 22:30:00,3679.36,3682.76,3679.27,3681.04,5651,7,0
2025-09-15 23:00:00,3681.02,3682.03,3679.21,3680.61,2922,7,0
2025-09-15 23:30:00,3680.61,3681.44,3678.75,3678.98,1578,7,0
2025-09-16 01:00:00,3681.96,3681.96,3676.47,3678.85,2576,7,0
2025-09-16 01:30:00,3678.85,3679.96,3677.91,3678.97,1502,7,0
2025-09-16 02:00:00,3678.97,3680.5,3678.06,3679.02,1387,7,0
2025-09-16 02:30:00,3679.02,3679.02,3676.25,3676.99,2193,7,0
2025-09-16 03:00:00,3676.99,3683.76,3676.37,3683.64,5227,7,0
2025-09-16 03:30:00,3683.64,3687.11,3682.25,3686.42,4729,7,0
2025-09-16 04:00:00,3686.42,3689.61,3677.13,3678.55,9932,7,0
2025-09-16 04:30:00,3678.55,3681.79,3677.39,3679.45,6169,7,0
2025-09-16 05:00:00,3679.45,3682.77,3678.77,3681.02,4705,7,0
2025-09-16 05:30:00,3681.02,3681.23,3674.63,3677.74,8686,7,0
2025-09-16 06:00:00,3677.74,3682.07,3677.05,3681.9,5182,7,0
2025-09-16 06:30:00,3681.9,3683.15,3680.55,3681.08,3138,7,0
2025-09-16 07:00:00,3681.08,3683.58,3680.53,3682.02,2146,7,0
2025-09-16 07:30:00,3682.02,3685.39,3680.21,3684.32,2717,7,0
2025-09-16 08:00:00,3684.32,3684.58,3682.78,3684.22,2718,7,0
2025-09-16 08:30:00,3684.22,3684.59,3680.32,3682.75,3985,7,0
2025-09-16 09:00:00,3682.75,3687.06,3681.72,3685.36,5628,7,0
2025-09-16 09:30:00,3685.36,3694.21,3684.22,3693.44,6834,7,0
2025-09-16 10:00:00,3693.44,3694.13,3689.73,3691.82,6458,7,0
2025-09-16 10:30:00,3691.82,3692.59,3686.33,3686.57,5672,7,0
2025-09-16 11:00:00,3686.57,3697.23,3686.28,3694.73,6306,7,0
2025-09-16 11:30:00,3694.73,3696.17,3691.84,3694.36,3987,7,0
2025-09-16 12:00:00,3694.36,3697.95,3693.04,3695.14,4365,7,0
2025-09-16 12:30:00,3695.14,3698.96,3694.7,3698.38,4798,7,0
2025-09-16 13:00:00,3698.38,3698.79,3695.97,3697.48,3801,7,0
2025-09-16 13:30:00,3697.48,3697.66,3692.86,3693.23,4854,7,0
2025-09-16 14:00:00,3693.23,3694.85,3690.55,3692.75,5378,7,0
2025-09-16 14:30:00,3692.75,3699.5,3692.2,3697.14,7521,7,0
2025-09-16 15:00:00,3697.14,3697.48,3691.12,3691.28,8361,7,0
2025-09-16 15:30:00,3691.28,3693.14,3686.53,3689.28,13180,7,0
2025-09-16 16:00:00,3689.28,3694.54,3685.2,3694.31,11524,7,0
2025-09-16 16:30:00,3694.31,3698.6,3692.11,3695.75,17029,7,0
2025-09-16 17:00:00,3695.75,3703.19,3692.0,3692.89,18021,7,0
2025-09-16 17:30:00,3692.89,3696.01,3685.74,3686.37,19168,7,0
2025-09-16 18:00:00,3686.42,3688.98,3680.05,3682.1,16409,7,0
2025-09-16 18:30:00,3682.1,3687.02,3678.91,3686.3,12271,7,0
2025-09-16 19:00:00,3686.3,3689.99,3684.71,3689.2,8454,7,0
2025-09-16 19:30:00,3689.2,3691.28,3686.32,3689.76,8377,7,0
2025-09-16 20:00:00,3689.76,3691.04,3686.97,3688.53,8175,7,0
2025-09-16 20:30:00,3688.53,3689.27,3686.35,3687.74,8132,7,0
2025-09-16 21:00:00,3687.74,3689.25,3686.48,3688.94,7625,7,0
2025-09-16 21:30:00,3688.94,3691.01,3688.49,3690.7,4452,7,0
2025-09-16 22:00:00,3690.7,3691.09,3688.85,3688.89,3919,7,0
2025-09-16 22:30:00,3688.89,3690.8,3687.78,3689.67,5001,7,0
2025-09-16 23:00:00,3689.67,3693.7,3689.59,3693.62,1516,7,0
2025-09-16 23:30:00,3693.62,3693.79,3689.5,3690.12,1692,7,0
2025-09-17 01:00:00,3690.79,3691.74,3688.88,3691.11,994,7,0
2025-09-17 01:30:00,3691.11,3692.86,3691.02,3691.98,1352,7,0
2025-09-17 02:00:00,3691.98,3695.01,3691.81,3694.53,1835,7,0
2025-09-17 02:30:00,3694.53,3695.21,3692.64,3694.28,1969,7,0
2025-09-17 03:00:00,3694.28,3695.35,3692.47,3693.75,2975,7,0
2025-09-17 03:30:00,3693.75,3694.13,3691.17,3691.26,3076,7,0
2025-09-17 04:00:00,3691.26,3692.04,3685.95,3685.95,6174,7,0
2025-09-17 04:30:00,3685.95,3686.07,3676.1,3679.55,14437,7,0
2025-09-17 05:00:00,3679.55,3681.78,3676.12,3677.5,8148,7,0
2025-09-17 05:30:00,3677.5,3683.84,3674.24,3682.15,8712,7,0
2025-09-17 06:00:00,3682.15,3683.56,3679.88,3681.3,4378,7,0
2025-09-17 06:30:00,3681.3,3682.59,3680.71,3681.78,2054,7,0
2025-09-17 07:00:00,3681.78,3682.56,3680.96,3681.15,1401,7,0
2025-09-17 07:30:00,3681.15,3682.08,3680.43,3680.76,1848,7,0
2025-09-17 08:00:00,3680.76,3685.89,3679.17,3680.81,5566,7,0
2025-09-17 08:30:00,3680.81,3681.91,3675.86,3679.21,6244,7,0
2025-09-17 09:00:00,3679.21,3680.08,3674.92,3675.94,6096,7,0
2025-09-17 09:30:00,3675.94,3676.88,3670.47,3675.08,8346,7,0
2025-09-17 10:00:00,3675.08,3677.32,3666.91,3667.61,8325,7,0
2025-09-17 10:30:00,3667.61,3671.29,3666.62,3667.13,6108,7,0
2025-09-17 11:00:00,3667.13,3667.32,3663.35,3666.92,7336,7,0
2025-09-17 11:30:00,3666.92,3667.95,3662.69,3664.87,6738,7,0
2025-09-17 12:00:00,3664.87,3670.93,3663.93,3668.71,6380,7,0
2025-09-17 12:30:00,3668.71,3670.17,3667.12,3667.91,4868,7,0
2025-09-17 13:00:00,3667.91,3669.8,3660.74,3666.99,8437,7,0
2025-09-17 13:30:00,3666.99,3667.3,3660.42,3661.48,8048,7,0
2025-09-17 14:00:00,3661.48,3668.22,3660.04,3668.03,8407,7,0
2025-09-17 14:30:00,3668.03,3669.92,3664.53,3665.98,8860,7,0
2025-09-17 15:00:00,3665.98,3672.13,3665.69,3670.64,9179,7,0
2025-09-17 15:30:00,3670.64,3679.35,3670.01,3678.7,8592,7,0
2025-09-17 16:00:00,3678.7,3679.42,3672.87,3676.64,11371,7,0
2025-09-17 16:30:00,3676.64,3682.66,3676.36,3678.83,15583,7,0
2025-09-17 17:00:00,3678.83,3685.26,3676.84,3683.07,12406,7,0
2025-09-17 17:30:00,3683.07,3686.16,3682.45,3684.32,10071,7,0
2025-09-17 18:00:00,3684.32,3687.19,3683.47,3685.37,8949,7,0
2025-09-17 18:30:00,3685.36,3687.18,3682.86,3684.25,6437,7,0
2025-09-17 19:00:00,3684.25,3688.62,3684.22,3688.02,4919,7,0
2025-09-17 19:30:00,3688.02,3688.16,3684.09,3684.77,4925,7,0
2025-09-17 20:00:00,3684.77,3684.91,3678.68,3682.76,7417,7,0
2025-09-17 20:30:00,3682.76,3687.83,3682.47,3686.62,6161,7,0
2025-09-17 21:00:00,3686.62,3707.58,3648.49,3682.41,50615,7,0
2025-09-17 21:30:00,3682.41,3684.79,3646.1,3650.37,52000,7,0
2025-09-17 22:00:00,3650.39,3666.96,3646.14,3664.05,36335,7,0
2025-09-17 22:30:00,3664.05,3665.64,3655.58,3661.9,22669,7,0
2025-09-17 23:00:00,3661.9,3661.93,3656.36,3659.2,5183,7,0
2025-09-17 23:30:00,3659.2,3660.34,3657.36,3659.57,2365,7,0
2025-09-18 01:00:00,3659.07,3665.47,3653.83,3664.17,4116,7,0
2025-09-18 01:30:00,3664.17,3664.5,3661.14,3662.95,2556,7,0
2025-09-18 02:00:00,3662.95,3672.08,3662.2,3671.18,4015,7,0
2025-09-18 02:30:00,3671.18,3671.28,3667.82,3669.19,3007,7,0
2025-09-18 03:00:00,3669.19,3670.05,3661.29,3662.31,6188,7,0
2025-09-18 03:30:00,3662.31,3665.68,3658.18,3665.27,6576,7,0
2025-09-18 04:00:00,3665.27,3668.81,3653.1,3654.82,14476,7,0
2025-09-18 04:30:00,3654.82,3658.39,3651.88,3657.15,11906,7,0
2025-09-18 05:00:00,3657.15,3663.53,3655.49,3661.96,5434,7,0
2025-09-18 05:30:00,3661.96,3665.85,3659.78,3664.81,6626,7,0
2025-09-18 06:00:00,3664.81,3666.1,3660.94,3662.75,4521,7,0
2025-09-18 06:30:00,3662.75,3662.95,3657.77,3658.46,2512,7,0
2025-09-18 07:00:00,3658.46,3659.31,3656.81,3658.09,2760,7,0
2025-09-18 07:30:00,3658.09,3658.45,3653.5,3653.71,4301,7,0
2025-09-18 08:00:00,3653.71,3658.49,3651.94,3657.98,5295,7,0
2025-09-18 08:30:00,3657.98,3659.2,3649.55,3651.56,9207,7,0
2025-09-18 09:00:00,3651.54,3652.02,3633.88,3638.66,17937,7,0
2025-09-18 09:30:00,3638.66,3640.28,3635.6,3637.51,10753,7,0
2025-09-18 10:00:00,3637.51,3650.32,3635.57,3649.49,9876,7,0
2025-09-18 10:30:00,3649.49,3659.9,3648.27,3658.95,9411,7,0
2025-09-18 11:00:00,3658.95,3659.44,3653.74,3656.53,6559,7,0
2025-09-18 11:30:00,3656.53,3665.77,3655.26,3665.53,7446,7,0
2025-09-18 12:00:00,3665.53,3672.29,3664.58,3671.23,8738,7,0
2025-09-18 12:30:00,3671.23,3673.04,3669.82,3671.79,6168,7,0
2025-09-18 13:00:00,3671.79,3672.54,3665.63,3669.27,5855,7,0
2025-09-18 13:30:00,3669.27,3670.4,3665.66,3667.18,4612,7,0
2025-09-18 14:00:00,3667.18,3670.98,3665.74,3666.19,5690,7,0
2025-09-18 14:30:00,3666.19,3669.42,3664.45,3667.19,5376,7,0
2025-09-18 15:00:00,3667.19,3672.32,3666.07,3671.32,5295,7,0
2025-09-18 15:30:00,3671.32,3671.32,3663.02,3663.38,6640,7,0
2025-09-18 16:00:00,3663.34,3664.21,3651.8,3653.96,7723,7,0
2025-09-18 16:30:00,3653.96,3654.95,3628.08,3642.24,11339,7,0
2025-09-18 17:00:00,3642.24,3646.22,3634.47,3635.64,9850,7,0
2025-09-18 17:30:00,3635.64,3646.47,3635.31,3638.46,7406,7,0
2025-09-18 18:00:00,3638.46,3642.34,3636.91,3639.38,6008,7,0
2025-09-18 18:30:00,3639.38,3641.83,3638.89,3641.42,3811,7,0
2025-09-18 19:00:00,3641.42,3645.89,3640.89,3644.34,4237,7,0
2025-09-18 19:30:00,3644.34,3647.29,3643.41,3646.23,3345,7,0
2025-09-18 20:00:00,3646.23,3646.83,3643.57,3644.86,4224,7,0
2025-09-18 20:30:00,3644.89,3645.58,3643.39,3643.56,2541,7,0
2025-09-18 21:00:00,3643.56,3643.61,3640.52,3642.58,2563,7,0
2025-09-18 21:30:00,3642.58,3643.09,3641.36,3641.47,2792,7,0
2025-09-18 22:00:00,3641.46,3644.13,3640.73,3642.63,2948,7,0
2025-09-18 22:30:00,3642.63,3647.13,3642.52,3646.71,3045,7,0
2025-09-18 23:00:00,3646.71,3647.22,3645.19,3645.88,1125,7,0
2025-09-18 23:30:00,3645.88,3646.13,3643.83,3643.97,892,7,0
2025-09-19 01:00:00,3641.27,3644.33,3641.27,3641.63,1029,7,0
2025-09-19 01:30:00,3641.63,3642.79,3639.44,3640.26,832,7,0
2025-09-19 02:00:00,3640.26,3641.88,3638.94,3639.3,1050,7,0
2025-09-19 02:30:00,3639.3,3640.38,3637.8,3640.19,1622,7,0
2025-09-19 03:00:00,3640.19,3642.79,3636.77,3638.18,2831,7,0
2025-09-19 03:30:00,3638.18,3641.33,3636.27,3640.13,2650,7,0
2025-09-19 04:00:00,3640.13,3651.3,3639.68,3647.64,5418,7,0
2025-09-19 04:30:00,3647.64,3648.46,3632.34,3639.86,5558,7,0
2025-09-19 05:00:00,3639.86,3647.23,3638.96,3645.68,4248,7,0
2025-09-19 05:30:00,3645.68,3650.16,3643.98,3647.3,4928,7,0
2025-09-19 06:00:00,3647.3,3655.15,3645.33,3653.97,3451,7,0
2025-09-19 06:30:00,3653.96,3656.27,3652.92,3653.7,4069,7,0
2025-09-19 07:00:00,3653.68,3660.04,3653.68,3659.31,3297,7,0
2025-09-19 07:30:00,3659.31,3659.76,3657.08,3658.85,2661,7,0
2025-09-19 08:00:00,3658.84,3661.22,3656.44,3658.57,2807,7,0
2025-09-19 08:30:00,3658.57,3658.77,3651.57,3652.53,4482,7,0
2025-09-19 09:00:00,3652.53,3654.2,3646.67,3650.44,4449,7,0
2025-09-19 09:30:00,3650.43,3651.18,3643.34,3647.04,5124,7,0
2025-09-19 10:00:00,3647.08,3653.96,3644.51,3652.94,4336,7,0
2025-09-19 10:30:00,3652.93,3657.61,3651.09,3654.06,3588,7,0
2025-09-19 11:00:00,3653.99,3655.09,3649.64,3652.56,3812,7,0
2025-09-19 11:30:00,3652.56,3656.63,3652.37,3655.77,3130,7,0
2025-09-19 12:00:00,3655.77,3658.56,3655.26,3656.64,2482,7,0
2025-09-19 12:30:00,3656.64,3658.8,3655.74,3658.58,2532,7,0
2025-09-19 13:00:00,3658.58,3659.21,3656.84,3656.97,1950,7,0
2025-09-19 13:30:00,3656.97,3658.03,3655.15,3655.95,2115,7,0
2025-09-19 14:00:00,3655.95,3655.95,3650.61,3650.9,3318,7,0
2025-09-19 14:30:00,3650.9,3651.66,3645.75,3648.48,4323,7,0
2025-09-19 15:00:00,3648.48,3651.89,3646.61,3647.68,4650,7,0
2025-09-19 15:30:00,3647.68,3649.79,3644.57,3649.29,4353,7,0
2025-09-19 16:00:00,3649.29,3655.99,3643.67,3655.99,6325,7,0
2025-09-19 16:30:00,3655.99,3664.44,3654.0,3663.41,7512,7,0
2025-09-19 17:00:00,3663.41,3664.47,3656.4,3664.01,7742,7,0
2025-09-19 17:30:00,3664.01,3669.37,3662.51,3666.96,6747,7,0
2025-09-19 18:00:00,3666.96,3675.88,3665.33,3671.52,7034,7,0
2025-09-19 18:30:00,3671.52,3671.57,3667.82,3670.76,4771,7,0
2025-09-19 19:00:00,3670.73,3673.33,3666.43,3668.17,4007,7,0
2025-09-19 19:30:00,3668.18,3670.78,3667.41,3668.26,3311,7,0
2025-09-19 20:00:00,3668.26,3672.37,3668.06,3671.75,3219,7,0
2025-09-19 20:30:00,3671.87,3679.45,3671.56,3678.62,4291,7,0
2025-09-19 21:00:00,3678.62,3682.75,3678.16,3682.24,4178,7,0
2025-09-19 21:30:00,3682.24,3684.1,3680.65,3683.63,3220,7,0
2025-09-19 22:00:00,3683.63,3684.41,3682.45,3683.65,3236,7,0
2025-09-19 22:30:00,3683.65,3685.3,3681.36,3684.43,3499,7,0
2025-09-19 23:00:00,3684.38,3684.47,3680.82,3683.24,1983,7,0
2025-09-19 23:30:00,3683.24,3685.21,3682.8,3685.1,1111,7,0
2025-09-22 01:00:00,3685.21,3692.22,3683.77,3691.34,3564,7,0
2025-09-22 01:30:00,3691.2,3691.24,3687.55,3688.37,2194,7,0
2025-09-22 02:00:00,3688.37,3690.47,3686.51,3689.53,1995,7,0
2025-09-22 02:30:00,3689.57,3689.82,3685.82,3686.27,3562,7,0
2025-09-22 03:00:00,3686.25,3690.83,3685.75,3689.64,4540,7,0
2025-09-22 03:30:00,3689.63,3691.01,3687.58,3690.87,3860,7,0
2025-09-22 04:00:00,3690.87,3696.84,3687.12,3690.11,7505,7,0
2025-09-22 04:30:00,3690.13,3693.38,3686.76,3689.35,6367,7,0
2025-09-22 05:00:00,3689.29,3691.56,3687.37,3691.51,5045,7,0
2025-09-22 05:30:00,3691.51,3693.34,3685.63,3686.5,5673,7,0
2025-09-22 06:00:00,3686.48,3692.3,3686.08,3691.55,5273,7,0
2025-09-22 06:30:00,3691.55,3697.45,3691.08,3695.51,4422,7,0
2025-09-22 07:00:00,3695.51,3695.9,3690.82,3691.32,3799,7,0
2025-09-22 07:30:00,3691.4,3692.64,3690.16,3692.22,3063,7,0
2025-09-22 08:00:00,3692.24,3697.9,3691.98,3696.36,3817,7,0
2025-09-22 08:30:00,3696.32,3700.24,3696.01,3697.08,5652,7,0
2025-09-22 09:00:00,3697.09,3706.48,3695.59,3706.25,6054,7,0
2025-09-22 09:30:00,3706.27,3719.88,3705.02,3714.34,7668,7,0
2025-09-22 10:00:00,3714.43,3714.77,3708.68,3713.48,6666,7,0
2025-09-22 10:30:00,3713.48,3716.33,3712.45,3713.23,5190,7,0
2025-09-22 11:00:00,3713.14,3720.0,3712.48,3717.77,5631,7,0
2025-09-22 11:30:00,3717.77,3722.54,3717.68,3720.37,4742,7,0
2025-09-22 12:00:00,3720.35,3726.62,3719.33,3725.35,4761,7,0
2025-09-22 12:30:00,3725.34,3725.71,3720.65,3723.31,5271,7,0
2025-09-22 13:00:00,3723.31,3727.25,3721.11,3725.23,4879,7,0
2025-09-22 13:30:00,3725.23,3728.37,3723.31,3727.47,4871,7,0
2025-09-22 14:00:00,3727.48,3728.29,3725.67,3726.5,4681,7,0
2025-09-22 14:30:00,3726.57,3727.33,3721.31,3724.7,5558,7,0
2025-09-22 15:00:00,3724.69,3725.51,3712.22,3715.31,6671,7,0
2025-09-22 15:30:00,3715.3,3723.17,3713.46,3721.66,7201,7,0
2025-09-22 16:00:00,3721.69,3725.53,3719.62,3723.26,7654,7,0
2025-09-22 16:30:00,3723.26,3725.3,3713.78,3722.38,9214,7,0
2025-09-22 17:00:00,3722.39,3723.26,3717.06,3721.57,8582,7,0
2025-09-22 17:30:00,3721.59,3726.36,3716.93,3725.91,7586,7,0
2025-09-22 18:00:00,3725.92,3731.86,3723.59,3731.45,7353,7,0
2025-09-22 18:30:00,3731.48,3736.39,3730.7,3736.15,6795,7,0
2025-09-22 19:00:00,3736.14,3739.05,3735.29,3736.8,6493,7,0
2025-09-22 19:30:00,3736.84,3739.6,3736.35,3737.13,5780,7,0
2025-09-22 20:00:00,3737.15,3741.74,3737.15,3740.18,5820,7,0
2025-09-22 20:30:00,3740.15,3747.27,3740.15,3746.69,6251,7,0
2025-09-22 21:00:00,3746.69,3747.7,3745.23,3746.03,5047,7,0
2025-09-22 21:30:00,3746.02,3748.08,3744.68,3747.7,4397,7,0
2025-09-22 22:00:00,3747.7,3748.81,3743.44,3743.91,5096,7,0
2025-09-22 22:30:00,3743.9,3748.61,3742.47,3747.76,5464,7,0
2025-09-22 23:00:00,3747.74,3748.33,3745.58,3747.73,2635,7,0
2025-09-22 23:30:00,3747.74,3748.61,3745.89,3747.05,2304,7,0
2025-09-23 01:00:00,3745.41,3747.71,3743.36,3743.39,1642,7,0
2025-09-23 01:30:00,3743.39,3745.4,3738.28,3740.03,2644,7,0
2025-09-23 02:00:00,3740.06,3749.17,3739.08,3746.71,3634,7,0
2025-09-23 02:30:00,3746.71,3749.2,3745.92,3747.82,2890,7,0
2025-09-23 03:00:00,3747.92,3749.03,3744.94,3748.93,4188,7,0
2025-09-23 03:30:00,3748.93,3750.69,3746.33,3747.29,5000,7,0
2025-09-23 04:00:00,3747.31,3758.12,3745.77,3749.94,7846,7,0
2025-09-23 04:30:00,3749.87,3759.22,3747.95,3754.61,6542,7,0
2025-09-23 05:00:00,3754.62,3755.45,3741.09,3742.84,7304,7,0
2025-09-23 05:30:00,3742.85,3744.65,3736.78,3741.94,7120,7,0
2025-09-23 06:00:00,3741.89,3744.55,3739.13,3742.9,5876,7,0
2025-09-23 06:30:00,3742.9,3747.21,3741.84,3746.65,4263,7,0
2025-09-23 07:00:00,3746.65,3747.55,3743.24,3746.08,3729,7,0
2025-09-23 07:30:00,3746.06,3747.4,3743.62,3744.79,3323,7,0
2025-09-23 08:00:00,3744.68,3750.23,3743.33,3750.1,3795,7,0
2025-09-23 08:30:00,3750.03,3758.79,3749.54,3753.25,6815,7,0
2025-09-23 09:00:00,3753.26,3757.37,3751.4,3756.56,6194,7,0
2025-09-23 09:30:00,3756.57,3756.92,3752.12,3753.95,5794,7,0
2025-09-23 10:00:00,3753.93,3755.52,3749.05,3754.89,5974,7,0
2025-09-23 10:30:00,3754.89,3757.41,3751.92,3753.4,5957,7,0
2025-09-23 11:00:00,3753.42,3759.6,3753.14,3759.38,5218,7,0
2025-09-23 11:30:00,3759.36,3775.21,3759.18,3774.39,7182,7,0
2025-09-23 12:00:00,3774.37,3791.13,3774.27,3787.03,7145,7,0
2025-09-23 12:30:00,3787.07,3787.65,3778.42,3784.86,6817,7,0
2025-09-23 13:00:00,3784.85,3787.92,3781.71,3782.62,5388,7,0
2025-09-23 13:30:00,3782.62,3785.37,3780.9,3782.98,5036,7,0
2025-09-23 14:00:00,3782.99,3788.85,3779.8,3788.22,5960,7,0
2025-09-23 14:30:00,3788.25,3788.56,3780.54,3783.51,6155,7,0
2025-09-23 15:00:00,3783.56,3784.92,3777.58,3781.26,7206,7,0
2025-09-23 15:30:00,3781.27,3785.39,3779.52,3784.25,6383,7,0
2025-09-23 16:00:00,3784.29,3787.97,3781.08,3783.64,7849,7,0
2025-09-23 16:30:00,3783.67,3788.73,3774.25,3783.83,8971,7,0
2025-09-23 17:00:00,3783.86,3784.96,3767.77,3771.11,9010,7,0
2025-09-23 17:30:00,3771.03,3775.55,3770.89,3774.08,7813,7,0
2025-09-23 18:00:00,3774.11,3780.43,3772.89,3780.39,6864,7,0
2025-09-23 18:30:00,3780.37,3782.05,3775.33,3779.38,6149,7,0
2025-09-23 19:00:00,3779.39,3780.15,3773.53,3775.36,6094,7,0
2025-09-23 19:30:00,3775.36,3782.06,3765.18,3779.3,8275,7,0
2025-09-23 20:00:00,3779.3,3785.73,3779.19,3782.34,6767,7,0
2025-09-23 20:30:00,3782.34,3783.08,3775.85,3777.45,6786,7,0
2025-09-23 21:00:00,3777.46,3781.49,3776.92,3778.72,5840,7,0
2025-09-23 21:30:00,3778.7,3781.12,3756.24,3756.76,6203,7,0
2025-09-23 22:00:00,3756.73,3765.38,3752.07,3758.74,8218,7,0
2025-09-23 22:30:00,3758.75,3768.18,3758.75,3764.38,7130,7,0
2025-09-23 23:00:00,3764.4,3767.48,3763.44,3765.14,3400,7,0
2025-09-23 23:30:00,3765.05,3766.56,3762.56,3763.96,2690,7,0
2025-09-24 01:00:00,3767.86,3768.78,3761.72,3762.12,2112,7,0
2025-09-24 01:30:00,3762.06,3766.66,3762.06,3765.5,1871,7,0
2025-09-24 02:00:00,3765.46,3770.18,3765.14,3769.53,2935,7,0
2025-09-24 02:30:00,3769.55,3769.62,3761.98,3763.84,3750,7,0
2025-09-24 03:00:00,3763.8,3765.22,3758.94,3763.76,5502,7,0
2025-09-24 03:30:00,3763.73,3765.57,3761.78,3765.2,3902,7,0
2025-09-24 04:00:00,3765.4,3771.78,3758.34,3758.89,7370,7,0
2025-09-24 04:30:00,3758.89,3760.81,3755.1,3756.59,6297,7,0
2025-09-24 05:00:00,3756.59,3757.0,3752.33,3752.82,5094,7,0
2025-09-24 05:30:00,3752.83,3759.36,3750.65,3757.07,5942,7,0
2025-09-24 06:00:00,3757.05,3761.71,3752.36,3760.97,5943,7,0
2025-09-24 06:30:00,3760.98,3766.54,3760.35,3765.44,4298,7,0
2025-09-24 07:00:00,3765.46,3767.64,3763.25,3764.98,3774,7,0
2025-09-24 07:30:00,3765.0,3768.32,3764.75,3768.25,3256,7,0
2025-09-24 08:00:00,3768.25,3773.46,3768.02,3772.26,4290,7,0
2025-09-24 08:30:00,3772.24,3776.99,3771.48,3774.9,5857,7,0
2025-09-24 09:00:00,3774.92,3776.14,3769.26,3771.26,5345,7,0
2025-09-24 09:30:00,3771.29,3774.98,3770.09,3771.19,4982,7,0
2025-09-24 10:00:00,3771.25,3777.05,3770.67,3775.37,4989,7,0
2025-09-24 10:30:00,3775.37,3779.28,3774.18,3777.43,4601,7,0
2025-09-24 11:00:00,3777.46,3777.8,3770.4,3770.51,4835,7,0
2025-09-24 11:30:00,3770.5,3771.63,3767.08,3770.13,4186,7,0
2025-09-24 12:00:00,3770.1,3771.77,3767.17,3767.75,4018,7,0
2025-09-24 12:30:00,3767.75,3769.58,3763.25,3768.5,4547,7,0
2025-09-24 13:00:00,3768.51,3768.73,3759.92,3764.1,4506,7,0
2025-09-24 13:30:00,3764.14,3765.57,3760.27,3762.14,4124,7,0
2025-09-24 14:00:00,3762.18,3765.87,3759.72,3765.31,4662,7,0
2025-09-24 14:30:00,3765.26,3769.6,3764.29,3769.01,4828,7,0
2025-09-24 15:00:00,3769.08,3771.47,3765.02,3767.57,6593,7,0
2025-09-24 15:30:00,3767.57,3770.07,3764.07,3768.07,6591,7,0
2025-09-24 16:00:00,3768.06,3772.96,3766.83,3767.48,6864,7,0
2025-09-24 16:30:00,3767.48,3768.38,3759.14,3761.23,8520,7,0
2025-09-24 17:00:00,3761.22,3765.13,3753.5,3758.88,8749,7,0
2025-09-24 17:30:00,3758.78,3760.09,3749.65,3752.71,8024,7,0
2025-09-24 18:00:00,3752.71,3756.64,3751.03,3751.13,6642,7,0
2025-09-24 18:30:00,3751.12,3751.59,3739.8,3741.16,7645,7,0
2025-09-24 19:00:00,3741.13,3745.32,3737.62,3742.14,7403,7,0
2025-09-24 19:30:00,3742.13,3743.06,3732.29,3735.8,6422,7,0
2025-09-24 20:00:00,3735.78,3738.83,3733.68,3734.81,5863,7,0
2025-09-24 20:30:00,3734.8,3735.34,3732.41,3733.21,4410,7,0
2025-09-24 21:00:00,3733.22,3733.97,3726.71,3729.23,5756,7,0
2025-09-24 21:30:00,3729.18,3731.23,3722.87,3724.09,5574,7,0
2025-09-24 22:00:00,3724.21,3724.38,3717.58,3718.38,6334,7,0
2025-09-24 22:30:00,3718.37,3731.82,3718.35,3730.12,6124,7,0
2025-09-24 23:00:00,3730.12,3732.53,3730.04,3731.94,2827,7,0
2025-09-24 23:30:00,3731.94,3737.53,3731.63,3736.46,2557,7,0
2025-09-25 01:00:00,3727.06,3745.27,3727.06,3744.81,2893,7,0
2025-09-25 01:30:00,3744.81,3744.81,3739.54,3741.11,2630,7,0
2025-09-25 02:00:00,3741.11,3742.3,3739.12,3739.67,2184,7,0
2025-09-25 02:30:00,3739.66,3745.36,3739.66,3743.04,3103,7,0
2025-09-25 03:00:00,3743.05,3751.39,3741.48,3750.48,5565,7,0
2025-09-25 03:30:00,3750.44,3751.53,3746.67,3749.05,4358,7,0
2025-09-25 04:00:00,3749.04,3750.59,3740.58,3744.3,6505,7,0
2025-09-25 04:30:00,3744.3,3744.43,3733.03,3736.02,6635,7,0
2025-09-25 05:00:00,3736.06,3736.37,3729.66,3735.65,5327,7,0
2025-09-25 05:30:00,3735.63,3742.47,3735.57,3739.57,5613,7,0
2025-09-25 06:00:00,3739.58,3739.7,3734.56,3735.75,4533,7,0
2025-09-25 06:30:00,3735.77,3739.11,3734.48,3736.63,3509,7,0
2025-09-25 07:00:00,3736.65,3736.69,3731.91,3734.01,3314,7,0
2025-09-25 07:30:00,3734.08,3740.79,3733.74,3738.16,3216,7,0
2025-09-25 08:00:00,3738.2,3738.52,3734.15,3736.46,3470,7,0
2025-09-25 08:30:00,3736.46,3741.33,3735.67,3738.7,4818,7,0
2025-09-25 09:00:00,3738.66,3748.24,3737.83,3745.13,5612,7,0
2025-09-25 09:30:00,3745.07,3746.2,3739.92,3741.06,4831,7,0
2025-09-25 10:00:00,3741.03,3746.13,3740.03,3744.92,4657,7,0
2025-09-25 10:30:00,3744.92,3755.02,3743.07,3752.29,6708,7,0
2025-09-25 11:00:00,3752.3,3761.56,3751.23,3757.48,7008,7,0
2025-09-25 11:30:00,3757.48,3757.49,3751.49,3756.45,5591,7,0
2025-09-25 12:00:00,3756.45,3757.2,3750.36,3750.8,5349,7,0
2025-09-25 12:30:00,3750.85,3761.17,3750.57,3757.02,5562,7,0
2025-09-25 13:00:00,3757.04,3758.93,3755.77,3756.97,4611,7,0
2025-09-25 13:30:00,3756.98,3760.89,3755.66,3757.15,4788,7,0
2025-09-25 14:00:00,3757.16,3757.6,3741.2,3749.88,7291,7,0
2025-09-25 14:30:00,3749.87,3754.12,3748.95,3753.09,5261,7,0
2025-09-25 15:00:00,3752.95,3755.88,3749.7,3754.38,6163,7,0
2025-09-25 15:30:00,3754.4,3754.4,3730.66,3738.79,9431,7,0
2025-09-25 16:00:00,3738.81,3745.56,3733.25,3742.04,8744,7,0
2025-09-25 16:30:00,3742.06,3743.33,3722.15,3733.73,9437,7,0
2025-09-25 17:00:00,3733.74,3736.46,3724.72,3733.58,8979,7,0
2025-09-25 17:30:00,3733.45,3733.89,3723.71,3731.53,8216,7,0
2025-09-25 18:00:00,3731.52,3738.83,3728.13,3730.7,7509,7,0
2025-09-25 18:30:00,3730.47,3736.65,3729.08,3735.93,6804,7,0
2025-09-25 19:00:00,3735.9,3742.75,3735.19,3737.72,6741,7,0
2025-09-25 19:30:00,3737.72,3738.27,3732.74,3733.74,5537,7,0
2025-09-25 20:00:00,3733.74,3743.16,3732.41,3739.87,6554,7,0
2025-09-25 20:30:00,3739.87,3744.28,3738.34,3741.79,5523,7,0
2025-09-25 21:00:00,3741.82,3750.78,3736.69,3750.15,6782,7,0
2025-09-25 21:30:00,3750.16,3758.3,3749.0,3755.28,6925,7,0
2025-09-25 22:00:00,3755.26,3756.75,3751.01,3751.73,6054,7,0
2025-09-25 22:30:00,3751.71,3752.42,3744.7,3746.66,6260,7,0
2025-09-25 23:00:00,3746.66,3750.53,3746.16,3748.92,3252,7,0
2025-09-25 23:30:00,3748.91,3752.53,3748.91,3749.58,2356,7,0
2025-09-26 01:00:00,3748.45,3751.24,3746.44,3749.37,1621,7,0
2025-09-26 01:30:00,3749.36,3751.62,3748.29,3748.85,2553,7,0
2025-09-26 02:00:00,3748.86,3749.94,3738.05,3743.06,3506,7,0
2025-09-26 02:30:00,3743.06,3745.74,3739.74,3744.72,3838,7,0
2025-09-26 03:00:00,3744.8,3749.1,3740.25,3741.96,5197,7,0
2025-09-26 03:30:00,3741.91,3749.62,3741.26,3749.59,4637,7,0
2025-09-26 04:00:00,3749.61,3753.33,3738.78,3741.05,7419,7,0
2025-09-26 04:30:00,3741.04,3744.19,3737.81,3739.12,5998,7,0
2025-09-26 05:00:00,3739.08,3741.14,3737.82,3741.04,4583,7,0
2025-09-26 05:30:00,3741.03,3742.88,3737.74,3738.48,4936,7,0
2025-09-26 06:00:00,3738.46,3742.71,3734.58,3742.58,4736,7,0
2025-09-26 06:30:00,3742.58,3746.07,3742.47,3745.57,3755,7,0
2025-09-26 07:00:00,3745.62,3747.7,3744.86,3744.93,3104,7,0
2025-09-26 07:30:00,3744.93,3747.76,3744.73,3747.72,3041,7,0
2025-09-26 08:00:00,3747.72,3747.8,3744.69,3746.7,2764,7,0
2025-09-26 08:30:00,3746.72,3749.64,3741.86,3742.02,4477,7,0
2025-09-26 09:00:00,3742.02,3754.09,3741.5,3751.8,6152,7,0
2025-09-26 09:30:00,3751.76,3752.88,3742.34,3743.6,6634,7,0
2025-09-26 10:00:00,3743.52,3745.84,3739.25,3745.25,6280,7,0
2025-09-26 10:30:00,3745.24,3749.6,3744.5,3748.04,4708,7,0
2025-09-26 11:00:00,3748.03,3752.55,3747.12,3751.02,5075,7,0
2025-09-26 11:30:00,3751.0,3755.18,3750.93,3752.97,4287,7,0
2025-09-26 12:00:00,3752.96,3754.49,3748.14,3748.82,4467,7,0
2025-09-26 12:30:00,3748.82,3751.6,3747.26,3751.54,4069,7,0
2025-09-26 13:00:00,3751.53,3755.02,3749.01,3749.67,5409,7,0
2025-09-26 13:30:00,3749.66,3749.97,3743.02,3744.66,5491,7,0
2025-09-26 14:00:00,3744.67,3751.5,3744.48,3751.14,5659,7,0
2025-09-26 14:30:00,3751.14,3752.93,3748.5,3748.64,5890,7,0
2025-09-26 15:00:00,3748.62,3753.45,3748.36,3749.83,6145,7,0
2025-09-26 15:30:00,3749.76,3757.42,3746.74,3752.11,10083,7,0
2025-09-26 16:00:00,3752.09,3766.29,3751.32,3757.81,10765,7,0
2025-09-26 16:30:00,3757.82,3762.6,3752.32,3761.88,10971,7,0
2025-09-26 17:00:00,3761.93,3783.79,3761.76,3777.81,11314,7,0
2025-09-26 17:30:00,3777.77,3781.55,3773.01,3778.92,10528,7,0
2025-09-26 18:00:00,3778.92,3779.67,3773.15,3779.28,9042,7,0
2025-09-26 18:30:00,3779.27,3781.0,3775.15,3780.46,8422,7,0
2025-09-26 19:00:00,3780.46,3781.22,3771.49,3773.87,8951,7,0
2025-09-26 19:30:00,3773.89,3778.12,3773.32,3774.24,7023,7,0
2025-09-26 20:00:00,3774.24,3780.23,3774.16,3778.99,6506,7,0
2025-09-26 20:30:00,3778.88,3783.15,3777.72,3782.95,6657,7,0
2025-09-26 21:00:00,3782.97,3783.21,3774.72,3777.99,6808,7,0
2025-09-26 21:30:00,3777.98,3780.59,3777.12,3778.61,4987,7,0
2025-09-26 22:00:00,3778.61,3778.61,3772.25,3772.84,6583,7,0
2025-09-26 22:30:00,3772.82,3773.52,3764.71,3766.84,7729,7,0
2025-09-26 23:00:00,3766.84,3769.53,3764.79,3766.12,4685,7,0
2025-09-26 23:30:00,3766.13,3766.91,3760.16,3760.75,3691,7,0
2025-09-29 01:00:00,3759.61,3771.03,3756.76,3767.64,4677,7,0
2025-09-29 01:30:00,3767.64,3770.55,3765.91,3770.51,2882,7,0
2025-09-29 02:00:00,3770.49,3770.69,3766.71,3768.71,3122,7,0
2025-09-29 02:30:00,3768.73,3772.5,3766.48,3766.97,3831,7,0
2025-09-29 03:00:00,3766.98,3777.62,3764.02,3777.45,6105,7,0
2025-09-29 03:30:00,3777.39,3787.53,3777.09,3787.11,6298,7,0
2025-09-29 04:00:00,3787.12,3788.81,3767.9,3772.75,10423,7,0
2025-09-29 04:30:00,3772.83,3779.38,3769.25,3778.71,8893,7,0
2025-09-29 05:00:00,3778.64,3798.71,3777.69,3793.25,8087,7,0
2025-09-29 05:30:00,3793.28,3796.46,3788.03,3792.89,7705,7,0
2025-09-29 06:00:00,3792.91,3799.41,3792.28,3793.52,7411,7,0
2025-09-29 06:30:00,3793.54,3797.66,3793.53,3794.43,6135,7,0
2025-09-29 07:00:00,3794.42,3799.71,3792.56,3799.71,5377,7,0
2025-09-29 07:30:00,3799.73,3809.0,3798.44,3805.17,6655,7,0
2025-09-29 08:00:00,3805.18,3812.11,3802.35,3805.32,6543,7,0
2025-09-29 08:30:00,3805.32,3814.56,3801.32,3813.64,8116,7,0
2025-09-29 09:00:00,3813.65,3818.45,3811.01,3812.77,8054,7,0
2025-09-29 09:30:00,3812.78,3819.81,3811.93,3817.48,7857,7,0
2025-09-29 10:00:00,3817.45,3819.38,3812.44,3814.38,7083,7,0
2025-09-29 10:30:00,3814.38,3815.7,3805.12,3806.29,7616,7,0
2025-09-29 11:00:00,3806.33,3816.44,3806.33,3811.58,7354,7,0
2025-09-29 11:30:00,3811.56,3819.52,3811.18,3818.83,5438,7,0
2025-09-29 12:00:00,3818.8,3819.72,3815.94,3816.18,4648,7,0
2025-09-29 12:30:00,3816.16,3817.2,3806.98,3807.62,6726,7,0
2025-09-29 13:00:00,3807.56,3817.44,3806.52,3815.78,6294,7,0
2025-09-29 13:30:00,3815.78,3818.57,3814.84,3817.92,5780,7,0
2025-09-29 14:00:00,3817.92,3824.58,3816.5,3823.64,6484,7,0
2025-09-29 14:30:00,3823.64,3831.43,3822.56,3829.01,6672,7,0
2025-09-29 15:00:00,3829.0,3830.49,3816.91,3817.54,8578,7,0
2025-09-29 15:30:00,3817.54,3818.87,3811.79,3813.65,8792,7,0
2025-09-29 16:00:00,3813.68,3822.97,3809.33,3821.81,8859,7,0
2025-09-29 16:30:00,3821.8,3828.1,3818.3,3821.39,10372,7,0
2025-09-29 17:00:00,3821.4,3830.59,3816.76,3826.88,9819,7,0
2025-09-29 17:30:00,3826.89,3828.54,3823.31,3828.21,8768,7,0
2025-09-29 18:00:00,3828.24,3832.74,3822.75,3829.34,8508,7,0
2025-09-29 18:30:00,3829.43,3833.24,3821.21,3830.39,7283,7,0
2025-09-29 19:00:00,3830.42,3833.57,3828.26,3831.27,6555,7,0
2025-09-29 19:30:00,3831.26,3832.28,3828.38,3830.36,5377,7,0
2025-09-29 20:00:00,3830.39,3832.88,3824.15,3826.44,6907,7,0
2025-09-29 20:30:00,3826.36,3830.78,3825.1,3828.94,6035,7,0
2025-09-29 21:00:00,3828.93,3830.66,3823.41,3829.76,5567,7,0
2025-09-29 21:30:00,3829.85,3830.17,3823.85,3824.54,5511,7,0
2025-09-29 22:00:00,3824.53,3829.23,3822.65,3826.0,6010,7,0
2025-09-29 22:30:00,3826.0,3829.78,3825.36,3828.8,6027,7,0
2025-09-29 23:00:00,3828.77,3830.25,3827.75,3828.87,3107,7,0
2025-09-29 23:30:00,3828.92,3834.04,3827.97,3833.97,3290,7,0
2025-09-30 01:00:00,3833.51,3833.54,3825.68,3826.94,2368,7,0
2025-09-30 01:30:00,3827.01,3831.19,3827.01,3830.73,1956,7,0
2025-09-30 02:00:00,3830.77,3831.06,3828.63,3829.55,2066,7,0
2025-09-30 02:30:00,3829.55,3833.41,3828.13,3832.91,2885,7,0
2025-09-30 03:00:00,3832.89,3840.7,3831.18,3838.7,6379,7,0
2025-09-30 03:30:00,3838.69,3840.15,3834.69,3839.1,5359,7,0
2025-09-30 04:00:00,3839.09,3847.52,3838.06,3844.31,7495,7,0
2025-09-30 04:30:00,3844.26,3850.87,3842.8,3848.07,7430,7,0
2025-09-30 05:00:00,3848.08,3852.01,3842.64,3845.72,7097,7,0
2025-09-30 05:30:00,3845.78,3849.94,3843.69,3848.05,6102,7,0
2025-09-30 06:00:00,3848.01,3859.45,3845.9,3858.28,6548,7,0
2025-09-30 06:30:00,3858.26,3867.25,3857.92,3864.75,6416,7,0
2025-09-30 07:00:00,3864.73,3865.97,3862.06,3863.97,4847,7,0
2025-09-30 07:30:00,3863.93,3867.09,3863.47,3867.09,4035,7,0
2025-09-30 08:00:00,3867.09,3870.04,3862.69,3867.58,5593,7,0
2025-09-30 08:30:00,3867.53,3870.39,3864.2,3869.75,6729,7,0
2025-09-30 09:00:00,3869.73,3871.7,3862.06,3866.52,7071,7,0
2025-09-30 09:30:00,3866.57,3871.49,3854.84,3855.88,7606,7,0
2025-09-30 10:00:00,3855.87,3859.41,3848.51,3852.99,7825,7,0
2025-09-30 10:30:00,3852.95,3854.44,3839.59,3843.77,7716,7,0
2025-09-30 11:00:00,3843.78,3847.18,3820.3,3823.78,9164,7,0
2025-09-30 11:30:00,3823.78,3823.84,3807.73,3816.36,9750,7,0
2025-09-30 12:00:00,3816.35,3821.49,3797.45,3801.71,9013,7,0
2025-09-30 12:30:00,3801.66,3806.68,3793.21,3798.8,8386,7,0
2025-09-30 13:00:00,3798.79,3809.99,3798.2,3804.23,7394,7,0
2025-09-30 13:30:00,3804.23,3814.64,3803.25,3812.18,6410,7,0
2025-09-30 14:00:00,3812.18,3813.58,3804.52,3809.67,6792,7,0
2025-09-30 14:30:00,3809.66,3817.78,3808.24,3815.35,6412,7,0
2025-09-30 15:00:00,3815.35,3816.68,3811.03,3814.03,7390,7,0
2025-09-30 15:30:00,3814.02,3821.68,3809.03,3819.36,7749,7,0
2025-09-30 16:00:00,3819.35,3820.16,3811.71,3815.27,7922,7,0
2025-09-30 16:30:00,3815.27,3829.95,3812.45,3824.27,9578,7,0
2025-09-30 17:00:00,3824.18,3852.47,3820.48,3844.02,10371,7,0
2025-09-30 17:30:00,3844.02,3854.46,3842.76,3854.13,9107,7,0
2025-09-30 18:00:00,3854.1,3854.2,3831.34,3835.11,9797,7,0
2025-09-30 18:30:00,3834.91,3841.6,3834.47,3839.1,8545,7,0
2025-09-30 19:00:00,3839.14,3844.67,3838.01,3843.67,7385,7,0
2025-09-30 19:30:00,3843.8,3847.99,3842.65,3845.98,6234,7,0
2025-09-30 20:00:00,3846.0,3848.66,3843.84,3845.67,5772,7,0
2025-09-30 20:30:00,3845.65,3849.33,3842.73,3844.07,5973,7,0
2025-09-30 21:00:00,3844.04,3846.47,3839.81,3846.12,5666,7,0
2025-09-30 21:30:00,3846.13,3849.06,3843.83,3848.01,5224,7,0
2025-09-30 22:00:00,3848.02,3854.71,3847.16,3853.25,5286,7,0
2025-09-30 22:30:00,3853.25,3860.81,3853.25,3859.07,6524,7,0
2025-09-30 23:00:00,3859.07,3859.14,3850.74,3855.35,4755,7,0
2025-09-30 23:30:00,3855.36,3860.12,3854.86,3858.96,3668,7,0
2025-10-01 01:00:00,3861.1,3861.43,3854.81,3854.85,3414,7,0
2025-10-01 01:30:00,3854.76,3861.02,3854.72,3860.06,3120,7,0
2025-10-01 02:00:00,3860.08,3862.34,3860.08,3861.66,2363,7,0
2025-10-01 02:30:00,3861.64,3863.07,3860.14,3862.89,2696,7,0
2025-10-01 03:00:00,3863.05,3865.36,3861.3,3861.3,4495,7,0
2025-10-01 03:30:00,3861.29,3864.87,3858.74,3860.96,4841,7,0
2025-10-01 04:00:00,3860.96,3865.2,3859.2,3865.0,5455,7,0
2025-10-01 04:30:00,3864.97,3868.98,3863.91,3868.95,4679,7,0
2025-10-01 05:00:00,3868.97,3875.48,3864.8,3866.27,7315,7,0
2025-10-01 05:30:00,3866.29,3867.43,3858.37,3863.46,6021,7,0
2025-10-01 06:00:00,3863.44,3866.48,3859.06,3863.68,5430,7,0
2025-10-01 06:30:00,3863.71,3864.82,3855.66,3862.06,5961,7,0
2025-10-01 07:00:00,3862.06,3864.61,3858.4,3861.05,4382,7,0
2025-10-01 07:30:00,3861.05,3865.03,3857.55,3864.92,4606,7,0
2025-10-01 08:00:00,3864.92,3869.93,3863.36,3865.79,5617,7,0
2025-10-01 08:30:00,3865.78,3866.59,3862.19,3863.47,4405,7,0
2025-10-01 09:00:00,3863.46,3864.39,3853.47,3861.83,6416,7,0
2025-10-01 09:30:00,3861.85,3864.89,3857.89,3859.19,6284,7,0
2025-10-01 10:00:00,3859.2,3871.31,3859.01,3870.74,7124,7,0
2025-10-01 10:30:00,3870.79,3879.65,3868.19,3879.22,7482,7,0
2025-10-01 11:00:00,3879.22,3895.32,3879.08,3891.89,8182,7,0
2025-10-01 11:30:00,3891.85,3893.87,3888.01,3892.97,6570,7,0
2025-10-01 12:00:00,3893.02,3895.12,3884.52,3886.16,6170,7,0
2025-10-01 12:30:00,3886.13,3891.48,3883.8,3889.02,6416,7,0
2025-10-01 13:00:00,3889.06,3889.52,3885.76,3886.51,5797,7,0
2025-10-01 13:30:00,3886.51,3889.64,3885.25,3887.57,5035,7,0
2025-10-01 14:00:00,3887.57,3888.54,3881.18,3882.02,5467,7,0
2025-10-01 14:30:00,3882.01,3884.43,3878.13,3883.67,5658,7,0
2025-10-01 15:00:00,3883.66,3891.15,3875.44,3877.85,8836,7,0
2025-10-01 15:30:00,3877.85,3880.83,3864.6,3870.39,9686,7,0
2025-10-01 16:00:00,3870.39,3874.08,3863.79,3870.02,8651,7,0
2025-10-01 16:30:00,3870.02,3877.01,3867.75,3873.03,9651,7,0
2025-10-01 17:00:00,3873.0,3876.02,3867.65,3875.24,9387,7,0
2025-10-01 17:30:00,3875.23,3878.69,3856.46,3873.08,10082,7,0
2025-10-01 18:00:00,3873.08,3876.87,3859.47,3859.62,10155,7,0
2025-10-01 18:30:00,3859.64,3869.75,3858.09,3868.6,8343,7,0
2025-10-01 19:00:00,3868.55,3870.75,3860.82,3870.42,7247,7,0
2025-10-01 19:30:00,3870.42,3871.61,3869.5,3870.9,6284,7,0
2025-10-01 20:00:00,3870.91,3871.94,3868.62,3870.82,5606,7,0
2025-10-01 20:30:00,3870.83,3871.39,3860.66,3860.88,6450,7,0
2025-10-01 21:00:00,3860.87,3864.95,3855.08,3863.03,7385,7,0
2025-10-01 21:30:00,3863.06,3866.36,3858.12,3862.18,6712,7,0
2025-10-01 22:00:00,3862.2,3866.65,3861.4,3864.8,6015,7,0
2025-10-01 22:30:00,3864.77,3871.0,3864.22,3867.85,6069,7,0
2025-10-01 23:00:00,3867.86,3867.9,3860.38,3863.45,4365,7,0
2025-10-01 23:30:00,3863.47,3865.11,3862.9,3864.59,2780,7,0
2025-10-02 01:00:00,3869.24,3870.5,3858.69,3860.1,3076,7,0
2025-10-02 01:30:00,3860.1,3864.05,3859.25,3862.1,2206,7,0
2025-10-02 02:00:00,3862.16,3866.62,3861.59,3865.78,2882,7,0
2025-10-02 02:30:00,3865.78,3866.17,3857.7,3863.46,4520,7,0
2025-10-02 03:00:00,3863.44,3863.78,3856.64,3857.96,5865,7,0
2025-10-02 03:30:00,3858.08,3861.29,3856.11,3856.16,4619,7,0
2025-10-02 04:00:00,3856.16,3864.98,3852.99,3863.94,6240,7,0
2025-10-02 04:30:00,3863.93,3865.22,3862.61,3865.07,4641,7,0
2025-10-02 05:00:00,3865.04,3870.05,3861.62,3864.06,5563,7,0
2025-10-02 05:30:00,3864.03,3867.42,3863.19,3866.2,3805,7,0
2025-10-02 06:00:00,3866.16,3869.44,3865.14,3867.22,3700,7,0
2025-10-02 06:30:00,3867.25,3867.25,3864.05,3866.57,3695,7,0
2025-10-02 07:00:00,3866.6,3867.68,3865.04,3866.1,2637,7,0
2025-10-02 07:30:00,3866.1,3866.47,3861.91,3864.29,2829,7,0
2025-10-02 08:00:00,3864.29,3871.31,3864.29,3869.41,4069,7,0
2025-10-02 08:30:00,3869.42,3869.64,3866.3,3867.91,3756,7,0
2025-10-02 09:00:00,3867.89,3874.29,3866.8,3871.92,4869,7,0
2025-10-02 09:30:00,3871.93,3874.27,3862.04,3864.15,5658,7,0
2025-10-02 10:00:00,3864.21,3874.79,3863.52,3864.71,6817,7,0
2025-10-02 10:30:00,3864.7,3869.57,3861.84,3868.63,6665,7,0
2025-10-02 11:00:00,3868.63,3870.63,3864.7,3869.17,5580,7,0
2025-10-02 11:30:00,3869.7,3878.7,3869.16,3874.56,5173,7,0
2025-10-02 12:00:00,3874.56,3878.46,3873.35,3875.39,4983,7,0
2025-10-02 12:30:00,3875.36,3879.81,3875.3,3879.15,5200,7,0
2025-10-02 13:00:00,3879.15,3883.87,3875.87,3882.42,4834,7,0
2025-10-02 13:30:00,3882.41,3883.16,3878.98,3881.89,4586,7,0
2025-10-02 14:00:00,3881.83,3885.32,3879.83,3883.56,4621,7,0
2025-10-02 14:30:00,3883.56,3886.72,3882.09,3886.36,5648,7,0
2025-10-02 15:00:00,3886.34,3892.08,3880.2,3882.86,7616,7,0
2025-10-02 15:30:00,3882.9,3888.49,3880.77,3884.41,7645,7,0
2025-10-02 16:00:00,3884.44,3893.92,3884.44,3893.91,8026,7,0
2025-10-02 16:30:00,3893.87,3896.81,3873.61,3875.22,10395,7,0
2025-10-02 17:00:00,3875.2,3876.77,3857.71,3864.15,10678,7,0
2025-10-02 17:30:00,3864.09,3866.1,3825.43,3839.97,11692,7,0
2025-10-02 18:00:00,3839.92,3844.8,3829.63,3835.98,10882,7,0
2025-10-02 18:30:00,3835.91,3836.2,3819.48,3828.3,10057,7,0
2025-10-02 19:00:00,3828.33,3844.77,3827.31,3838.13,9033,7,0
2025-10-02 19:30:00,3838.03,3845.31,3835.48,3844.94,7908,7,0
2025-10-02 20:00:00,3844.93,3847.79,3842.6,3844.75,7154,7,0
2025-10-02 20:30:00,3844.65,3846.81,3840.69,3844.34,6056,7,0
2025-10-02 21:00:00,3844.36,3847.57,3843.54,3847.31,4860,7,0
2025-10-02 21:30:00,3847.31,3851.51,3846.33,3850.93,4949,7,0
2025-10-02 22:00:00,3850.95,3859.1,3850.72,3857.13,6174,7,0
2025-10-02 22:30:00,3857.15,3858.06,3853.03,3855.63,5376,7,0
2025-10-02 23:00:00,3855.6,3859.32,3854.6,3856.27,2906,7,0
2025-10-02 23:30:00,3856.29,3856.92,3853.61,3855.37,2273,7,0
2025-10-03 01:00:00,3856.48,3858.73,3852.17,3854.41,2395,7,0
2025-10-03 01:30:00,3854.41,3858.45,3854.18,3857.19,2048,7,0
2025-10-03 02:00:00,3857.19,3858.82,3856.89,3858.42,1815,7,0
2025-10-03 02:30:00,3858.41,3863.74,3858.07,3862.5,3702,7,0
2025-10-03 03:00:00,3862.27,3862.63,3857.34,3858.67,4718,7,0
2025-10-03 03:30:00,3858.67,3859.21,3856.47,3856.98,4086,7,0
2025-10-03 04:00:00,3856.98,3862.66,3850.48,3851.64,6381,7,0
2025-10-03 04:30:00,3851.64,3859.9,3847.43,3858.57,6345,7,0
2025-10-03 05:00:00,3858.56,3859.13,3854.38,3855.13,4515,7,0
2025-10-03 05:30:00,3855.12,3855.43,3847.7,3848.19,4893,7,0
2025-10-03 06:00:00,3848.2,3851.0,3839.9,3839.99,5502,7,0
2025-10-03 06:30:00,3840.0,3843.85,3838.06,3842.76,5820,7,0
2025-10-03 07:00:00,3842.73,3848.29,3841.66,3845.05,4103,7,0
2025-10-03 07:30:00,3845.05,3845.99,3843.2,3844.06,3778,7,0
2025-10-03 08:00:00,3844.06,3855.49,3843.96,3854.03,5152,7,0
2025-10-03 08:30:00,3854.03,3859.2,3853.48,3855.14,4978,7,0
2025-10-03 09:00:00,3855.14,3860.72,3851.03,3860.72,5045,7,0
2025-10-03 09:30:00,3860.72,3861.0,3855.45,3859.22,4594,7,0
2025-10-03 10:00:00,3859.24,3863.06,3857.08,3862.81,5274,7,0
2025-10-03 10:30:00,3862.83,3865.26,3861.43,3864.27,4542,7,0
2025-10-03 11:00:00,3864.27,3865.69,3860.2,3862.87,4717,7,0
2025-10-03 11:30:00,3862.87,3865.43,3860.7,3864.84,4074,7,0
2025-10-03 12:00:00,3864.83,3864.91,3857.05,3859.24,4621,7,0
2025-10-03 12:30:00,3859.25,3864.76,3858.1,3864.34,4059,7,0
2025-10-03 13:00:00,3864.35,3866.2,3862.48,3863.41,4375,7,0
2025-10-03 13:30:00,3863.41,3867.7,3862.16,3865.76,5532,7,0
2025-10-03 14:00:00,3865.77,3867.16,3857.64,3858.89,6189,7,0
2025-10-03 14:30:00,3858.85,3864.52,3854.88,3862.14,6362,7,0
2025-10-03 15:00:00,3862.12,3865.13,3860.65,3863.7,6109,7,0
2025-10-03 15:30:00,3863.59,3875.01,3862.98,3873.91,7753,7,0
2025-10-03 16:00:00,3873.9,3884.56,3870.16,3881.11,8469,7,0
2025-10-03 16:30:00,3881.1,3890.62,3872.88,3882.75,10394,7,0
2025-10-03 17:00:00,3882.83,3885.82,3866.37,3879.15,11253,7,0
2025-10-03 17:30:00,3879.16,3881.27,3872.77,3879.72,9695,7,0
2025-10-03 18:00:00,3879.7,3889.1,3873.9,3887.82,8748,7,0
2025-10-03 18:30:00,3887.82,3891.67,3884.17,3889.44,8158,7,0
2025-10-03 19:00:00,3889.52,3889.8,3880.64,3882.8,7927,7,0
2025-10-03 19:30:00,3882.86,3884.7,3880.71,3883.96,6860,7,0
2025-10-03 20:00:00,3883.8,3886.03,3880.77,3883.71,7601,7,0
2025-10-03 20:30:00,3883.7,3885.85,3876.97,3881.89,7809,7,0
2025-10-03 21:00:00,3881.88,3885.17,3880.11,3884.36,6829,7,0
2025-10-03 21:30:00,3884.38,3889.28,3884.31,3886.15,6329,7,0
2025-10-03 22:00:00,3886.12,3888.59,3883.58,3886.77,5660,7,0
2025-10-03 22:30:00,3886.77,3889.19,3884.52,3885.77,6403,7,0
2025-10-03 23:00:00,3885.67,3887.2,3883.62,3884.41,3230,7,0
2025-10-03 23:30:00,3884.4,3887.02,3882.98,3886.75,3030,7,0
2025-10-06 01:00:00,3888.65,3894.06,3884.17,3893.89,5846,7,0
2025-10-06 01:30:00,3893.8,3902.48,3890.15,3899.3,4487,7,0
2025-10-06 02:00:00,3899.53,3920.55,3898.21,3910.42,8189,7,0
2025-10-06 02:30:00,3910.53,3911.67,3907.85,3909.62,6485,7,0
2025-10-06 03:00:00,3909.7,3910.04,3899.11,3902.37,9305,7,0
2025-10-06 03:30:00,3902.38,3906.67,3900.06,3900.54,7932,7,0
2025-10-06 04:00:00,3900.51,3908.17,3899.82,3903.06,7126,7,0
2025-10-06 04:30:00,3903.01,3918.36,3902.54,3918.04,7269,7,0
2025-10-06 05:00:00,3918.01,3924.65,3917.61,3921.91,7173,7,0
2025-10-06 05:30:00,3921.9,3923.35,3918.84,3921.07,5671,7,0
2025-10-06 06:00:00,3921.07,3926.6,3920.01,3921.93,6212,7,0
2025-10-06 06:30:00,3921.92,3931.99,3921.54,3929.57,7210,7,0
2025-10-06 07:00:00,3929.57,3934.42,3928.84,3933.78,6844,7,0
2025-10-06 07:30:00,3933.78,3940.33,3932.41,3938.72,6920,7,0
2025-10-06 08:00:00,3938.8,3945.14,3933.19,3937.04,7924,7,0
2025-10-06 08:30:00,3937.05,3937.16,3927.41,3932.6,7206,7,0
2025-10-06 09:00:00,3932.62,3932.8,3922.51,3928.36,8154,7,0
2025-10-06 09:30:00,3928.32,3934.83,3925.17,3934.37,7348,7,0
2025-10-06 10:00:00,3934.31,3936.51,3929.36,3932.55,7847,7,0
2025-10-06 10:30:00,3932.55,3943.93,3931.31,3941.56,9422,7,0
2025-10-06 11:00:00,3941.65,3949.56,3940.25,3943.78,8920,7,0
2025-10-06 11:30:00,3943.78,3947.21,3935.45,3942.55,7861,7,0
2025-10-06 12:00:00,3942.55,3944.91,3939.05,3943.69,6214,7,0
2025-10-06 12:30:00,3943.7,3944.43,3936.69,3942.4,6017,7,0
2025-10-06 13:00:00,3942.36,3942.74,3932.67,3939.84,7030,7,0
2025-10-06 13:30:00,3939.81,3946.68,3939.32,3942.24,5954,7,0
2025-10-06 14:00:00,3942.25,3942.83,3933.66,3938.71,7644,7,0
2025-10-06 14:30:00,3938.69,3940.24,3931.23,3938.39,8200,7,0
2025-10-06 15:00:00,3938.27,3941.28,3928.97,3931.32,10292,7,0
2025-10-06 15:30:00,3931.28,3938.67,3926.59,3934.12,9302,7,0
2025-10-06 16:00:00,3934.19,3937.17,3930.79,3933.33,8869,7,0
2025-10-06 16:30:00,3933.51,3947.1,3927.29,3944.75,11236,7,0
2025-10-06 17:00:00,3944.69,3950.23,3940.41,3948.18,10793,7,0
2025-10-06 17:30:00,3948.17,3958.8,3946.9,3955.11,10175,7,0
2025-10-06 18:00:00,3955.07,3958.13,3948.48,3950.11,9847,7,0
2025-10-06 18:30:00,3950.15,3964.08,3948.28,3962.54,8933,7,0
2025-10-06 19:00:00,3962.53,3970.1,3945.94,3952.45,10659,7,0
2025-10-06 19:30:00,3952.47,3955.51,3951.01,3954.1,7888,7,0
2025-10-06 20:00:00,3954.11,3959.05,3951.76,3952.0,8447,7,0
2025-10-06 20:30:00,3951.99,3958.21,3951.28,3957.91,6980,7,0
2025-10-06 21:00:00,3957.91,3959.8,3955.94,3958.04,6176,7,0
2025-10-06 21:30:00,3958.02,3960.66,3956.06,3958.33,6077,7,0
2025-10-06 22:00:00,3958.39,3965.0,3958.26,3963.97,5862,7,0
2025-10-06 22:30:00,3963.97,3964.68,3958.42,3959.48,6289,7,0
2025-10-06 23:00:00,3959.42,3961.43,3958.62,3959.72,3282,7,0
2025-10-06 23:30:00,3959.7,3962.48,3957.45,3961.15,2895,7,0
2025-10-07 01:00:00,3959.79,3976.22,3958.47,3973.26,5426,7,0
2025-10-07 01:30:00,3973.25,3973.25,3958.96,3963.41,6818,7,0
2025-10-07 02:00:00,3963.47,3969.97,3961.74,3969.41,4972,7,0
2025-10-07 02:30:00,3969.41,3972.7,3967.87,3969.56,5522,7,0
2025-10-07 03:00:00,3969.49,3977.3,3966.68,3974.11,7692,7,0
2025-10-07 03:30:00,3974.15,3977.44,3961.56,3962.76,8353,7,0
2025-10-07 04:00:00,3962.78,3963.81,3955.98,3959.27,8078,7,0
2025-10-07 04:30:00,3959.35,3961.18,3956.0,3958.2,6530,7,0
2025-10-07 05:00:00,3958.2,3965.39,3957.46,3964.86,5742,7,0
2025-10-07 05:30:00,3964.73,3967.02,3963.94,3964.93,4694,7,0
2025-10-07 06:00:00,3964.96,3969.82,3960.96,3963.53,6084,7,0
2025-10-07 06:30:00,3963.57,3974.71,3962.98,3973.32,6216,7,0
2025-10-07 07:00:00,3973.36,3975.67,3971.54,3973.62,5035,7,0
2025-10-07 07:30:00,3973.65,3977.01,3973.19,3976.08,5353,7,0
2025-10-07 08:00:00,3975.93,3976.86,3960.29,3963.56,7593,7,0
2025-10-07 08:30:00,3963.59,3966.67,3960.61,3964.83,7219,7,0
2025-10-07 09:00:00,3964.84,3966.31,3959.76,3964.03,7023,7,0
2025-10-07 09:30:00,3964.05,3964.51,3953.94,3955.12,7398,7,0
2025-10-07 10:00:00,3955.13,3956.2,3943.99,3951.25,10705,7,0
2025-10-07 10:30:00,3951.27,3956.23,3943.49,3946.03,9210,7,0
2025-10-07 11:00:00,3945.98,3953.73,3940.93,3950.65,9022,7,0
2025-10-07 11:30:00,3950.66,3953.92,3950.45,3951.36,6547,7,0
2025-10-07 12:00:00,3951.32,3963.52,3951.15,3958.28,7029,7,0
2025-10-07 12:30:00,3958.22,3962.86,3955.18,3955.23,6659,7,0
2025-10-07 13:00:00,3955.25,3959.85,3954.13,3956.79,5706,7,0
2025-10-07 13:30:00,3956.79,3962.78,3956.35,3960.11,5616,7,0
2025-10-07 14:00:00,3960.11,3962.09,3956.61,3957.74,5393,7,0
2025-10-07 14:30:00,3957.73,3969.07,3956.38,3967.05,6849,7,0
2025-10-07 15:00:00,3966.95,3972.24,3964.41,3965.86,8471,7,0
2025-10-07 15:30:00,3965.91,3980.04,3965.14,3979.5,8819,7,0
2025-10-07 16:00:00,3979.5,3985.65,3977.45,3982.92,10005,7,0
2025-10-07 16:30:00,3982.89,3983.03,3970.48,3979.28,11061,7,0
2025-10-07 17:00:00,3979.31,3980.47,3969.08,3978.1,11470,7,0
2025-10-07 17:30:00,3978.1,3986.72,3977.61,3985.6,10587,7,0
2025-10-07 18:00:00,3985.62,3991.05,3979.14,3985.06,11190,7,0
2025-10-07 18:30:00,3985.02,3985.56,3961.85,3966.12,11856,7,0
2025-10-07 19:00:00,3966.12,3976.31,3963.15,3969.39,11215,7,0
2025-10-07 19:30:00,3969.41,3979.61,3968.49,3976.68,9736,7,0
2025-10-07 20:00:00,3976.68,3985.2,3976.5,3980.74,8877,7,0
2025-10-07 20:30:00,3980.76,3987.74,3980.59,3980.9,8726,7,0
2025-10-07 21:00:00,3980.9,3983.91,3974.31,3980.09,8984,7,0
2025-10-07 21:30:00,3980.11,3983.2,3978.49,3981.12,7852,7,0
2025-10-07 22:00:00,3981.11,3983.38,3978.64,3980.07,7093,7,0
2025-10-07 22:30:00,3980.05,3982.71,3979.07,3980.24,7032,7,0
2025-10-07 23:00:00,3980.23,3983.37,3980.18,3982.59,3215,7,0
2025-10-07 23:30:00,3982.58,3986.54,3981.73,3984.5,3188,7,0
2025-10-08 01:00:00,3985.19,3990.69,3983.26,3990.59,3359,7,0
2025-10-08 01:30:00,3990.57,3990.66,3987.27,3989.61,2788,7,0
2025-10-08 02:00:00,3989.62,3992.3,3988.54,3989.07,3818,7,0
2025-10-08 02:30:00,3989.06,3996.01,3988.4,3994.39,4371,7,0
2025-10-08 03:00:00,3994.36,3999.33,3994.23,3998.53,5818,7,0
2025-10-08 03:30:00,3998.54,3998.59,3989.55,3992.47,7649,7,0
2025-10-08 04:00:00,3992.41,3995.72,3984.54,3994.14,8973,7,0
2025-10-08 04:30:00,3994.1,4000.79,3991.11,4000.79,7193,7,0
2025-10-08 05:00:00,4000.69,4006.09,3995.69,4003.72,8037,7,0
2025-10-08 05:30:00,4003.75,4011.74,4003.59,4011.69,5748,7,0
2025-10-08 06:00:00,4011.6,4014.66,4008.93,4011.39,5967,7,0
2025-10-08 06:30:00,4011.39,4016.54,4010.49,4014.73,6341,7,0
2025-10-08 07:00:00,4014.77,4021.53,4014.73,4018.61,6612,7,0
2025-10-08 07:30:00,4018.62,4027.23,4017.09,4026.79,6499,7,0
2025-10-08 08:00:00,4026.62,4034.66,4024.64,4033.45,6607,7,0
2025-10-08 08:30:00,4033.46,4037.11,4028.27,4029.2,8107,7,0
2025-10-08 09:00:00,4029.19,4032.86,4021.44,4026.53,8785,7,0
2025-10-08 09:30:00,4026.57,4033.12,4025.52,4031.63,7101,7,0
2025-10-08 10:00:00,4031.63,4039.08,4030.15,4036.29,8072,7,0
2025-10-08 10:30:00,4036.29,4038.78,4031.03,4034.31,7469,7,0
2025-10-08 11:00:00,4034.29,4040.32,4033.27,4038.14,7092,7,0
2025-10-08 11:30:00,4038.14,4040.49,4036.37,4036.38,6131,7,0
2025-10-08 12:00:00,4036.38,4040.0,4033.24,4035.5,5585,7,0
2025-10-08 12:30:00,4035.48,4049.6,4030.82,4049.36,8004,7,0
2025-10-08 13:00:00,4049.35,4049.58,4037.86,4040.35,6968,7,0
2025-10-08 13:30:00,4040.38,4041.35,4033.59,4037.14,7518,7,0
2025-10-08 14:00:00,4037.13,4037.32,4033.0,4034.67,6694,7,0
2025-10-08 14:30:00,4034.67,4038.16,4032.11,4038.11,6961,7,0
2025-10-08 15:00:00,4038.05,4046.46,4035.73,4040.27,9049,7,0
2025-10-08 15:30:00,4040.26,4041.08,4031.16,4040.04,8945,7,0
2025-10-08 16:00:00,4040.05,4049.48,4038.27,4038.59,9210,7,0
2025-10-08 16:30:00,4038.55,4040.02,4026.42,4038.39,12056,7,0
2025-10-08 17:00:00,4038.19,4046.23,4035.68,4044.59,11130,7,0
2025-10-08 17:30:00,4044.66,4049.18,4039.47,4048.17,9102,7,0
2025-10-08 18:00:00,4048.19,4050.62,4037.25,4044.41,10612,7,0
2025-10-08 18:30:00,4044.43,4048.42,4042.6,4045.72,8703,7,0
2025-10-08 19:00:00,4045.69,4056.44,4044.39,4055.64,8958,7,0
2025-10-08 19:30:00,4055.69,4059.23,4052.5,4056.63,8750,7,0
2025-10-08 20:00:00,4056.59,4058.01,4048.24,4049.01,8138,7,0
2025-10-08 20:30:00,4049.03,4053.66,4043.07,4051.22,8362,7,0
2025-10-08 21:00:00,4051.25,4053.31,4038.66,4048.51,9888,7,0
2025-10-08 21:30:00,4048.51,4050.65,4046.07,4049.98,7533,7,0
2025-10-08 22:00:00,4049.98,4054.66,4032.07,4044.89,10099,7,0
2025-10-08 22:30:00,4044.88,4046.13,4034.28,4045.21,9755,7,0
2025-10-08 23:00:00,4045.07,4046.65,4039.62,4043.93,5349,7,0
2025-10-08 23:30:00,4043.98,4044.9,4038.73,4041.62,3601,7,0
2025-10-09 01:00:00,4042.93,4044.71,4015.6,4025.89,6065,7,0
2025-10-09 01:30:00,4025.89,4028.01,4020.54,4021.35,4587,7,0
2025-10-09 02:00:00,4021.36,4022.0,4011.97,4013.94,7081,7,0
2025-10-09 02:30:00,4013.95,4019.45,4001.42,4011.8,8777,7,0
2025-10-09 03:00:00,4011.79,4027.81,4008.86,4027.26,9324,7,0
2025-10-09 03:30:00,4027.34,4028.14,4019.78,4023.08,7753,7,0
2025-10-09 04:00:00,4023.01,4032.61,4008.35,4031.34,12205,7,0
2025-10-09 04:30:00,4031.3,4036.41,4017.0,4019.82,10171,7,0
2025-10-09 05:00:00,4019.8,4020.92,4002.66,4013.18,9824,7,0
2025-10-09 05:30:00,4013.23,4021.34,4006.09,4018.68,8423,7,0
2025-10-09 06:00:00,4018.68,4025.04,4017.28,4024.48,7664,7,0
2025-10-09 06:30:00,4024.45,4029.53,4023.92,4026.8,5948,7,0
2025-10-09 07:00:00,4026.82,4038.61,4026.8,4038.35,6034,7,0
2025-10-09 07:30:00,4038.34,4041.12,4036.2,4039.01,5329,7,0
2025-10-09 08:00:00,4038.97,4040.51,4034.42,4039.04,6190,7,0
2025-10-09 08:30:00,4039.03,4043.74,4035.05,4039.76,8312,7,0
2025-10-09 09:00:00,4039.79,4041.02,4031.4,4031.78,8005,7,0
2025-10-09 09:30:00,4031.81,4036.08,4022.79,4026.04,9612,7,0
2025-10-09 10:00:00,4026.12,4032.82,4024.87,4028.8,9052,7,0
2025-10-09 10:30:00,4028.8,4032.45,4026.72,4031.55,7326,7,0
2025-10-09 11:00:00,4031.55,4037.95,4030.25,4036.83,7290,7,0
2025-10-09 11:30:00,4036.78,4040.38,4035.32,4038.2,5642,7,0
2025-10-09 12:00:00,4038.21,4042.09,4036.6,4038.46,6694,7,0
2025-10-09 12:30:00,4038.45,4040.18,4034.28,4037.52,6021,7,0
2025-10-09 13:00:00,4037.53,4039.4,4036.39,4038.77,4820,7,0
2025-10-09 13:30:00,4038.77,4044.29,4038.01,4044.27,5035,7,0
2025-10-09 14:00:00,4044.28,4046.69,4033.6,4036.05,7204,7,0
2025-10-09 14:30:00,4036.08,4046.48,4036.05,4044.46,6941,7,0
2025-10-09 15:00:00,4044.48,4044.81,4037.49,4041.2,8014,7,0
2025-10-09 15:30:00,4041.15,4053.73,4039.95,4053.46,9165,7,0
2025-10-09 16:00:00,4053.48,4057.96,4048.73,4055.69,11322,7,0
2025-10-09 16:30:00,4055.66,4056.67,4017.26,4017.26,13331,7,0
2025-10-09 17:00:00,4017.37,4029.19,4006.63,4006.82,13263,7,0
2025-10-09 17:30:00,4006.84,4028.95,4004.15,4024.25,12908,7,0
2025-10-09 18:00:00,4024.17,4028.69,4016.19,4016.47,11846,7,0
2025-10-09 18:30:00,4016.33,4018.61,4006.54,4014.66,12073,7,0
2025-10-09 19:00:00,4014.63,4021.69,4009.98,4012.3,10643,7,0
2025-10-09 19:30:00,4012.12,4012.59,3963.98,3968.37,12984,7,0
2025-10-09 20:00:00,3968.56,3974.28,3944.91,3959.04,12962,7,0
2025-10-09 20:30:00,3959.01,3963.61,3945.24,3950.26,11671,7,0
2025-10-09 21:00:00,3950.2,3968.76,3949.59,3963.13,11037,7,0
2025-10-09 21:30:00,3963.17,3963.77,3956.02,3957.3,9069,7,0
2025-10-09 22:00:00,3957.32,3978.23,3955.27,3978.07,9583,7,0
2025-10-09 22:30:00,3978.08,3982.1,3971.98,3973.17,9505,7,0
2025-10-09 23:00:00,3973.12,3979.03,3973.12,3976.66,5473,7,0
2025-10-09 23:30:00,3976.64,3977.66,3973.13,3976.19,3772,7,0
2025-10-10 01:00:00,3962.81,3981.4,3958.69,3972.57,4716,7,0
2025-10-10 01:30:00,3972.56,3977.33,3971.4,3975.33,3361,7,0
2025-10-10 02:00:00,3975.36,3985.82,3974.49,3983.11,3957,7,0
2025-10-10 02:30:00,3983.03,3990.93,3979.27,3989.85,6011,7,0
2025-10-10 03:00:00,3989.76,3993.07,3985.58,3991.61,7006,7,0
2025-10-10 03:30:00,3991.62,3994.47,3988.17,3991.0,5991,7,0
2025-10-10 04:00:00,3991.01,3992.48,3975.47,3981.64,9695,7,0
2025-10-10 04:30:00,3981.6,3981.79,3969.98,3973.28,9199,7,0
2025-10-10 05:00:00,3973.31,3985.63,3973.31,3984.29,7241,7,0
2025-10-10 05:30:00,3984.3,3986.79,3976.73,3978.59,7177,7,0
2025-10-10 06:00:00,3978.56,3979.32,3961.98,3970.35,8159,7,0
2025-10-10 06:30:00,3970.42,3973.97,3960.95,3961.99,7384,7,0
2025-10-10 07:00:00,3961.97,3964.63,3947.12,3958.95,8229,7,0
2025-10-10 07:30:00,3958.96,3966.81,3957.8,3966.36,6658,7,0
2025-10-10 08:00:00,3966.31,3977.79,3966.25,3972.87,7849,7,0
2025-10-10 08:30:00,3972.86,3976.99,3965.67,3974.82,8976,7,0
2025-10-10 09:00:00,3974.83,3976.14,3967.64,3971.74,8027,7,0
2025-10-10 09:30:00,3971.75,3976.09,3962.71,3968.36,9113,7,0
2025-10-10 10:00:00,3968.37,3968.52,3952.55,3964.95,9811,7,0
2025-10-10 10:30:00,3964.97,3976.24,3962.43,3972.09,8422,7,0
2025-10-10 11:00:00,3972.11,3988.84,3970.27,3986.66,9141,7,0
2025-10-10 11:30:00,3986.62,3994.67,3985.38,3992.06,7637,7,0
2025-10-10 12:00:00,3992.13,4001.71,3990.37,3996.26,8797,7,0
2025-10-10 12:30:00,3996.31,4006.76,3994.61,3995.76,8996,7,0
2025-10-10 13:00:00,3995.77,3999.07,3990.86,3998.85,8297,7,0
2025-10-10 13:30:00,3998.84,4000.13,3993.16,3993.84,7105,7,0
2025-10-10 14:00:00,3993.77,3999.83,3993.26,3996.95,7092,7,0
2025-10-10 14:30:00,3996.96,3998.64,3983.73,3987.14,8757,7,0
2025-10-10 15:00:00,3987.17,3993.5,3985.2,3991.52,9172,7,0
2025-10-10 15:30:00,3991.53,3991.83,3980.23,3985.66,9014,7,0
2025-10-10 16:00:00,3985.63,3994.72,3979.5,3992.6,10331,7,0
2025-10-10 16:30:00,3992.59,3998.1,3975.58,3980.48,12399,7,0
2025-10-10 17:00:00,3980.63,3987.25,3970.75,3983.28,11993,7,0
2025-10-10 17:30:00,3983.27,3994.16,3980.24,3990.14,10762,7,0
2025-10-10 18:00:00,3990.12,4020.15,3988.09,4016.89,12977,7,0
2025-10-10 18:30:00,4016.73,4022.84,3994.71,3998.05,12712,7,0
2025-10-10 19:00:00,3998.01,3998.85,3977.59,3987.92,12215,7,0
2025-10-10 19:30:00,3987.93,3995.12,3979.82,3983.45,11329,7,0
2025-10-10 20:00:00,3983.45,3986.86,3975.16,3984.65,11377,7,0
2025-10-10 20:30:00,3984.59,3992.06,3978.58,3989.84,9678,7,0
2025-10-10 21:00:00,3989.92,4009.16,3984.25,4004.03,9675,7,0
2025-10-10 21:30:00,4004.08,4005.05,3993.15,3999.08,9758,7,0
2025-10-10 22:00:00,3999.1,4008.54,3996.03,4005.56,9242,7,0
2025-10-10 22:30:00,4005.21,4021.48,4005.21,4011.36,10442,7,0
2025-10-10 23:00:00,4011.25,4015.7,4005.74,4012.39,6154,7,0
2025-10-10 23:30:00,4012.39,4020.61,4007.8,4012.06,6180,7,0
2025-10-13 01:00:00,4001.29,4045.24,3995.51,4040.38,7921,7,0
2025-10-13 01:30:00,4040.4,4043.14,4032.7,4042.42,5834,7,0
2025-10-13 02:00:00,4042.33,4059.99,4040.86,4049.1,8458,7,0
2025-10-13 02:30:00,4049.09,4049.88,4032.21,4035.12,8045,7,0
2025-10-13 03:00:00,4035.17,4041.71,4024.59,4040.36,9373,7,0
2025-10-13 03:30:00,4040.4,4059.63,4037.69,4044.01,10077,7,0
2025-10-13 04:00:00,4043.9,4053.34,4035.77,4042.16,10011,7,0
2025-10-13 04:30:00,4042.17,4054.97,4041.4,4053.13,8808,7,0
2025-10-13 05:00:00,4053.07,4055.88,4042.62,4046.28,7507,7,0
2025-10-13 05:30:00,4046.28,4050.88,4041.71,4048.03,7266,7,0
2025-10-13 06:00:00,4048.1,4052.67,4046.37,4051.97,6199,7,0
2025-10-13 06:30:00,4051.85,4056.35,4048.38,4052.0,6820,7,0
2025-10-13 07:00:00,4052.04,4057.17,4051.13,4056.73,5073,7,0
2025-10-13 07:30:00,4056.73,4059.42,4055.7,4056.31,4993,7,0
2025-10-13 08:00:00,4056.3,4074.05,4055.25,4071.4,7610,7,0
2025-10-13 08:30:00,4071.35,4078.18,4061.87,4063.59,9029,7,0
2025-10-13 09:00:00,4063.68,4071.7,4059.61,4068.93,8883,7,0
2025-10-13 09:30:00,4068.9,4073.64,4066.85,4069.53,7697,7,0
2025-10-13 10:00:00,4069.44,4076.16,4066.73,4074.56,7472,7,0
2025-10-13 10:30:00,4074.54,4077.49,4068.21,4071.17,7180,7,0
2025-10-13 11:00:00,4071.15,4076.24,4069.95,4073.68,7353,7,0
2025-10-13 11:30:00,4073.58,4079.18,4069.12,4077.89,7056,7,0
2025-10-13 12:00:00,4077.82,4079.81,4071.2,4071.73,5867,7,0
2025-10-13 12:30:00,4071.71,4079.58,4070.4,4077.38,6770,7,0
2025-10-13 13:00:00,4077.38,4077.47,4071.36,4076.31,6726,7,0
2025-10-13 13:30:00,4076.29,4084.99,4073.58,4081.04,6127,7,0
2025-10-13 14:00:00,4080.99,4084.67,4077.28,4081.3,6715,7,0
2025-10-13 14:30:00,4081.36,4081.45,4073.7,4073.99,6723,7,0
2025-10-13 15:00:00,4074.02,4084.33,4073.3,4083.74,7963,7,0
2025-10-13 15:30:00,4083.79,4086.04,4075.54,4079.63,8336,7,0
2025-10-13 16:00:00,4079.65,4092.92,4078.25,4091.32,9097,7,0
2025-10-13 16:30:00,4091.31,4095.73,4081.92,4094.11,10271,7,0
2025-10-13 17:00:00,4094.1,4096.97,4090.73,4094.73,9966,7,0
2025-10-13 17:30:00,4094.72,4103.84,4094.72,4097.5,9444,7,0
2025-10-13 18:00:00,4097.42,4100.2,4091.79,4093.28,9163,7,0
2025-10-13 18:30:00,4093.33,4107.37,4092.72,4104.95,8110,7,0
2025-10-13 19:00:00,4104.94,4117.01,4104.94,4110.06,9108,7,0
2025-10-13 19:30:00,4109.83,4112.78,4103.92,4105.74,8767,7,0
2025-10-13 20:00:00,4105.71,4115.41,4101.87,4112.71,8971,7,0
2025-10-13 20:30:00,4112.73,4113.71,4100.26,4103.73,8091,7,0
2025-10-13 21:00:00,4103.75,4107.6,4099.37,4104.79,7339,7,0
2025-10-13 21:30:00,4104.77,4107.17,4099.99,4101.69,7233,7,0
2025-10-13 22:00:00,4101.69,4106.7,4090.78,4104.74,8185,7,0
2025-10-13 22:30:00,4104.77,4110.96,4102.22,4108.61,7310,7,0
2025-10-13 23:00:00,4108.69,4111.18,4106.09,4110.69,3218,7,0
2025-10-13 23:30:00,4110.65,4112.74,4107.58,4111.42,3505,7,0
2025-10-14 01:00:00,4111.11,4114.22,4108.94,4109.03,3352,7,0
2025-10-14 01:30:00,4109.06,4115.79,4106.71,4114.96,3971,7,0
2025-10-14 02:00:00,4114.78,4116.85,4112.91,4115.26,4447,7,0
2025-10-14 02:30:00,4115.26,4132.01,4115.18,4127.97,7926,7,0
2025-10-14 03:00:00,4127.91,4129.74,4119.74,4126.15,8337,7,0
2025-10-14 03:30:00,4126.16,4130.19,4124.41,4124.58,7030,7,0
2025-10-14 04:00:00,4124.54,4149.85,4123.42,4146.91,10725,7,0
2025-10-14 04:30:00,4146.93,4149.29,4132.17,4137.16,10190,7,0
2025-10-14 05:00:00,4137.19,4143.64,4136.95,4142.31,7550,7,0
2025-10-14 05:30:00,4142.33,4149.86,4141.88,4146.02,8720,7,0
2025-10-14 06:00:00,4146.03,4159.57,4145.26,4159.39,8566,7,0
2025-10-14 06:30:00,4159.37,4166.37,4158.32,4163.33,8651,7,0
2025-10-14 07:00:00,4163.35,4169.21,4157.75,4163.96,7876,7,0
2025-10-14 07:30:00,4163.95,4169.96,4156.06,4168.1,6970,7,0
2025-10-14 08:00:00,4168.18,4179.67,4165.49,4179.37,8388,7,0
2025-10-14 08:30:00,4179.38,4179.67,4111.18,4121.25,12468,7,0
2025-10-14 09:00:00,4121.19,4134.08,4090.72,4113.95,12399,7,0
2025-10-14 09:30:00,4114.01,4115.13,4090.55,4112.38,11179,7,0
2025-10-14 10:00:00,4112.3,4127.92,4102.6,4123.76,9924,7,0
2025-10-14 10:30:00,4123.75,4126.92,4116.99,4126.53,9477,7,0
2025-10-14 11:00:00,4126.5,4144.55,4124.72,4144.36,8901,7,0
2025-10-14 11:30:00,4144.36,4145.1,4130.33,4144.02,8989,7,0
2025-10-14 12:00:00,4144.0,4144.27,4134.18,4140.14,8105,7,0
2025-10-14 12:30:00,4139.86,4143.98,4121.98,4127.47,9222,7,0
2025-10-14 13:00:00,4127.47,4139.68,4125.09,4139.52,8170,7,0
2025-10-14 13:30:00,4139.54,4144.32,4128.81,4131.89,8422,7,0
2025-10-14 14:00:00,4131.85,4137.89,4128.51,4132.23,7834,7,0
2025-10-14 14:30:00,4132.33,4132.48,4125.83,4130.52,7415,7,0
2025-10-14 15:00:00,4130.52,4134.49,4116.65,4118.82,8758,7,0
2025-10-14 15:30:00,4118.83,4120.01,4103.55,4106.57,10489,7,0
2025-10-14 16:00:00,4106.64,4119.99,4097.81,4110.41,11297,7,0
2025-10-14 16:30:00,4110.4,4129.56,4106.63,4124.16,11560,7,0
2025-10-14 17:00:00,4124.08,4137.4,4121.39,4133.49,11046,7,0
2025-10-14 17:30:00,4133.3,4137.54,4126.53,4129.22,10219,7,0
2025-10-14 18:00:00,4129.23,4141.24,4126.25,4138.01,9961,7,0
2025-10-14 18:30:00,4138.01,4142.65,4131.84,4138.13,9711,7,0
2025-10-14 19:00:00,4138.08,4141.86,4127.98,4133.68,9650,7,0
2025-10-14 19:30:00,4133.68,4155.25,4128.81,4140.46,10380,7,0
2025-10-14 20:00:00,4140.4,4153.0,4137.33,4147.01,9902,7,0
2025-10-14 20:30:00,4147.06,4152.66,4143.4,4148.25,8548,7,0
2025-10-14 21:00:00,4148.15,4152.56,4143.11,4145.92,7959,7,0
2025-10-14 21:30:00,4145.9,4150.56,4145.44,4148.27,7605,7,0
2025-10-14 22:00:00,4148.32,4150.64,4146.48,4149.76,6532,7,0
2025-10-14 22:30:00,4149.77,4150.26,4134.48,4141.68,9958,7,0
2025-10-14 23:00:00,4141.65,4146.11,4139.38,4143.98,4825,7,0
2025-10-14 23:30:00,4143.98,4145.6,4141.92,4143.71,3405,7,0
2025-10-15 01:00:00,4143.55,4163.68,4140.68,4152.36,5319,7,0
2025-10-15 01:30:00,4152.46,4161.69,4150.15,4158.42,4222,7,0
2025-10-15 02:00:00,4158.42,4164.21,4157.2,4163.69,4226,7,0
2025-10-15 02:30:00,4163.62,4167.16,4160.18,4161.58,5243,7,0
2025-10-15 03:00:00,4161.52,4169.67,4153.87,4156.07,7073,7,0
2025-10-15 03:30:00,4156.01,4168.82,4155.08,4162.5,6999,7,0
2025-10-15 04:00:00,4162.52,4186.72,4162.13,4185.5,10589,7,0
2025-10-15 04:30:00,4185.64,4186.46,4176.05,4181.74,8505,7,0
2025-10-15 05:00:00,4181.69,4184.54,4177.91,4179.25,6509,7,0
2025-10-15 05:30:00,4179.23,4180.17,4167.09,4176.54,9381,7,0
2025-10-15 06:00:00,4176.55,4185.83,4176.17,4183.66,7288,7,0
2025-10-15 06:30:00,4183.66,4190.67,4180.21,4187.04,5556,7,0
2025-10-15 07:00:00,4187.1,4187.5,4173.4,4176.43,5287,7,0
2025-10-15 07:30:00,4176.43,4180.45,4174.35,4179.74,5003,7,0
2025-10-15 08:00:00,4179.75,4193.15,4176.88,4192.77,6405,7,0
2025-10-15 08:30:00,4192.81,4193.68,4184.43,4186.0,7808,7,0
2025-10-15 09:00:00,4185.99,4193.45,4184.31,4190.19,7257,7,0
2025-10-15 09:30:00,4190.21,4200.37,4187.55,4199.47,6990,7,0
2025-10-15 10:00:00,4199.47,4200.64,4194.62,4199.64,6590,7,0
2025-10-15 10:30:00,4199.63,4209.83,4198.91,4207.75,6783,7,0
2025-10-15 11:00:00,4207.75,4218.21,4207.29,4210.79,7716,7,0
2025-10-15 11:30:00,4210.8,4216.97,4207.79,4208.26,6557,7,0
2025-10-15 12:00:00,4208.23,4212.09,4164.6,4190.15,9665,8,0
2025-10-15 12:30:00,4190.2,4196.7,4188.7,4192.58,8402,8,0
2025-10-15 13:00:00,4192.58,4206.28,4191.47,4201.35,7423,8,0
2025-10-15 13:30:00,4201.34,4203.14,4190.65,4202.78,6811,8,0
2025-10-15 14:00:00,4202.68,4203.47,4197.43,4202.17,5906,8,0
2025-10-15 14:30:00,4202.11,4204.24,4193.68,4198.73,7164,8,0
2025-10-15 15:00:00,4198.72,4202.81,4180.19,4181.32,9221,8,0
2025-10-15 15:30:00,4181.32,4192.63,4176.52,4190.74,9263,8,0
2025-10-15 16:00:00,4190.74,4197.86,4182.9,4194.34,9871,8,0
2025-10-15 16:30:00,4194.31,4198.73,4183.35,4192.2,10915,8,0
2025-10-15 17:00:00,4192.12,4212.4,4191.83,4205.99,10354,8,0
2025-10-15 17:30:00,4206.06,4207.31,4191.67,4200.06,9752,8,0
2025-10-15 18:00:00,4200.04,4203.09,4193.47,4201.38,9990,8,0
2025-10-15 18:30:00,4201.44,4201.68,4179.78,4190.57,10495,8,0
2025-10-15 19:00:00,4190.57,4199.57,4186.38,4197.19,9210,8,0
2025-10-15 19:30:00,4197.19,4199.91,4190.07,4199.01,8400,8,0
2025-10-15 20:00:00,4199.02,4199.68,4182.7,4188.6,10059,8,0
2025-10-15 20:30:00,4188.62,4197.88,4186.43,4197.88,8424,8,0
2025-10-15 21:00:00,4197.87,4204.76,4195.37,4198.32,9512,8,0
2025-10-15 21:30:00,4198.38,4201.49,4196.08,4200.85,7217,8,0
2025-10-15 22:00:00,4200.81,4211.9,4200.54,4210.98,7904,8,0
2025-10-15 22:30:00,4210.95,4213.46,4205.71,4210.47,8412,8,0
2025-10-15 23:00:00,4210.46,4212.87,4206.12,4207.72,4525,8,0
2025-10-15 23:30:00,4207.71,4211.36,4207.11,4208.29,4662,8,0
2025-10-16 01:00:00,4209.57,4212.94,4199.72,4211.59,5162,8,0
2025-10-16 01:30:00,4211.59,4215.6,4210.22,4213.31,4559,8,0
2025-10-16 02:00:00,4213.19,4215.84,4208.84,4212.22,4849,8,0
2025-10-16 02:30:00,4212.19,4213.22,4206.27,4209.57,5080,8,0
2025-10-16 03:00:00,4209.57,4225.15,4205.01,4223.21,7248,8,0
2025-10-16 03:30:00,4223.21,4227.27,4210.47,4210.6,8246,8,0
2025-10-16 04:00:00,4210.6,4227.83,4210.55,4224.77,9505,8,0
2025-10-16 04:30:00,4224.84,4233.02,4222.87,4230.24,9025,8,0
2025-10-16 05:00:00,4230.19,4234.73,4229.67,4231.8,6968,8,0
2025-10-16 05:30:00,4231.78,4239.64,4226.12,4239.59,7738,8,0
2025-10-16 06:00:00,4239.62,4242.1,4234.17,4235.61,7981,8,0
2025-10-16 06:30:00,4235.57,4236.71,4229.18,4233.83,6840,8,0
2025-10-16 07:00:00,4233.79,4239.1,4230.41,4238.18,5027,8,0
2025-10-16 07:30:00,4238.2,4239.4,4228.11,4233.42,6684,8,0
2025-10-16 08:00:00,4233.59,4234.79,4221.65,4224.04,7625,8,0
2025-10-16 08:30:00,4223.99,4224.06,4203.65,4204.88,11148,8,0
2025-10-16 09:00:00,4204.88,4227.28,4203.62,4224.6,9890,8,0
2025-10-16 09:30:00,4224.6,4226.28,4215.66,4222.8,8271,8,0
2025-10-16 10:00:00,4222.79,4234.03,4222.24,4233.59,7284,8,0
2025-10-16 10:30:00,4233.58,4233.58,4226.05,4230.66,6479,8,0
2025-10-16 11:00:00,4230.61,4236.03,4230.19,4231.47,6393,8,0
2025-10-16 11:30:00,4231.71,4234.35,4228.7,4232.9,5643,8,0
2025-10-16 12:00:00,4232.92,4234.9,4222.95,4223.23,6330,8,0
2025-10-16 12:30:00,4223.24,4241.94,4222.09,4239.61,6908,8,0
2025-10-16 13:00:00,4239.57,4243.25,4235.13,4237.82,6814,8,0
2025-10-16 13:30:00,4237.86,4246.12,4234.4,4242.79,5711,8,0
2025-10-16 14:00:00,4242.78,4246.69,4239.65,4244.61,6043,8,0
2025-10-16 14:30:00,4244.58,4247.58,4240.21,4240.63,6948,8,0
2025-10-16 15:00:00,4240.63,4245.36,4236.64,4239.14,7464,8,0
2025-10-16 15:30:00,4239.12,4251.09,4227.79,4236.02,10060,8,0
2025-10-16 16:00:00,4236.07,4254.8,4235.01,4251.44,10270,8,0
2025-10-16 16:30:00,4251.56,4258.78,4243.71,4246.73,10577,8,0
2025-10-16 17:00:00,4246.32,4265.75,4245.44,4263.06,10348,8,0
2025-10-16 17:30:00,4263.06,4267.64,4254.23,4263.34,10197,8,0
2025-10-16 18:00:00,4263.34,4273.21,4261.0,4271.9,9495,8,0
2025-10-16 18:30:00,4271.92,4275.98,4267.29,4273.57,9218,8,0
2025-10-16 19:00:00,4273.61,4291.93,4269.4,4289.62,9769,8,0
2025-10-16 19:30:00,4289.57,4291.73,4261.47,4282.71,11680,8,0
2025-10-16 20:00:00,4282.71,4295.2,4280.18,4289.86,10352,8,0
2025-10-16 20:30:00,4289.66,4298.78,4287.36,4293.89,9181,8,0
2025-10-16 21:00:00,4293.9,4295.01,4273.4,4285.61,10099,8,0
2025-10-16 21:30:00,4285.68,4293.92,4283.08,4291.05,9244,8,0
2025-10-16 22:00:00,4291.0,4297.06,4287.94,4295.24,8954,8,0
2025-10-16 22:30:00,4295.19,4312.91,4291.24,4307.32,9631,8,0
2025-10-16 23:00:00,4307.44,4320.48,4307.43,4315.71,6886,8,0
2025-10-16 23:30:00,4315.66,4330.74,4311.82,4329.17,5389,8,0
2025-10-17 01:00:00,4339.51,4379.43,4327.3,4367.81,9121,8,0
2025-10-17 01:30:00,4367.8,4367.83,4343.67,4346.78,8441,8,0
2025-10-17 02:00:00,4346.78,4363.87,4341.7,4363.87,7827,8,0
2025-10-17 02:30:00,4363.86,4379.18,4350.17,4365.73,8906,8,0
2025-10-17 03:00:00,4365.68,4366.78,4355.12,4357.92,9038,8,0
2025-10-17 03:30:00,4357.98,4371.72,4353.59,4358.3,8959,8,0
2025-10-17 04:00:00,4358.29,4362.31,4324.26,4334.02,11744,8,0
2025-10-17 04:30:00,4334.06,4337.67,4279.15,4314.02,12347,8,0
2025-10-17 05:00:00,4313.98,4335.89,4312.52,4332.55,11096,8,0
2025-10-17 05:30:00,4332.44,4348.55,4331.59,4342.45,9667,8,0
2025-10-17 06:00:00,4342.45,4360.99,4338.75,4356.81,9717,8,0
2025-10-17 06:30:00,4356.75,4366.76,4354.34,4366.73,7841,8,0
2025-10-17 07:00:00,4366.74,4376.58,4355.33,4358.59,8524,8,0
2025-10-17 07:30:00,4358.57,4377.09,4358.24,4376.39,7460,8,0
2025-10-17 08:00:00,4376.44,4378.65,4358.07,4359.29,8752,8,0
2025-10-17 08:30:00,4359.73,4369.57,4342.37,4365.53,10001,8,0
2025-10-17 09:00:00,4365.58,4369.64,4354.61,4361.54,10031,8,0
2025-10-17 09:30:00,4361.65,4367.41,4346.8,4360.43,9491,8,0
2025-10-17 10:00:00,4360.17,4361.83,4314.35,4338.69,10231,8,0
2025-10-17 10:30:00,4338.66,4349.55,4329.91,4342.3,10463,8,0
2025-10-17 11:00:00,4342.41,4349.62,4321.23,4341.48,10371,8,0
2025-10-17 11:30:00,4341.46,4349.84,4332.82,4347.83,9361,8,0
2025-10-17 12:00:00,4347.83,4348.55,4332.31,4335.24,8566,8,0
2025-10-17 12:30:00,4335.21,4345.15,4333.56,4340.2,7861,8,0
2025-10-17 13:00:00,4340.22,4342.16,4336.4,4341.06,7162,8,0
2025-10-17 13:30:00,4341.06,4341.62,4319.69,4327.82,9627,8,0
2025-10-17 14:00:00,4327.74,4335.89,4316.76,4321.82,9590,8,0
2025-10-17 14:30:00,4321.86,4322.94,4286.79,4287.25,10861,8,0
2025-10-17 15:00:00,4287.2,4316.17,4283.59,4293.53,11444,8,0
2025-10-17 15:30:00,4293.47,4320.05,4291.18,4314.57,10367,8,0
2025-10-17 16:00:00,4314.69,4317.88,4301.44,4316.25,10984,8,0
2025-10-17 16:30:00,4316.2,4317.12,4258.67,4273.86,12183,8,0
2025-10-17 17:00:00,4273.93,4274.49,4217.07,4240.87,12583,8,0
2025-10-17 17:30:00,4240.86,4266.39,4230.69,4248.91,11967,9,0
2025-10-17 18:00:00,4249.02,4259.47,4231.08,4248.25,11560,9,0
2025-10-17 18:30:00,4248.26,4259.3,4236.45,4237.37,10668,9,0
2025-10-17 19:00:00,4237.4,4244.97,4215.17,4216.59,11083,9,0
2025-10-17 19:30:00,4214.91,4221.39,4200.77,4204.74,12006,9,0
2025-10-17 20:00:00,4204.89,4214.17,4186.37,4201.1,11811,9,0
2025-10-17 20:30:00,4201.1,4228.54,4196.71,4221.19,10646,9,0
2025-10-17 21:00:00,4221.19,4244.61,4218.18,4244.56,10620,9,0
2025-10-17 21:30:00,4244.56,4244.65,4232.07,4235.4,8767,9,0
2025-10-17 22:00:00,4235.52,4237.82,4212.68,4216.4,10000,9,0
2025-10-17 22:30:00,4216.34,4231.5,4216.34,4225.9,9634,9,0
2025-10-17 23:00:00,4225.84,4246.25,4220.02,4245.68,7883,9,0
2025-10-17 23:30:00,4245.65,4252.92,4242.59,4252.69,5903,9,0
2025-10-20 01:00:00,4253.57,4273.26,4240.0,4259.95,7756,9,0
2025-10-20 01:30:00,4259.33,4262.06,4246.42,4255.74,6629,9,0
2025-10-20 02:00:00,4255.72,4256.2,4239.63,4247.14,7813,9,0
2025-10-20 02:30:00,4247.52,4247.87,4234.06,4237.92,6895,9,0
2025-10-20 03:00:00,4237.92,4242.77,4219.06,4222.11,9823,9,0
2025-10-20 03:30:00,4222.32,4250.78,4220.69,4249.86,9658,9,0
2025-10-20 04:00:00,4249.65,4264.56,4229.53,4262.79,10878,9,0
2025-10-20 04:30:00,4262.76,4268.93,4256.13,4262.39,9787,9,0
2025-10-20 05:00:00,4262.52,4267.24,4258.96,4266.86,7944,9,0
2025-10-20 05:30:00,4266.91,4271.14,4253.45,4255.75,9292,9,0
2025-10-20 06:00:00,4255.7,4262.57,4252.19,4254.89,8043,9,0
2025-10-20 06:30:00,4254.91,4265.25,4248.73,4264.72,7145,9,0
2025-10-20 07:00:00,4264.73,4267.27,4260.37,4264.42,5788,9,0
2025-10-20 07:30:00,4264.39,4268.28,4262.48,4266.33,5081,9,0
2025-10-20 08:00:00,4266.32,4266.74,4247.28,4257.12,7261,9,0
2025-10-20 08:30:00,4257.03,4260.45,4239.66,4239.82,10019,9,0
2025-10-20 09:00:00,4239.82,4245.84,4226.24,4226.71,9936,9,0
2025-10-20 09:30:00,4226.73,4240.85,4221.52,4236.2,9460,9,0
2025-10-20 10:00:00,4236.3,4260.1,4234.89,4253.94,8686,9,0
2025-10-20 10:30:00,4254.05,4260.83,4251.52,4255.15,7570,9,0
2025-10-20 11:00:00,4255.2,4262.99,4254.06,4260.64,7390,9,0
2025-10-20 11:30:00,4260.67,4266.17,4252.43,4258.76,7210,9,0
2025-10-20 12:00:00,4258.75,4260.21,4250.43,4252.46,6634,9,0
2025-10-20 12:30:00,4252.47,4263.73,4251.72,4260.79,7135,9,0
2025-10-20 13:00:00,4260.79,4260.96,4245.71,4256.0,8315,9,0
2025-10-20 13:30:00,4255.98,4260.25,4251.59,4254.77,7852,9,0
2025-10-20 14:00:00,4254.73,4263.73,4251.01,4262.8,7277,9,0
2025-10-20 14:30:00,4262.81,4279.58,4259.8,4279.26,7405,9,0
2025-10-20 15:00:00,4279.21,4299.56,4272.74,4293.85,10266,9,0
2025-10-20 15:30:00,4293.95,4327.28,4292.13,4323.44,11338,9,0
2025-10-20 16:00:00,4323.4,4325.01,4313.61,4320.01,10785,9,0
2025-10-20 16:30:00,4320.04,4320.5,4299.51,4300.96,11578,9,0
2025-10-20 17:00:00,4300.87,4334.46,4292.67,4326.4,11354,9,0
2025-10-20 17:30:00,4326.48,4334.71,4317.11,4332.39,10410,9,0
2025-10-20 18:00:00,4332.42,4355.72,4332.4,4345.54,10654,9,0
2025-10-20 18:30:00,4345.55,4351.31,4344.16,4349.22,9795,9,0
2025-10-20 19:00:00,4349.17,4350.86,4342.75,4345.14,9143,9,0
2025-10-20 19:30:00,4345.17,4349.83,4343.42,4347.86,7886,9,0
2025-10-20 20:00:00,4347.83,4351.12,4340.64,4342.16,8529,9,0
2025-10-20 20:30:00,4342.2,4349.14,4337.4,4347.5,8547,9,0
2025-10-20 21:00:00,4347.54,4358.05,4344.69,4357.7,7050,9,0
2025-10-20 21:30:00,4357.71,4364.63,4355.09,4359.47,8719,9,0
2025-10-20 22:00:00,4359.47,4367.16,4359.3,4366.88,8077,9,0
2025-10-20 22:30:00,4366.87,4381.44,4364.72,4377.83,9411,9,0
2025-10-20 23:00:00,4377.92,4380.11,4346.49,4354.26,8951,9,0
2025-10-20 23:30:00,4354.23,4359.15,4346.82,4355.94,5513,9,0
2025-10-21 01:00:00,4360.83,4375.46,4353.3,4371.79,6087,9,0
2025-10-21 01:30:00,4371.79,4371.83,4357.52,4367.35,5913,9,0
2025-10-21 02:00:00,4367.45,4371.67,4359.96,4362.13,5131,9,0
2025-10-21 02:30:00,4362.46,4362.71,4356.87,4360.4,6051,9,0
2025-10-21 03:00:00,4360.38,4370.41,4356.39,4368.61,8029,9,0
2025-10-21 03:30:00,4368.63,4371.15,4364.42,4368.88,7232,9,0
2025-10-21 04:00:00,4368.77,4372.29,4349.46,4350.19,10140,9,0
2025-10-21 04:30:00,4350.13,4351.14,4332.84,4350.9,10338,9,0
2025-10-21 05:00:00,4350.9,4355.43,4341.04,4350.6,8804,9,0
2025-10-21 05:30:00,4350.57,4351.23,4335.26,4338.94,9138,9,0
2025-10-21 06:00:00,4338.74,4349.8,4337.94,4348.99,7444,9,0
2025-10-21 06:30:00,4349.02,4350.86,4343.18,4346.61,5533,9,0
2025-10-21 07:00:00,4346.6,4347.04,4342.15,4343.01,4951,9,0
2025-10-21 07:30:00,4342.88,4344.15,4337.08,4342.04,5359,9,0
2025-10-21 08:00:00,4342.03,4344.25,4329.55,4333.12,7868,9,0
2025-10-21 08:30:00,4333.17,4333.2,4317.34,4323.29,9536,9,0
2025-10-21 09:00:00,4323.29,4330.64,4317.23,4324.14,9058,9,0
2025-10-21 09:30:00,4324.13,4344.25,4322.27,4343.18,8460,9,0
2025-10-21 10:00:00,4343.19,4343.22,4322.76,4324.81,8925,9,0
2025-10-21 10:30:00,4324.85,4324.91,4293.39,4298.39,11241,9,0
2025-10-21 11:00:00,4298.54,4301.77,4244.68,4267.28,12441,9,0
2025-10-21 11:30:00,4267.25,4274.1,4263.44,4273.95,10199,9,0
2025-10-21 12:00:00,4273.94,4278.0,4254.61,4270.89,9908,9,0
2025-10-21 12:30:00,4270.93,4276.2,4262.82,4265.09,8904,9,0
2025-10-21 13:00:00,4265.11,4266.52,4249.55,4264.43,9305,9,0
2025-10-21 13:30:00,4264.47,4264.76,4253.73,4253.76,8419,9,0
2025-10-21 14:00:00,4253.74,4272.45,4252.13,4266.51,8141,9,0
2025-10-21 14:30:00,4266.55,4267.05,4245.66,4253.3,8588,9,0
2025-10-21 15:00:00,4253.32,4257.59,4214.98,4228.59,11248,9,0
2025-10-21 15:30:00,4228.41,4230.08,4205.9,4211.4,11317,9,0
2025-10-21 16:00:00,4211.16,4211.17,4189.88,4200.99,11787,9,0
2025-10-21 16:30:00,4200.92,4225.46,4167.65,4174.08,12349,9,0
2025-10-21 17:00:00,4174.06,4188.34,4130.79,4136.76,12166,9,0
2025-10-21 17:30:00,4136.77,4141.23,4081.93,4138.98,12435,9,0
2025-10-21 18:00:00,4138.86,4150.39,4119.97,4124.72,11618,9,0
2025-10-21 18:30:00,4124.83,4147.62,4123.19,4138.57,10857,9,0
2025-10-21 19:00:00,4138.65,4143.81,4115.04,4117.38,10810,9,0
2025-10-21 19:30:00,4117.5,4126.52,4102.42,4113.49,10938,9,0
2025-10-21 20:00:00,4113.43,4119.5,4094.2,4097.83,10962,9,0
2025-10-21 20:30:00,4097.83,4120.23,4096.06,4111.24,10120,9,0
2025-10-21 21:00:00,4111.25,4124.31,4110.74,4116.25,9236,9,0
2025-10-21 21:30:00,4116.33,4125.78,4106.43,4114.92,9338,9,0
2025-10-21 22:00:00,4114.86,4122.17,4100.78,4104.28,9804,9,0
2025-10-21 22:30:00,4104.3,4112.4,4101.35,4108.9,9675,9,0
2025-10-21 23:00:00,4108.77,4124.91,4106.21,4122.61,7597,9,0
2025-10-21 23:30:00,4122.61,4130.93,4120.75,4125.47,5236,9,0
2025-10-22 01:00:00,4123.24,4132.2,4113.98,4124.69,5453,9,0
2025-10-22 01:30:00,4124.68,4129.04,4120.69,4123.22,4890,9,0
2025-10-22 02:00:00,4123.18,4127.19,4114.38,4123.87,5867,9,0
2025-10-22 02:30:00,4123.85,4128.01,4090.3,4093.13,6769,9,0
2025-10-22 03:00:00,4093.14,4094.08,4004.55,4049.01,12090,9,0
2025-10-22 03:30:00,4049.01,4090.82,4041.21,4075.13,10866,9,0
2025-10-22 04:00:00,4075.14,4120.76,4064.44,4104.46,10842,9,0
2025-10-22 04:30:00,4104.53,4110.32,4083.22,4087.12,9968,9,0
2025-10-22 05:00:00,4087.19,4117.76,4087.19,4110.3,8375,9,0
2025-10-22 05:30:00,4110.29,4116.5,4103.68,4115.12,7371,9,0
2025-10-22 06:00:00,4115.01,4121.45,4107.34,4116.91,5987,9,0
2025-10-22 06:30:00,4116.86,4143.27,4116.33,4128.81,8281,9,0
2025-10-22 07:00:00,4128.8,4133.46,4107.45,4129.1,8061,9,0
2025-10-22 07:30:00,4129.09,4133.35,4118.54,4128.21,6096,9,0
2025-10-22 08:00:00,4128.27,4147.03,4126.49,4140.66,7392,9,0
2025-10-22 08:30:00,4140.59,4145.41,4131.84,4135.07,8324,9,0
2025-10-22 09:00:00,4135.05,4143.77,4127.8,4142.06,8777,9,0
2025-10-22 09:30:00,4141.96,4161.33,4141.81,4155.96,8535,9,0
2025-10-22 10:00:00,4155.82,4156.43,4129.58,4141.86,10534,9,0
2025-10-22 10:30:00,4141.86,4147.89,4130.99,4133.01,9285,9,0
2025-10-22 11:00:00,4133.01,4135.81,4059.18,4103.22,11669,9,0
2025-10-22 11:30:00,4102.63,4110.01,4069.79,4070.54,11126,9,0
2025-10-22 12:00:00,4070.52,4101.57,4064.58,4075.86,10838,9,0
2025-10-22 12:30:00,4075.52,4082.68,4061.68,4069.64,9501,7,0
2025-10-22 13:00:00,4069.64,4085.38,4063.24,4084.8,9221,7,0
2025-10-22 13:30:00,4084.75,4090.8,4024.09,4035.06,10643,7,0
2025-10-22 14:00:00,4035.18,4045.04,4015.21,4020.7,10591,7,0
2025-10-22 14:30:00,4020.68,4033.61,4015.23,4027.7,10358,7,0
2025-10-22 15:00:00,4027.81,4045.35,4026.29,4045.19,10684,7,0
2025-10-22 15:30:00,4045.29,4053.47,4023.32,4033.86,10810,7,0
2025-10-22 16:00:00,4033.91,4068.64,4033.71,4052.72,11513,7,0
2025-10-22 16:30:00,4052.72,4085.27,4047.38,4075.96,11660,7,0
2025-10-22 17:00:00,4075.96,4078.41,4047.61,4056.15,11300,7,0
2025-10-22 17:30:00,4056.19,4058.68,4011.33,4015.19,11761,7,0
2025-10-22 18:00:00,4015.21,4047.07,4014.93,4029.85,11305,7,0
2025-10-22 18:30:00,4029.34,4046.55,4023.21,4037.13,10774,7,0
2025-10-22 19:00:00,4037.07,4045.77,4023.41,4043.77,9806,7,0
2025-10-22 19:30:00,4043.75,4064.16,4037.89,4059.22,10737,7,0
2025-10-22 20:00:00,4059.22,4059.31,4044.13,4049.78,10064,7,0
2025-10-22 20:30:00,4049.95,4071.34,4045.22,4070.2,8685,7,0
2025-10-22 21:00:00,4070.2,4078.91,4066.87,4073.84,7700,7,0
2025-10-22 21:30:00,4073.84,4081.59,4073.84,4076.76,5786,7,0
2025-10-22 22:00:00,4076.91,4105.63,4076.69,4105.44,7761,7,0
2025-10-22 22:30:00,4105.44,4113.5,4099.92,4102.38,9518,7,0
2025-10-22 23:00:00,4102.07,4107.3,4088.75,4092.08,5200,7,0
2025-10-22 23:30:00,4092.19,4103.83,4092.03,4098.16,3482,7,0
2025-10-23 01:00:00,4094.64,4116.43,4093.05,4103.22,4589,7,0
2025-10-23 01:30:00,4103.23,4104.0,4092.56,4102.18,4087,7,0
2025-10-23 02:00:00,4102.18,4105.12,4080.77,4086.32,4845,7,0
2025-10-23 02:30:00,4086.32,4094.96,4083.86,4087.69,5570,7,0
2025-10-23 03:00:00,4087.69,4096.93,4066.06,4076.33,9009,7,0
2025-10-23 03:30:00,4076.33,4085.94,4071.94,4081.87,7060,7,0
2025-10-23 04:00:00,4082.04,4092.81,4071.95,4087.32,9290,7,0
2025-10-23 04:30:00,4087.32,4091.73,4073.15,4073.35,7786,7,0
2025-10-23 05:00:00,4073.35,4084.94,4072.18,4081.12,5783,7,0
2025-10-23 05:30:00,4081.12,4085.52,4076.55,4082.51,6082,7,0
2025-10-23 06:00:00,4082.69,4100.82,4077.98,4095.48,6392,7,0
2025-10-23 06:30:00,4095.48,4096.24,4089.91,4091.19,3686,7,0
2025-10-23 07:00:00,4091.19,4092.87,4079.83,4084.6,4050,7,0
2025-10-23 07:30:00,4084.63,4091.5,4082.57,4089.61,4205,7,0
2025-10-23 08:00:00,4089.59,4094.18,4083.97,4089.55,4249,7,0
2025-10-23 08:30:00,4089.55,4110.3,4088.57,4110.25,6146,7,0
2025-10-23 09:00:00,4110.25,4138.07,4110.18,4125.29,10587,7,0
2025-10-23 09:30:00,4125.24,4127.59,4110.79,4113.63,8750,7,0
2025-10-23 10:00:00,4113.63,4121.15,4112.18,4115.63,6833,7,0
2025-10-23 10:30:00,4115.63,4115.76,4092.14,4094.18,8044,7,0
2025-10-23 11:00:00,4094.34,4118.98,4094.34,4113.94,7736,7,0
2025-10-23 11:30:00,4113.96,4118.48,4108.42,4116.37,5067,7,0
2025-10-23 12:00:00,4116.37,4123.72,4111.17,4122.15,5491,7,0
2025-10-23 12:30:00,4122.15,4125.47,4111.47,4124.47,5780,7,0
2025-10-23 13:00:00,4124.44,4125.28,4108.83,4110.16,5193,7,0
2025-10-23 13:30:00,4110.18,4119.25,4101.76,4109.12,7593,7,0
2025-10-23 14:00:00,4109.12,4121.01,4107.91,4113.4,6749,7,0
2025-10-23 14:30:00,4113.4,4117.71,4107.87,4109.62,6593,7,0
2025-10-23 15:00:00,4109.62,4116.02,4100.14,4109.26,7273,7,0
2025-10-23 15:30:00,4109.26,4129.31,4108.98,4127.35,8354,7,0
2025-10-23 16:00:00,4127.09,4149.82,4125.91,4147.28,10359,7,0
2025-10-23 16:30:00,4147.28,4151.09,4132.33,4144.97,12132,7,0
2025-10-23 17:00:00,4144.97,4154.76,4136.01,4147.36,11122,7,0
2025-10-23 17:30:00,4147.36,4151.81,4140.08,4148.32,8850,7,0
2025-10-23 18:00:00,4148.32,4151.76,4137.54,4144.95,8258,7,0
2025-10-23 18:30:00,4144.95,4146.94,4137.24,4141.91,6673,7,0
2025-10-23 19:00:00,4141.91,4148.57,4132.98,4140.6,6592,7,0
2025-10-23 19:30:00,4140.55,4143.69,4125.7,4133.02,6488,7,0
2025-10-23 20:00:00,4133.02,4139.4,4125.09,4129.71,6837,7,0
2025-10-23 20:30:00,4129.71,4138.33,4126.8,4137.72,5019,7,0
2025-10-23 21:00:00,4137.72,4143.49,4133.19,4142.79,4482,7,0
2025-10-23 21:30:00,4142.79,4142.82,4133.68,4136.0,4403,7,0
2025-10-23 22:00:00,4136.19,4138.22,4125.89,4128.62,4857,7,0
2025-10-23 22:30:00,4128.62,4128.75,4116.48,4118.27,6302,7,0
2025-10-23 23:00:00,4118.27,4119.35,4107.7,4108.41,4845,7,0
2025-10-23 23:30:00,4108.41,4126.11,4107.27,4125.69,2928,7,0
2025-10-24 01:00:00,4129.58,4132.97,4117.5,4122.14,2561,7,0
2025-10-24 01:30:00,4122.14,4122.62,4111.49,4116.02,1879,7,0
2025-10-24 02:00:00,4116.02,4119.81,4111.07,4112.24,1922,7,0
2025-10-24 02:30:00,4112.27,4123.0,4106.01,4121.75,3350,7,0
2025-10-24 03:00:00,4121.75,4133.0,4117.99,4132.78,4821,7,0
2025-10-24 03:30:00,4132.78,4133.69,4126.26,4132.69,3186,7,0
2025-10-24 04:00:00,4132.69,4144.49,4127.97,4136.91,6983,7,0
2025-10-24 04:30:00,4136.91,4137.43,4112.17,4118.82,6671,7,0
2025-10-24 05:00:00,4118.79,4119.05,4109.6,4111.96,5639,7,0
2025-10-24 05:30:00,4111.95,4117.39,4109.43,4109.63,4869,7,0
2025-10-24 06:00:00,4109.63,4119.81,4107.51,4117.25,4866,7,0
2025-10-24 06:30:00,4117.25,4123.45,4113.94,4122.34,3009,7,0
2025-10-24 07:00:00,4122.34,4123.39,4105.03,4106.99,4288,7,0
2025-10-24 07:30:00,4106.99,4113.72,4102.95,4111.7,4254,7,0
2025-10-24 08:00:00,4111.7,4117.99,4110.76,4112.73,2643,7,0
2025-10-24 08:30:00,4112.73,4113.58,4103.08,4104.61,4196,7,0
2025-10-24 09:00:00,4104.62,4104.98,4081.55,4089.71,8092,7,0
2025-10-24 09:30:00,4089.7,4097.39,4083.65,4092.23,5631,7,0
2025-10-24 10:00:00,4092.23,4095.82,4086.85,4088.74,5614,7,0
2025-10-24 10:30:00,4088.74,4091.36,4069.77,4074.38,6912,7,0
2025-10-24 11:00:00,4074.38,4077.84,4047.47,4053.6,9447,7,0
2025-10-24 11:30:00,4053.6,4069.35,4050.08,4065.22,6888,7,0
2025-10-24 12:00:00,4065.22,4073.34,4062.29,4069.95,5621,7,0
2025-10-24 12:30:00,4069.95,4073.47,4054.61,4060.86,6394,7,0
2025-10-24 13:00:00,4060.86,4070.94,4058.54,4059.2,5016,7,0
2025-10-24 13:30:00,4059.2,4062.98,4053.58,4054.8,5035,7,0
2025-10-24 14:00:00,4054.66,4061.79,4044.22,4056.69,7737,7,0
2025-10-24 14:30:00,4056.68,4065.56,4054.78,4061.46,5343,7,0
2025-10-24 15:00:00,4061.44,4065.25,4059.94,4061.73,6904,7,0
2025-10-24 15:30:00,4061.73,4092.8,4061.25,4082.1,11215,7,0
2025-10-24 16:00:00,4082.1,4122.25,4079.17,4114.13,11662,7,0
2025-10-24 16:30:00,4114.03,4120.24,4097.86,4105.67,12052,7,0
2025-10-24 17:00:00,4106.76,4135.13,4102.18,4123.6,12072,7,0
2025-10-24 17:30:00,4123.6,4131.51,4112.36,4117.59,9922,7,0
2025-10-24 18:00:00,4117.53,4128.75,4113.43,4125.71,8050,7,0
2025-10-24 18:30:00,4125.71,4131.89,4120.81,4130.52,7986,7,0
2025-10-24 19:00:00,4130.52,4138.73,4127.24,4136.46,7340,7,0
2025-10-24 19:30:00,4136.46,4137.06,4121.82,4129.35,6166,7,0
2025-10-24 20:00:00,4129.35,4134.41,4120.32,4120.99,6188,7,0
2025-10-24 20:30:00,4121.27,4124.13,4105.83,4107.64,7109,7,0
2025-10-24 21:00:00,4107.64,4110.83,4101.82,4106.01,6645,7,0
2025-10-24 21:30:00,4106.01,4113.78,4104.18,4110.27,6280,7,0
2025-10-24 22:00:00,4110.27,4117.63,4109.87,4113.13,5113,7,0
2025-10-24 22:30:00,4113.11,4113.75,4102.16,4104.23,6046,7,0
2025-10-24 23:00:00,4104.23,4104.48,4096.66,4099.96,2880,7,0
2025-10-24 23:30:00,4099.96,4114.28,4099.67,4112.65,2373,7,0
2025-10-27 01:00:00,4078.8,4109.24,4062.82,4091.84,6736,7,0
2025-10-27 01:30:00,4091.9,4100.74,4071.78,4081.91,5786,7,0
2025-10-27 02:00:00,4081.94,4088.59,4073.48,4074.81,4240,7,0
2025-10-27 02:30:00,4074.81,4080.52,4061.84,4064.54,6133,7,0
2025-10-27 03:00:00,4064.54,4072.72,4058.33,4067.96,6034,7,0
2025-10-27 03:30:00,4067.96,4084.16,4067.58,4081.46,5371,7,0
2025-10-27 04:00:00,4081.53,4097.63,4075.38,4093.46,8816,7,0
2025-10-27 04:30:00,4093.45,4093.85,4081.43,4081.94,7689,7,0
2025-10-27 05:00:00,4081.93,4082.09,4071.23,4073.15,6248,7,0
2025-10-27 05:30:00,4073.24,4079.57,4070.4,4071.72,5392,7,0
2025-10-27 06:00:00,4071.72,4079.4,4065.58,4077.37,5553,7,0
2025-10-27 06:30:00,4077.36,4081.91,4068.99,4069.55,4036,7,0
2025-10-27 07:00:00,4069.58,4069.62,4053.92,4062.58,6556,7,0
2025-10-27 07:30:00,4062.58,4071.54,4058.07,4068.83,5548,7,0
2025-10-27 08:00:00,4068.83,4084.63,4068.64,4081.91,4080,7,0
2025-10-27 08:30:00,4081.85,4083.91,4076.5,4079.64,5835,7,0
2025-10-27 09:00:00,4079.64,4084.93,4077.51,4082.23,6618,7,0
2025-10-27 09:30:00,4082.23,4083.6,4074.01,4078.29,5416,7,0
2025-10-27 10:00:00,4078.29,4079.87,4065.97,4068.43,5821,7,0
2025-10-27 10:30:00,4068.43,4071.47,4064.12,4068.84,4481,7,0
2025-10-27 11:00:00,4068.85,4070.52,4056.14,4058.53,7345,7,0
2025-10-27 11:30:00,4058.55,4062.41,4024.64,4043.36,7693,7,0
2025-10-27 12:00:00,4043.36,4050.35,4030.04,4037.41,8406,7,0
2025-10-27 12:30:00,4037.41,4049.53,4036.56,4039.8,6976,7,0
2025-10-27 13:00:00,4039.8,4047.79,4034.92,4036.09,6088,7,0
2025-10-27 13:30:00,4036.09,4045.73,4029.11,4037.33,5724,7,0
2025-10-27 14:00:00,4037.33,4041.47,4022.67,4030.3,7167,7,0
2025-10-27 14:30:00,4030.3,4031.89,4015.42,4024.05,7747,7,0
2025-10-27 15:00:00,4024.05,4041.69,4022.3,4034.73,8084,7,0
2025-10-27 15:30:00,4034.73,4046.44,4030.23,4045.75,6712,7,0
2025-10-27 16:00:00,4045.81,4050.35,4031.56,4033.75,7905,7,0
2025-10-27 16:30:00,4033.82,4039.07,4013.47,4022.13,13154,7,0
2025-10-27 17:00:00,4022.13,4023.41,3986.35,3998.98,13954,7,0
2025-10-27 17:30:00,3999.07,4000.31,3983.14,3987.92,11610,7,0
2025-10-27 18:00:00,3987.97,3988.17,3971.61,3986.82,11627,7,0
2025-10-27 18:30:00,3986.87,3993.47,3979.48,3989.9,9799,7,0
2025-10-27 19:00:00,3989.89,3998.23,3986.76,3987.14,7637,7,0
2025-10-27 19:30:00,3987.14,4000.46,3984.23,3999.31,7056,7,0
2025-10-27 20:00:00,3999.31,4006.12,3990.92,4005.3,7795,7,0
2025-10-27 20:30:00,4005.25,4009.03,3999.05,4006.5,5653,7,0
2025-10-27 21:00:00,4006.5,4010.26,4002.85,4008.33,5440,7,0
2025-10-27 21:30:00,4008.33,4009.51,3997.97,3999.35,6390,7,0
2025-10-27 22:00:00,3999.63,4005.64,3988.97,3989.27,7436,7,0
2025-10-27 22:30:00,3989.31,3992.43,3985.76,3989.93,7580,7,0
2025-10-27 23:00:00,3989.92,4000.32,3987.55,3999.98,4247,7,0
2025-10-27 23:30:00,3999.97,4000.05,3978.83,3982.49,3638,7,0
2025-10-28 01:00:00,3985.56,3996.49,3979.77,3992.25,3663,7,0
2025-10-28 01:30:00,3992.25,3994.42,3988.66,3990.07,2020,7,0
2025-10-28 02:00:00,3990.07,3995.44,3983.16,3995.37,3784,7,0
2025-10-28 02:30:00,3995.37,4004.62,3994.38,3998.48,4265,7,0
2025-10-28 03:00:00,3998.48,3998.81,3972.24,3984.67,5361,7,0
2025-10-28 03:30:00,3984.67,4009.57,3983.68,4006.87,5892,7,0
2025-10-28 04:00:00,4006.88,4019.71,4004.6,4010.01,8178,7,0
2025-10-28 04:30:00,4010.01,4015.42,4004.83,4011.04,6123,7,0
2025-10-28 05:00:00,4011.04,4013.9,3997.36,4000.78,5709,7,0
2025-10-28 05:30:00,4000.78,4002.17,3980.79,3983.95,7170,7,0
2025-10-28 06:00:00,3983.95,3994.37,3983.24,3990.46,4881,7,0
2025-10-28 06:30:00,3990.41,3993.78,3985.21,3992.87,3197,7,0
2025-10-28 07:00:00,3992.87,3994.2,3963.91,3971.56,5810,7,0
2025-10-28 07:30:00,3971.59,3980.43,3967.29,3973.52,5930,7,0
2025-10-28 08:00:00,3973.52,3980.22,3968.95,3975.41,5242,7,0
2025-10-28 08:30:00,3975.41,3975.99,3959.22,3966.65,7444,7,0
2025-10-28 09:00:00,3966.65,3968.76,3951.62,3952.8,6419,7,0
2025-10-28 09:30:00,3952.8,3957.25,3938.67,3942.54,7551,7,0
2025-10-28 10:00:00,3942.54,3948.58,3930.78,3931.51,7433,7,0
2025-10-28 10:30:00,3931.51,3936.22,3922.15,3932.57,6632,7,0
2025-10-28 11:00:00,3932.56,3935.9,3910.99,3914.82,9383,7,0
2025-10-28 11:30:00,3914.82,3916.9,3896.56,3897.43,9074,7,0
2025-10-28 12:00:00,3897.53,3908.12,3886.65,3904.91,9007,7,0
2025-10-28 12:30:00,3904.91,3911.13,3897.73,3904.84,6803,7,0
2025-10-28 13:00:00,3904.8,3909.26,3899.9,3905.25,5184,7,0
2025-10-28 13:30:00,3905.27,3931.0,3904.6,3926.59,8151,7,0
2025-10-28 14:00:00,3926.59,3927.2,3910.98,3918.13,6844,7,0
2025-10-28 14:30:00,3918.13,3930.0,3917.75,3923.34,6328,7,0
2025-10-28 15:00:00,3923.34,3929.84,3921.82,3921.96,6917,7,0
2025-10-28 15:30:00,3921.67,3926.01,3905.73,3912.84,8073,7,0
2025-10-28 16:00:00,3912.84,3933.92,3912.36,3932.56,9078,7,0
2025-10-28 16:30:00,3932.56,3940.29,3914.99,3939.14,11935,7,0
2025-10-28 17:00:00,3939.14,3950.16,3934.97,3949.79,10540,7,0
2025-10-28 17:30:00,3949.79,3953.84,3939.66,3949.87,8112,7,0
2025-10-28 18:00:00,3949.87,3960.41,3947.24,3958.54,8479,7,0
2025-10-28 18:30:00,3958.54,3969.62,3957.56,3964.81,7606,7,0
2025-10-28 19:00:00,3964.81,3965.5,3954.8,3963.26,7684,7,0
2025-10-28 19:30:00,3963.26,3964.81,3951.01,3958.56,8447,7,0
2025-10-28 20:00:00,3958.56,3970.43,3956.69,3967.4,6816,7,0
2025-10-28 20:30:00,3967.42,3969.19,3955.25,3962.46,6980,7,0
2025-10-28 21:00:00,3962.46,3964.17,3952.98,3954.76,5309,7,0
2025-10-28 21:30:00,3954.7,3957.51,3945.34,3956.48,6371,7,0
2025-10-28 22:00:00,3956.54,3958.78,3951.06,3955.82,6082,7,0
2025-10-28 22:30:00,3955.74,3962.8,3950.84,3960.05,5908,7,0
2025-10-28 23:00:00,3960.17,3960.97,3949.51,3951.04,2506,7,0
2025-10-28 23:30:00,3951.04,3956.33,3950.14,3952.21,2128,7,0
2025-10-29 01:00:00,3949.33,3960.95,3917.77,3946.57,4397,7,0
2025-10-29 01:30:00,3946.57,3947.64,3933.95,3933.96,3416,7,0
2025-10-29 02:00:00,3933.96,3954.03,3933.96,3950.89,3584,7,0
2025-10-29 02:30:00,3950.89,3967.97,3947.2,3965.07,3781,7,0
2025-10-29 03:00:00,3965.07,3971.95,3959.27,3970.95,5568,7,0
2025-10-29 03:30:00,3970.95,3982.4,3967.02,3975.25,6310,7,0
2025-10-29 04:00:00,3975.32,3979.71,3968.71,3973.38,7195,7,0
2025-10-29 04:30:00,3973.4,3976.97,3966.0,3973.67,7460,7,0
2025-10-29 05:00:00,3973.67,3974.29,3962.22,3963.37,5395,7,0
2025-10-29 05:30:00,3963.37,3964.66,3944.32,3961.1,7233,7,0
2025-10-29 06:00:00,3961.09,3970.29,3958.43,3964.63,6362,7,0
2025-10-29 06:30:00,3964.63,3972.12,3962.56,3963.51,4402,7,0
2025-10-29 07:00:00,3963.53,3964.91,3951.2,3953.43,4873,7,0
2025-10-29 07:30:00,3953.43,3959.99,3951.63,3951.91,5303,7,0
2025-10-29 08:00:00,3951.91,3963.5,3951.04,3957.63,5610,7,0
2025-10-29 08:30:00,3957.68,3966.17,3954.04,3962.45,5207,7,0
2025-10-29 09:00:00,3962.45,3973.97,3959.87,3970.67,5979,7,0
2025-10-29 09:30:00,3970.67,3984.71,3970.36,3978.31,6040,7,0
2025-10-29 10:00:00,3978.31,3998.53,3975.1,3996.57,7744,7,0
2025-10-29 10:30:00,3996.63,4001.42,3989.83,4001.36,6657,7,0
2025-10-29 11:00:00,4001.45,4011.32,4000.44,4009.82,7248,7,0
2025-10-29 11:30:00,4010.33,4018.36,4007.15,4016.85,6042,7,0
2025-10-29 12:00:00,4016.85,4021.58,4013.42,4017.23,5849,7,0
2025-10-29 12:30:00,4017.25,4029.65,4015.62,4024.05,6955,7,0
2025-10-29 13:00:00,4024.05,4029.62,4017.35,4024.54,7214,7,0
2025-10-29 13:30:00,4024.52,4029.58,4021.16,4023.47,5531,7,0
2025-10-29 14:00:00,4023.47,4028.5,4018.22,4018.29,5769,7,0
2025-10-29 14:30:00,4018.29,4020.82,4013.52,4016.66,6610,7,0
2025-10-29 15:00:00,4016.68,4030.19,4013.78,4026.33,7901,7,0
2025-10-29 15:30:00,4026.33,4028.78,4022.04,4025.71,7799,7,0
2025-10-29 16:00:00,4025.56,4025.68,4010.06,4018.68,8105,7,0
2025-10-29 16:30:00,4018.69,4019.22,4002.43,4012.39,11802,7,0
2025-10-29 17:00:00,4012.39,4022.53,4011.78,4016.77,9677,7,0
2025-10-29 17:30:00,4016.77,4020.89,4007.45,4008.44,8562,7,0
2025-10-29 18:00:00,4008.44,4011.98,4002.2,4006.55,9485,7,0
2025-10-29 18:30:00,4006.5,4008.73,3989.52,3993.04,9473,7,0
2025-10-29 19:00:00,3993.04,4001.09,3991.52,3998.59,7344,7,0
2025-10-29 19:30:00,3998.53,3999.89,3992.18,3992.81,5066,7,0
2025-10-29 20:00:00,3992.81,3997.79,3985.99,3986.98,6272,7,0
2025-10-29 20:30:00,3986.99,3995.99,3986.34,3994.84,5343,7,0
2025-10-29 21:00:00,3994.84,4007.55,3977.08,3981.17,12707,7,0
2025-10-29 21:30:00,3981.17,3989.58,3943.03,3969.3,14748,7,0
2025-10-29 22:00:00,3969.31,3979.88,3951.3,3953.2,13617,7,0
2025-10-29 22:30:00,3953.36,3954.42,3927.79,3945.55,11274,7,0
2025-10-29 23:00:00,3945.53,3953.92,3932.57,3948.65,6003,7,0
2025-10-29 23:30:00,3948.59,3950.18,3927.8,3928.71,3498,7,0
2025-10-30 01:00:00,3926.23,3945.32,3914.34,3937.48,5101,7,0
2025-10-30 01:30:00,3937.48,3948.68,3931.48,3941.5,4646,7,0
2025-10-30 02:00:00,3941.5,3951.3,3939.73,3950.41,3041,7,0
2025-10-30 02:30:00,3950.41,3954.06,3941.12,3952.88,2907,7,0
2025-10-30 03:00:00,3952.88,3964.33,3952.03,3959.01,4493,7,0
2025-10-30 03:30:00,3959.63,3959.79,3937.99,3950.22,6791,7,0
2025-10-30 04:00:00,3950.22,3966.49,3944.89,3950.1,9074,7,0
2025-10-30 04:30:00,3950.1,3959.72,3945.94,3947.94,6424,7,0
2025-10-30 05:00:00,3947.94,3948.28,3926.46,3934.03,7752,7,0
2025-10-30 05:30:00,3934.03,3942.03,3922.11,3922.2,8033,7,0
2025-10-30 06:00:00,3922.2,3934.98,3915.53,3933.15,6810,7,0
2025-10-30 06:30:00,3933.15,3938.09,3930.01,3937.99,4912,7,0
2025-10-30 07:00:00,3937.99,3959.41,3934.9,3959.38,8982,7,0
2025-10-30 07:30:00,3959.38,3982.47,3958.56,3972.6,9157,7,0
2025-10-30 08:00:00,3972.6,3978.43,3948.71,3950.47,8776,7,0
2025-10-30 08:30:00,3950.48,3973.9,3947.19,3963.65,10143,7,0
2025-10-30 09:00:00,3963.65,3971.06,3956.53,3965.16,8836,7,0
2025-10-30 09:30:00,3965.12,3977.4,3956.76,3977.07,6972,7,0
2025-10-30 10:00:00,3977.1,3977.57,3960.41,3968.22,6753,7,0
2025-10-30 10:30:00,3968.37,3969.58,3955.9,3961.34,7650,7,0
2025-10-30 11:00:00,3961.39,3974.39,3960.33,3972.95,7245,7,0
2025-10-30 11:30:00,3972.92,3976.77,3968.53,3976.44,6336,7,0
2025-10-30 12:00:00,3976.45,4012.0,3976.02,4004.77,10073,7,0
2025-10-30 12:30:00,4004.77,4007.32,3992.67,3999.02,8285,7,0
2025-10-30 13:00:00,3998.42,4001.17,3982.31,3987.21,6958,7,0
2025-10-30 13:30:00,3987.21,3988.51,3973.7,3984.2,7305,7,0
2025-10-30 14:00:00,3984.2,3985.14,3964.41,3966.29,7129,7,0
2025-10-30 14:30:00,3966.29,3976.67,3965.38,3974.39,4807,7,0
2025-10-30 15:00:00,3974.39,3985.62,3969.61,3970.85,8582,7,0
2025-10-30 15:30:00,3970.85,3980.32,3961.23,3961.33,9309,7,0
2025-10-30 16:00:00,3961.33,3977.64,3960.49,3969.7,7638,7,0
2025-10-30 16:30:00,3969.7,3995.46,3963.25,3995.46,11573,7,0
2025-10-30 17:00:00,3995.46,4014.84,3992.05,3998.22,11577,7,0
2025-10-30 17:30:00,3998.33,4002.43,3986.89,3996.53,9905,7,0
2025-10-30 18:00:00,3996.45,4003.74,3988.39,3998.87,9140,7,0
2025-10-30 18:30:00,3998.87,4008.68,3997.84,4001.97,7686,7,0
2025-10-30 19:00:00,4001.95,4004.2,3991.39,3995.64,7742,7,0
2025-10-30 19:30:00,3995.63,4003.23,3995.06,4001.56,6591,7,0
2025-10-30 20:00:00,4001.58,4004.08,3994.53,4002.41,6465,7,0
2025-10-30 20:30:00,4002.45,4017.95,4002.03,4004.61,6768,7,0
2025-10-30 21:00:00,4004.62,4013.09,4000.25,4013.03,6057,7,0
2025-10-30 21:30:00,4013.03,4017.72,4007.58,4016.18,6359,7,0
2025-10-30 22:00:00,4016.16,4025.84,4015.46,4020.16,7590,7,0
2025-10-30 22:30:00,4020.16,4025.75,4020.13,4023.49,7977,7,0
2025-10-30 23:00:00,4023.5,4027.19,4018.03,4019.2,3621,7,0
2025-10-30 23:30:00,4019.2,4027.16,4016.45,4024.84,2711,7,0
2025-10-31 01:00:00,4022.83,4024.03,4012.23,4020.69,3156,7,0
2025-10-31 01:30:00,4020.69,4046.24,4020.69,4037.8,4342,7,0
2025-10-31 02:00:00,4037.8,4038.61,4019.11,4028.3,6139,7,0
2025-10-31 02:30:00,4028.3,4043.07,4026.65,4036.52,5364,7,0
2025-10-31 03:00:00,4036.52,4036.82,4026.42,4027.49,6526,7,0
2025-10-31 03:30:00,4027.49,4031.4,4024.12,4025.26,6797,7,0
2025-10-31 04:00:00,4025.28,4039.26,4019.78,4030.79,8725,7,0
2025-10-31 04:30:00,4030.79,4030.88,4013.17,4018.82,7653,7,0
2025-10-31 05:00:00,4018.82,4019.14,4008.71,4013.42,7977,7,0
2025-10-31 05:30:00,4013.42,4017.18,4001.56,4011.06,9084,7,0
2025-10-31 06:00:00,4011.06,4013.96,3991.41,4000.46,8947,7,0
2025-10-31 06:30:00,4000.47,4003.68,3993.84,3996.37,5307,7,0
2025-10-31 07:00:00,3996.37,4000.88,3989.14,4000.81,4775,7,0
2025-10-31 07:30:00,4000.81,4010.68,3998.85,4005.85,4709,7,0
2025-10-31 08:00:00,4005.85,4006.35,3994.2,4001.89,4920,7,0
2025-10-31 08:30:00,4001.89,4011.23,3998.31,4005.09,7769,7,0
2025-10-31 09:00:00,4005.11,4015.07,4002.34,4009.18,6302,7,0
2025-10-31 09:30:00,4009.18,4014.57,4005.33,4013.27,6470,7,0
2025-10-31 10:00:00,4013.27,4023.45,4007.69,4023.23,6846,7,0
2025-10-31 10:30:00,4023.23,4025.54,4012.06,4021.07,5472,7,0
2025-10-31 11:00:00,4021.07,4026.68,4018.56,4021.52,5229,7,0
2025-10-31 11:30:00,4021.52,4025.91,4006.87,4010.38,5720,7,0
2025-10-31 12:00:00,4010.38,4014.29,3998.6,4002.51,5985,7,0
2025-10-31 12:30:00,4002.51,4009.81,4000.06,4008.45,4891,7,0
2025-10-31 13:00:00,4008.45,4016.85,4008.28,4013.29,5559,7,0
2025-10-31 13:30:00,4013.29,4014.15,4003.65,4007.41,3914,7,0
2025-10-31 14:00:00,4007.41,4009.48,4001.79,4005.46,3954,7,0
2025-10-31 14:30:00,4005.46,4011.24,4002.07,4010.5,3889,7,0
2025-10-31 15:00:00,4010.49,4025.13,4009.1,4019.77,5260,7,0
2025-10-31 15:30:00,4019.77,4036.16,4016.4,4023.15,8146,7,0
2025-10-31 16:00:00,4023.16,4035.49,4020.62,4026.69,8157,7,0
2025-10-31 16:30:00,4026.69,4028.6,4010.35,4016.55,11103,7,0
2025-10-31 17:00:00,4016.62,4027.28,4014.96,4015.51,9523,7,0
2025-10-31 17:30:00,4015.46,4022.49,4011.12,4020.79,8689,7,0
2025-10-31 18:00:00,4020.73,4020.93,4009.67,4018.03,8741,7,0
2025-10-31 18:30:00,4018.03,4022.84,4011.63,4012.93,9336,7,0
2025-10-31 19:00:00,4012.71,4015.21,3972.25,3985.94,11576,7,0
2025-10-31 19:30:00,3985.99,3990.45,3979.0,3980.79,9721,7,0
2025-10-31 20:00:00,3980.8,3990.55,3980.8,3984.67,8804,7,0
2025-10-31 20:30:00,3984.69,4003.61,3980.56,3997.74,7924,7,0
2025-10-31 21:00:00,3997.74,4009.99,3995.44,4008.7,5961,7,0
2025-10-31 21:30:00,4008.7,4009.19,3999.57,4000.08,5402,7,0
2025-10-31 22:00:00,4000.08,4005.57,3991.5,4001.56,5923,7,0
2025-10-31 22:30:00,4001.54,4002.16,3994.85,4001.15,6170,7,0
2025-10-31 23:00:00,4001.13,4002.5,3996.16,4002.06,1949,7,0
2025-10-31 23:30:00,4002.06,4006.49,4001.06,4001.61,1483,7,0
2025-11-03 01:00:00,3989.51,3998.92,3982.69,3994.83,4306,7,0
2025-11-03 01:30:00,3994.83,3995.9,3977.8,3979.93,4973,7,0
2025-11-03 02:00:00,3979.9,3987.91,3962.64,3970.65,5759,7,0
2025-11-03 02:30:00,3970.65,3977.56,3963.32,3970.85,5494,7,0
2025-11-03 03:00:00,3970.86,3999.42,3965.74,3998.8,9554,7,0
2025-11-03 03:30:00,3998.84,4001.85,3990.23,3996.01,7066,7,0
2025-11-03 04:00:00,3996.01,4006.56,3990.4,3995.56,5884,7,0
2025-11-03 04:30:00,3995.62,4006.24,3995.08,4003.94,5000,7,0
2025-11-03 05:00:00,4003.94,4011.33,4002.28,4006.12,6103,7,0
2025-11-03 05:30:00,4006.1,4015.38,4005.45,4011.45,3743,7,0
2025-11-03 06:00:00,4011.45,4014.26,4001.9,4005.69,4867,7,0
2025-11-03 06:30:00,4005.68,4007.83,4002.61,4003.87,3572,7,0
2025-11-03 07:00:00,4003.87,4012.64,3998.01,4012.05,4233,7,0
2025-11-03 07:30:00,4012.08,4018.55,4011.51,4013.98,4676,7,0
2025-11-03 08:00:00,4013.98,4018.58,4010.16,4016.55,4806,7,0
2025-11-03 08:30:00,4016.55,4018.77,4013.25,4017.65,3847,7,0
2025-11-03 09:00:00,4017.65,4023.61,4013.56,4019.16,5022,7,0
2025-11-03 09:30:00,4019.16,4026.01,4015.78,4025.34,4980,7,0
2025-11-03 10:00:00,4025.34,4027.98,4011.1,4014.59,5446,7,0
2025-11-03 10:30:00,4014.59,4020.6,4012.14,4019.61,5295,7,0
2025-11-03 11:00:00,4019.61,4026.07,4005.15,4007.26,6158,7,0
2025-11-03 11:30:00,4007.26,4008.04,3993.33,4000.56,7104,7,0
2025-11-03 12:00:00,4000.56,4004.88,3994.5,3997.88,5174,7,0
2025-11-03 12:30:00,3997.88,4001.31,3994.5,3998.81,4668,7,0
2025-11-03 13:00:00,3998.81,4006.95,3994.56,4006.42,5037,7,0
2025-11-03 13:30:00,4006.45,4008.58,4002.98,4007.62,4378,7,0
2025-11-03 14:00:00,4007.62,4008.7,4002.05,4005.25,4113,7,0
2025-11-03 14:30:00,4005.25,4013.58,4003.72,4013.43,4750,7,0
2025-11-03 15:00:00,4013.43,4019.62,4012.06,4014.33,8083,7,0
2025-11-03 15:30:00,4014.36,4020.5,4010.86,4016.06,7160,7,0
2025-11-03 16:00:00,4016.1,4020.79,4009.5,4010.36,7739,7,0
2025-11-03 16:30:00,4010.36,4026.11,4001.68,4022.76,10500,7,0
2025-11-03 17:00:00,4022.71,4030.61,4008.68,4011.62,11105,7,0
2025-11-03 17:30:00,4011.61,4023.79,4003.51,4008.61,10312,7,0
2025-11-03 18:00:00,4008.43,4013.52,3995.44,3998.07,8708,7,0
2025-11-03 18:30:00,3998.05,4009.74,3995.98,4008.29,7562,7,0
2025-11-03 19:00:00,4008.29,4012.17,4003.5,4007.01,6741,7,0
2025-11-03 19:30:00,4007.01,4007.68,4004.51,4006.2,4282,7,0
2025-11-03 20:00:00,4006.2,4006.93,3999.55,4001.38,5355,7,0
2025-11-03 20:30:00,4001.39,4009.59,4001.16,4006.43,4623,7,0
2025-11-03 21:00:00,4006.37,4008.1,3995.4,4004.21,6210,7,0
2025-11-03 21:30:00,4004.0,4007.67,3999.81,4004.79,4491,7,0
2025-11-03 22:00:00,4004.69,4014.93,4004.69,4011.52,5510,7,0
2025-11-03 22:30:00,4011.52,4012.2,4007.2,4010.32,4189,7,0
2025-11-03 23:00:00,4010.18,4010.18,4001.07,4001.87,2388,7,0
2025-11-03 23:30:00,4001.87,4002.88,3999.65,4000.63,1103,7,0
2025-11-04 01:00:00,4002.27,4005.81,3982.01,3995.61,3418,7,0
2025-11-04 01:30:00,3995.61,3999.7,3992.92,3997.39,2843,7,0
2025-11-04 02:00:00,3997.39,3999.14,3990.35,3993.29,4189,7,0
2025-11-04 02:30:00,3993.29,3993.93,3978.58,3986.53,6433,7,0
2025-11-04 03:00:00,3986.53,3994.66,3980.98,3985.38,7114,7,0
2025-11-04 03:30:00,3985.38,3990.32,3979.62,3987.28,6009,7,0
2025-11-04 04:00:00,3987.28,3987.29,3975.9,3983.95,6054,7,0
2025-11-04 04:30:00,3983.95,3986.83,3975.9,3986.78,6777,7,0
2025-11-04 05:00:00,3986.75,3993.9,3981.81,3993.0,4904,7,0
2025-11-04 05:30:00,3992.83,3999.26,3991.11,3994.65,4864,7,0
2025-11-04 06:00:00,3994.65,3995.23,3988.04,3991.78,3439,7,0
2025-11-04 06:30:00,3991.78,3993.43,3984.02,3985.66,4317,7,0
2025-11-04 07:00:00,3985.66,3987.11,3981.27,3982.93,4302,7,0
2025-11-04 07:30:00,3982.97,3985.67,3972.68,3973.16,8009,7,0
2025-11-04 08:00:00,3973.16,3976.1,3966.64,3975.62,6939,7,0
2025-11-04 08:30:00,3975.59,3988.22,3973.8,3985.06,6168,7,0
2025-11-04 09:00:00,3985.06,3996.34,3982.41,3993.96,6351,7,0
2025-11-04 09:30:00,3993.96,3996.17,3990.4,3994.0,4032,7,0
2025-11-04 10:00:00,3994.0,4000.77,3990.82,3999.96,6565,7,0
2025-11-04 10:30:00,3999.93,4000.62,3995.09,3996.11,4949,7,0
2025-11-04 11:00:00,3996.11,3997.72,3990.77,3991.99,4609,7,0
2025-11-04 11:30:00,3991.99,3999.47,3990.5,3991.15,5454,7,0
2025-11-04 12:00:00,3991.15,3996.91,3985.92,3992.13,5130,7,0
2025-11-04 12:30:00,3992.2,3997.71,3990.8,3993.84,3872,7,0
2025-11-04 13:00:00,3993.87,3995.91,3991.69,3994.28,2348,7,0
2025-11-04 13:30:00,3994.28,4000.08,3991.94,3995.08,3737,7,0
2025-11-04 14:00:00,3995.07,3997.57,3989.8,3990.3,3452,7,0
2025-11-04 14:30:00,3990.32,3992.49,3983.76,3984.79,5733,7,0
2025-11-04 15:00:00,3984.76,3996.03,3982.99,3983.97,7342,7,0
2025-11-04 15:30:00,3983.97,3988.18,3971.86,3975.71,8072,7,0
2025-11-04 16:00:00,3975.63,3977.75,3951.29,3951.29,8267,7,0
2025-11-04 16:30:00,3951.28,3959.93,3928.77,3957.37,13261,7,0
2025-11-04 17:00:00,3957.39,3959.17,3941.19,3949.14,10241,7,0
2025-11-04 17:30:00,3949.14,3968.16,3948.43,3956.83,8277,7,0
2025-11-04 18:00:00,3956.92,3975.49,3956.76,3972.59,7716,7,0
2025-11-04 18:30:00,3972.59,3974.11,3964.02,3969.05,7257,7,0
2025-11-04 19:00:00,3969.05,3971.07,3958.72,3959.33,6240,7,0
2025-11-04 19:30:00,3959.33,3965.33,3952.49,3955.09,7032,7,0
2025-11-04 20:00:00,3955.09,3956.76,3945.77,3950.83,6860,7,0
2025-11-04 20:30:00,3950.83,3951.54,3932.29,3937.97,7882,7,0
2025-11-04 21:00:00,3937.97,3944.21,3934.65,3941.91,6458,7,0
2025-11-04 21:30:00,3941.95,3943.12,3935.67,3937.46,5271,7,0
2025-11-04 22:00:00,3937.55,3939.39,3931.57,3937.45,5397,7,0
2025-11-04 22:30:00,3937.45,3942.16,3935.97,3938.76,5610,7,0
2025-11-04 23:00:00,3938.76,3939.03,3930.94,3933.96,2090,7,0
2025-11-04 23:30:00,3933.93,3935.07,3930.55,3932.04,2009,7,0
2025-11-05 01:00:00,3934.12,3940.62,3931.81,3937.79,2631,7,0
2025-11-05 01:30:00,3937.79,3938.68,3930.99,3934.89,2886,7,0
2025-11-05 02:00:00,3934.89,3943.06,3933.21,3938.66,4440,7,0
2025-11-05 02:30:00,3938.66,3940.0,3929.54,3940.0,5806,7,0
2025-11-05 03:00:00,3940.0,3948.57,3937.39,3946.21,6705,7,0
2025-11-05 03:30:00,3946.24,3949.46,3934.54,3937.09,6571,7,0
2025-11-05 04:00:00,3937.09,3945.2,3935.64,3938.29,5350,7,0
2025-11-05 04:30:00,3938.29,3951.08,3938.2,3948.51,6275,7,0
2025-11-05 05:00:00,3948.45,3956.25,3947.46,3953.14,4238,7,0
2025-11-05 05:30:00,3953.14,3965.28,3951.9,3960.89,3459,7,0
2025-11-05 06:00:00,3960.89,3964.93,3959.94,3963.74,3046,7,0
2025-11-05 06:30:00,3963.74,3973.73,3963.56,3970.39,4855,7,0
2025-11-05 07:00:00,3970.39,3978.69,3967.16,3975.97,3434,7,0
2025-11-05 07:30:00,3975.97,3975.97,3961.98,3964.83,5442,7,0
2025-11-05 08:00:00,3964.84,3970.4,3961.91,3967.43,4164,7,0
2025-11-05 08:30:00,3967.42,3973.69,3965.19,3966.54,4263,7,0
2025-11-05 09:00:00,3966.56,3969.55,3963.84,3966.11,4524,7,0
2025-11-05 09:30:00,3966.11,3974.91,3964.84,3972.17,3998,7,0
2025-11-05 10:00:00,3972.17,3987.13,3972.14,3979.95,6372,7,0
2025-11-05 10:30:00,3979.95,3986.19,3979.56,3979.99,4323,7,0
2025-11-05 11:00:00,3979.99,3981.38,3963.77,3965.5,4825,7,0
2025-11-05 11:30:00,3965.16,3972.64,3963.71,3971.9,3734,7,0
2025-11-05 12:00:00,3971.9,3971.9,3956.13,3964.46,4641,7,0
2025-11-05 12:30:00,3964.52,3970.06,3960.35,3964.48,4220,7,0
2025-11-05 13:00:00,3964.48,3968.9,3957.73,3958.26,3929,7,0
2025-11-05 13:30:00,3958.26,3968.3,3957.73,3966.97,3782,7,0
2025-11-05 14:00:00,3966.95,3969.88,3962.27,3967.54,3634,7,0
2025-11-05 14:30:00,3967.54,3969.67,3963.23,3969.67,3226,7,0
2025-11-05 15:00:00,3969.71,3977.58,3964.92,3976.06,5967,7,0
2025-11-05 15:30:00,3976.06,3979.44,3970.91,3975.99,6095,7,0
2025-11-05 16:00:00,3975.99,3985.4,3973.69,3983.87,5253,7,0
2025-11-05 16:30:00,3983.86,3985.6,3969.66,3973.57,10153,7,0
2025-11-05 17:00:00,3973.52,3980.21,3964.07,3979.23,10790,7,0
2025-11-05 17:30:00,3979.28,3984.48,3977.28,3978.48,7722,7,0
2025-11-05 18:00:00,3978.49,3982.15,3974.99,3981.4,6612,7,0
2025-11-05 18:30:00,3981.35,3990.55,3977.64,3986.9,5979,7,0
2025-11-05 19:00:00,3986.83,3989.57,3978.68,3982.43,5197,7,0
2025-11-05 19:30:00,3982.38,3984.33,3979.64,3982.12,3456,7,0
2025-11-05 20:00:00,3982.12,3986.1,3979.58,3983.64,3807,7,0
2025-11-05 20:30:00,3983.64,3985.07,3979.05,3982.54,3495,7,0
2025-11-05 21:00:00,3982.54,3985.99,3979.21,3984.32,3744,7,0
2025-11-05 21:30:00,3984.32,3988.88,3983.1,3987.86,3563,7,0
2025-11-05 22:00:00,3987.96,3990.27,3985.66,3985.67,3989,7,0
2025-11-05 22:30:00,3985.7,3988.16,3981.53,3984.41,4257,7,0
2025-11-05 23:00:00,3984.41,3984.97,3981.49,3981.89,2284,7,0
2025-11-05 23:30:00,3981.91,3983.24,3978.0,3979.15,1090,7,0
2025-11-06 01:00:00,3976.88,3980.11,3965.95,3970.11,3342,7,0
2025-11-06 01:30:00,3970.11,3977.64,3970.11,3973.68,2765,7,0
2025-11-06 02:00:00,3973.68,3975.45,3970.53,3973.71,2199,7,0
2025-11-06 02:30:00,3973.71,3976.23,3969.64,3976.23,3272,7,0
2025-11-06 03:00:00,3976.23,3977.5,3964.59,3969.22,5093,7,0
2025-11-06 03:30:00,3969.22,3976.75,3967.77,3976.7,3204,7,0
2025-11-06 04:00:00,3976.7,3979.68,3974.24,3978.07,3291,7,0
2025-11-06 04:30:00,3978.07,3985.22,3978.07,3983.43,4276,7,0
2025-11-06 05:00:00,3983.43,3987.04,3979.56,3986.1,3816,7,0
2025-11-06 05:30:00,3986.1,3990.37,3985.28,3987.58,2947,7,0
2025-11-06 06:00:00,3987.58,3988.06,3984.55,3986.83,2068,7,0
2025-11-06 06:30:00,3986.84,3989.74,3985.08,3988.82,2360,7,0
2025-11-06 07:00:00,3988.82,3990.78,3986.18,3990.15,2219,7,0
2025-11-06 07:30:00,3990.15,3990.43,3985.79,3987.74,4247,7,0
2025-11-06 08:00:00,3987.82,3989.78,3985.02,3987.16,3863,7,0
2025-11-06 08:30:00,3987.16,3992.89,3982.34,3991.65,3510,7,0
2025-11-06 09:00:00,3991.65,4009.25,3991.24,4004.05,5843,7,0
2025-11-06 09:30:00,4004.05,4009.41,4003.84,4005.91,4112,7,0
2025-11-06 10:00:00,4005.91,4016.25,4004.77,4015.86,5498,7,0
2025-11-06 10:30:00,4015.86,4016.84,4010.22,4014.95,4249,7,0
2025-11-06 11:00:00,4014.95,4015.27,4010.93,4012.81,3992,7,0
2025-11-06 11:30:00,4012.81,4013.39,4009.32,4011.0,2826,7,0
2025-11-06 12:00:00,4011.0,4011.15,4005.22,4006.05,3862,7,0
2025-11-06 12:30:00,4006.05,4009.58,4004.5,4008.51,3360,7,0
2025-11-06 13:00:00,4008.51,4011.2,4007.14,4009.55,2948,7,0
2025-11-06 13:30:00,4009.55,4019.45,4009.49,4018.26,4542,7,0
2025-11-06 14:00:00,4018.26,4019.61,4011.11,4011.69,4077,7,0
2025-11-06 14:30:00,4011.71,4012.99,4003.08,4005.29,3722,7,0
2025-11-06 15:00:00,4005.29,4016.13,4003.78,4013.43,5479,7,0
2025-11-06 15:30:00,4013.43,4016.19,4010.81,4012.16,4201,7,0
2025-11-06 16:00:00,4012.16,4013.87,3989.14,3991.84,7306,7,0
2025-11-06 16:30:00,3991.84,4003.08,3990.82,3993.36,9881,7,0
2025-11-06 17:00:00,3993.36,3993.69,3978.37,3986.69,10891,7,0
2025-11-06 17:30:00,3986.69,3987.28,3975.31,3980.23,9839,7,0
2025-11-06 18:00:00,3980.23,3986.33,3976.7,3983.79,8916,7,0
2025-11-06 18:30:00,3983.79,3984.65,3976.31,3980.88,7734,7,0
2025-11-06 19:00:00,3980.88,3985.48,3965.74,3969.85,8335,7,0
2025-11-06 19:30:00,3969.85,3988.14,3967.94,3986.22,7100,7,0
2025-11-06 20:00:00,3986.22,3989.48,3980.22,3983.3,6163,7,0
2025-11-06 20:30:00,3983.18,3990.9,3983.18,3987.83,5394,7,0
2025-11-06 21:00:00,3987.83,3995.31,3986.78,3992.53,4932,7,0
2025-11-06 21:30:00,3992.51,3992.81,3983.25,3985.4,4654,7,0
2025-11-06 22:00:00,3985.37,3987.26,3982.1,3982.7,4851,7,0
2025-11-06 22:30:00,3982.71,3986.77,3979.38,3980.69,6941,7,0
2025-11-06 23:00:00,3980.84,3982.39,3977.99,3980.66,2144,7,0
2025-11-06 23:30:00,3980.66,3981.08,3976.49,3977.17,1172,7,0
2025-11-07 01:00:00,3981.36,3985.41,3974.48,3983.66,1874,7,0
2025-11-07 01:30:00,3983.66,3989.71,3982.11,3989.2,2004,7,0
2025-11-07 02:00:00,3989.2,3992.56,3984.57,3991.7,2555,7,0
2025-11-07 02:30:00,3991.7,3994.4,3987.91,3988.66,2455,7,0
2025-11-07 03:00:00,3988.67,4001.77,3987.32,3997.49,5243,7,0
2025-11-07 03:30:00,3997.49,4002.86,3994.91,4001.81,3408,7,0
2025-11-07 04:00:00,4001.82,4003.25,3994.2,3995.68,3682,7,0
2025-11-07 04:30:00,3995.64,3998.85,3991.63,3995.49,4060,7,0
2025-11-07 05:00:00,3995.49,3996.61,3988.28,3992.63,3201,7,0
2025-11-07 05:30:00,3992.62,3995.43,3989.76,3990.51,2117,7,0
2025-11-07 06:00:00,3990.51,3998.07,3985.59,3996.4,2911,7,0
2025-11-07 06:30:00,3996.4,3998.61,3993.55,3998.47,1770,7,0
2025-11-07 07:00:00,3998.47,3998.87,3991.99,3994.23,2584,7,0
2025-11-07 07:30:00,3994.21,3997.93,3993.54,3995.1,3200,7,0
2025-11-07 08:00:00,3995.1,4000.0,3992.37,3998.42,3186,7,0
2025-11-07 08:30:00,3998.42,4008.52,3996.46,4006.81,3788,7,0
2025-11-07 09:00:00,4006.82,4009.81,4003.0,4003.79,4085,7,0
2025-11-07 09:30:00,4003.67,4008.17,4003.0,4007.79,2483,7,0
2025-11-07 10:00:00,4007.79,4010.47,4004.08,4005.61,3477,7,0
2025-11-07 10:30:00,4005.61,4010.54,4003.66,4009.9,2988,7,0
2025-11-07 11:00:00,4009.9,4014.32,4008.33,4010.34,3838,7,0
2025-11-07 11:30:00,4010.34,4011.51,4004.29,4006.7,3467,7,0
2025-11-07 12:00:00,4006.7,4009.52,4003.22,4006.07,2875,7,0
2025-11-07 12:30:00,4006.07,4009.18,4003.32,4007.92,2899,7,0
2025-11-07 13:00:00,4007.92,4011.96,3998.37,3999.12,4408,7,0
2025-11-07 13:30:00,3999.11,4004.39,3993.86,4002.92,5396,7,0
2025-11-07 14:00:00,4002.96,4008.54,3998.29,3998.42,4570,7,0
2025-11-07 14:30:00,3998.41,3999.48,3991.76,3995.92,4914,7,0
2025-11-07 15:00:00,3995.92,4001.98,3992.15,3997.03,5676,7,0
2025-11-07 15:30:00,3997.03,3999.87,3991.8,3997.68,5258,7,0
2025-11-07 16:00:00,3997.68,4007.42,3995.37,4000.46,4981,7,0
2025-11-07 16:30:00,4000.46,4000.52,3984.44,3993.37,10882,7,0
2025-11-07 17:00:00,3993.37,3999.21,3987.85,3993.34,9061,7,0
2025-11-07 17:30:00,3993.34,3995.59,3983.97,3990.86,7379,7,0
2025-11-07 18:00:00,3990.86,4009.32,3990.03,4007.93,7164,7,0
2025-11-07 18:30:00,4007.96,4027.53,4006.44,4007.82,9955,7,0
2025-11-07 19:00:00,4007.82,4009.9,3992.54,3997.88,9048,7,0
2025-11-07 19:30:00,3997.89,4006.53,3994.05,4005.45,6448,7,0
2025-11-07 20:00:00,4005.45,4009.05,3999.64,4002.74,6364,7,0
2025-11-07 20:30:00,4002.74,4007.47,4001.87,4005.52,5642,7,0
2025-11-07 21:00:00,4005.52,4009.08,4003.46,4006.53,4618,7,0
2025-11-07 21:30:00,4006.53,4008.25,4001.8,4006.84,5693,7,0
2025-11-07 22:00:00,4006.82,4007.07,3994.39,3998.32,6226,7,0
2025-11-07 22:30:00,3998.32,4005.95,3997.19,4004.0,7679,7,0
2025-11-07 23:00:00,4004.03,4005.32,4001.18,4002.01,1437,7,0
2025-11-07 23:30:00,4002.01,4002.62,3998.58,4000.25,1172,7,0
2025-11-10 01:00:00,3998.73,4011.76,3996.64,4008.43,3971,7,0
2025-11-10 01:30:00,4008.44,4012.23,4004.35,4011.92,2477,7,0
2025-11-10 02:00:00,4011.92,4017.2,4011.22,4016.49,2799,7,0
2025-11-10 02:30:00,4016.49,4023.83,4011.53,4020.47,4004,7,0
2025-11-10 03:00:00,4020.47,4051.97,4019.3,4048.14,7941,7,0
2025-11-10 03:30:00,4048.08,4053.35,4041.57,4044.29,7715,7,0
2025-11-10 04:00:00,4044.29,4048.01,4037.89,4041.25,5706,7,0
2025-11-10 04:30:00,4041.25,4049.19,4038.58,4048.27,4937,7,0
2025-11-10 05:00:00,4048.27,4051.85,4044.98,4050.74,3667,7,0
2025-11-10 05:30:00,4050.74,4052.8,4047.35,4050.29,3164,7,0
2025-11-10 06:00:00,4050.17,4056.84,4050.1,4053.9,3585,7,0
2025-11-10 06:30:00,4053.91,4055.51,4049.92,4054.22,2948,7,0
2025-11-10 07:00:00,4054.22,4056.11,4050.14,4055.47,2554,7,0
2025-11-10 07:30:00,4055.48,4069.94,4054.93,4069.4,5365,7,0
2025-11-10 08:00:00,4069.4,4073.74,4066.8,4072.97,4291,7,0
2025-11-10 08:30:00,4072.97,4078.43,4070.13,4075.16,5096,7,0
2025-11-10 09:00:00,4075.16,4079.07,4072.28,4075.7,4124,7,0
2025-11-10 09:30:00,4075.7,4079.06,4073.97,4075.32,3922,7,0
2025-11-10 10:00:00,4075.32,4083.37,4075.08,4080.39,5326,7,0
2025-11-10 10:30:00,4080.39,4085.12,4078.16,4082.2,4440,7,0
2025-11-10 11:00:00,4082.22,4083.4,4071.67,4080.07,5169,7,0
2025-11-10 11:30:00,4080.07,4086.43,4076.14,4076.66,4461,7,0
2025-11-10 12:00:00,4076.66,4082.82,4076.66,4077.91,2944,7,0
2025-11-10 12:30:00,4077.6,4083.53,4076.08,4080.93,3818,7,0
2025-11-10 13:00:00,4080.93,4082.47,4075.81,4079.18,3563,7,0
2025-11-10 13:30:00,4079.18,4085.49,4078.77,4085.4,3188,7,0
2025-11-10 14:00:00,4085.4,4095.81,4084.38,4094.17,5716,7,0
2025-11-10 14:30:00,4094.17,4100.07,4093.61,4097.65,4659,7,0
2025-11-10 15:00:00,4097.65,4105.98,4097.04,4102.01,8753,7,0
2025-11-10 15:30:00,4102.01,4103.41,4090.35,4091.74,8076,7,0
2025-11-10 16:00:00,4091.73,4094.2,4082.09,4086.38,8132,7,0
2025-11-10 16:30:00,4086.38,4087.01,4074.38,4083.58,11203,7,0
2025-11-10 17:00:00,4083.48,4094.38,4083.46,4089.18,9967,7,0
2025-11-10 17:30:00,4089.17,4089.57,4077.86,4084.36,8999,7,0
2025-11-10 18:00:00,4084.31,4093.38,4082.04,4093.14,7224,7,0
2025-11-10 18:30:00,4093.14,4095.78,4088.8,4094.97,6713,7,0
2025-11-10 19:00:00,4095.0,4098.39,4093.49,4096.96,6669,7,0
2025-11-10 19:30:00,4096.96,4102.7,4094.02,4102.6,6033,7,0
2025-11-10 20:00:00,4102.58,4114.54,4101.68,4114.2,7093,7,0
2025-11-10 20:30:00,4114.2,4115.93,4105.81,4110.16,6482,7,0
2025-11-10 21:00:00,4110.19,4115.48,4108.01,4114.47,5320,7,0
2025-11-10 21:30:00,4114.5,4114.73,4109.62,4113.3,4532,7,0
2025-11-10 22:00:00,4113.3,4114.65,4106.8,4111.34,5003,7,0
2025-11-10 22:30:00,4111.34,4113.2,4108.04,4111.61,5873,7,0
2025-11-10 23:00:00,4111.59,4114.53,4110.48,4112.36,1782,7,0
2025-11-10 23:30:00,4112.35,4116.6,4111.57,4115.58,1216,7,0
2025-11-11 01:00:00,4114.52,4120.65,4113.66,4120.12,2797,7,0
2025-11-11 01:30:00,4120.36,4122.77,4117.38,4119.97,2859,7,0
2025-11-11 02:00:00,4119.97,4126.08,4116.29,4124.99,3641,7,0
2025-11-11 02:30:00,4124.99,4133.76,4124.86,4131.04,4713,7,0
2025-11-11 03:00:00,4131.04,4138.08,4128.05,4137.46,7100,7,0
2025-11-11 03:30:00,4137.46,4141.2,4130.69,4136.31,6359,7,0
2025-11-11 04:00:00,4136.31,4137.61,4130.44,4134.12,4550,7,0
2025-11-11 04:30:00,4134.12,4139.57,4129.37,4138.11,5653,7,0
2025-11-11 05:00:00,4138.11,4145.67,4137.15,4144.4,4528,7,0
2025-11-11 05:30:00,4144.4,4148.06,4143.46,4146.91,3497,7,0
2025-11-11 06:00:00,4146.91,4149.02,4142.44,4144.11,3106,7,0
2025-11-11 06:30:00,4144.11,4146.34,4142.03,4143.23,3345,7,0
2025-11-11 07:00:00,4143.23,4144.4,4135.08,4136.18,4968,7,0
2025-11-11 07:30:00,4136.18,4136.99,4124.78,4131.15,6529,7,0
2025-11-11 08:00:00,4131.14,4137.85,4126.87,4137.69,4428,7,0
2025-11-11 08:30:00,4137.69,4137.72,4127.32,4129.95,4633,7,0
2025-11-11 09:00:00,4129.95,4133.07,4126.26,4131.32,4377,7,0
2025-11-11 09:30:00,4131.32,4132.91,4125.06,4129.58,4263,7,0
2025-11-11 10:00:00,4129.58,4137.72,4128.81,4134.71,5055,7,0
2025-11-11 10:30:00,4134.71,4137.34,4129.05,4135.66,4427,7,0
2025-11-11 11:00:00,4135.71,4144.5,4134.46,4143.84,3893,7,0
2025-11-11 11:30:00,4143.84,4145.95,4141.83,4141.93,3284,7,0
2025-11-11 12:00:00,4141.93,4144.1,4137.53,4142.08,3481,7,0
2025-11-11 12:30:00,4142.08,4144.18,4136.88,4141.83,4305,7,0
2025-11-11 13:00:00,4141.83,4143.75,4139.17,4141.35,3392,7,0
2025-11-11 13:30:00,4141.35,4144.55,4139.45,4142.97,3372,7,0
2025-11-11 14:00:00,4142.97,4143.98,4136.73,4139.03,4138,7,0
2025-11-11 14:30:00,4139.03,4141.76,4133.18,4134.37,4153,7,0
2025-11-11 15:00:00,4134.37,4143.78,4133.95,4141.64,5805,7,0
2025-11-11 15:30:00,4141.58,4146.71,4139.24,4142.66,6256,7,0
2025-11-11 16:00:00,4142.66,4143.2,4128.5,4130.31,7239,7,0
2025-11-11 16:30:00,4130.31,4134.82,4120.11,4125.07,10810,7,0
2025-11-11 17:00:00,4125.07,4126.11,4097.14,4101.53,10476,7,0
2025-11-11 17:30:00,4101.52,4112.38,4097.17,4106.71,9633,7,0
2025-11-11 18:00:00,4106.7,4114.94,4105.46,4109.38,7322,7,0
2025-11-11 18:30:00,4109.45,4115.79,4105.16,4113.29,6214,7,0
2025-11-11 19:00:00,4113.26,4117.82,4111.76,4114.33,4974,7,0
2025-11-11 19:30:00,4114.33,4116.41,4110.64,4114.39,4714,7,0
2025-11-11 20:00:00,4114.4,4116.32,4109.33,4110.54,5154,7,0
2025-11-11 20:30:00,4110.55,4114.87,4106.75,4113.88,4540,7,0
2025-11-11 21:00:00,4113.9,4119.05,4112.0,4117.66,3691,7,0
2025-11-11 21:30:00,4117.66,4126.16,4117.61,4123.1,4175,7,0
2025-11-11 22:00:00,4123.1,4128.78,4122.54,4125.7,4609,7,0
2025-11-11 22:30:00,4125.7,4131.89,4124.45,4129.6,4681,7,0
2025-11-11 23:00:00,4129.6,4131.52,4127.29,4128.86,1842,7,0
2025-11-11 23:30:00,4128.86,4129.37,4125.76,4126.29,1133,7,0
2025-11-12 01:00:00,4127.49,4139.11,4126.93,4138.24,3867,7,0
2025-11-12 01:30:00,4138.24,4144.83,4136.04,4142.78,3855,7,0
2025-11-12 02:00:00,4142.73,4145.52,4139.16,4141.63,3214,7,0
2025-11-12 02:30:00,4141.63,4144.4,4132.26,4133.05,4123,7,0
2025-11-12 03:00:00,4133.05,4137.36,4127.71,4130.86,7348,7,0
2025-11-12 03:30:00,4130.86,4135.87,4126.54,4131.57,5700,7,0
2025-11-12 04:00:00,4131.61,4135.57,4130.7,4131.72,3679,7,0
2025-11-12 04:30:00,4131.72,4131.82,4118.95,4124.06,6133,7,0
2025-11-12 05:00:00,4124.06,4125.35,4116.87,4119.58,4598,7,0
2025-11-12 05:30:00,4119.58,4121.73,4111.81,4111.94,4123,7,0
2025-11-12 06:00:00,4111.94,4113.13,4103.79,4111.53,5917,7,0
2025-11-12 06:30:00,4111.53,4112.52,4105.74,4110.54,3409,7,0
2025-11-12 07:00:00,4110.56,4111.09,4105.15,4105.39,3533,7,0
2025-11-12 07:30:00,4105.39,4107.95,4098.91,4104.68,5746,7,0
2025-11-12 08:00:00,4104.68,4116.01,4103.18,4114.9,5971,7,0
2025-11-12 08:30:00,4114.79,4119.03,4112.07,4118.51,5665,7,0
2025-11-12 09:00:00,4118.51,4125.36,4115.44,4123.89,4619,7,0
2025-11-12 09:30:00,4123.99,4124.15,4113.42,4117.05,4262,7,0
2025-11-12 10:00:00,4117.05,4130.47,4112.26,4128.05,6137,7,0
2025-11-12 10:30:00,4128.05,4132.75,4126.38,4131.34,4585,7,0
2025-11-12 11:00:00,4131.3,4133.64,4124.9,4127.19,4688,7,0
2025-11-12 11:30:00,4127.19,4129.67,4120.63,4124.7,5652,7,0
2025-11-12 12:00:00,4124.7,4128.48,4120.24,4120.83,4780,7,0
2025-11-12 12:30:00,4120.83,4129.38,4118.09,4127.81,4599,7,0
2025-11-12 13:00:00,4127.81,4131.25,4123.19,4124.27,3675,7,0
2025-11-12 13:30:00,4124.34,4128.91,4123.59,4126.12,5176,7,0
2025-11-12 14:00:00,4126.12,4137.74,4125.04,4136.44,6098,7,0
2025-11-12 14:30:00,4136.44,4139.5,4129.83,4130.28,6114,7,0
2025-11-12 15:00:00,4130.3,4131.4,4122.85,4127.53,8081,7,0
2025-11-12 15:30:00,4127.53,4132.71,4124.4,4127.11,6410,7,0
2025-11-12 16:00:00,4127.14,4138.03,4126.84,4131.82,7681,7,0
2025-11-12 16:30:00,4131.82,4140.13,4124.99,4136.71,11370,7,0
2025-11-12 17:00:00,4136.71,4172.52,4134.68,4166.74,11804,7,0
2025-11-12 17:30:00,4166.79,4185.63,4166.16,4181.43,11393,7,0
2025-11-12 18:00:00,4181.42,4189.48,4180.23,4187.05,9857,7,0
2025-11-12 18:30:00,4187.05,4197.77,4186.39,4196.46,10469,7,0
2025-11-12 19:00:00,4196.46,4202.61,4192.39,4196.53,9697,7,0
2025-11-12 19:30:00,4196.53,4206.56,4195.76,4199.43,9713,7,0
2025-11-12 20:00:00,4199.46,4211.75,4190.69,4206.87,10077,7,0
2025-11-12 20:30:00,4206.87,4210.61,4205.99,4206.89,7094,7,0
2025-11-12 21:00:00,4206.89,4210.22,4192.18,4194.16,8491,7,0
2025-11-12 21:30:00,4194.16,4200.24,4193.97,4197.43,8274,7,0
2025-11-12 22:00:00,4197.41,4199.6,4190.7,4195.5,7776,7,0
2025-11-12 22:30:00,4195.49,4199.54,4191.97,4195.97,6408,7,0
2025-11-12 23:00:00,4195.96,4198.47,4191.09,4197.71,2457,7,0
2025-11-12 23:30:00,4197.71,4202.1,4194.18,4194.28,1908,7,0
2025-11-13 01:00:00,4196.18,4208.61,4193.94,4196.01,3416,7,0
2025-11-13 01:30:00,4196.01,4196.15,4187.25,4191.05,3614,7,0
2025-11-13 02:00:00,4191.05,4194.22,4186.3,4192.71,4447,7,0
2025-11-13 02:30:00,4192.71,4208.8,4192.64,4205.88,7127,7,0
2025-11-13 03:00:00,4205.86,4209.2,4180.12,4188.0,10097,7,0
2025-11-13 03:30:00,4187.98,4193.94,4180.52,4192.36,8544,7,0
2025-11-13 04:00:00,4192.36,4196.03,4186.09,4187.86,6059,7,0
2025-11-13 04:30:00,4187.86,4194.56,4183.49,4190.22,6399,7,0
2025-11-13 05:00:00,4190.22,4205.81,4190.15,4200.78,6340,7,0
2025-11-13 05:30:00,4200.75,4213.24,4200.54,4213.0,4965,7,0
2025-11-13 06:00:00,4213.0,4219.48,4206.9,4209.68,5691,7,0
2025-11-13 06:30:00,4209.66,4210.75,4203.44,4209.39,5718,7,0
2025-11-13 07:00:00,4209.39,4217.63,4207.46,4212.47,5539,7,0
2025-11-13 07:30:00,4212.46,4217.01,4208.02,4212.09,7621,7,0
2025-11-13 08:00:00,4212.06,4212.09,4203.4,4209.23,6212,7,0
2025-11-13 08:30:00,4209.22,4211.87,4205.16,4210.43,5095,7,0
2025-11-13 09:00:00,4210.48,4218.34,4208.42,4216.45,4671,7,0
2025-11-13 09:30:00,4216.51,4220.11,4212.54,4219.97,5660,7,0
2025-11-13 10:00:00,4219.97,4238.11,4219.16,4237.45,7370,7,0
2025-11-13 10:30:00,4237.34,4239.5,4232.44,4232.93,5387,7,0
2025-11-13 11:00:00,4232.93,4239.47,4226.86,4226.97,5349,7,0
2025-11-13 11:30:00,4227.0,4233.85,4225.09,4233.19,5016,7,0
2025-11-13 12:00:00,4233.19,4240.06,4231.86,4235.03,4569,7,0
2025-11-13 12:30:00,4235.03,4236.37,4221.91,4225.56,5914,7,0
2025-11-13 13:00:00,4225.55,4231.61,4219.41,4223.01,5799,7,0
2025-11-13 13:30:00,4223.01,4232.28,4221.82,4230.55,5532,7,0
2025-11-13 14:00:00,4230.55,4237.27,4230.09,4233.43,5389,7,0
2025-11-13 14:30:00,4233.43,4245.05,4232.22,4242.56,4882,7,0
2025-11-13 15:00:00,4242.64,4243.9,4226.06,4235.21,10243,7,0
2025-11-13 15:30:00,4235.21,4236.13,4220.35,4231.87,7912,7,0
2025-11-13 16:00:00,4231.87,4232.46,4207.66,4211.23,9475,7,0
2025-11-13 16:30:00,4211.28,4220.08,4184.54,4195.71,13247,7,0
2025-11-13 17:00:00,4195.56,4205.1,4189.02,4194.86,11524,7,0
2025-11-13 17:30:00,4194.85,4203.32,4186.79,4202.65,10651,7,0
2025-11-13 18:00:00,4202.65,4210.83,4202.34,4206.49,9204,7,0
2025-11-13 18:30:00,4206.49,4208.75,4195.85,4206.89,9830,7,0
2025-11-13 19:00:00,4206.68,4208.43,4193.32,4202.84,9496,7,0
2025-11-13 19:30:00,4202.84,4206.79,4196.38,4201.81,9337,7,0
2025-11-13 20:00:00,4201.87,4203.34,4187.66,4190.49,8072,7,0
2025-11-13 20:30:00,4190.49,4190.7,4145.45,4157.94,12629,7,0
2025-11-13 21:00:00,4157.94,4161.05,4145.8,4159.9,9844,7,0
2025-11-13 21:30:00,4159.9,4170.59,4158.17,4163.91,7673,7,0
2025-11-13 22:00:00,4163.91,4170.65,4160.39,4169.49,7879,7,0
2025-11-13 22:30:00,4169.49,4170.77,4160.86,4164.03,6859,7,0
2025-11-13 23:00:00,4164.03,4181.12,4161.25,4174.28,3737,7,0
2025-11-13 23:30:00,4174.28,4176.09,4169.56,4171.19,1971,7,0
2025-11-14 01:00:00,4171.97,4184.66,4170.18,4179.37,3327,7,0
2025-11-14 01:30:00,4179.37,4186.79,4176.89,4185.87,4179,7,0
2025-11-14 02:00:00,4185.97,4189.85,4179.32,4188.35,4865,7,0
2025-11-14 02:30:00,4188.36,4189.81,4178.34,4183.91,5400,7,0
2025-11-14 03:00:00,4183.91,4189.12,4174.26,4174.68,8655,7,0
2025-11-14 03:30:00,4174.67,4193.84,4173.7,4190.02,7567,7,0
2025-11-14 04:00:00,4190.04,4202.37,4188.55,4199.56,6521,7,0
2025-11-14 04:30:00,4199.56,4210.36,4199.13,4207.03,6976,7,0
2025-11-14 05:00:00,4207.23,4210.9,4203.31,4210.75,6237,7,0
2025-11-14 05:30:00,4210.75,4211.27,4201.43,4204.45,4797,7,0
2025-11-14 06:00:00,4204.45,4205.86,4197.07,4197.8,4203,7,0
2025-11-14 06:30:00,4197.8,4204.18,4197.19,4203.32,3868,7,0
2025-11-14 07:00:00,4203.32,4203.69,4184.07,4188.34,5816,7,0
2025-11-14 07:30:00,4188.34,4196.62,4185.85,4189.9,6823,7,0
2025-11-14 08:00:00,4189.94,4193.46,4173.66,4178.15,6389,7,0
2025-11-14 08:30:00,4178.15,4184.2,4169.74,4175.26,6330,7,0
2025-11-14 09:00:00,4175.2,4177.35,4159.06,4163.41,8307,7,0
2025-11-14 09:30:00,4163.41,4182.34,4162.85,4181.09,6049,7,0
2025-11-14 10:00:00,4181.09,4184.19,4173.16,4177.09,6704,7,0
2025-11-14 10:30:00,4177.08,4186.96,4170.13,4176.05,8058,7,0
2025-11-14 11:00:00,4176.07,4180.5,4168.02,4170.13,8185,7,0
2025-11-14 11:30:00,4170.13,4171.69,4166.62,4169.31,5627,7,0
2025-11-14 12:00:00,4169.28,4170.59,4162.64,4165.17,5768,7,0
2025-11-14 12:30:00,4165.16,4170.9,4159.19,4167.96,5325,7,0
2025-11-14 13:00:00,4167.96,4170.06,4141.81,4148.74,7853,7,0
2025-11-14 13:30:00,4148.78,4158.12,4130.96,4133.02,8277,7,0
2025-11-14 14:00:00,4132.99,4140.61,4111.14,4113.27,10979,7,0
2025-11-14 14:30:00,4113.27,4119.68,4107.84,4116.08,9807,7,0
2025-11-14 15:00:00,4116.08,4119.05,4053.01,4055.72,13059,7,0
2025-11-14 15:30:00,4055.74,4063.6,4041.49,4055.89,12652,7,0
2025-11-14 16:00:00,4055.89,4060.39,4037.56,4053.43,11424,7,0
2025-11-14 16:30:00,4053.45,4084.0,4032.29,4082.83,13834,7,0
2025-11-14 17:00:00,4082.8,4082.8,4068.26,4080.9,12998,7,0
2025-11-14 17:30:00,4080.87,4096.54,4072.06,4093.54,11945,7,0
2025-11-14 18:00:00,4093.56,4103.31,4081.12,4101.85,10033,7,0
2025-11-14 18:30:00,4101.98,4111.26,4096.42,4105.17,9420,7,0
2025-11-14 19:00:00,4105.12,4110.57,4094.21,4098.93,8258,7,0
2025-11-14 19:30:00,4098.93,4110.43,4096.21,4099.93,8696,7,0
2025-11-14 20:00:00,4099.93,4100.39,4080.94,4093.13,9448,7,0
2025-11-14 20:30:00,4093.09,4103.66,4090.92,4098.17,6973,7,0
2025-11-14 21:00:00,4098.17,4100.17,4089.93,4093.66,6757,7,0
2025-11-14 21:30:00,4093.66,4095.78,4087.79,4090.03,6055,7,0
2025-11-14 22:00:00,4090.03,4092.44,4075.5,4083.74,6475,7,0
2025-11-14 22:30:00,4083.74,4092.34,4082.07,4087.17,7142,7,0
2025-11-14 23:00:00,4087.15,4087.15,4079.06,4082.8,2525,7,0
2025-11-14 23:30:00,4082.8,4085.51,4077.35,4084.64,1808,7,0
2025-11-17 01:00:00,4084.61,4106.72,4076.95,4103.74,5121,7,0
2025-11-17 01:30:00,4103.74,4106.15,4093.59,4096.73,4117,7,0
2025-11-17 02:00:00,4096.73,4098.56,4080.7,4086.43,6267,7,0
2025-11-17 02:30:00,4086.53,4091.99,4081.51,4083.15,5557,7,0
2025-11-17 03:00:00,4083.29,4096.87,4082.75,4095.9,8164,7,0
2025-11-17 03:30:00,4095.9,4101.92,4090.35,4091.35,6879,7,0
2025-11-17 04:00:00,4091.38,4092.71,4083.76,4091.78,6046,7,0
2025-11-17 04:30:00,4091.78,4093.75,4080.82,4082.04,6651,7,0
2025-11-17 05:00:00,4082.03,4085.74,4070.12,4080.22,7160,7,0
2025-11-17 05:30:00,4080.22,4085.15,4077.96,4082.9,4480,7,0
2025-11-17 06:00:00,4082.9,4088.0,4081.18,4083.24,4125,7,0
2025-11-17 06:30:00,4083.22,4085.29,4076.96,4078.63,3443,7,0
2025-11-17 07:00:00,4078.63,4078.74,4058.77,4064.35,5933,7,0
2025-11-17 07:30:00,4064.33,4064.77,4049.79,4058.37,7610,7,0
2025-11-17 08:00:00,4058.37,4066.46,4054.84,4063.05,6327,7,0
2025-11-17 08:30:00,4063.08,4071.96,4062.61,4066.02,5424,7,0
2025-11-17 09:00:00,4066.02,4079.58,4065.2,4078.88,4811,7,0
2025-11-17 09:30:00,4078.78,4089.09,4077.23,4088.22,4381,7,0
2025-11-17 10:00:00,4088.22,4095.98,4079.27,4081.1,6329,7,0
2025-11-17 10:30:00,4081.08,4083.94,4072.14,4077.43,5957,7,0
2025-11-17 11:00:00,4077.43,4085.24,4072.22,4083.52,5724,7,0
2025-11-17 11:30:00,4083.52,4088.68,4079.13,4082.09,4964,7,0
2025-11-17 12:00:00,4082.15,4089.53,4081.17,4084.48,4195,7,0
2025-11-17 12:30:00,4084.48,4086.47,4068.52,4070.3,5496,7,0
2025-11-17 13:00:00,4070.3,4073.79,4061.12,4065.66,5049,7,0
2025-11-17 13:30:00,4065.66,4085.91,4064.57,4078.53,5820,7,0
2025-11-17 14:00:00,4078.53,4080.41,4074.7,4078.4,4454,7,0
2025-11-17 14:30:00,4078.4,4085.23,4075.04,4077.2,4632,7,0
2025-11-17 15:00:00,4077.2,4092.25,4075.12,4076.73,7178,7,0
2025-11-17 15:30:00,4076.73,4079.63,4061.06,4065.36,7984,7,0
2025-11-17 16:00:00,4065.36,4074.59,4060.85,4066.43,6990,7,0
2025-11-17 16:30:00,4066.48,4082.03,4065.68,4076.3,10880,7,0
2025-11-17 17:00:00,4076.32,4077.59,4060.77,4072.51,11147,7,0
2025-11-17 17:30:00,4072.59,4077.42,4063.51,4064.32,9793,7,0
2025-11-17 18:00:00,4064.19,4068.94,4052.23,4068.94,9298,7,0
2025-11-17 18:30:00,4068.9,4073.76,4065.18,4069.98,7266,7,0
2025-11-17 19:00:00,4070.1,4080.68,4069.7,4077.5,6123,7,0
2025-11-17 19:30:00,4077.38,4080.94,4071.35,4073.43,6158,7,0
2025-11-17 20:00:00,4073.48,4076.17,4067.77,4073.01,5947,7,0
2025-11-17 20:30:00,4072.98,4073.0,4062.34,4062.64,6433,7,0
2025-11-17 21:00:00,4062.64,4065.1,4053.51,4056.64,7406,7,0
2025-11-17 21:30:00,4056.64,4058.51,4010.94,4011.22,11716,7,0
2025-11-17 22:00:00,4011.19,4027.89,4006.95,4027.1,9326,7,0
2025-11-17 22:30:00,4027.1,4044.08,4025.32,4040.98,7037,7,0
2025-11-17 23:00:00,4040.93,4045.96,4038.88,4043.26,2529,7,0
2025-11-17 23:30:00,4043.65,4046.07,4042.51,4045.66,1269,7,0
2025-11-18 01:00:00,4048.02,4055.45,4046.3,4048.18,2804,7,0
2025-11-18 01:30:00,4048.18,4049.8,4028.77,4036.86,5205,7,0
2025-11-18 02:00:00,4036.86,4040.36,4027.37,4030.89,4979,7,0
2025-11-18 02:30:00,4030.9,4041.37,4028.8,4040.28,5201,7,0
2025-11-18 03:00:00,4040.29,4045.23,4035.08,4040.3,7112,7,0
2025-11-18 03:30:00,4040.39,4041.42,4022.66,4024.91,7242,7,0
2025-11-18 04:00:00,4024.89,4034.54,4019.34,4030.73,5323,7,0
2025-11-18 04:30:00,4030.73,4035.82,4015.29,4017.61,6571,7,0
2025-11-18 05:00:00,4017.61,4019.66,4008.56,4012.88,6052,7,0
2025-11-18 05:30:00,4012.88,4026.4,4011.39,4013.22,5808,7,0
2025-11-18 06:00:00,4013.22,4018.21,4004.68,4017.79,6677,7,0
2025-11-18 06:30:00,4017.79,4017.89,4007.79,4010.53,4679,7,0
2025-11-18 07:00:00,4010.53,4021.87,4008.3,4017.0,4813,7,0
2025-11-18 07:30:00,4017.0,4025.19,4015.63,4019.01,5490,7,0
2025-11-18 08:00:00,4019.12,4020.49,4008.49,4014.16,5717,7,0
2025-11-18 08:30:00,4014.16,4015.79,4007.61,4009.01,5806,7,0
2025-11-18 09:00:00,4008.98,4010.84,4002.28,4002.37,6093,7,0
2025-11-18 09:30:00,4002.37,4017.45,3998.08,4013.69,6298,7,0
2025-11-18 10:00:00,4013.69,4026.87,4010.72,4022.25,6447,7,0
2025-11-18 10:30:00,4022.25,4042.71,4021.6,4036.83,6933,7,0
2025-11-18 11:00:00,4036.83,4039.99,4030.43,4034.8,5372,7,0
2025-11-18 11:30:00,4034.8,4047.25,4030.27,4040.25,5368,7,0
2025-11-18 12:00:00,4040.25,4044.92,4037.7,4038.57,5337,7,0
2025-11-18 12:30:00,4038.57,4050.51,4037.59,4044.24,5119,7,0
2025-11-18 13:00:00,4044.24,4048.96,4042.75,4048.45,3816,7,0
2025-11-18 13:30:00,4048.44,4050.38,4036.99,4039.51,4736,7,0
2025-11-18 14:00:00,4039.47,4045.04,4032.18,4033.12,6080,7,0
2025-11-18 14:30:00,4033.12,4039.94,4029.3,4032.42,6312,7,0
2025-11-18 15:00:00,4032.42,4052.94,4031.28,4049.02,8251,7,0
2025-11-18 15:30:00,4049.02,4070.26,4048.04,4065.29,8851,7,0
2025-11-18 16:00:00,4065.24,4080.63,4063.52,4074.87,8918,7,0
2025-11-18 16:30:00,4074.86,4081.97,4058.32,4065.87,12218,7,0
2025-11-18 17:00:00,4065.86,4068.06,4053.29,4064.93,11924,7,0
2025-11-18 17:30:00,4064.93,4072.45,4049.16,4052.93,10799,7,0
2025-11-18 18:00:00,4052.93,4065.48,4040.43,4064.86,10579,7,0
2025-11-18 18:30:00,4064.94,4069.29,4057.77,4066.9,7606,7,0
2025-11-18 19:00:00,4066.9,4070.6,4059.51,4061.51,7518,7,0
2025-11-18 19:30:00,4061.51,4075.86,4060.65,4071.42,7533,7,0
2025-11-18 20:00:00,4071.54,4074.74,4063.18,4065.78,6462,7,0
2025-11-18 20:30:00,4065.81,4074.52,4063.71,4072.77,6190,7,0
2025-11-18 21:00:00,4072.77,4080.88,4072.72,4075.61,6482,7,0
2025-11-18 21:30:00,4075.61,4082.1,4073.72,4081.16,6308,7,0
2025-11-18 22:00:00,4081.17,4082.37,4069.5,4072.24,6960,7,0
2025-11-18 22:30:00,4072.25,4073.68,4067.44,4069.56,6558,7,0
2025-11-18 23:00:00,4069.63,4072.36,4064.98,4065.81,2315,7,0
2025-11-18 23:30:00,4065.81,4068.49,4065.33,4067.37,1539,7,0
2025-11-19 01:00:00,4066.79,4073.48,4066.0,4071.44,1951,7,0
2025-11-19 01:30:00,4071.44,4077.84,4068.17,4076.69,2422,7,0
2025-11-19 02:00:00,4076.66,4078.28,4071.05,4074.91,3122,7,0
2025-11-19 02:30:00,4074.91,4077.5,4067.64,4069.44,3631,7,0
2025-11-19 03:00:00,4069.44,4070.27,4061.03,4067.84,6471,7,0
2025-11-19 03:30:00,4067.84,4070.44,4056.51,4059.12,4931,7,0
2025-11-19 04:00:00,4059.12,4065.19,4055.7,4064.49,5455,7,0
2025-11-19 04:30:00,4064.49,4080.67,4064.23,4075.72,7047,7,0
2025-11-19 05:00:00,4075.72,4078.65,4069.75,4071.91,5689,7,0
2025-11-19 05:30:00,4071.91,4076.21,4066.13,4066.94,3656,7,0
2025-11-19 06:00:00,4066.94,4075.76,4064.53,4074.31,3913,7,0
2025-11-19 06:30:00,4074.31,4076.99,4072.58,4075.19,3964,7,0
2025-11-19 07:00:00,4075.19,4092.2,4074.36,4088.88,5733,7,0
2025-11-19 07:30:00,4088.88,4097.52,4087.94,4095.55,6927,7,0
2025-11-19 08:00:00,4095.55,4098.59,4089.26,4092.32,5559,7,0
2025-11-19 08:30:00,4092.32,4095.47,4089.54,4091.07,4855,7,0
2025-11-19 09:00:00,4091.07,4092.87,4084.93,4088.58,4098,7,0
2025-11-19 09:30:00,4088.58,4096.96,4086.31,4086.97,5094,7,0
2025-11-19 10:00:00,4086.98,4088.74,4078.33,4088.0,5933,7,0
2025-11-19 10:30:00,4087.98,4088.59,4080.12,4083.5,4963,7,0
2025-11-19 11:00:00,4083.23,4092.08,4081.17,4091.22,5395,7,0
2025-11-19 11:30:00,4091.22,4116.3,4087.85,4113.43,7102,7,0
2025-11-19 12:00:00,4113.43,4119.09,4109.31,4112.3,6936,7,0
2025-11-19 12:30:00,4112.08,4114.73,4107.09,4108.98,5366,7,0
2025-11-19 13:00:00,4108.98,4117.56,4106.57,4114.36,4883,7,0
2025-11-19 13:30:00,4114.36,4116.94,4110.02,4112.88,4139,7,0
2025-11-19 14:00:00,4112.88,4119.8,4112.24,4117.1,4478,7,0
2025-11-19 14:30:00,4117.1,4119.84,4112.28,4114.59,4537,7,0
2025-11-19 15:00:00,4114.59,4115.24,4100.9,4109.4,9183,7,0
2025-11-19 15:30:00,4109.4,4117.77,4106.17,4110.65,7821,7,0
2025-11-19 16:00:00,4110.67,4118.79,4106.06,4106.92,7461,7,0
2025-11-19 16:30:00,4106.92,4129.02,4102.17,4128.02,11398,7,0
2025-11-19 17:00:00,4128.02,4132.82,4115.98,4116.4,10643,7,0
2025-11-19 17:30:00,4116.34,4121.37,4090.17,4096.57,11130,7,0
2025-11-19 18:00:00,4096.66,4098.59,4071.66,4074.67,12008,7,0
2025-11-19 18:30:00,4074.42,4079.34,4067.92,4074.65,11446,7,0
2025-11-19 19:00:00,4074.65,4076.33,4055.67,4072.27,11299,7,0
2025-11-19 19:30:00,4072.21,4081.24,4063.1,4078.98,10282,7,0
2025-11-19 20:00:00,4078.98,4086.63,4078.69,4081.79,8808,7,0
2025-11-19 20:30:00,4081.74,4091.16,4075.78,4087.32,7727,7,0
2025-11-19 21:00:00,4087.32,4087.36,4069.26,4071.81,8458,7,0
2025-11-19 21:30:00,4071.78,4077.46,4069.18,4073.67,7846,7,0
2025-11-19 22:00:00,4073.67,4082.13,4072.31,4079.4,5442,7,0
2025-11-19 22:30:00,4079.4,4080.51,4072.35,4076.36,6363,7,0
2025-11-19 23:00:00,4076.36,4077.3,4065.72,4076.75,3699,7,0
2025-11-19 23:30:00,4076.75,4084.78,4076.21,4077.93,2633,7,0
2025-11-20 01:00:00,4076.7,4091.4,4076.7,4088.14,2736,7,0
2025-11-20 01:30:00,4088.14,4108.32,4085.84,4104.5,4737,7,0
2025-11-20 02:00:00,4104.5,4110.26,4103.45,4105.64,4066,7,0
2025-11-20 02:30:00,4105.64,4108.88,4100.47,4103.13,4655,7,0
2025-11-20 03:00:00,4103.13,4109.13,4092.54,4094.58,7512,7,0
2025-11-20 03:30:00,4094.57,4098.35,4081.17,4081.46,6981,7,0
2025-11-20 04:00:00,4081.46,4081.56,4039.46,4055.21,10092,7,0
2025-11-20 04:30:00,4055.2,4070.17,4053.42,4067.07,6819,7,0
2025-11-20 05:00:00,4067.07,4085.57,4066.48,4076.14,7224,7,0
2025-11-20 05:30:00,4076.14,4076.66,4064.85,4072.4,4964,7,0
2025-11-20 06:00:00,4072.46,4080.14,4068.38,4078.28,4353,7,0
2025-11-20 06:30:00,4078.3,4080.42,4073.44,4075.68,3268,7,0
2025-11-20 07:00:00,4075.68,4076.03,4068.09,4069.69,5038,7,0
2025-11-20 07:30:00,4069.69,4072.33,4064.61,4066.83,5757,7,0
2025-11-20 08:00:00,4066.83,4077.71,4058.73,4063.0,6304,7,0
2025-11-20 08:30:00,4063.0,4072.17,4061.63,4068.43,5802,7,0
2025-11-20 09:00:00,4068.32,4076.64,4060.26,4062.85,5309,7,0
2025-11-20 09:30:00,4062.85,4068.2,4054.29,4060.1,5258,7,0
2025-11-20 10:00:00,4060.1,4063.26,4038.98,4045.93,8087,7,0
2025-11-20 10:30:00,4045.92,4069.47,4044.04,4063.52,7435,7,0
2025-11-20 11:00:00,4063.53,4072.84,4058.88,4059.2,7186,7,0
2025-11-20 11:30:00,4059.25,4069.06,4055.6,4064.16,5469,7,0
2025-11-20 12:00:00,4064.18,4068.3,4058.19,4061.65,4334,7,0
2025-11-20 12:30:00,4061.54,4066.92,4058.29,4060.07,3719,7,0
2025-11-20 13:00:00,4060.07,4061.16,4051.19,4056.5,4816,7,0
2025-11-20 13:30:00,4056.5,4068.31,4054.56,4060.78,4756,7,0
2025-11-20 14:00:00,4060.75,4079.35,4060.14,4073.3,5276,7,0
2025-11-20 14:30:00,4073.3,4082.09,4073.06,4081.86,4794,7,0
2025-11-20 15:00:00,4081.86,4094.35,4081.47,4085.95,8474,7,0
2025-11-20 15:30:00,4085.95,4096.41,4066.79,4080.51,11748,7,0
2025-11-20 16:00:00,4080.31,4088.63,4072.23,4080.53,8837,7,0
2025-11-20 16:30:00,4080.52,4107.22,4074.42,4093.21,12043,7,0
2025-11-20 17:00:00,4093.21,4098.86,4082.79,4095.37,10888,7,0
2025-11-20 17:30:00,4095.35,4096.21,4070.27,4070.27,10111,7,0
2025-11-20 18:00:00,4070.33,4082.71,4063.0,4065.21,11572,7,0
2025-11-20 18:30:00,4065.25,4068.12,4044.89,4049.22,12604,7,0
2025-11-20 19:00:00,4049.2,4061.29,4043.78,4056.19,13293,7,0
2025-11-20 19:30:00,4056.14,4068.46,4049.44,4066.22,11324,7,0
2025-11-20 20:00:00,4066.22,4072.62,4056.3,4060.36,10469,7,0
2025-11-20 20:30:00,4060.43,4067.29,4056.77,4060.66,9634,7,0
2025-11-20 21:00:00,4060.64,4087.14,4059.14,4084.28,9325,7,0
2025-11-20 21:30:00,4084.28,4087.18,4079.43,4084.68,8679,7,0
2025-11-20 22:00:00,4084.68,4085.12,4074.08,4077.35,7653,7,0
2025-11-20 22:30:00,4077.34,4080.17,4073.41,4077.23,7286,7,0
2025-11-20 23:00:00,4077.23,4080.91,4074.33,4079.04,2899,7,0
2025-11-20 23:30:00,4079.04,4080.29,4076.57,4077.08,1217,7,0
2025-11-21 01:00:00,4074.71,4086.15,4072.92,4081.19,3146,7,0
2025-11-21 01:30:00,4081.19,4088.86,4074.47,4078.94,4125,7,0
2025-11-21 02:00:00,4079.22,4081.24,4071.9,4075.24,3002,7,0
2025-11-21 02:30:00,4075.24,4080.05,4071.67,4073.94,3636,7,0
2025-11-21 03:00:00,4073.94,4073.94,4061.46,4061.88,7174,7,0
2025-11-21 03:30:00,4061.88,4074.57,4060.63,4068.54,6496,7,0
2025-11-21 04:00:00,4068.56,4075.8,4066.2,4073.63,5177,7,0
2025-11-21 04:30:00,4073.63,4079.97,4056.8,4057.34,6017,7,0
2025-11-21 05:00:00,4057.34,4059.2,4049.41,4052.6,7145,7,0
2025-11-21 05:30:00,4052.6,4059.47,4050.84,4056.25,5509,7,0
2025-11-21 06:00:00,4056.21,4062.51,4052.9,4060.02,5450,7,0
2025-11-21 06:30:00,4060.02,4060.59,4047.96,4052.11,4291,7,0
2025-11-21 07:00:00,4052.11,4057.34,4051.48,4052.98,4462,7,0
2025-11-21 07:30:00,4052.91,4059.73,4040.08,4058.54,7608,7,0
2025-11-21 08:00:00,4058.54,4065.04,4031.04,4031.76,6915,7,0
2025-11-21 08:30:00,4031.77,4040.66,4029.43,4032.86,6457,7,0
2025-11-21 09:00:00,4032.86,4037.69,4025.02,4037.48,6129,7,0
2025-11-21 09:30:00,4037.48,4039.8,4028.76,4031.67,5850,7,0
2025-11-21 10:00:00,4031.67,4048.06,4022.55,4042.81,8217,7,0
2025-11-21 10:30:00,4042.76,4047.59,4038.77,4041.09,5876,7,0
2025-11-21 11:00:00,4041.09,4063.5,4040.3,4056.68,6804,7,0
2025-11-21 11:30:00,4056.62,4060.85,4048.37,4050.68,7019,7,0
2025-11-21 12:00:00,4050.66,4052.79,4032.74,4032.82,8419,7,0
2025-11-21 12:30:00,4032.81,4041.89,4032.5,4037.26,7259,7,0
2025-11-21 13:00:00,4037.26,4046.88,4035.61,4039.44,5395,7,0
2025-11-21 13:30:00,4039.44,4041.19,4031.04,4036.72,5832,7,0
2025-11-21 14:00:00,4036.72,4050.5,4034.81,4045.13,7266,7,0
2025-11-21 14:30:00,4045.13,4071.87,4043.94,4065.96,10753,7,0
2025-11-21 15:00:00,4065.96,4070.78,4059.35,4067.58,9425,7,0
2025-11-21 15:30:00,4067.58,4081.2,4066.29,4079.63,8076,7,0
2025-11-21 16:00:00,4079.63,4083.97,4064.22,4066.7,8704,7,0
2025-11-21 16:30:00,4066.71,4075.25,4061.67,4071.84,11876,7,0
2025-11-21 17:00:00,4071.81,4077.01,4066.63,4069.2,11954,7,0
2025-11-21 17:30:00,4069.13,4072.0,4055.02,4069.73,11813,7,0
2025-11-21 18:00:00,4069.73,4072.32,4062.97,4070.07,10425,7,0
2025-11-21 18:30:00,4070.24,4100.71,4069.73,4099.93,10327,7,0
2025-11-21 19:00:00,4099.92,4101.06,4079.17,4081.57,10473,7,0
2025-11-21 19:30:00,4081.57,4088.7,4079.43,4085.59,8015,7,0
2025-11-21 20:00:00,4085.59,4087.47,4079.25,4080.05,8458,7,0
2025-11-21 20:30:00,4080.05,4088.39,4076.46,4082.91,8459,7,0
2025-11-21 21:00:00,4082.93,4092.12,4082.78,4090.59,6512,7,0
2025-11-21 21:30:00,4090.63,4092.21,4084.52,4087.66,6704,7,0
2025-11-21 22:00:00,4087.66,4088.8,4068.16,4069.52,7445,7,0
2025-11-21 22:30:00,4069.52,4069.85,4055.25,4067.61,9820,7,0
2025-11-21 23:00:00,4067.36,4069.14,4054.6,4062.31,3398,7,0
2025-11-21 23:30:00,4062.33,4066.76,4061.81,4065.01,1941,7,0
2025-11-24 01:00:00,4069.15,4077.89,4066.05,4070.79,3261,7,0
2025-11-24 01:30:00,4070.81,4076.83,4065.77,4075.21,3317,7,0
2025-11-24 02:00:00,4075.21,4076.15,4058.38,4062.82,3159,7,0
2025-11-24 02:30:00,4062.82,4067.86,4061.96,4067.39,3709,7,0
2025-11-24 03:00:00,4067.39,4073.21,4050.18,4055.39,8402,7,0
2025-11-24 03:30:00,4055.39,4056.54,4042.79,4044.29,6089,7,0
2025-11-24 04:00:00,4044.21,4048.72,4043.51,4048.03,4250,7,0
2025-11-24 04:30:00,4048.03,4051.67,4040.72,4043.68,4998,7,0
2025-11-24 05:00:00,4043.68,4050.93,4043.63,4048.94,5417,7,0
2025-11-24 05:30:00,4048.94,4058.18,4048.42,4050.13,4846,7,0
2025-11-24 06:00:00,4050.38,4061.19,4048.57,4051.13,4595,7,0
2025-11-24 06:30:00,4051.13,4052.55,4042.38,4044.03,4838,7,0
2025-11-24 07:00:00,4044.1,4048.07,4040.09,4047.08,4307,7,0
2025-11-24 07:30:00,4047.28,4049.36,4041.4,4046.27,6073,7,0
2025-11-24 08:00:00,4046.27,4056.42,4045.57,4052.83,5019,7,0
2025-11-24 08:30:00,4052.83,4058.16,4052.19,4053.43,4771,7,0
2025-11-24 09:00:00,4053.43,4057.62,4051.56,4052.55,4405,7,0
2025-11-24 09:30:00,4052.55,4067.65,4052.44,4060.01,5188,7,0
2025-11-24 10:00:00,4060.01,4066.26,4059.68,4063.01,5050,7,0
2025-11-24 10:30:00,4063.01,4067.02,4060.1,4063.52,4233,7,0
2025-11-24 11:00:00,4063.52,4074.22,4063.06,4068.73,5720,7,0
2025-11-24 11:30:00,4068.73,4072.84,4065.78,4071.86,5143,7,0
2025-11-24 12:00:00,4071.93,4077.2,4068.47,4070.4,4761,7,0
2025-11-24 12:30:00,4070.4,4071.04,4063.35,4063.95,4057,7,0
2025-11-24 13:00:00,4063.95,4070.51,4063.19,4070.32,3333,7,0
2025-11-24 13:30:00,4070.32,4071.69,4067.13,4070.05,3660,7,0
2025-11-24 14:00:00,4070.05,4074.24,4065.78,4070.85,4293,7,0
2025-11-24 14:30:00,4070.85,4084.08,4070.55,4080.27,5351,7,0
2025-11-24 15:00:00,4080.42,4085.04,4075.92,4080.63,6780,7,0
2025-11-24 15:30:00,4080.63,4086.01,4073.81,4077.77,6615,7,0
2025-11-24 16:00:00,4077.77,4083.17,4073.95,4075.62,6306,7,0
2025-11-24 16:30:00,4075.62,4086.07,4068.45,4081.4,11122,7,0
2025-11-24 17:00:00,4081.4,4093.93,4081.2,4088.15,10538,7,0
2025-11-24 17:30:00,4088.19,4093.63,4087.17,4091.8,8040,7,0
2025-11-24 18:00:00,4091.8,4095.52,4089.8,4092.54,6720,7,0
2025-11-24 18:30:00,4092.54,4098.93,4092.14,4097.4,6317,7,0
2025-11-24 19:00:00,4097.4,4099.74,4088.99,4093.61,6215,7,0
2025-11-24 19:30:00,4093.61,4100.48,4092.69,4093.05,5152,7,0
2025-11-24 20:00:00,4093.05,4095.75,4088.16,4095.7,5687,7,0
2025-11-24 20:30:00,4095.69,4125.83,4095.65,4120.56,7665,7,0
2025-11-24 21:00:00,4120.58,4124.21,4115.04,4119.16,5376,7,0
2025-11-24 21:30:00,4119.18,4121.25,4113.98,4118.54,4902,7,0
2025-11-24 22:00:00,4118.54,4125.55,4118.04,4124.81,4853,7,0
2025-11-24 22:30:00,4124.81,4133.56,4124.8,4132.74,5961,7,0
2025-11-24 23:00:00,4132.72,4133.85,4130.14,4132.34,2023,7,0
2025-11-24 23:30:00,4132.34,4140.03,4131.27,4133.95,2290,7,0
2025-11-25 01:00:00,4133.01,4138.18,4125.16,4131.13,3029,7,0
2025-11-25 01:30:00,4131.1,4144.29,4128.81,4143.84,3894,7,0
2025-11-25 02:00:00,4143.71,4144.32,4134.0,4135.51,4795,7,0
2025-11-25 02:30:00,4135.51,4137.05,4127.67,4129.43,4624,7,0
2025-11-25 03:00:00,4129.43,4136.14,4122.74,4127.48,7927,7,0
2025-11-25 03:30:00,4127.48,4139.24,4127.48,4134.79,7031,7,0
2025-11-25 04:00:00,4134.79,4145.65,4132.87,4144.78,6184,7,0
2025-11-25 04:30:00,4144.78,4155.87,4144.01,4150.69,6162,7,0
2025-11-25 05:00:00,4150.79,4150.94,4139.63,4145.32,6325,7,0
2025-11-25 05:30:00,4145.32,4145.61,4140.94,4143.3,4702,7,0
2025-11-25 06:00:00,4143.3,4148.13,4139.59,4146.25,4214,7,0
2025-11-25 06:30:00,4146.25,4148.43,4140.35,4140.77,3880,7,0
2025-11-25 07:00:00,4140.77,4148.02,4140.77,4144.11,3548,7,0
2025-11-25 07:30:00,4144.11,4151.98,4141.51,4151.04,5346,7,0
2025-11-25 08:00:00,4151.04,4152.05,4140.12,4140.95,5961,7,0
2025-11-25 08:30:00,4140.95,4143.93,4138.83,4141.69,4981,7,0
2025-11-25 09:00:00,4141.68,4146.11,4135.49,4136.99,5431,7,0
2025-11-25 09:30:00,4136.99,4139.3,4130.01,4132.5,6477,7,0
2025-11-25 10:00:00,4132.66,4139.45,4131.56,4136.47,5213,7,0
2025-11-25 10:30:00,4136.47,4136.72,4109.69,4116.13,6529,7,0
2025-11-25 11:00:00,4116.13,4130.5,4114.13,4124.8,5408,7,0
2025-11-25 11:30:00,4124.8,4131.45,4121.89,4128.45,5200,7,0
2025-11-25 12:00:00,4128.45,4138.72,4127.49,4130.9,3921,7,0
2025-11-25 12:30:00,4130.9,4134.64,4127.64,4131.27,4378,7,0
2025-11-25 13:00:00,4131.27,4137.39,4127.79,4132.24,4203,7,0
2025-11-25 13:30:00,4132.24,4134.22,4129.36,4133.49,3894,7,0
2025-11-25 14:00:00,4133.49,4138.69,4132.6,4132.98,5183,7,0
2025-11-25 14:30:00,4133.01,4136.98,4116.1,4129.88,8092,7,0
2025-11-25 15:00:00,4129.88,4146.94,4129.46,4141.86,8431,7,0
2025-11-25 15:30:00,4141.86,4150.83,4141.82,4147.85,6890,7,0
2025-11-25 16:00:00,4147.86,4148.74,4133.51,4134.74,6907,7,0
2025-11-25 16:30:00,4134.74,4137.84,4111.02,4125.41,12353,7,0
2025-11-25 17:00:00,4125.42,4133.9,4117.85,4128.05,10233,7,0
2025-11-25 17:30:00,4128.04,4133.38,4120.99,4123.05,7900,7,0
2025-11-25 18:00:00,4123.05,4141.47,4122.23,4140.56,8040,7,0
2025-11-25 18:30:00,4140.56,4141.04,4134.6,4136.38,5996,7,0
2025-11-25 19:00:00,4136.3,4153.86,4136.04,4149.83,9257,7,0
2025-11-25 19:30:00,4149.83,4159.33,4144.29,4146.14,8192,7,0
2025-11-25 20:00:00,4146.14,4150.84,4141.79,4142.56,7238,7,0
2025-11-25 20:30:00,4142.5,4145.54,4132.69,4134.41,5942,7,0
2025-11-25 21:00:00,4134.32,4140.43,4128.53,4130.01,6354,7,0
2025-11-25 21:30:00,4130.01,4134.07,4129.14,4133.76,6050,7,0
2025-11-25 22:00:00,4133.76,4138.48,4132.29,4132.5,4760,7,0
2025-11-25 22:30:00,4132.5,4136.33,4130.66,4132.35,5217,7,0
2025-11-25 23:00:00,4132.34,4132.5,4127.55,4130.47,2976,7,0
2025-11-25 23:30:00,4130.47,4132.46,4128.94,4130.37,1123,7,0
2025-11-26 01:00:00,4134.61,4136.99,4131.53,4133.47,1569,7,0
2025-11-26 01:30:00,4133.47,4135.61,4129.83,4133.77,1846,7,0
2025-11-26 02:00:00,4133.77,4142.92,4132.72,4141.9,2575,7,0
2025-11-26 02:30:00,4141.9,4144.33,4134.8,4142.85,3173,7,0
2025-11-26 03:00:00,4142.87,4147.46,4138.61,4145.1,4815,7,0
2025-11-26 03:30:00,4145.1,4152.94,4143.27,4148.46,4443,7,0
2025-11-26 04:00:00,4148.46,4164.66,4147.38,4162.36,5045,7,0
2025-11-26 04:30:00,4162.36,4166.62,4158.45,4161.64,6263,7,0
2025-11-26 05:00:00,4161.88,4169.06,4160.35,4164.37,4816,7,0
2025-11-26 05:30:00,4164.37,4169.33,4163.15,4166.16,3111,7,0
2025-11-26 06:00:00,4166.16,4167.21,4157.06,4157.5,3022,7,0
2025-11-26 06:30:00,4157.5,4162.95,4156.48,4162.04,2874,7,0
2025-11-26 07:00:00,4162.04,4168.74,4160.94,4167.0,3448,7,0
2025-11-26 07:30:00,4167.0,4167.59,4160.28,4162.43,5040,7,0
2025-11-26 08:00:00,4162.43,4162.92,4153.17,4158.36,5131,7,0
2025-11-26 08:30:00,4158.36,4158.51,4146.88,4150.11,4505,7,0
2025-11-26 09:00:00,4150.11,4154.82,4149.26,4152.08,3781,7,0
2025-11-26 09:30:00,4152.08,4161.54,4151.08,4157.52,3657,7,0
2025-11-26 10:00:00,4157.52,4168.62,4156.93,4166.79,4595,7,0
2025-11-26 10:30:00,4166.79,4167.16,4154.94,4161.24,5047,7,0
2025-11-26 11:00:00,4161.24,4164.69,4156.63,4162.79,4161,7,0
2025-11-26 11:30:00,4162.79,4164.03,4157.93,4162.79,3616,7,0
2025-11-26 12:00:00,4162.81,4165.14,4160.59,4163.23,4486,7,0
2025-11-26 12:30:00,4163.28,4163.28,4156.13,4160.1,4307,7,0
2025-11-26 13:00:00,4160.1,4164.97,4157.86,4164.82,3076,7,0
2025-11-26 13:30:00,4164.85,4173.11,4164.85,4171.59,5151,7,0
2025-11-26 14:00:00,4171.59,4173.44,4159.75,4161.86,5461,7,0
2025-11-26 14:30:00,4161.86,4163.86,4148.8,4155.2,6292,7,0
2025-11-26 15:00:00,4155.2,4166.69,4153.3,4165.81,6249,7,0
2025-11-26 15:30:00,4165.89,4165.89,4149.21,4153.36,8055,7,0
2025-11-26 16:00:00,4153.36,4156.93,4140.2,4142.1,7466,7,0
2025-11-26 16:30:00,4142.18,4154.37,4141.72,4141.97,9753,7,0
2025-11-26 17:00:00,4141.95,4157.97,4136.57,4156.72,9432,7,0
2025-11-26 17:30:00,4156.69,4165.76,4155.72,4165.43,8276,7,0
2025-11-26 18:00:00,4165.43,4165.78,4160.73,4162.05,6713,7,0
2025-11-26 18:30:00,4162.05,4168.47,4161.25,4167.18,6316,7,0
2025-11-26 19:00:00,4167.18,4169.88,4165.13,4168.01,4465,7,0
2025-11-26 19:30:00,4168.01,4169.7,4165.65,4167.18,4561,7,0
2025-11-26 20:00:00,4167.18,4171.69,4167.14,4167.91,5247,7,0
2025-11-26 20:30:00,4168.03,4168.73,4158.21,4164.85,6287,7,0
2025-11-26 21:00:00,4164.81,4169.77,4164.13,4167.57,3997,7,0
2025-11-26 21:30:00,4167.57,4168.27,4162.53,4163.3,4907,7,0
2025-11-26 22:00:00,4163.3,4167.45,4161.36,4165.32,4994,7,0
2025-11-26 22:30:00,4165.3,4167.46,4161.79,4164.01,7039,7,0
2025-11-26 23:00:00,4164.15,4164.79,4162.23,4163.89,2468,7,0
2025-11-26 23:30:00,4163.88,4167.52,4162.66,4163.93,1805,7,0
2025-11-27 01:00:00,4163.32,4168.75,4162.25,4164.41,1491,7,0
2025-11-27 01:30:00,4164.41,4168.1,4162.78,4164.8,2555,7,0
2025-11-27 02:00:00,4164.8,4167.15,4162.46,4166.2,2340,7,0
2025-11-27 02:30:00,4166.28,4166.8,4161.93,4164.57,2512,7,0
2025-11-27 03:00:00,4164.57,4165.47,4148.81,4153.74,7940,7,0
2025-11-27 03:30:00,4153.72,4156.6,4148.89,4154.25,6009,7,0
2025-11-27 04:00:00,4154.27,4156.24,4149.68,4152.9,4736,7,0
2025-11-27 04:30:00,4152.9,4154.96,4144.64,4145.4,5222,7,0
2025-11-27 05:00:00,4145.4,4150.66,4144.33,4148.26,4288,7,0
2025-11-27 05:30:00,4148.18,4149.87,4146.15,4147.46,3658,7,0
2025-11-27 06:00:00,4147.46,4149.83,4142.71,4149.69,3453,7,0
2025-11-27 06:30:00,4149.69,4154.74,4149.28,4150.89,3919,7,0
2025-11-27 07:00:00,4150.89,4154.71,4150.65,4152.79,3681,7,0
2025-11-27 07:30:00,4152.79,4153.54,4144.88,4147.16,4459,7,0
2025-11-27 08:00:00,4147.16,4156.92,4147.13,4156.85,4933,7,0
2025-11-27 08:30:00,4156.88,4159.32,4152.75,4157.58,5614,7,0
2025-11-27 09:00:00,4157.58,4162.53,4155.55,4159.45,5204,7,0
2025-11-27 09:30:00,4159.45,4160.66,4157.45,4160.2,4257,7,0
2025-11-27 10:00:00,4160.2,4165.64,4159.62,4165.05,5348,7,0
2025-11-27 10:30:00,4165.05,4167.13,4163.2,4165.86,3760,7,0
2025-11-27 11:00:00,4165.86,4165.95,4148.46,4154.85,6137,7,0
2025-11-27 11:30:00,4154.88,4160.7,4153.18,4158.62,4243,7,0
2025-11-27 12:00:00,4158.62,4160.53,4152.86,4152.86,4738,7,0
2025-11-27 12:30:00,4152.85,4157.2,4152.55,4156.53,3810,7,0
2025-11-27 13:00:00,4156.53,4159.76,4155.94,4158.92,3324,7,0
2025-11-27 13:30:00,4158.92,4162.55,4157.34,4157.35,2968,7,0
2025-11-27 14:00:00,4157.35,4159.25,4155.88,4156.81,2048,7,0
2025-11-27 14:30:00,4156.81,4158.6,4153.57,4154.03,2669,7,0
2025-11-27 15:00:00,4154.03,4154.21,4149.26,4152.43,6099,7,0
2025-11-27 15:30:00,4152.44,4158.06,4152.29,4154.96,4739,7,0
2025-11-27 16:00:00,4154.96,4160.73,4153.92,4157.32,4300,7,0
2025-11-27 16:30:00,4157.32,4159.15,4153.05,4153.37,4595,7,0
2025-11-27 17:00:00,4153.37,4161.76,4153.19,4161.12,3248,7,0
2025-11-27 17:30:00,4161.13,4161.14,4157.04,4158.01,2555,7,0
2025-11-27 18:00:00,4158.01,4158.42,4151.52,4154.35,3003,7,0
2025-11-27 18:30:00,4154.35,4157.62,4154.08,4156.48,1674,7,0
2025-11-27 19:00:00,4156.48,4157.3,4154.91,4156.85,1072,7,0
2025-11-27 19:30:00,4156.85,4159.23,4156.42,4157.79,1437,7,0
2025-11-27 20:00:00,4157.79,4158.52,4155.8,4156.41,1417,7,0
2025-11-27 20:30:00,4156.41,4159.91,4156.28,4159.26,1052,7,0
2025-11-27 21:00:00,4159.26,4160.52,4156.89,4157.35,1430,7,0
2025-11-28 01:00:00,4155.55,4163.23,4155.55,4162.86,1108,7,0
2025-11-28 01:30:00,4162.86,4163.95,4162.15,4163.44,734,7,0
2025-11-28 02:00:00,4163.44,4171.94,4163.12,4170.72,1901,7,0
2025-11-28 02:30:00,4170.72,4182.87,4170.44,4180.69,5740,7,0
2025-11-28 03:00:00,4180.69,4191.61,4180.61,4187.36,6464,7,0
2025-11-28 03:30:00,4187.36,4193.08,4186.06,4191.15,4956,7,0
2025-11-28 04:00:00,4191.15,4192.25,4187.16,4189.88,4433,7,0
2025-11-28 04:30:00,4189.88,4190.53,4186.0,4189.11,2805,7,0
2025-11-28 05:00:00,4189.3,4191.93,4184.62,4188.09,744,7,0
2025-11-28 05:30:00,4188.09,4189.13,4182.72,4184.25,733,7,0
2025-11-28 06:00:00,4184.25,4187.49,4176.69,4177.73,2073,7,0
2025-11-28 06:30:00,4177.76,4188.82,4175.67,4188.67,626,7,0
2025-11-28 07:00:00,4188.67,4188.79,4179.45,4184.99,2327,7,0
2025-11-28 07:30:00,4184.99,4185.91,4181.97,4182.54,874,7,0
2025-11-28 08:00:00,4182.54,4185.28,4180.64,4185.24,775,7,0
2025-11-28 08:30:00,4185.24,4188.98,4183.29,4187.61,1321,7,0
2025-11-28 09:00:00,4187.61,4188.15,4182.21,4183.04,666,7,0
2025-11-28 09:30:00,4183.04,4183.5,4173.02,4174.85,827,7,0
2025-11-28 10:00:00,4174.85,4177.29,4158.09,4165.05,1203,7,0
2025-11-28 14:00:00,4168.22,4176.93,4167.46,4173.85,3114,200,0
2025-11-28 14:30:00,4173.78,4175.98,4172.96,4175.57,1770,200,0
2025-11-28 15:00:00,4175.62,4177.47,4168.15,4169.65,2218,200,0
2025-11-28 15:30:00,4169.64,4182.08,4167.67,4181.65,5087,200,0
2025-11-28 16:00:00,4181.65,4199.28,4181.65,4196.33,8661,100,0
2025-11-28 16:30:00,4196.36,4208.64,4194.44,4197.83,9861,100,0
2025-11-28 17:00:00,4197.78,4198.7,4185.25,4196.71,9209,100,0
2025-11-28 17:30:00,4196.7,4203.6,4193.37,4203.36,8333,80,0
2025-11-28 18:00:00,4203.43,4210.36,4197.58,4209.3,8471,50,0
2025-11-28 18:30:00,4209.3,4210.57,4202.2,4205.99,7931,50,0
2025-11-28 19:00:00,4206.19,4211.4,4204.32,4206.58,8564,50,0
2025-11-28 19:30:00,4206.57,4216.79,4206.03,4216.79,7746,50,0
2025-11-28 20:00:00,4216.76,4220.51,4210.87,4220.02,8244,50,0
2025-11-28 20:30:00,4220.06,4226.63,4218.58,4220.19,5758,50,0
2025-11-28 21:00:00,4220.18,4221.63,4216.07,4217.56,5311,50,0
2025-11-28 21:30:00,4217.57,4221.21,4216.67,4219.05,2647,50,0
2025-12-01 01:00:00,4220.13,4230.56,4205.52,4221.87,8425,50,0
2025-12-01 01:30:00,4221.86,4225.17,4219.54,4221.93,6960,37,0
2025-12-01 02:00:00,4221.73,4232.56,4218.32,4227.19,7240,7,0
2025-12-01 02:30:00,4227.19,4233.68,4226.16,4230.83,8626,7,0
2025-12-01 03:00:00,4230.8,4239.27,4219.92,4238.67,11816,7,0
2025-12-01 03:30:00,4238.67,4256.33,4234.99,4255.58,10432,7,0
2025-12-01 04:00:00,4255.57,4256.34,4240.79,4241.33,9408,7,0
2025-12-01 04:30:00,4241.33,4243.36,4234.53,4242.81,10038,7,0
2025-12-01 05:00:00,4242.81,4243.93,4232.58,4235.58,9155,7,0
2025-12-01 05:30:00,4235.34,4240.85,4234.97,4239.34,7956,7,0
2025-12-01 06:00:00,4239.35,4240.58,4236.53,4239.76,6332,7,0
2025-12-01 06:30:00,4239.78,4246.97,4239.37,4245.67,6896,7,0
2025-12-01 07:00:00,4245.72,4246.69,4215.51,4220.24,9508,7,0
2025-12-01 07:30:00,4220.23,4231.58,4217.87,4229.68,9281,7,0
2025-12-01 08:00:00,4229.67,4233.97,4226.4,4231.69,8070,7,0
2025-12-01 08:30:00,4231.69,4240.58,4229.95,4237.0,8497,7,0
2025-12-01 09:00:00,4237.17,4242.76,4231.74,4240.7,8113,7,0
2025-12-01 09:30:00,4240.67,4246.64,4238.19,4245.37,6883,7,0
2025-12-01 10:00:00,4245.4,4253.67,4244.74,4249.73,7927,7,0
2025-12-01 10:30:00,4249.68,4250.09,4238.51,4244.72,8113,7,0
2025-12-01 11:00:00,4244.73,4251.87,4244.73,4251.56,7210,7,0
2025-12-01 11:30:00,4251.51,4251.55,4243.8,4250.06,7190,7,0
2025-12-01 12:00:00,4250.06,4262.35,4249.18,4253.81,7806,7,0
2025-12-01 12:30:00,4253.8,4257.83,4251.54,4255.63,7448,7,0
2025-12-01 13:00:00,4255.63,4256.71,4248.31,4254.58,7433,7,0
2025-12-01 13:30:00,4254.53,4258.51,4252.04,4254.6,7271,7,0
2025-12-01 14:00:00,4254.62,4256.62,4247.67,4252.73,8261,7,0
2025-12-01 14:30:00,4252.74,4256.31,4244.32,4246.56,8671,7,0
2025-12-01 15:00:00,4246.57,4257.56,4245.83,4256.89,9899,7,0
2025-12-01 15:30:00,4256.93,4264.55,4247.31,4247.44,9918,7,0
2025-12-01 16:00:00,4247.45,4249.32,4238.79,4246.69,10746,7,0
2025-12-01 16:30:00,4246.65,4248.0,4219.65,4240.24,12636,7,0
2025-12-01 17:00:00,4240.21,4245.02,4219.58,4228.08,12380,7,0
2025-12-01 17:30:00,4228.14,4236.54,4221.9,4232.57,11697,7,0
2025-12-01 18:00:00,4232.55,4240.04,4227.06,4239.95,11318,7,0
2025-12-01 18:30:00,4239.92,4242.39,4225.26,4226.15,11885,7,0
2025-12-01 19:00:00,4226.21,4236.72,4223.4,4235.67,10458,7,0
2025-12-01 19:30:00,4235.62,4240.13,4230.21,4232.38,9489,7,0
2025-12-01 20:00:00,4232.53,4241.93,4232.49,4240.95,10103,7,0
2025-12-01 20:30:00,4240.97,4244.66,4236.29,4240.3,7943,7,0
2025-12-01 21:00:00,4240.3,4242.22,4236.01,4241.69,8603,7,0
2025-12-01 21:30:00,4241.58,4243.77,4229.38,4237.04,9477,7,0
2025-12-01 22:00:00,4237.03,4240.98,4235.14,4237.66,7269,7,0
2025-12-01 22:30:00,4237.63,4241.62,4234.45,4237.42,8234,7,0
2025-12-01 23:00:00,4237.47,4240.54,4235.51,4238.66,4865,7,0
2025-12-01 23:30:00,4238.67,4238.69,4230.15,4232.08,3363,7,0
2025-12-02 01:00:00,4231.53,4236.03,4228.93,4235.68,3959,7,0
2025-12-02 01:30:00,4235.65,4235.9,4224.44,4227.62,5564,7,0
2025-12-02 02:00:00,4227.74,4227.95,4221.65,4225.1,5910,7,0
2025-12-02 02:30:00,4225.1,4229.72,4223.6,4226.84,6872,7,0
2025-12-02 03:00:00,4226.84,4227.21,4198.71,4213.9,11425,7,0
2025-12-02 03:30:00,4213.87,4220.97,4208.8,4219.69,8891,7,0
2025-12-02 04:00:00,4219.69,4223.32,4215.67,4217.13,7122,7,0
2025-12-02 04:30:00,4217.09,4224.51,4214.66,4221.47,7595,7,0
2025-12-02 05:00:00,4221.54,4226.37,4220.62,4222.69,7008,7,0
2025-12-02 05:30:00,4222.75,4225.38,4215.86,4216.84,6383,7,0
2025-12-02 06:00:00,4216.86,4220.6,4215.48,4216.48,5382,7,0
2025-12-02 06:30:00,4216.49,4218.87,4214.1,4218.78,5296,7,0
2025-12-02 07:00:00,4218.78,4223.17,4215.28,4221.54,5829,7,0
2025-12-02 07:30:00,4221.56,4225.37,4219.12,4225.13,7218,7,0
2025-12-02 08:00:00,4225.12,4226.29,4204.35,4205.62,7626,7,0
2025-12-02 08:30:00,4205.61,4215.39,4203.49,4212.9,8333,7,0
2025-12-02 09:00:00,4212.93,4219.35,4210.46,4217.74,5723,7,0
2025-12-02 09:30:00,4217.76,4218.78,4209.7,4213.35,5475,7,0
2025-12-02 10:00:00,4213.38,4217.22,4207.17,4214.54,6669,7,0
2025-12-02 10:30:00,4214.54,4216.6,4210.18,4210.28,6078,7,0
2025-12-02 11:00:00,4210.28,4213.16,4192.3,4194.25,7216,7,0
2025-12-02 11:30:00,4194.51,4195.68,4181.24,4192.05,7840,7,0
2025-12-02 12:00:00,4192.05,4192.36,4182.57,4186.79,6786,7,0
2025-12-02 12:30:00,4186.68,4189.83,4182.44,4185.74,5857,7,0
2025-12-02 13:00:00,4185.73,4196.99,4184.95,4196.99,5481,7,0
2025-12-02 13:30:00,4196.99,4205.99,4194.71,4205.38,6430,7,0
2025-12-02 14:00:00,4205.42,4208.08,4201.06,4204.58,6026,7,0
2025-12-02 14:30:00,4204.56,4209.62,4202.42,4208.69,5101,7,0
2025-12-02 15:00:00,4208.81,4215.34,4202.16,4203.68,9469,7,0
2025-12-02 15:30:00,4203.73,4212.82,4202.81,4212.51,8493,7,0
2025-12-02 16:00:00,4212.49,4230.65,4212.35,4227.75,10300,7,0
2025-12-02 16:30:00,4227.78,4229.47,4214.46,4219.1,12399,7,0
2025-12-02 17:00:00,4219.02,4219.64,4186.73,4187.83,12398,7,0
2025-12-02 17:30:00,4187.86,4192.11,4163.76,4169.4,12240,7,0
2025-12-02 18:00:00,4169.46,4179.71,4167.13,4177.33,11593,7,0
2025-12-02 18:30:00,4177.33,4190.31,4177.03,4184.78,10116,7,0
2025-12-02 19:00:00,4184.75,4192.77,4184.66,4192.22,8965,7,0
2025-12-02 19:30:00,4192.2,4196.88,4190.43,4193.88,7801,7,0
2025-12-02 20:00:00,4193.87,4196.85,4189.23,4189.52,8655,7,0
2025-12-02 20:30:00,4189.54,4191.79,4183.33,4190.89,8168,7,0
2025-12-02 21:00:00,4190.91,4198.33,4190.91,4197.39,6965,7,0
2025-12-02 21:30:00,4197.38,4200.54,4193.84,4196.62,7107,7,0
2025-12-02 22:00:00,4196.61,4200.08,4194.95,4198.67,6438,7,0
2025-12-02 22:30:00,4198.66,4212.43,4198.52,4210.32,7964,7,0
2025-12-02 23:00:00,4210.22,4211.87,4207.77,4210.04,3635,7,0
2025-12-02 23:30:00,4210.0,4211.56,4205.28,4205.72,3212,7,0
2025-12-03 01:00:00,4206.69,4213.22,4202.8,4209.03,4638,7,0
2025-12-03 01:30:00,4209.06,4216.17,4206.89,4212.74,5530,7,0
2025-12-03 02:00:00,4212.77,4212.87,4206.24,4207.71,6307,7,0
2025-12-03 02:30:00,4207.7,4211.88,4204.55,4211.84,7182,7,0
2025-12-03 03:00:00,4211.89,4221.17,4211.69,4216.91,9660,7,0
2025-12-03 03:30:00,4216.93,4219.77,4213.36,4214.5,8735,7,0
2025-12-03 04:00:00,4214.51,4224.47,4214.28,4223.23,8225,7,0
2025-12-03 04:30:00,4223.26,4228.86,4222.62,4226.69,7338,7,0
2025-12-03 05:00:00,4226.67,4227.54,4220.44,4225.6,6703,7,0
2025-12-03 05:30:00,4225.57,4226.11,4220.17,4221.14,5761,7,0
2025-12-03 06:00:00,4221.13,4224.35,4217.38,4222.82,4667,7,0
2025-12-03 06:30:00,4222.81,4225.3,4220.2,4222.37,4873,7,0
2025-12-03 07:00:00,4222.38,4224.01,4218.92,4220.42,5722,7,0
2025-12-03 07:30:00,4220.37,4220.87,4203.66,4207.79,10516,7,0
2025-12-03 08:00:00,4207.84,4211.87,4206.2,4209.14,7828,7,0
2025-12-03 08:30:00,4209.14,4210.05,4204.95,4208.24,7512,7,0
2025-12-03 09:00:00,4208.23,4210.38,4202.37,4202.53,6256,7,0
2025-12-03 09:30:00,4202.52,4207.84,4200.27,4206.43,6556,7,0
2025-12-03 10:00:00,4206.41,4208.1,4203.88,4206.46,6867,7,0
2025-12-03 10:30:00,4206.45,4210.14,4204.2,4206.47,7056,7,0
2025-12-03 11:00:00,4206.46,4207.6,4197.16,4199.95,7340,7,0
2025-12-03 11:30:00,4200.06,4202.36,4200.0,4202.19,5373,7,0
2025-12-03 12:00:00,4202.19,4204.87,4194.56,4202.98,7022,7,0
2025-12-03 12:30:00,4203.09,4204.06,4197.94,4200.64,7283,7,0
2025-12-03 13:00:00,4200.61,4205.57,4197.12,4205.31,5559,7,0
2025-12-03 13:30:00,4205.33,4209.2,4202.68,4208.75,6549,7,0
2025-12-03 14:00:00,4208.79,4210.54,4205.29,4208.16,6776,7,0
2025-12-03 14:30:00,4208.14,4214.37,4207.83,4213.53,6873,7,0
2025-12-03 15:00:00,4213.55,4222.94,4211.47,4220.44,9986,7,0
2025-12-03 15:30:00,4220.42,4238.42,4216.95,4237.32,9837,7,0
2025-12-03 16:00:00,4237.24,4240.85,4218.7,4224.75,11459,7,0
2025-12-03 16:30:00,4224.76,4241.67,4205.24,4212.52,12867,7,0
2025-12-03 17:00:00,4212.58,4224.52,4206.05,4221.74,11285,7,0
2025-12-03 17:30:00,4221.74,4229.44,4214.42,4216.41,10568,7,0
2025-12-03 18:00:00,4216.4,4222.0,4212.78,4219.03,10156,7,0
2025-12-03 18:30:00,4219.03,4225.2,4195.85,4200.91,10657,7,0
2025-12-03 19:00:00,4200.85,4213.04,4200.38,4208.95,9932,7,0
2025-12-03 19:30:00,4208.94,4215.39,4208.01,4211.2,8586,7,0
2025-12-03 20:00:00,4211.2,4211.57,4198.64,4201.71,9878,7,0
2025-12-03 20:30:00,4201.69,4206.62,4195.35,4197.0,8405,7,0
2025-12-03 21:00:00,4197.0,4206.71,4196.99,4206.09,8138,7,0
2025-12-03 21:30:00,4206.12,4209.99,4204.89,4207.93,6756,7,0
2025-12-03 22:00:00,4207.93,4212.76,4207.59,4210.2,6465,7,0
2025-12-03 22:30:00,4210.18,4210.89,4203.81,4206.36,8218,7,0
2025-12-03 23:00:00,4206.36,4210.11,4206.16,4207.02,4743,7,0
2025-12-03 23:30:00,4206.93,4209.76,4202.75,4202.82,3049,7,0
2025-12-04 01:00:00,4220.28,4220.28,4204.01,4207.11,3003,7,0
2025-12-04 01:30:00,4207.08,4207.41,4202.71,4207.22,3666,7,0
2025-12-04 02:00:00,4207.4,4212.76,4204.54,4211.95,4535,7,0
2025-12-04 02:30:00,4211.82,4215.8,4209.45,4211.69,6583,7,0
2025-12-04 03:00:00,4211.67,4214.76,4205.86,4213.24,10284,7,0
2025-12-04 03:30:00,4213.27,4216.85,4207.74,4209.32,8837,7,0
2025-12-04 04:00:00,4209.35,4209.35,4199.03,4206.06,7757,7,0
2025-12-04 04:30:00,4206.06,4207.55,4199.92,4200.63,9100,7,0
2025-12-04 05:00:00,4200.6,4201.67,4187.6,4193.31,9096,7,0
2025-12-04 05:30:00,4193.3,4197.91,4190.29,4195.87,6938,7,0
2025-12-04 06:00:00,4195.89,4199.18,4192.84,4198.45,5881,7,0
2025-12-04 06:30:00,4198.45,4198.59,4194.62,4196.97,5871,7,0
2025-12-04 07:00:00,4196.99,4197.99,4189.79,4197.08,6193,7,0
2025-12-04 07:30:00,4197.11,4199.09,4175.21,4181.17,10685,7,0
2025-12-04 08:00:00,4181.21,4185.81,4178.74,4183.01,10407,7,0
2025-12-04 08:30:00,4182.9,4190.32,4182.58,4190.23,7726,7,0
2025-12-04 09:00:00,4190.52,4195.06,4186.81,4189.27,6243,7,0
2025-12-04 09:30:00,4189.23,4193.91,4186.65,4193.71,6492,7,0
2025-12-04 10:00:00,4193.72,4196.4,4189.92,4192.94,8206,7,0
2025-12-04 10:30:00,4193.01,4194.48,4184.94,4184.94,8857,7,0
2025-12-04 11:00:00,4185.01,4192.01,4183.56,4191.55,9126,7,0
2025-12-04 11:30:00,4191.52,4202.31,4190.74,4199.99,7578,7,0
2025-12-04 12:00:00,4200.03,4202.7,4198.49,4199.19,7346,7,0
2025-12-04 12:30:00,4199.19,4201.94,4196.68,4197.34,7216,7,0
2025-12-04 13:00:00,4197.4,4206.57,4197.31,4199.21,7791,7,0
2025-12-04 13:30:00,4199.25,4202.1,4197.26,4198.65,6066,7,0
2025-12-04 14:00:00,4198.62,4201.84,4193.22,4194.35,7418,7,0
2025-12-04 14:30:00,4194.41,4194.41,4188.71,4190.52,8906,7,0
2025-12-04 15:00:00,4190.51,4196.93,4185.66,4196.05,10597,7,0
2025-12-04 15:30:00,4195.98,4198.48,4187.42,4198.33,10238,7,0
2025-12-04 16:00:00,4198.29,4210.36,4198.29,4208.29,10445,7,0
2025-12-04 16:30:00,4208.27,4213.35,4193.66,4201.37,12279,7,0
2025-12-04 17:00:00,4201.41,4206.37,4191.49,4205.98,11769,7,0
2025-12-04 17:30:00,4206.05,4210.22,4202.58,4207.55,10864,7,0
2025-12-04 18:00:00,4207.5,4219.33,4206.76,4216.21,10304,7,0
2025-12-04 18:30:00,4216.15,4216.83,4207.69,4215.75,9925,7,0
2025-12-04 19:00:00,4215.75,4216.96,4208.85,4211.18,8962,7,0
2025-12-04 19:30:00,4211.17,4217.61,4209.64,4216.54,7915,7,0
2025-12-04 20:00:00,4216.49,4217.48,4210.17,4213.02,9241,7,0
2025-12-04 20:30:00,4213.06,4213.06,4207.39,4207.98,8233,7,0
2025-12-04 21:00:00,4208.04,4209.8,4199.69,4204.95,9176,7,0
2025-12-04 21:30:00,4204.9,4210.23,4204.4,4208.94,8526,7,0
2025-12-04 22:00:00,4208.99,4209.89,4206.11,4207.65,8322,7,0
2025-12-04 22:30:00,4207.63,4210.41,4205.48,4209.96,7740,7,0
2025-12-04 23:00:00,4209.97,4210.29,4207.89,4208.49,3800,7,0
2025-12-04 23:30:00,4208.43,4210.34,4208.0,4208.65,3249,7,0
2025-12-05 01:00:00,4207.48,4209.79,4206.5,4207.98,3076,7,0
2025-12-05 01:30:00,4207.98,4208.85,4203.84,4206.07,4772,7,0
2025-12-05 02:00:00,4206.1,4210.45,4204.15,4205.91,5229,7,0
2025-12-05 02:30:00,4205.92,4205.94,4201.35,4201.88,6180,7,0
2025-12-05 03:00:00,4201.86,4204.49,4194.84,4199.67,9234,7,0
2025-12-05 03:30:00,4199.7,4204.08,4197.43,4203.16,9105,7,0
2025-12-05 04:00:00,4203.14,4204.85,4196.82,4197.89,7578,7,0
2025-12-05 04:30:00,4197.93,4208.52,4196.82,4207.33,8347,7,0
2025-12-05 05:00:00,4207.34,4208.91,4201.88,4203.27,7698,7,0
2025-12-05 05:30:00,4203.28,4211.01,4202.45,4209.55,6730,7,0
2025-12-05 06:00:00,4209.58,4214.45,4208.07,4212.58,6410,7,0
2025-12-05 06:30:00,4212.58,4217.47,4212.48,4216.8,5630,7,0
2025-12-05 07:00:00,4216.81,4219.96,4214.39,4219.57,5898,7,0
2025-12-05 07:30:00,4219.57,4221.21,4217.76,4220.45,8431,7,0
2025-12-05 08:00:00,4220.39,4229.25,4218.7,4227.85,8702,7,0
2025-12-05 08:30:00,4227.76,4228.82,4223.76,4224.48,8053,7,0
2025-12-05 09:00:00,4224.54,4230.83,4224.5,4230.14,6096,7,0
2025-12-05 09:30:00,4230.14,4230.19,4222.53,4224.52,6554,7,0
2025-12-05 10:00:00,4224.51,4227.13,4221.89,4222.94,7451,7,0
2025-12-05 10:30:00,4222.93,4225.83,4220.59,4220.59,6411,7,0
2025-12-05 11:00:00,4220.59,4222.4,4215.98,4221.37,7442,7,0
2025-12-05 11:30:00,4221.42,4225.14,4219.67,4223.42,4803,7,0
2025-12-05 12:00:00,4223.4,4227.54,4223.19,4224.11,4986,7,0
2025-12-05 12:30:00,4224.1,4225.5,4222.53,4222.84,5724,7,0
2025-12-05 13:00:00,4222.87,4225.77,4220.01,4221.38,5213,7,0
2025-12-05 13:30:00,4221.32,4224.19,4220.73,4223.67,5231,7,0
2025-12-05 14:00:00,4223.7,4229.71,4223.07,4224.59,7552,7,0
2025-12-05 14:30:00,4224.54,4229.64,4222.9,4228.83,6587,7,0
2025-12-05 15:00:00,4228.81,4234.98,4221.62,4233.04,9949,7,0
2025-12-05 15:30:00,4233.0,4239.0,4229.97,4234.57,10203,7,0
2025-12-05 16:00:00,4234.6,4239.49,4230.14,4231.67,9804,7,0
2025-12-05 16:30:00,4231.72,4245.6,4228.55,4242.01,11534,7,0
2025-12-05 17:00:00,4242.19,4249.08,4234.28,4248.81,10955,7,0
2025-12-05 17:30:00,4248.8,4259.35,4237.79,4243.74,11664,7,0
2025-12-05 18:00:00,4243.73,4245.84,4198.76,4216.68,13061,7,0
2025-12-05 18:30:00,4216.65,4217.64,4207.74,4214.35,11511,7,0
2025-12-05 19:00:00,4214.2,4218.23,4210.7,4216.97,9963,7,0
2025-12-05 19:30:00,4216.97,4219.76,4206.66,4217.64,9959,7,0
2025-12-05 20:00:00,4217.57,4219.22,4210.12,4212.66,9607,7,0
2025-12-05 20:30:00,4212.67,4215.79,4206.76,4208.88,8820,7,0
2025-12-05 21:00:00,4208.89,4210.87,4203.72,4209.53,8870,7,0
2025-12-05 21:30:00,4209.52,4210.45,4202.41,4207.63,7323,7,0
2025-12-05 22:00:00,4207.63,4207.84,4202.87,4203.04,7353,7,0
2025-12-05 22:30:00,4203.03,4205.41,4199.4,4202.18,11012,7,0
2025-12-05 23:00:00,4202.15,4202.48,4192.05,4197.13,6909,7,0
2025-12-05 23:30:00,4197.2,4199.23,4193.79,4199.12,4865,7,0
2025-12-08 01:00:00,4196.01,4208.7,4195.45,4201.39,3623,7,0
2025-12-08 01:30:00,4201.35,4202.65,4197.81,4201.44,6159,7,0
2025-12-08 02:00:00,4201.36,4207.92,4199.51,4205.86,7431,7,0
2025-12-08 02:30:00,4205.86,4211.69,4204.89,4210.9,7022,7,0
2025-12-08 03:00:00,4210.9,4211.83,4201.26,4208.08,12249,7,0
2025-12-08 03:30:00,4208.08,4209.77,4197.55,4201.2,11459,7,0
2025-12-08 04:00:00,4201.18,4203.6,4198.5,4203.22,8914,7,0
2025-12-08 04:30:00,4203.22,4212.47,4199.61,4208.51,10743,7,0
2025-12-08 05:00:00,4208.48,4213.12,4206.92,4209.96,8505,7,0
2025-12-08 05:30:00,4209.87,4211.63,4206.74,4210.09,7510,7,0
2025-12-08 06:00:00,4210.09,4212.07,4208.65,4209.55,6093,7,0
2025-12-08 06:30:00,4209.55,4213.23,4207.03,4208.54,5835,7,0
2025-12-08 07:00:00,4208.55,4209.47,4204.65,4206.48,6261,7,0
2025-12-08 07:30:00,4206.48,4217.17,4206.47,4217.1,9219,7,0
2025-12-08 08:00:00,4217.1,4218.66,4212.3,4216.49,9128,7,0
2025-12-08 08:30:00,4216.44,4219.0,4215.03,4217.05,8119,7,0
2025-12-08 09:00:00,4217.05,4217.42,4212.63,4214.03,7890,7,0
2025-12-08 09:30:00,4214.03,4216.31,4206.35,4206.91,8005,7,0
2025-12-08 10:00:00,4206.95,4216.62,4203.18,4209.55,8565,7,0
2025-12-08 10:30:00,4209.39,4212.06,4205.15,4209.76,8134,7,0
2025-12-08 11:00:00,4209.76,4210.85,4204.36,4210.6,8145,7,0
2025-12-08 11:30:00,4210.66,4212.8,4205.98,4208.09,7933,7,0
2025-12-08 12:00:00,4208.07,4210.36,4205.51,4205.94,6102,7,0
2025-12-08 12:30:00,4205.92,4208.25,4201.21,4203.57,7712,7,0
2025-12-08 13:00:00,4203.55,4209.57,4199.69,4209.51,6275,7,0
2025-12-08 13:30:00,4209.51,4214.25,4208.59,4208.59,7796,7,0
2025-12-08 14:00:00,4208.59,4212.92,4208.52,4211.86,6538,7,0
2025-12-08 14:30:00,4211.86,4215.47,4211.06,4213.81,7106,7,0
2025-12-08 15:00:00,4213.85,4214.72,4202.56,4203.09,11637,7,0
2025-12-08 15:30:00,4203.14,4206.4,4197.93,4201.74,11472,7,0
2025-12-08 16:00:00,4201.76,4211.59,4197.5,4208.86,10566,7,0
2025-12-08 16:30:00,4208.88,4210.99,4195.66,4196.5,13465,7,0
2025-12-08 17:00:00,4196.58,4196.77,4176.39,4192.02,13690,7,0
2025-12-08 17:30:00,4192.02,4193.13,4182.1,4182.93,11832,7,0
2025-12-08 18:00:00,4182.93,4196.28,4177.09,4194.96,11604,7,0
2025-12-08 18:30:00,4194.96,4197.78,4187.94,4191.6,10813,7,0
2025-12-08 19:00:00,4191.57,4192.13,4185.6,4192.12,9567,7,0
2025-12-08 19:30:00,4192.12,4195.71,4188.07,4194.95,9366,7,0
2025-12-08 20:00:00,4194.94,4195.67,4187.16,4188.88,9417,7,0
2025-12-08 20:30:00,4188.88,4192.18,4184.51,4187.23,9172,7,0
2025-12-08 21:00:00,4187.22,4188.68,4184.21,4187.86,8556,7,0
2025-12-08 21:30:00,4187.87,4188.94,4185.04,4187.05,7993,7,0
2025-12-08 22:00:00,4187.12,4191.43,4184.95,4189.23,8359,7,0
2025-12-08 22:30:00,4189.24,4195.62,4189.2,4191.6,9502,7,0
2025-12-08 23:00:00,4191.56,4193.26,4189.89,4190.63,3797,7,0
2025-12-08 23:30:00,4190.63,4190.89,4188.34,4190.65,3969,7,0
2025-12-09 01:00:00,4190.17,4194.07,4189.67,4192.91,3072,7,0
2025-12-09 01:30:00,4192.91,4195.36,4191.66,4194.76,3405,7,0
2025-12-09 02:00:00,4194.74,4195.67,4191.37,4192.55,3461,7,0
2025-12-09 02:30:00,4192.44,4194.24,4189.99,4190.54,6529,7,0
2025-12-09 03:00:00,4190.47,4197.34,4188.91,4194.23,9718,7,0
2025-12-09 03:30:00,4194.23,4197.23,4193.98,4196.28,8890,7,0
2025-12-09 04:00:00,4196.25,4197.26,4189.59,4190.67,6906,7,0
2025-12-09 04:30:00,4190.67,4191.07,4186.08,4189.97,9527,7,0
2025-12-09 05:00:00,4189.94,4198.19,4189.94,4198.06,8307,7,0
2025-12-09 05:30:00,4198.01,4198.77,4193.68,4194.59,6170,7,0
2025-12-09 06:00:00,4194.59,4195.59,4191.94,4193.73,6701,7,0
2025-12-09 06:30:00,4193.73,4195.72,4184.75,4186.94,7056,7,0
2025-12-09 07:00:00,4186.93,4187.34,4183.57,4185.38,7101,7,0
2025-12-09 07:30:00,4185.38,4185.78,4178.23,4179.83,10762,7,0
2025-12-09 08:00:00,4179.83,4179.94,4170.13,4178.65,10629,7,0
2025-12-09 08:30:00,4178.67,4184.12,4176.51,4182.03,8993,7,0
2025-12-09 09:00:00,4182.07,4185.82,4176.02,4178.63,8987,7,0
2025-12-09 09:30:00,4178.6,4183.68,4178.48,4182.47,8164,7,0
2025-12-09 10:00:00,4182.43,4189.29,4182.43,4186.28,8360,7,0
2025-12-09 10:30:00,4186.29,4191.9,4185.63,4191.77,7343,7,0
2025-12-09 11:00:00,4191.75,4212.89,4190.86,4207.25,11276,7,0
2025-12-09 11:30:00,4207.25,4209.18,4200.62,4202.93,10232,7,0
2025-12-09 12:00:00,4202.92,4208.38,4201.8,4204.57,8905,7,0
2025-12-09 12:30:00,4204.58,4205.94,4201.31,4203.97,8251,7,0
2025-12-09 13:00:00,4203.96,4205.55,4201.25,4203.94,7314,7,0
2025-12-09 13:30:00,4203.94,4206.5,4202.55,4203.12,6426,7,0
2025-12-09 14:00:00,4203.11,4205.26,4198.56,4202.32,6995,7,0
2025-12-09 14:30:00,4202.32,4207.56,4201.23,4204.29,7305,7,0
2025-12-09 15:00:00,4204.28,4208.24,4198.5,4202.08,11960,7,0
2025-12-09 15:30:00,4202.08,4203.39,4195.8,4201.41,10991,7,0
2025-12-09 16:00:00,4201.39,4202.07,4189.58,4193.54,11030,7,0
2025-12-09 16:30:00,4193.57,4210.36,4192.79,4204.84,13947,7,0
2025-12-09 17:00:00,4204.93,4208.66,4190.07,4206.42,13850,7,0
2025-12-09 17:30:00,4206.44,4216.38,4198.78,4212.57,13455,7,0
2025-12-09 18:00:00,4212.63,4220.36,4210.19,4213.58,13375,7,0
2025-12-09 18:30:00,4213.59,4221.3,4211.68,4212.33,11855,7,0
2025-12-09 19:00:00,4212.31,4216.29,4205.12,4207.82,11199,7,0
2025-12-09 19:30:00,4207.83,4209.16,4201.69,4203.1,10702,7,0
2025-12-09 20:00:00,4203.08,4208.23,4201.41,4207.33,10222,7,0
2025-12-09 20:30:00,4207.28,4209.77,4204.18,4209.04,9387,7,0
2025-12-09 21:00:00,4209.04,4212.45,4207.78,4208.38,8918,7,0
2025-12-09 21:30:00,4208.38,4214.46,4207.25,4212.58,8653,7,0
2025-12-09 22:00:00,4212.6,4216.08,4209.03,4210.76,8311,7,0
2025-12-09 22:30:00,4210.76,4213.79,4209.42,4212.19,10192,7,0
2025-12-09 23:00:00,4212.22,4213.01,4209.03,4210.17,7868,7,0
2025-12-09 23:30:00,4210.21,4210.5,4207.29,4208.47,3949,7,0
2025-12-10 01:00:00,4207.45,4210.96,4205.62,4210.42,3621,7,0
2025-12-10 01:30:00,4210.38,4213.07,4209.51,4210.8,3533,7,0
2025-12-10 02:00:00,4210.92,4212.66,4207.22,4209.1,4534,7,0
2025-12-10 02:30:00,4209.1,4209.65,4207.13,4208.45,5032,7,0
2025-12-10 03:00:00,4208.45,4218.08,4207.0,4216.86,10645,7,0
2025-12-10 03:30:00,4216.86,4218.0,4211.87,4213.86,10782,7,0
2025-12-10 04:00:00,4213.86,4217.81,4211.61,4213.57,8748,7,0
2025-12-10 04:30:00,4213.57,4218.86,4213.24,4217.12,7267,7,0
2025-12-10 05:00:00,4217.1,4217.2,4207.96,4208.42,8961,7,0
2025-12-10 05:30:00,4208.42,4210.17,4203.79,4206.41,7071,7,0
2025-12-10 06:00:00,4206.41,4209.14,4205.64,4206.81,4500,7,0
2025-12-10 06:30:00,4206.81,4209.72,4205.51,4207.07,4526,7,0
2025-12-10 07:00:00,4207.07,4207.33,4201.82,4205.66,6860,7,0
2025-12-10 07:30:00,4205.66,4214.51,4205.13,4211.44,8327,7,0
2025-12-10 08:00:00,4211.44,4211.77,4204.48,4207.44,8585,7,0
2025-12-10 08:30:00,4207.43,4207.73,4203.15,4207.45,9019,7,0
2025-12-10 09:00:00,4207.45,4209.33,4204.72,4207.39,7234,7,0
2025-12-10 09:30:00,4207.39,4208.31,4203.25,4203.34,6980,7,0
2025-12-10 10:00:00,4203.34,4206.56,4200.32,4203.94,7914,7,0
2025-12-10 10:30:00,4203.95,4204.01,4197.14,4198.01,8865,7,0
2025-12-10 11:00:00,4198.01,4200.59,4194.55,4197.91,9327,7,0
2025-12-10 11:30:00,4197.91,4198.27,4192.73,4194.37,8391,7,0
2025-12-10 12:00:00,4194.35,4196.36,4191.63,4191.95,9205,7,0
2025-12-10 12:30:00,4191.95,4194.55,4187.84,4193.31,8684,7,0
2025-12-10 13:00:00,4193.31,4196.32,4192.6,4194.67,7290,7,0
2025-12-10 13:30:00,4194.67,4197.84,4193.64,4197.28,6864,7,0
2025-12-10 14:00:00,4197.34,4202.24,4197.22,4197.7,7980,7,0
2025-12-10 14:30:00,4197.7,4199.2,4195.39,4196.43,7133,7,0
2025-12-10 15:00:00,4196.43,4200.36,4193.12,4198.16,11326,7,0
2025-12-10 15:30:00,4198.16,4205.12,4196.1,4200.76,10985,7,0
2025-12-10 16:00:00,4200.76,4207.0,4194.93,4196.66,11332,7,0
2025-12-10 16:30:00,4196.65,4202.13,4191.52,4192.54,13454,7,0
2025-12-10 17:00:00,4192.54,4201.26,4188.96,4196.54,13036,7,0
2025-12-10 17:30:00,4196.55,4199.36,4190.35,4193.79,11363,7,0
2025-12-10 18:00:00,4193.79,4201.08,4193.06,4200.66,10459,7,0
2025-12-10 18:30:00,4200.69,4205.09,4199.22,4204.77,9579,7,0
2025-12-10 19:00:00,4204.77,4204.82,4199.08,4200.71,9212,7,0
2025-12-10 19:30:00,4200.71,4201.78,4197.03,4199.79,9364,7,0
2025-12-10 20:00:00,4199.74,4200.77,4193.53,4196.52,8856,7,0
2025-12-10 20:30:00,4196.51,4196.89,4192.1,4194.59,8729,7,0
2025-12-10 21:00:00,4194.52,4219.85,4192.51,4198.84,14930,7,0
2025-12-10 21:30:00,4198.85,4217.52,4181.87,4216.64,15303,7,0
2025-12-10 22:00:00,4216.61,4238.79,4211.18,4232.76,14496,7,0
2025-12-10 22:30:00,4232.75,4237.39,4229.79,4229.97,12883,7,0
2025-12-10 23:00:00,4229.89,4232.56,4221.31,4226.31,7159,7,0
2025-12-10 23:30:00,4226.28,4229.41,4225.82,4228.58,4783,7,0
2025-12-11 01:00:00,4228.2,4231.19,4224.06,4225.71,4763,7,0
2025-12-11 01:30:00,4225.71,4234.08,4225.65,4232.41,4802,7,0
2025-12-11 02:00:00,4232.48,4245.18,4231.43,4241.26,7219,7,0
2025-12-11 02:30:00,4241.26,4243.34,4234.9,4237.21,8137,7,0
2025-12-11 03:00:00,4237.21,4247.76,4235.32,4236.05,11807,7,0
2025-12-11 03:30:00,4236.06,4240.34,4233.08,4238.35,10593,7,0
2025-12-11 04:00:00,4238.37,4240.84,4229.59,4229.97,8666,7,0
2025-12-11 04:30:00,4229.96,4230.52,4220.67,4222.36,10952,7,0
2025-12-11 05:00:00,4222.36,4225.03,4209.43,4213.06,11482,7,0
2025-12-11 05:30:00,4213.06,4218.57,4212.04,4216.8,8266,7,0
2025-12-11 06:00:00,4216.8,4218.38,4210.83,4212.92,6851,7,0
2025-12-11 06:30:00,4212.92,4216.13,4208.61,4213.57,7538,7,0
2025-12-11 07:00:00,4213.57,4216.32,4209.94,4212.34,6333,7,0
2025-12-11 07:30:00,4212.34,4212.99,4206.17,4207.52,9199,7,0
2025-12-11 08:00:00,4207.51,4214.62,4204.26,4213.73,9026,7,0
2025-12-11 08:30:00,4213.73,4215.46,4211.17,4214.51,8481,7,0
2025-12-11 09:00:00,4214.51,4214.78,4210.67,4213.3,6547,7,0
2025-12-11 09:30:00,4213.3,4218.5,4211.47,4216.02,6772,7,0
2025-12-11 10:00:00,4216.03,4217.85,4212.94,4214.35,7898,7,0
2025-12-11 10:30:00,4214.36,4219.72,4213.75,4216.61,7370,7,0
2025-12-11 11:00:00,4216.65,4218.1,4210.49,4214.22,8057,7,0
2025-12-11 11:30:00,4214.22,4221.58,4213.81,4218.51,7002,7,0
2025-12-11 12:00:00,4218.51,4225.98,4216.24,4217.38,8098,7,0
2025-12-11 12:30:00,4217.39,4219.1,4211.71,4217.01,7140,7,0
2025-12-11 13:00:00,4217.01,4219.08,4214.22,4214.74,5553,7,0
2025-12-11 13:30:00,4214.74,4215.39,4209.86,4211.37,6398,7,0
2025-12-11 14:00:00,4211.3,4218.32,4208.78,4218.09,7640,7,0
2025-12-11 14:30:00,4218.09,4220.52,4216.87,4220.49,7250,7,0
2025-12-11 15:00:00,4220.49,4222.46,4205.29,4213.23,11152,7,0
2025-12-11 15:30:00,4213.22,4223.38,4209.36,4220.98,11301,7,0
2025-12-11 16:00:00,4220.98,4232.07,4217.98,4231.13,11381,7,0
2025-12-11 16:30:00,4231.23,4244.56,4229.12,4230.18,14354,7,0
2025-12-11 17:00:00,4230.18,4244.36,4226.25,4238.95,13085,7,0
2025-12-11 17:30:00,4238.95,4261.6,4238.49,4255.93,13562,7,0
2025-12-11 18:00:00,4256.0,4261.64,4250.22,4257.32,12694,7,0
2025-12-11 18:30:00,4257.31,4279.04,4255.54,4273.69,12585,7,0
2025-12-11 19:00:00,4273.77,4281.87,4272.37,4276.12,12158,7,0
2025-12-11 19:30:00,4276.12,4279.4,4272.23,4278.75,10812,7,0
2025-12-11 20:00:00,4278.75,4285.9,4277.24,4281.81,10539,7,0
2025-12-11 20:30:00,4281.83,4283.97,4266.77,4268.24,10188,7,0
2025-12-11 21:00:00,4268.26,4274.7,4263.21,4273.22,10843,7,0
2025-12-11 21:30:00,4273.21,4277.71,4271.5,4273.61,8442,7,0
2025-12-11 22:00:00,4273.62,4274.32,4264.37,4268.75,9540,7,0
2025-12-11 22:30:00,4268.75,4276.44,4268.47,4276.35,9709,7,0
2025-12-11 23:00:00,4276.3,4279.58,4272.72,4279.51,4328,7,0
2025-12-11 23:30:00,4279.51,4283.7,4276.99,4280.08,4457,7,0
2025-12-12 01:00:00,4280.53,4283.56,4277.82,4280.18,4041,7,0
2025-12-12 01:30:00,4280.17,4281.36,4272.66,4276.43,5648,7,0
2025-12-12 02:00:00,4276.37,4280.18,4273.79,4278.52,5998,7,0
2025-12-12 02:30:00,4278.52,4279.06,4268.88,4269.47,6866,7,0
2025-12-12 03:00:00,4269.47,4276.23,4264.67,4266.21,11935,7,0
2025-12-12 03:30:00,4266.21,4274.11,4265.2,4271.16,10477,7,0
2025-12-12 04:00:00,4271.11,4276.8,4270.57,4273.79,8925,7,0
2025-12-12 04:30:00,4273.78,4276.88,4269.39,4270.46,9256,7,0
2025-12-12 05:00:00,4270.48,4274.64,4268.82,4270.1,8446,7,0
2025-12-12 05:30:00,4270.07,4273.08,4269.25,4270.62,5702,7,0
2025-12-12 06:00:00,4270.62,4271.09,4266.83,4268.44,5203,7,0
2025-12-12 06:30:00,4268.54,4268.84,4266.33,4266.5,5967,7,0
2025-12-12 07:00:00,4266.5,4275.73,4266.14,4274.44,6192,7,0
2025-12-12 07:30:00,4274.44,4280.55,4274.29,4279.03,9096,7,0
2025-12-12 08:00:00,4279.0,4281.64,4276.65,4281.16,9164,7,0
2025-12-12 08:30:00,4281.16,4283.23,4279.37,4282.87,7586,7,0
2025-12-12 09:00:00,4282.86,4288.94,4281.5,4285.89,7490,7,0
2025-12-12 09:30:00,4285.91,4290.46,4284.33,4287.19,7379,7,0
2025-12-12 10:00:00,4287.11,4295.66,4287.08,4294.49,8773,7,0
2025-12-12 10:30:00,4294.49,4309.48,4294.35,4308.16,9465,7,0
2025-12-12 11:00:00,4308.16,4317.84,4307.01,4313.59,10244,7,0
2025-12-12 11:30:00,4313.6,4320.46,4307.39,4318.31,9562,7,0
2025-12-12 12:00:00,4318.31,4322.02,4314.83,4317.01,8542,7,0
2025-12-12 12:30:00,4317.0,4331.01,4316.65,4329.82,9885,7,0
2025-12-12 13:00:00,4329.82,4339.27,4327.05,4334.37,9778,7,0
2025-12-12 13:30:00,4334.37,4339.09,4330.24,4336.38,8490,7,0
2025-12-12 14:00:00,4336.39,4339.24,4330.27,4332.71,9435,7,0
2025-12-12 14:30:00,4332.67,4334.24,4324.84,4325.9,9473,7,0
2025-12-12 15:00:00,4325.86,4339.44,4321.47,4336.05,12012,7,0
2025-12-12 15:30:00,4336.1,4346.22,4332.38,4341.11,12564,7,0
2025-12-12 16:00:00,4341.11,4345.75,4338.58,4340.66,11787,7,0
2025-12-12 16:30:00,4340.83,4353.58,4331.08,4347.14,14818,7,0
2025-12-12 17:00:00,4347.16,4351.48,4298.74,4300.78,14982,7,0
2025-12-12 17:30:00,4300.78,4322.05,4283.18,4290.46,15218,7,0
2025-12-12 18:00:00,4290.25,4296.26,4272.28,4289.9,15038,7,0
2025-12-12 18:30:00,4290.02,4290.02,4257.75,4281.94,15119,7,0
2025-12-12 19:00:00,4281.97,4290.85,4271.12,4282.24,13869,7,0
2025-12-12 19:30:00,4282.24,4298.37,4281.76,4294.36,12408,7,0
2025-12-12 20:00:00,4294.37,4303.62,4291.84,4295.45,11975,7,0
2025-12-12 20:30:00,4295.58,4300.51,4290.66,4294.96,10915,7,0
2025-12-12 21:00:00,4294.94,4299.82,4289.89,4296.18,10348,7,0
2025-12-12 21:30:00,4296.21,4298.81,4293.72,4296.64,8786,7,0
2025-12-12 22:00:00,4296.63,4302.87,4291.2,4293.26,8872,7,0
2025-12-12 22:30:00,4293.36,4302.99,4288.61,4299.46,10943,7,0
2025-12-12 23:00:00,4299.4,4303.82,4298.29,4303.01,5495,7,0
2025-12-12 23:30:00,4303.01,4304.25,4298.91,4300.11,4415,7,0
2025-12-15 01:00:00,4299.18,4307.55,4293.8,4304.98,7056,7,0
2025-12-15 01:30:00,4304.98,4308.39,4301.57,4302.48,5521,7,0
2025-12-15 02:00:00,4302.42,4306.82,4300.21,4302.06,4796,7,0
2025-12-15 02:30:00,4302.06,4308.12,4302.06,4307.58,6033,7,0
2025-12-15 03:00:00,4307.58,4315.84,4305.81,4315.07,11798,7,0
2025-12-15 03:30:00,4315.07,4325.75,4314.62,4322.64,9927,7,0
2025-12-15 04:00:00,4322.58,4326.89,4320.93,4324.25,8373,7,0
2025-12-15 04:30:00,4324.26,4329.22,4324.26,4326.53,9200,7,0
2025-12-15 05:00:00,4326.51,4329.74,4319.49,4323.98,9930,7,0
2025-12-15 05:30:00,4323.98,4328.76,4323.88,4327.24,7348,7,0
2025-12-15 06:00:00,4327.24,4330.08,4325.56,4327.85,6736,7,0
2025-12-15 06:30:00,4327.87,4328.1,4323.26,4326.12,6144,7,0
2025-12-15 07:00:00,4326.12,4331.2,4325.04,4329.79,6517,7,0
2025-12-15 07:30:00,4329.8,4344.46,4329.57,4343.62,10127,7,0
2025-12-15 08:00:00,4343.64,4345.78,4339.75,4344.04,9792,7,0
2025-12-15 08:30:00,4344.04,4347.37,4342.16,4343.63,8163,7,0
2025-12-15 09:00:00,4343.6,4344.81,4340.74,4344.13,7953,7,0
2025-12-15 09:30:00,4344.1,4344.5,4333.63,4339.29,8388,7,0
2025-12-15 10:00:00,4339.29,4346.76,4338.91,4345.93,8275,7,0
2025-12-15 10:30:00,4345.93,4349.02,4343.86,4347.21,7752,7,0
2025-12-15 11:00:00,4347.05,4350.34,4343.34,4347.79,7775,7,0
2025-12-15 11:30:00,4347.79,4350.08,4342.43,4342.54,7756,7,0
2025-12-15 12:00:00,4342.54,4348.29,4340.77,4342.7,6921,7,0
2025-12-15 12:30:00,4342.73,4343.55,4337.77,4339.74,7828,7,0
2025-12-15 13:00:00,4339.75,4341.71,4335.4,4340.81,6912,7,0
2025-12-15 13:30:00,4340.81,4343.68,4339.12,4342.83,6642,7,0
2025-12-15 14:00:00,4342.83,4346.57,4342.71,4346.48,7803,7,0
2025-12-15 14:30:00,4346.48,4348.38,4343.58,4345.8,7818,7,0
2025-12-15 15:00:00,4345.8,4346.31,4333.79,4339.77,12134,7,0
2025-12-15 15:30:00,4339.71,4344.53,4330.9,4332.21,11084,7,0
2025-12-15 16:00:00,4332.23,4336.68,4321.47,4325.14,11984,7,0
2025-12-15 16:30:00,4325.18,4335.19,4317.56,4323.85,15237,7,0
2025-12-15 17:00:00,4323.83,4327.73,4311.78,4314.36,14872,7,0
2025-12-15 17:30:00,4314.33,4327.88,4313.15,4318.28,13853,7,0
2025-12-15 18:00:00,4318.26,4318.85,4293.01,4296.26,14424,7,0
2025-12-15 18:30:00,4296.26,4300.13,4285.46,4297.62,14048,7,0
2025-12-15 19:00:00,4297.61,4303.66,4290.81,4302.17,12306,7,0
2025-12-15 19:30:00,4302.18,4306.62,4300.31,4304.47,11737,7,0
2025-12-15 20:00:00,4304.45,4306.47,4300.02,4306.37,10559,7,0
2025-12-15 20:30:00,4305.88,4313.71,4302.73,4313.2,10305,7,0
2025-12-15 21:00:00,4313.2,4317.78,4309.2,4309.35,9952,7,0
2025-12-15 21:30:00,4309.35,4314.57,4307.98,4314.14,8878,7,0
2025-12-15 22:00:00,4314.15,4314.38,4299.63,4305.14,9954,7,0
2025-12-15 22:30:00,4305.13,4307.69,4300.62,4304.48,9777,7,0
2025-12-15 23:00:00,4304.46,4305.69,4300.75,4303.87,4958,7,0
2025-12-15 23:30:00,4303.87,4305.85,4301.3,4305.45,3144,7,0
2025-12-16 01:00:00,4304.33,4309.8,4304.33,4307.63,5104,7,0
2025-12-16 01:30:00,4307.63,4308.5,4303.42,4304.18,4175,7,0
2025-12-16 02:00:00,4304.18,4310.1,4302.85,4309.67,6833,7,0
2025-12-16 02:30:00,4309.67,4313.34,4305.82,4307.91,7036,7,0
2025-12-16 03:00:00,4307.91,4311.96,4299.19,4311.56,11907,7,0
2025-12-16 03:30:00,4311.55,4317.91,4304.72,4308.86,11258,7,0
2025-12-16 04:00:00,4308.86,4312.26,4306.0,4310.96,9497,7,0
2025-12-16 04:30:00,4310.97,4312.07,4286.74,4289.8,11686,7,0
2025-12-16 05:00:00,4289.8,4294.54,4280.77,4287.73,12305,7,0
2025-12-16 05:30:00,4287.69,4291.76,4283.05,4290.96,9204,7,0
2025-12-16 06:00:00,4290.96,4292.3,4286.7,4288.37,7167,7,0
2025-12-16 06:30:00,4288.34,4291.85,4287.81,4289.15,6529,7,0
2025-12-16 07:00:00,4289.2,4292.34,4280.01,4280.83,8382,7,0
2025-12-16 07:30:00,4280.85,4287.81,4271.64,4284.12,11008,7,0
2025-12-16 08:00:00,4284.12,4290.04,4282.71,4287.06,9786,7,0
2025-12-16 08:30:00,4287.06,4292.22,4285.89,4289.35,8254,7,0
2025-12-16 09:00:00,4289.34,4289.93,4279.75,4281.17,7855,7,0
2025-12-16 09:30:00,4281.17,4288.58,4280.12,4287.73,8291,7,0
2025-12-16 10:00:00,4287.71,4289.39,4275.9,4279.12,8833,7,0
2025-12-16 10:30:00,4279.12,4286.89,4275.56,4284.74,8691,7,0
2025-12-16 11:00:00,4284.74,4285.94,4281.19,4281.65,6619,7,0
2025-12-16 11:30:00,4281.65,4283.77,4276.52,4280.39,7739,7,0
2025-12-16 12:00:00,4280.48,4284.31,4276.67,4277.86,7289,7,0
2025-12-16 12:30:00,4277.81,4281.56,4274.92,4277.37,7675,7,0
2025-12-16 13:00:00,4277.36,4278.63,4273.86,4277.48,7062,7,0
2025-12-16 13:30:00,4277.48,4279.68,4275.6,4278.52,6370,7,0
2025-12-16 14:00:00,4278.54,4292.82,4276.84,4291.63,9519,7,0
2025-12-16 14:30:00,4291.64,4294.91,4287.83,4294.54,7694,7,0
2025-12-16 15:00:00,4294.55,4302.08,4290.93,4301.46,10767,7,0
2025-12-16 15:30:00,4301.46,4313.3,4299.83,4313.06,13593,7,0
2025-12-16 16:00:00,4313.06,4330.61,4311.44,4325.67,12813,7,0
2025-12-16 16:30:00,4325.73,4332.27,4321.99,4324.6,14455,7,0
2025-12-16 17:00:00,4324.52,4335.06,4312.49,4321.2,14406,7,0
2025-12-16 17:30:00,4321.18,4330.15,4319.2,4319.79,13525,7,0
2025-12-16 18:00:00,4319.8,4323.24,4303.59,4307.71,13048,7,0
2025-12-16 18:30:00,4307.61,4307.61,4291.25,4300.62,13168,7,0
2025-12-16 19:00:00,4300.58,4310.9,4300.21,4302.96,11281,7,0
2025-12-16 19:30:00,4302.96,4309.01,4300.52,4303.66,10970,7,0
2025-12-16 20:00:00,4303.63,4305.92,4298.22,4301.9,11696,7,0
2025-12-16 20:30:00,4301.9,4313.56,4301.28,4311.31,10730,7,0
2025-12-16 21:00:00,4311.37,4311.71,4297.29,4305.5,10109,7,0
2025-12-16 21:30:00,4305.56,4316.01,4304.75,4310.74,10545,7,0
2025-12-16 22:00:00,4310.74,4314.55,4308.16,4310.97,7874,7,0
2025-12-16 22:30:00,4310.97,4312.17,4302.8,4304.77,9242,7,0
2025-12-16 23:00:00,4304.76,4305.59,4300.73,4302.39,4681,7,0
2025-12-16 23:30:00,4302.39,4305.06,4301.3,4302.32,2727,7,0
2025-12-17 01:00:00,4302.56,4307.14,4301.56,4306.54,3249,7,0
2025-12-17 01:30:00,4306.54,4309.2,4305.44,4307.97,3928,7,0
2025-12-17 02:00:00,4307.86,4315.09,4307.53,4313.43,4377,7,0
2025-12-17 02:30:00,4313.43,4314.43,4311.29,4313.28,4849,7,0
2025-12-17 03:00:00,4313.28,4320.26,4311.47,4317.0,11959,7,0
2025-12-17 03:30:00,4317.0,4326.84,4316.26,4326.72,12323,7,0
2025-12-17 04:00:00,4326.72,4327.84,4318.46,4320.68,9993,7,0
2025-12-17 04:30:00,4320.68,4322.99,4311.2,4314.35,10582,7,0
2025-12-17 05:00:00,4314.31,4320.23,4312.74,4318.74,10571,7,0
2025-12-17 05:30:00,4318.72,4325.22,4318.39,4323.79,8173,7,0
2025-12-17 06:00:00,4323.79,4326.06,4321.27,4322.69,6709,7,0
2025-12-17 06:30:00,4322.69,4331.6,4320.63,4329.71,7570,7,0
2025-12-17 07:00:00,4329.7,4337.98,4328.03,4331.1,8888,7,0
2025-12-17 07:30:00,4331.1,4342.4,4331.05,4333.97,10763,7,0
2025-12-17 08:00:00,4333.97,4337.77,4330.47,4332.55,9697,7,0
2025-12-17 08:30:00,4332.55,4333.23,4324.92,4328.78,9187,7,0
2025-12-17 09:00:00,4328.76,4328.8,4319.59,4323.1,9168,7,0
2025-12-17 09:30:00,4323.05,4324.69,4315.65,4318.0,8367,7,0
2025-12-17 10:00:00,4318.0,4320.96,4308.52,4316.39,10043,7,0
2025-12-17 10:30:00,4316.36,4320.82,4313.23,4319.2,8043,7,0
2025-12-17 11:00:00,4319.2,4323.32,4317.17,4322.32,7715,7,0
2025-12-17 11:30:00,4322.32,4322.32,4316.0,4316.97,6279,7,0
2025-12-17 12:00:00,4316.95,4322.33,4316.21,4319.86,6943,7,0
2025-12-17 12:30:00,4319.86,4320.1,4306.74,4317.74,7846,7,0
2025-12-17 13:00:00,4317.73,4320.55,4315.97,4318.18,6400,7,0
2025-12-17 13:30:00,4318.18,4318.82,4315.1,4316.44,6744,7,0
2025-12-17 14:00:00,4316.44,4323.2,4315.03,4321.36,7157,7,0
2025-12-17 14:30:00,4321.36,4322.38,4315.9,4317.48,7093,7,0
2025-12-17 15:00:00,4317.49,4331.66,4315.19,4327.95,12151,7,0
2025-12-17 15:30:00,4327.95,4344.12,4327.95,4342.15,11883,7,0
2025-12-17 16:00:00,4342.15,4346.03,4322.99,4329.11,13572,7,0
2025-12-17 16:30:00,4329.11,4342.73,4326.05,4338.3,15171,7,0
2025-12-17 17:00:00,4338.3,4345.27,4332.87,4343.61,14204,7,0
2025-12-17 17:30:00,4343.6,4349.0,4324.34,4330.28,14920,7,0
2025-12-17 18:00:00,4330.29,4334.59,4320.42,4326.79,14237,7,0
2025-12-17 18:30:00,4326.78,4337.7,4323.79,4333.66,13325,7,0
2025-12-17 19:00:00,4333.62,4340.11,4328.56,4337.21,12928,7,0
2025-12-17 19:30:00,4337.11,4342.45,4335.81,4342.42,12070,7,0
2025-12-17 20:00:00,4342.42,4346.41,4338.29,4341.8,12293,7,0
2025-12-17 20:30:00,4341.81,4344.03,4329.0,4336.18,12546,7,0
2025-12-17 21:00:00,4336.15,4340.72,4333.19,4339.89,10147,7,0
2025-12-17 21:30:00,4339.89,4341.08,4330.32,4337.07,10405,7,0
2025-12-17 22:00:00,4337.07,4342.8,4335.22,4341.49,9422,7,0
2025-12-17 22:30:00,4341.5,4346.03,4338.61,4341.38,10185,7,0
2025-12-17 23:00:00,4341.41,4346.24,4340.71,4344.12,4621,7,0
2025-12-17 23:30:00,4344.12,4344.69,4338.34,4338.57,4239,7,0
2025-12-18 01:00:00,4337.5,4340.88,4335.74,4338.3,4046,7,0
2025-12-18 01:30:00,4338.29,4343.2,4337.4,4339.13,5096,7,0
2025-12-18 02:00:00,4339.33,4342.99,4336.9,4337.78,6032,7,0
2025-12-18 02:30:00,4337.78,4340.58,4333.09,4334.82,7627,7,0
2025-12-18 03:00:00,4334.81,4337.05,4324.96,4325.0,11894,7,0
2025-12-18 03:30:00,4324.97,4331.87,4324.54,4331.65,10937,7,0
2025-12-18 04:00:00,4331.63,4336.32,4329.95,4334.6,9520,7,0
2025-12-18 04:30:00,4334.6,4337.77,4330.73,4333.28,9596,7,0
2025-12-18 05:00:00,4333.28,4336.8,4330.97,4333.21,8631,7,0
2025-12-18 05:30:00,4333.21,4335.67,4331.28,4333.16,8358,7,0
2025-12-18 06:00:00,4333.22,4333.58,4329.1,4330.52,6208,7,0
2025-12-18 06:30:00,4330.53,4332.64,4328.65,4331.95,7373,7,0
2025-12-18 07:00:00,4331.97,4337.47,4331.19,4336.09,7629,7,0
2025-12-18 07:30:00,4335.89,4337.36,4332.39,4333.26,9730,7,0
2025-12-18 08:00:00,4333.26,4335.54,4330.76,4333.63,9086,7,0
2025-12-18 08:30:00,4333.61,4336.18,4332.09,4334.04,9508,7,0
2025-12-18 09:00:00,4334.0,4335.21,4330.11,4335.05,6319,7,0
2025-12-18 09:30:00,4335.03,4337.78,4331.51,4331.57,6744,7,0
2025-12-18 10:00:00,4331.57,4332.62,4325.02,4327.16,8353,7,0
2025-12-18 10:30:00,4327.16,4328.93,4322.32,4326.64,6681,7,0
2025-12-18 11:00:00,4326.64,4328.63,4323.68,4324.71,7534,7,0
2025-12-18 11:30:00,4324.71,4327.03,4320.91,4323.52,7787,7,0
2025-12-18 12:00:00,4323.52,4325.83,4323.04,4323.48,5979,7,0
2025-12-18 12:30:00,4323.73,4327.64,4322.1,4325.3,6623,7,0
2025-12-18 13:00:00,4325.34,4328.72,4324.41,4325.76,5807,7,0
2025-12-18 13:30:00,4325.76,4327.16,4324.74,4325.67,5256,7,0
2025-12-18 14:00:00,4325.67,4326.68,4317.44,4319.32,7237,7,0
2025-12-18 14:30:00,4319.39,4323.57,4318.54,4320.9,6717,7,0
2025-12-18 15:00:00,4320.9,4324.19,4314.52,4321.18,10893,7,0
2025-12-18 15:30:00,4321.14,4343.01,4321.02,4336.64,13618,7,0
2025-12-18 16:00:00,4336.61,4341.48,4332.5,4332.79,12800,7,0
2025-12-18 16:30:00,4332.81,4341.23,4308.69,4328.57,15557,7,0
2025-12-18 17:00:00,4328.52,4337.07,4325.04,4333.46,14530,7,0
2025-12-18 17:30:00,4333.03,4341.63,4331.35,4338.17,13652,7,0
2025-12-18 18:00:00,4338.17,4374.63,4337.92,4367.31,14266,7,0
2025-12-18 18:30:00,4367.27,4371.79,4356.44,4360.4,13222,7,0
2025-12-18 19:00:00,4360.4,4363.51,4322.01,4327.85,15093,7,0
2025-12-18 19:30:00,4327.87,4341.59,4325.05,4333.27,13421,7,0
2025-12-18 20:00:00,4333.32,4341.31,4331.5,4332.2,12324,7,0
2025-12-18 20:30:00,4332.22,4340.28,4325.73,4331.8,11661,7,0
2025-12-18 21:00:00,4331.78,4334.35,4326.52,4333.69,11192,7,0
2025-12-18 21:30:00,4333.69,4334.76,4322.93,4324.97,11502,7,0
2025-12-18 22:00:00,4325.02,4336.01,4324.66,4332.44,11254,7,0
2025-12-18 22:30:00,4332.45,4338.32,4331.23,4335.02,10622,7,0
2025-12-18 23:00:00,4334.99,4334.99,4330.74,4332.14,4769,7,0
2025-12-18 23:30:00,4332.17,4334.02,4328.68,4332.41,4265,7,0
2025-12-19 01:00:00,4334.29,4336.66,4332.23,4334.14,3244,7,0
2025-12-19 01:30:00,4334.14,4336.92,4333.51,4335.15,3654,7,0
2025-12-19 02:00:00,4335.28,4335.8,4327.95,4331.38,5266,7,0
2025-12-19 02:30:00,4331.38,4332.43,4325.76,4326.14,4768,7,0
2025-12-19 03:00:00,4326.14,4328.39,4310.01,4313.21,11367,7,0
2025-12-19 03:30:00,4313.23,4324.17,4309.35,4323.35,10645,7,0
2025-12-19 04:00:00,4323.36,4327.96,4321.76,4324.59,6785,7,0
2025-12-19 04:30:00,4324.59,4326.14,4314.28,4316.77,8587,7,0
2025-12-19 05:00:00,4316.76,4321.78,4312.75,4319.34,9374,7,0
2025-12-19 05:30:00,4319.34,4322.48,4317.38,4318.06,5699,7,0
2025-12-19 06:00:00,4318.06,4319.94,4317.03,4317.5,5415,7,0
2025-12-19 06:30:00,4317.5,4323.02,4317.33,4322.83,6007,7,0
2025-12-19 07:00:00,4322.83,4323.93,4317.65,4320.01,5393,7,0
2025-12-19 07:30:00,4320.01,4329.09,4320.0,4325.98,9779,7,0
2025-12-19 08:00:00,4325.98,4329.51,4324.37,4327.18,8046,7,0
2025-12-19 08:30:00,4327.24,4328.18,4321.72,4326.49,8771,7,0
2025-12-19 09:00:00,4326.49,4328.5,4323.17,4327.65,7066,7,0
2025-12-19 09:30:00,4327.65,4329.66,4321.81,4322.71,6396,7,0
2025-12-19 10:00:00,4322.7,4326.14,4321.14,4325.16,6920,7,0
2025-12-19 10:30:00,4325.17,4331.11,4325.07,4326.06,6859,7,0
2025-12-19 11:00:00,4326.06,4328.36,4324.45,4326.97,5361,7,0
2025-12-19 11:30:00,4327.0,4333.68,4325.97,4329.48,7346,7,0
2025-12-19 12:00:00,4329.49,4331.8,4327.11,4327.37,6905,7,0
2025-12-19 12:30:00,4327.32,4329.71,4322.51,4327.84,6688,7,0
2025-12-19 13:00:00,4327.9,4329.1,4325.74,4327.28,6570,7,0
2025-12-19 13:30:00,4327.28,4329.52,4325.24,4327.3,7430,7,0
2025-12-19 14:00:00,4327.29,4327.87,4320.75,4325.67,7873,7,0
2025-12-19 14:30:00,4325.68,4328.95,4323.36,4326.82,7020,7,0
2025-12-19 15:00:00,4326.82,4335.16,4326.16,4334.98,10669,7,0
2025-12-19 15:30:00,4334.96,4335.4,4327.45,4328.46,10250,7,0
2025-12-19 16:00:00,4328.47,4334.18,4325.47,4327.87,11482,7,0
2025-12-19 16:30:00,4327.83,4337.96,4319.84,4332.6,14218,7,0
2025-12-19 17:00:00,4332.58,4346.49,4332.12,4337.7,13634,7,0
2025-12-19 17:30:00,4337.69,4349.19,4336.71,4347.87,12445,7,0
2025-12-19 18:00:00,4347.87,4354.78,4342.08,4346.95,12810,7,0
2025-12-19 18:30:00,4346.95,4351.12,4343.27,4349.85,10938,8,0
2025-12-19 19:00:00,4349.83,4353.81,4347.08,4351.96,10002,8,0
2025-12-19 19:30:00,4351.95,4356.0,4349.98,4353.45,9632,8,0
2025-12-19 20:00:00,4353.45,4356.52,4350.36,4354.38,9219,8,0
2025-12-19 20:30:00,4354.39,4354.93,4343.21,4348.69,9864,8,0
2025-12-19 21:00:00,4348.69,4350.7,4346.43,4347.65,7039,8,0
2025-12-19 21:30:00,4347.66,4349.96,4345.24,4345.34,6522,8,0
2025-12-19 22:00:00,4345.34,4346.41,4341.49,4345.38,8211,8,0
2025-12-19 22:30:00,4345.37,4345.37,4336.91,4339.6,8604,8,0
2025-12-19 23:00:00,4339.6,4340.25,4336.85,4337.8,3775,8,0
2025-12-19 23:30:00,4337.8,4338.95,4336.73,4338.53,3099,8,0
2025-12-22 01:00:00,4339.16,4349.21,4338.12,4348.84,6227,8,0
2025-12-22 01:30:00,4348.84,4356.42,4347.06,4355.2,5588,8,0
2025-12-22 02:00:00,4355.21,4365.22,4355.14,4363.28,7810,8,0
2025-12-22 02:30:00,4363.28,4366.24,4361.79,4364.96,5476,8,0
2025-12-22 03:00:00,4364.96,4372.59,4361.35,4368.12,11184,8,0
2025-12-22 03:30:00,4368.02,4384.83,4367.96,4382.99,10713,8,0
2025-12-22 04:00:00,4383.0,4384.17,4378.63,4379.02,8013,8,0
2025-12-22 04:30:00,4379.02,4388.73,4378.81,4385.92,9717,8,0
2025-12-22 05:00:00,4386.0,4391.02,4384.33,4389.11,8224,8,0
2025-12-22 05:30:00,4389.12,4394.96,4388.05,4392.68,5799,8,0
2025-12-22 06:00:00,4392.71,4397.51,4391.45,4394.73,5680,8,0
2025-12-22 06:30:00,4394.73,4400.86,4394.11,4398.48,5233,8,0
2025-12-22 07:00:00,4398.47,4405.47,4396.74,4405.0,6113,8,0
2025-12-22 07:30:00,4404.99,4409.54,4397.54,4400.09,11158,7,0
2025-12-22 08:00:00,4400.1,4405.46,4398.89,4401.14,8891,7,0
2025-12-22 08:30:00,4401.14,4419.93,4400.22,4419.24,9327,8,0
2025-12-22 09:00:00,4419.24,4420.26,4410.56,4415.93,7462,8,0
2025-12-22 09:30:00,4415.93,4418.1,4412.47,4414.46,6171,8,0
2025-12-22 10:00:00,4414.46,4414.74,4409.55,4413.42,7253,8,0
2025-12-22 10:30:00,4413.42,4415.01,4406.25,4408.35,6742,8,0
2025-12-22 11:00:00,4408.36,4413.95,4408.09,4412.56,5485,8,0
2025-12-22 11:30:00,4412.56,4414.85,4411.06,4411.13,4854,8,0
2025-12-22 12:00:00,4411.15,4415.86,4411.07,4411.42,5338,8,0
2025-12-22 12:30:00,4411.47,4411.61,4406.21,4408.71,6069,8,0
2025-12-22 13:00:00,4408.73,4410.6,4406.2,4409.34,5550,8,0
2025-12-22 13:30:00,4409.34,4411.78,4408.64,4410.43,6178,8,0
2025-12-22 14:00:00,4410.44,4413.35,4406.37,4409.26,7773,8,0
2025-12-22 14:30:00,4409.26,4416.0,4407.71,4415.67,7198,8,0
2025-12-22 15:00:00,4415.69,4427.4,4413.48,4418.7,11782,8,0
2025-12-22 15:30:00,4418.71,4427.14,4418.36,4423.7,10323,8,0
2025-12-22 16:00:00,4423.7,4429.08,4421.64,4426.51,9590,8,0
2025-12-22 16:30:00,4426.5,4429.03,4414.86,4419.31,14240,8,0
2025-12-22 17:00:00,4419.29,4423.54,4412.09,4417.99,13282,8,0
2025-12-22 17:30:00,4418.07,4435.67,4416.64,4431.9,11651,8,0
2025-12-22 18:00:00,4431.89,4440.52,4428.22,4437.9,11172,8,0
2025-12-22 18:30:00,4437.85,4442.17,4433.28,4438.84,9903,8,0
2025-12-22 19:00:00,4438.84,4442.06,4433.77,4434.28,8447,8,0
2025-12-22 19:30:00,4434.28,4438.85,4432.18,4438.53,8073,8,0
2025-12-22 20:00:00,4438.55,4439.13,4433.66,4434.37,7092,8,0
2025-12-22 20:30:00,4434.34,4437.37,4429.5,4435.3,7254,8,0
2025-12-22 21:00:00,4435.3,4435.94,4428.91,4432.81,7583,8,0
2025-12-22 21:30:00,4432.81,4434.15,4431.4,4433.62,6025,8,0
2025-12-22 22:00:00,4433.62,4438.77,4432.04,4432.45,6628,8,0
2025-12-22 22:30:00,4432.45,4439.28,4431.89,4438.71,7155,8,0
2025-12-22 23:00:00,4438.73,4449.14,4438.61,4448.03,5644,8,0
2025-12-22 23:30:00,4448.03,4449.27,4443.43,4443.76,4591,8,0
2025-12-23 01:00:00,4447.71,4459.64,4445.11,4459.02,5977,8,0
2025-12-23 01:30:00,4459.02,4461.66,4452.87,4460.17,6234,8,0
2025-12-23 02:00:00,4460.19,4468.58,4458.18,4468.26,6442,8,0
2025-12-23 02:30:00,4468.26,4470.61,4466.43,4470.57,5157,8,0
2025-12-23 03:00:00,4470.57,4486.75,4469.77,4477.26,13045,8,0
2025-12-23 03:30:00,4477.26,4490.84,4477.02,4486.81,9914,8,0
2025-12-23 04:00:00,4486.81,4489.62,4481.26,4486.63,8099,8,0
2025-12-23 04:30:00,4486.68,4497.79,4486.66,4493.49,9941,8,0
2025-12-23 05:00:00,4493.49,4496.65,4483.04,4486.97,10445,8,0
2025-12-23 05:30:00,4486.97,4488.85,4483.99,4486.96,8134,8,0
2025-12-23 06:00:00,4486.96,4488.42,4484.63,4486.36,5839,8,0
2025-12-23 06:30:00,4486.28,4487.0,4478.97,4482.64,7111,8,0
2025-12-23 07:00:00,4482.55,4484.86,4476.68,4480.44,8132,8,0
2025-12-23 07:30:00,4480.41,4485.62,4474.99,4475.29,10056,8,0
2025-12-23 08:00:00,4475.32,4478.29,4469.52,4476.16,8917,8,0
2025-12-23 08:30:00,4476.18,4481.56,4474.87,4481.48,8133,8,0
2025-12-23 09:00:00,4481.48,4485.99,4478.49,4484.08,7223,8,0
2025-12-23 09:30:00,4484.08,4489.68,4483.74,4486.75,7308,8,0
2025-12-23 10:00:00,4486.78,4490.64,4485.39,4487.26,7224,8,0
2025-12-23 10:30:00,4487.26,4493.34,4484.98,4489.99,7367,8,0
2025-12-23 11:00:00,4489.99,4491.27,4479.16,4483.32,8025,8,0
2025-12-23 11:30:00,4483.31,4485.01,4478.18,4480.5,6819,8,0
2025-12-23 12:00:00,4480.5,4487.61,4479.59,4485.84,6401,8,0
2025-12-23 12:30:00,4485.84,4486.0,4481.61,4484.32,6931,8,0
2025-12-23 13:00:00,4484.33,4486.43,4483.19,4484.04,5368,8,0
2025-12-23 13:30:00,4484.04,4494.32,4483.31,4493.57,6764,8,0
2025-12-23 14:00:00,4493.57,4493.68,4483.43,4485.34,6366,8,0
2025-12-23 14:30:00,4485.34,4489.29,4484.65,4486.6,7080,8,0
2025-12-23 15:00:00,4486.6,4497.37,4486.18,4489.08,11487,8,0
2025-12-23 15:30:00,4489.17,4492.59,4473.39,4479.25,13027,8,0
2025-12-23 16:00:00,4479.28,4479.92,4458.12,4465.04,13673,8,0
2025-12-23 16:30:00,4464.97,4464.98,4441.47,4446.38,15398,8,0
2025-12-23 17:00:00,4446.4,4452.11,4430.53,4442.71,15154,8,0
2025-12-23 17:30:00,4442.75,4459.35,4441.71,4458.48,13529,8,0
2025-12-23 18:00:00,4458.48,4465.45,4456.42,4461.52,11886,8,0
2025-12-23 18:30:00,4461.52,4476.65,4456.02,4474.27,11409,8,0
2025-12-23 19:00:00,4474.27,4479.85,4470.55,4477.78,11626,8,0
2025-12-23 19:30:00,4477.77,4479.52,4470.14,4472.81,10571,8,0
2025-12-23 20:00:00,4472.81,4481.15,4472.81,4477.87,10403,8,0
2025-12-23 20:30:00,4477.87,4485.07,4472.83,4484.52,8541,8,0
2025-12-23 21:00:00,4484.5,4496.41,4484.19,4490.08,10089,8,0
2025-12-23 21:30:00,4490.08,4494.13,4488.32,4490.82,8122,8,0
2025-12-23 22:00:00,4490.82,4494.61,4489.74,4492.18,7620,8,0
2025-12-23 22:30:00,4492.17,4499.87,4489.57,4497.63,9357,8,0
2025-12-23 23:00:00,4497.62,4498.99,4489.94,4490.13,5460,8,0
2025-12-23 23:30:00,4490.13,4491.35,4483.64,4485.16,4907,8,0
2025-12-24 01:00:00,4485.59,4498.09,4483.7,4492.18,5713,8,0
2025-12-24 01:30:00,4492.18,4510.39,4492.14,4503.44,8009,8,0
2025-12-24 02:00:00,4503.4,4514.08,4500.76,4513.84,7892,8,0
2025-12-24 02:30:00,4513.84,4518.28,4508.32,4511.99,9177,8,0
2025-12-24 03:00:00,4511.95,4525.83,4507.12,4521.63,13167,8,0
2025-12-24 03:30:00,4521.61,4523.68,4518.63,4518.81,11221,8,0
2025-12-24 04:00:00,4518.81,4519.29,4504.85,4506.92,11145,8,0
2025-12-24 04:30:00,4506.98,4512.27,4475.43,4477.62,11071,8,0
2025-12-24 05:00:00,4477.69,4496.4,4471.27,4491.43,12431,8,0
2025-12-24 05:30:00,4491.43,4498.26,4490.4,4493.2,8382,8,0
2025-12-24 06:00:00,4493.2,4497.69,4491.35,4497.0,7744,8,0
2025-12-24 06:30:00,4497.0,4501.49,4496.22,4499.28,5983,8,0
2025-12-24 07:00:00,4499.28,4500.73,4485.26,4492.49,8953,8,0
2025-12-24 07:30:00,4492.49,4497.34,4488.14,4488.5,11039,8,0
2025-12-24 08:00:00,4488.5,4493.03,4485.51,4487.47,9395,8,0
2025-12-24 08:30:00,4487.47,4498.14,4487.47,4493.53,9661,8,0
2025-12-24 09:00:00,4493.59,4495.03,4490.72,4491.59,8063,8,0
2025-12-24 09:30:00,4491.59,4492.17,4483.58,4483.75,7041,8,0
2025-12-24 10:00:00,4483.89,4490.56,4478.26,4485.11,9782,8,0
2025-12-24 10:30:00,4485.12,4492.9,4481.62,4482.39,9419,8,0
2025-12-24 11:00:00,4482.4,4493.42,4482.18,4489.53,8664,8,0
2025-12-24 11:30:00,4489.51,4496.13,4486.53,4494.74,7684,8,0
2025-12-24 12:00:00,4494.73,4499.94,4489.8,4494.26,6829,8,0
2025-12-24 12:30:00,4494.26,4494.78,4482.55,4489.46,6887,8,0
2025-12-24 13:00:00,4489.47,4490.5,4485.0,4487.38,6470,8,0
2025-12-24 13:30:00,4487.38,4491.96,4483.17,4491.59,7663,8,0
2025-12-24 14:00:00,4491.6,4496.15,4490.88,4493.21,8437,8,0
2025-12-24 14:30:00,4493.21,4493.5,4489.88,4490.86,7224,8,0
2025-12-24 15:00:00,4490.86,4493.48,4474.53,4479.15,13293,8,0
2025-12-24 15:30:00,4479.46,4488.97,4477.83,4487.92,10277,8,0
2025-12-24 16:00:00,4487.93,4489.47,4482.18,4485.06,11611,8,0
2025-12-24 16:30:00,4485.06,4488.82,4460.71,4464.96,15319,8,0
2025-12-24 17:00:00,4464.92,4476.6,4461.52,4470.04,14310,8,0
2025-12-24 17:30:00,4470.09,4472.88,4448.43,4458.55,14299,8,0
2025-12-24 18:00:00,4458.55,4471.12,4456.05,4468.46,12464,8,0
2025-12-24 18:30:00,4468.46,4478.21,4467.32,4476.93,11527,8,0
2025-12-24 19:00:00,4476.93,4487.84,4475.65,4478.02,11836,8,0
2025-12-24 19:30:00,4477.94,4483.64,4477.41,4480.68,10357,8,0
2025-12-24 20:00:00,4480.69,4482.54,4477.39,4480.82,5028,8,0
2025-12-24 20:30:00,4480.81,4482.28,4479.05,4479.57,1213,8,0
2025-12-26 01:00:00,4499.57,4504.97,4483.63,4497.53,6873,8,0
2025-12-26 01:30:00,4497.53,4499.85,4488.98,4495.11,6298,8,0
2025-12-26 02:00:00,4495.1,4507.33,4492.41,4507.21,7327,8,0
2025-12-26 02:30:00,4507.21,4517.91,4504.26,4517.82,8970,8,0
2025-12-26 03:00:00,4517.82,4531.48,4507.09,4510.27,14095,8,0
2025-12-26 03:30:00,4510.28,4515.85,4497.84,4503.96,12052,8,0
2025-12-26 04:00:00,4503.89,4509.96,4498.54,4502.26,10749,8,0
2025-12-26 04:30:00,4502.26,4508.82,4492.52,4508.8,11667,8,0
2025-12-26 05:00:00,4508.8,4513.54,4501.45,4503.01,10900,8,0
2025-12-26 05:30:00,4503.05,4505.97,4497.7,4502.02,8644,8,0
2025-12-26 06:00:00,4501.97,4510.21,4500.64,4509.55,8102,8,0
2025-12-26 06:30:00,4509.57,4511.76,4505.97,4509.09,6953,8,0
2025-12-26 07:00:00,4509.15,4511.53,4506.1,4507.36,7898,8,0
2025-12-26 07:30:00,4507.36,4514.91,4507.36,4510.08,10785,8,0
2025-12-26 08:00:00,4510.08,4518.93,4508.94,4518.56,9814,8,0
2025-12-26 08:30:00,4518.59,4519.52,4508.18,4511.9,11113,8,0
2025-12-26 09:00:00,4511.82,4515.66,4508.48,4509.44,8057,8,0
2025-12-26 09:30:00,4509.43,4513.04,4507.28,4511.01,7343,8,0
2025-12-26 10:00:00,4511.01,4517.38,4509.77,4515.24,6704,8,0
2025-12-26 10:30:00,4515.24,4519.45,4513.37,4518.77,7112,8,0
2025-12-26 11:00:00,4518.77,4520.51,4515.2,4517.37,6384,8,0
2025-12-26 11:30:00,4517.37,4518.42,4512.12,4512.83,6714,8,0
2025-12-26 12:00:00,4512.83,4523.7,4512.23,4520.87,7070,8,0
2025-12-26 12:30:00,4520.83,4522.23,4511.46,4514.58,8092,8,0
2025-12-26 13:00:00,4514.58,4515.18,4503.64,4505.37,9352,8,0
2025-12-26 13:30:00,4505.37,4509.9,4503.13,4509.87,8903,8,0
2025-12-26 14:00:00,4509.83,4512.64,4507.12,4511.84,8226,8,0
2025-12-26 14:30:00,4511.84,4514.88,4506.76,4508.69,7008,8,0
2025-12-26 15:00:00,4508.78,4519.71,4503.71,4517.89,11760,8,0
2025-12-26 15:30:00,4517.89,4528.52,4515.27,4525.25,11998,8,0
2025-12-26 16:00:00,4525.17,4529.97,4522.44,4529.52,11071,8,0
2025-12-26 16:30:00,4529.52,4533.51,4513.06,4521.11,15220,8,0
2025-12-26 17:00:00,4521.15,4533.89,4519.6,4533.36,13665,8,0
2025-12-26 17:30:00,4533.34,4547.43,4532.02,4546.74,13225,8,0
2025-12-26 18:00:00,4546.64,4549.92,4534.86,4545.68,13268,8,0
2025-12-26 18:30:00,4545.74,4546.17,4531.53,4536.38,12341,8,0
2025-12-26 19:00:00,4536.41,4537.59,4517.02,4518.33,12129,8,0
2025-12-26 19:30:00,4518.29,4524.74,4510.16,4519.16,13092,8,0
2025-12-26 20:00:00,4519.19,4524.71,4514.99,4519.23,11926,8,0
2025-12-26 20:30:00,4519.18,4532.76,4516.34,4531.01,11091,8,0
2025-12-26 21:00:00,4531.11,4535.74,4524.9,4529.92,9756,8,0
2025-12-26 21:30:00,4529.92,4530.32,4520.2,4523.92,9364,8,0
2025-12-26 22:00:00,4523.93,4535.78,4521.85,4523.65,11573,8,0
2025-12-26 22:30:00,4523.73,4533.51,4522.98,4531.19,11246,8,0
2025-12-26 23:00:00,4531.14,4533.14,4527.26,4531.4,7356,8,0
2025-12-26 23:30:00,4531.44,4534.66,4529.68,4531.13,6390,8,0
2025-12-29 01:00:00,4536.54,4549.84,4523.64,4536.24,11886,8,0
2025-12-29 01:30:00,4536.22,4540.35,4526.04,4527.23,10265,8,0
2025-12-29 02:00:00,4527.13,4528.08,4482.5,4487.1,13415,8,0
2025-12-29 02:30:00,4487.16,4506.95,4472.45,4497.28,12283,8,0
2025-12-29 03:00:00,4497.23,4517.51,4492.86,4499.41,13655,8,0
2025-12-29 03:30:00,4499.41,4507.76,4492.39,4497.3,12758,8,0
2025-12-29 04:00:00,4497.24,4514.2,4496.44,4512.56,10095,8,0
2025-12-29 04:30:00,4512.56,4515.9,4508.83,4512.49,10479,8,0
2025-12-29 05:00:00,4512.53,4518.8,4509.47,4512.82,11504,8,0
2025-12-29 05:30:00,4512.97,4520.4,4512.87,4516.6,8389,8,0
2025-12-29 06:00:00,4516.6,4516.99,4508.06,4514.22,8521,8,0
2025-12-29 06:30:00,4514.22,4519.64,4513.15,4515.72,6634,8,0
2025-12-29 07:00:00,4515.69,4515.96,4509.98,4514.12,7547,8,0
2025-12-29 07:30:00,4514.14,4519.35,4505.18,4506.5,9870,8,0
2025-12-29 08:00:00,4506.59,4510.69,4489.5,4490.81,12134,8,0
2025-12-29 08:30:00,4490.82,4497.82,4471.28,4475.27,13126,8,0
2025-12-29 09:00:00,4475.27,4481.79,4445.54,4471.48,12944,8,0
2025-12-29 09:30:00,4471.48,4479.56,4470.41,4474.68,10076,8,0
2025-12-29 10:00:00,4474.66,4488.53,4466.31,4480.05,10511,8,0
2025-12-29 10:30:00,4480.02,4480.68,4452.68,4461.21,12068,8,0
2025-12-29 11:00:00,4461.17,4468.93,4459.29,4466.1,10702,8,0
2025-12-29 11:30:00,4466.1,4476.29,4460.31,4472.18,8848,8,0
2025-12-29 12:00:00,4472.17,4474.67,4462.74,4462.76,8237,8,0
2025-12-29 12:30:00,4462.86,4463.89,4457.15,4461.0,8736,8,0
2025-12-29 13:00:00,4461.0,4467.73,4455.97,4465.27,7895,8,0
2025-12-29 13:30:00,4465.27,4465.84,4434.23,4446.8,11141,8,0
2025-12-29 14:00:00,4446.81,4457.15,4445.79,4456.68,9994,8,0
2025-12-29 14:30:00,4456.76,4464.7,4454.81,4464.4,8341,8,0
2025-12-29 15:00:00,4464.36,4467.61,4445.51,4451.75,13644,8,0
2025-12-29 15:30:00,4451.72,4454.88,4407.19,4421.65,14371,8,0
2025-12-29 16:00:00,4421.58,4421.61,4386.46,4389.81,14749,8,0
2025-12-29 16:30:00,4389.87,4389.88,4356.97,4360.51,15664,8,0
2025-12-29 17:00:00,4360.49,4360.67,4302.99,4319.86,15510,8,0
2025-12-29 17:30:00,4319.81,4339.63,4316.93,4325.37,14502,8,0
2025-12-29 18:00:00,4325.32,4342.83,4323.47,4334.23,13730,8,0
2025-12-29 18:30:00,4334.19,4347.53,4328.92,4341.73,12406,8,0
2025-12-29 19:00:00,4341.9,4343.07,4322.72,4329.38,12591,8,0
2025-12-29 19:30:00,4329.38,4330.08,4315.01,4328.21,11745,8,0
2025-12-29 20:00:00,4328.22,4334.65,4323.03,4327.76,12919,8,0
2025-12-29 20:30:00,4327.84,4334.38,4326.37,4331.36,9855,8,0
2025-12-29 21:00:00,4331.35,4336.59,4327.66,4330.67,8884,8,0
2025-12-29 21:30:00,4330.67,4338.13,4330.36,4336.98,8370,8,0
2025-12-29 22:00:00,4336.98,4344.59,4336.62,4340.68,9327,8,0
2025-12-29 22:30:00,4340.68,4341.37,4326.07,4334.81,10550,8,0
2025-12-29 23:00:00,4334.82,4339.5,4328.65,4331.66,6899,8,0
2025-12-29 23:30:00,4331.75,4333.04,4327.75,4331.66,5729,8,0
2025-12-30 01:00:00,4332.49,4347.27,4323.51,4333.94,8215,8,0
2025-12-30 01:30:00,4334.03,4347.1,4331.08,4345.81,6660,8,0
2025-12-30 02:00:00,4345.81,4350.91,4338.13,4349.31,7558,8,0
2025-12-30 02:30:00,4349.31,4349.43,4334.69,4339.79,9022,8,0
2025-12-30 03:00:00,4339.79,4343.43,4324.64,4336.56,12191,8,0
2025-12-30 03:30:00,4336.66,4360.33,4332.03,4360.33,11930,8,0
2025-12-30 04:00:00,4360.24,4361.9,4351.91,4355.75,10968,8,0
2025-12-30 04:30:00,4355.75,4364.88,4349.06,4362.6,11233,8,0
2025-12-30 05:00:00,4362.61,4369.31,4357.33,4368.04,10390,8,0
2025-12-30 05:30:00,4367.95,4368.69,4356.35,4359.38,7816,8,0
2025-12-30 06:00:00,4359.38,4365.84,4357.59,4363.22,5484,8,0
2025-12-30 06:30:00,4363.22,4369.69,4362.33,4363.55,4906,8,0
2025-12-30 07:00:00,4363.55,4376.32,4358.87,4372.44,7156,8,0
2025-12-30 07:30:00,4372.42,4380.13,4372.12,4377.74,12377,8,0
2025-12-30 08:00:00,4377.74,4378.61,4364.32,4366.68,11064,8,0
2025-12-30 08:30:00,4366.69,4369.78,4359.92,4364.81,11687,8,0
2025-12-30 09:00:00,4364.84,4372.49,4359.33,4368.3,10416,8,0
2025-12-30 09:30:00,4368.3,4383.43,4368.18,4372.54,9263,8,0
2025-12-30 10:00:00,4372.53,4373.75,4352.05,4353.25,9497,8,0
2025-12-30 10:30:00,4353.32,4366.42,4350.23,4365.1,9833,8,0
2025-12-30 11:00:00,4365.11,4376.46,4364.29,4368.57,9177,8,0
2025-12-30 11:30:00,4368.57,4373.9,4367.34,4372.28,9036,8,0
2025-12-30 12:00:00,4372.31,4382.84,4367.73,4382.28,9110,8,0
2025-12-30 12:30:00,4382.28,4391.73,4378.78,4384.96,9069,8,0
2025-12-30 13:00:00,4384.96,4390.27,4384.94,4388.94,9043,8,0
2025-12-30 13:30:00,4388.99,4389.39,4381.34,4384.36,7480,8,0
2025-12-30 14:00:00,4384.28,4399.18,4383.57,4393.92,9829,8,0
2025-12-30 14:30:00,4393.92,4402.85,4393.21,4401.25,10938,8,0
2025-12-30 15:00:00,4401.25,4404.35,4390.24,4393.58,13389,8,0
2025-12-30 15:30:00,4393.58,4393.7,4376.44,4388.45,13386,8,0
2025-12-30 16:00:00,4388.48,4391.33,4381.05,4390.69,12112,8,0
2025-12-30 16:30:00,4390.7,4392.19,4355.77,4366.42,15052,8,0
2025-12-30 17:00:00,4366.4,4377.63,4360.9,4366.25,13747,8,0
2025-12-30 17:30:00,4366.25,4374.52,4359.47,4365.11,13339,8,0
2025-12-30 18:00:00,4365.18,4371.39,4354.85,4369.0,13128,8,0
2025-12-30 18:30:00,4368.98,4379.95,4362.66,4377.84,12274,8,0
2025-12-30 19:00:00,4377.84,4381.9,4368.6,4374.99,11871,8,0
2025-12-30 19:30:00,4374.99,4376.27,4364.44,4370.2,10689,8,0
2025-12-30 20:00:00,4370.25,4378.72,4366.16,4370.8,11045,8,0
2025-12-30 20:30:00,4370.85,4371.1,4362.71,4364.84,10201,8,0
2025-12-30 21:00:00,4364.87,4368.1,4363.78,4365.99,9267,8,0
2025-12-30 21:30:00,4365.99,4366.61,4337.63,4348.58,10752,8,0
2025-12-30 22:00:00,4348.58,4353.01,4338.25,4350.48,11829,8,0
2025-12-30 22:30:00,4350.5,4355.42,4337.92,4341.4,10702,8,0
2025-12-30 23:00:00,4341.58,4350.5,4340.85,4346.56,6907,8,0
2025-12-30 23:30:00,4346.56,4349.53,4335.03,4338.7,5070,8,0
2025-12-31 01:00:00,4339.97,4346.5,4332.32,4334.21,6693,8,0
2025-12-31 01:30:00,4334.21,4342.75,4328.91,4339.15,8387,8,0
2025-12-31 02:00:00,4339.15,4344.15,4332.81,4336.63,6806,8,0
2025-12-31 02:30:00,4336.63,4346.71,4333.03,4342.68,9135,8,0
2025-12-31 03:00:00,4342.59,4361.01,4336.98,4354.75,12730,8,0
2025-12-31 03:30:00,4354.73,4373.28,4354.62,4366.07,11493,8,0
2025-12-31 04:00:00,4366.17,4371.2,4357.74,4361.17,9834,8,0
2025-12-31 04:30:00,4361.17,4371.22,4347.04,4348.82,13137,8,0
2025-12-31 05:00:00,4348.82,4360.02,4340.88,4348.88,13545,8,0
2025-12-31 05:30:00,4348.87,4354.05,4345.58,4348.64,10589,8,0
2025-12-31 06:00:00,4348.6,4351.42,4342.29,4346.54,9440,8,0
2025-12-31 06:30:00,4346.62,4348.4,4330.91,4332.96,9283,8,0
2025-12-31 07:00:00,4332.96,4343.07,4329.51,4342.6,9536,8,0
2025-12-31 07:30:00,4342.57,4343.15,4276.17,4285.68,14065,8,0
2025-12-31 08:00:00,4285.74,4308.88,4274.48,4307.45,12681,8,0
2025-12-31 08:30:00,4307.41,4328.66,4304.8,4328.06,10443,8,0
2025-12-31 09:00:00,4328.06,4334.98,4323.8,4333.19,9638,8,0
2025-12-31 09:30:00,4333.22,4334.72,4326.96,4331.32,7595,8,0
2025-12-31 10:00:00,4331.21,4332.87,4320.24,4326.29,9065,8,0
2025-12-31 10:30:00,4326.26,4326.48,4303.48,4307.39,8238,8,0
2025-12-31 11:00:00,4307.39,4327.53,4307.24,4323.79,9849,8,0
2025-12-31 11:30:00,4323.79,4337.42,4323.48,4325.86,9036,8,0
2025-12-31 12:00:00,4325.85,4331.59,4319.69,4319.78,7857,8,0
2025-12-31 12:30:00,4319.76,4319.76,4303.61,4306.34,9265,8,0
2025-12-31 13:00:00,4306.53,4316.15,4304.1,4311.25,8185,8,0
2025-12-31 13:30:00,4311.27,4316.29,4307.87,4311.03,7786,8,0
2025-12-31 14:00:00,4311.03,4312.39,4303.22,4307.06,8507,8,0
2025-12-31 14:30:00,4307.0,4318.09,4306.9,4313.83,9085,8,0
2025-12-31 15:00:00,4313.87,4329.37,4308.13,4328.64,10759,8,0
2025-12-31 15:30:00,4328.64,4348.37,4326.0,4346.0,11765,8,0
2025-12-31 16:00:00,4346.05,4348.58,4333.1,4336.92,12258,8,0
2025-12-31 16:30:00,4337.09,4353.5,4333.04,4346.08,14285,8,0
2025-12-31 17:00:00,4346.08,4346.48,4327.4,4337.37,14196,8,0
2025-12-31 17:30:00,4337.32,4341.6,4327.58,4337.38,12833,8,0
2025-12-31 18:00:00,4337.4,4339.83,4321.86,4325.63,12515,8,0
2025-12-31 18:30:00,4325.66,4329.74,4317.24,4323.08,10935,8,0
2025-12-31 19:00:00,4323.06,4328.52,4318.15,4320.84,10369,8,0
2025-12-31 19:30:00,4320.82,4329.73,4319.14,4321.97,11256,8,0
2025-12-31 20:00:00,4321.99,4331.53,4321.77,4328.68,11012,8,0
2025-12-31 20:30:00,4328.64,4329.09,4315.9,4319.81,8730,8,0
2025-12-31 21:00:00,4319.81,4323.03,4315.87,4317.82,8380,8,0
2025-12-31 21:30:00,4317.8,4318.27,4307.96,4311.58,10723,8,0
2025-12-31 22:00:00,4311.58,4319.13,4304.59,4314.85,9051,8,0
2025-12-31 22:30:00,4314.83,4324.52,4307.1,4313.48,9963,8,0
2025-12-31 23:00:00,4313.49,4314.84,4307.1,4310.05,4383,8,0
2025-12-31 23:30:00,4310.05,4318.8,4309.53,4318.73,3991,8,0
2026-01-02 01:00:00,4326.7,4342.74,4324.5,4340.92,6691,8,0
2026-01-02 01:30:00,4341.0,4351.42,4339.09,4348.49,6240,8,0
2026-01-02 02:00:00,4348.54,4353.24,4341.49,4347.36,5671,8,0
2026-01-02 02:30:00,4347.36,4356.09,4346.8,4354.15,8050,8,0
2026-01-02 03:00:00,4354.15,4356.07,4344.74,4349.27,7806,8,0
2026-01-02 03:30:00,4349.28,4354.56,4345.84,4348.08,9163,8,0
2026-01-02 04:00:00,4348.06,4352.03,4345.11,4347.79,7032,8,0
2026-01-02 04:30:00,4347.79,4363.24,4345.96,4363.04,8694,8,0
2026-01-02 05:00:00,4363.04,4371.91,4362.2,4369.14,8090,8,0
2026-01-02 05:30:00,4369.14,4375.7,4368.12,4375.21,8381,8,0
2026-01-02 06:00:00,4375.21,4378.49,4371.5,4373.78,7777,8,0
2026-01-02 06:30:00,4373.78,4375.99,4371.32,4373.23,6728,8,0
2026-01-02 07:00:00,4373.23,4380.15,4371.19,4378.54,7748,8,0
2026-01-02 07:30:00,4378.56,4381.78,4377.83,4380.69,6582,8,0
2026-01-02 08:00:00,4380.68,4381.06,4373.74,4379.86,7868,8,0
2026-01-02 08:30:00,4379.86,4379.93,4373.43,4374.8,8070,8,0
2026-01-02 09:00:00,4374.8,4378.04,4371.97,4373.87,8847,8,0
2026-01-02 09:30:00,4373.87,4383.42,4372.27,4382.89,8781,8,0
2026-01-02 10:00:00,4382.87,4386.67,4380.88,4385.4,8285,8,0
2026-01-02 10:30:00,4385.4,4397.56,4384.25,4387.07,8993,8,0
2026-01-02 11:00:00,4387.02,4391.62,4383.4,4388.75,8940,8,0
2026-01-02 11:30:00,4388.69,4389.89,4385.12,4385.48,7774,8,0
2026-01-02 12:00:00,4385.45,4390.07,4384.66,4386.41,7666,8,0
2026-01-02 12:30:00,4386.5,4398.6,4384.99,4396.22,8804,8,0
2026-01-02 13:00:00,4396.17,4399.37,4394.02,4394.51,7020,8,0
2026-01-02 13:30:00,4394.5,4395.75,4390.79,4393.05,9045,8,0
2026-01-02 14:00:00,4393.08,4398.3,4391.3,4393.37,8390,8,0
2026-01-02 14:30:00,4393.35,4394.77,4385.3,4394.38,9571,8,0
2026-01-02 15:00:00,4394.38,4402.32,4373.22,4374.58,10946,8,0
2026-01-02 15:30:00,4374.63,4377.83,4362.12,4366.05,11657,8,0
2026-01-02 16:00:00,4366.05,4373.7,4364.79,4368.37,10303,8,0
2026-01-02 16:30:00,4368.41,4370.14,4348.25,4353.51,13579,8,0
2026-01-02 17:00:00,4353.51,4357.13,4330.34,4336.66,13284,8,0
2026-01-02 17:30:00,4336.7,4347.08,4331.82,4335.32,12618,8,0
2026-01-02 18:00:00,4335.4,4337.49,4315.19,4321.74,13359,8,0
2026-01-02 18:30:00,4321.74,4328.31,4315.33,4326.53,12056,8,0
2026-01-02 19:00:00,4326.5,4333.64,4324.08,4328.68,11064,8,0
2026-01-02 19:30:00,4328.84,4331.28,4322.8,4323.11,11585,8,0
2026-01-02 20:00:00,4323.11,4323.7,4310.77,4318.82,11546,8,0
2026-01-02 20:30:00,4318.79,4319.6,4310.01,4315.17,10801,8,0
2026-01-02 21:00:00,4315.17,4323.21,4315.17,4318.6,10448,8,0
2026-01-02 21:30:00,4318.6,4326.33,4317.52,4318.11,10653,8,0
2026-01-02 22:00:00,4318.11,4329.52,4317.23,4328.56,10331,8,0
2026-01-02 22:30:00,4328.6,4331.59,4325.4,4331.47,9373,8,0
2026-01-02 23:00:00,4331.5,4331.85,4327.16,4328.94,5238,8,0
2026-01-02 23:30:00,4328.94,4333.48,4327.37,4332.94,4206,8,0
2026-01-05 01:00:00,4361.3,4372.63,4345.75,4367.0,9357,8,0
2026-01-05 01:30:00,4367.0,4375.96,4354.49,4372.52,8856,8,0
2026-01-05 02:00:00,4372.57,4389.54,4370.27,4387.03,8471,8,0
2026-01-05 02:30:00,4387.16,4396.65,4385.13,4394.79,10771,8,0
2026-01-05 03:00:00,4394.96,4420.7,4394.28,4396.06,14483,8,0
2026-01-05 03:30:00,4396.15,4406.81,4391.4,4401.9,13569,8,0
2026-01-05 04:00:00,4401.94,4404.96,4388.89,4402.26,11140,8,0
2026-01-05 04:30:00,4402.26,4409.71,4398.82,4405.52,12481,8,0
2026-01-05 05:00:00,4405.42,4414.05,4405.38,4407.53,11616,8,0
2026-01-05 05:30:00,4407.53,4410.75,4399.98,4400.27,9539,8,0
2026-01-05 06:00:00,4400.08,4406.37,4397.35,4404.86,6724,8,0
2026-01-05 06:30:00,4404.86,4408.42,4403.6,4404.33,5993,8,0
2026-01-05 07:00:00,4404.28,4412.77,4403.79,4412.62,6451,8,0
2026-01-05 07:30:00,4412.62,4414.52,4401.1,4412.45,10966,8,0
2026-01-05 08:00:00,4412.45,4426.19,4411.39,4424.11,11248,8,0
2026-01-05 08:30:00,4424.11,4426.54,4416.26,4420.27,9793,8,0
2026-01-05 09:00:00,4420.27,4424.0,4416.76,4420.39,8216,8,0
2026-01-05 09:30:00,4420.38,4425.17,4418.63,4421.89,8457,8,0
2026-01-05 10:00:00,4421.89,4430.28,4419.43,4426.65,8566,8,0
2026-01-05 10:30:00,4426.64,4433.87,4423.82,4430.14,8438,8,0
2026-01-05 11:00:00,4430.14,4434.47,4426.23,4432.71,8470,8,0
2026-01-05 11:30:00,4432.69,4438.26,4431.04,4434.88,8979,8,0
2026-01-05 12:00:00,4434.88,4436.61,4430.87,4433.23,6835,8,0
2026-01-05 12:30:00,4433.23,4439.9,4432.69,4436.28,7967,8,0
2026-01-05 13:00:00,4436.33,4437.43,4411.07,4417.28,10184,8,0
2026-01-05 13:30:00,4417.27,4426.12,4415.38,4419.5,9983,8,0
2026-01-05 14:00:00,4419.4,4421.5,4414.02,4415.76,9901,8,0
2026-01-05 14:30:00,4415.76,4417.24,4405.64,4409.74,10107,8,0
2026-01-05 15:00:00,4409.75,4418.96,4397.37,4399.64,13309,8,0
2026-01-05 15:30:00,4399.64,4417.33,4396.29,4416.91,12388,8,0
2026-01-05 16:00:00,4416.91,4429.7,4416.87,4421.21,13023,8,0
2026-01-05 16:30:00,4421.19,4442.93,4418.02,4436.76,14911,8,0
2026-01-05 17:00:00,4436.76,4455.81,4436.76,4444.55,14330,8,0
2026-01-05 17:30:00,4444.68,4449.92,4435.51,4448.6,12893,8,0
2026-01-05 18:00:00,4448.62,4451.45,4438.43,4440.88,11175,8,0
2026-01-05 18:30:00,4440.93,4454.45,4440.3,4441.84,10598,8,0
2026-01-05 19:00:00,4441.86,4449.11,4432.39,4445.87,11787,8,0
2026-01-05 19:30:00,4445.87,4447.55,4437.83,4443.58,11234,8,0
2026-01-05 20:00:00,4443.58,4448.59,4439.86,4441.33,10436,8,0
2026-01-05 20:30:00,4441.33,4448.42,4441.09,4448.42,7987,8,0
2026-01-05 21:00:00,4448.52,4449.36,4435.11,4441.74,10406,8,0
2026-01-05 21:30:00,4441.74,4445.86,4438.67,4439.83,8013,8,0
2026-01-05 22:00:00,4439.83,4447.05,4439.16,4445.67,10046,8,0
2026-01-05 22:30:00,4445.67,4446.05,4438.08,4444.95,9632,8,0
2026-01-05 23:00:00,4444.93,4448.16,4443.4,4445.63,5432,8,0
2026-01-05 23:30:00,4445.64,4449.24,4445.38,4449.02,3170,8,0
2026-01-06 01:00:00,4448.18,4460.18,4448.11,4449.04,5550,8,0
2026-01-06 01:30:00,4449.06,4450.41,4436.9,4440.63,6029,8,0
2026-01-06 02:00:00,4440.68,4442.63,4436.71,4440.91,5923,8,0
2026-01-06 02:30:00,4440.91,4444.78,4430.57,4436.46,8440,8,0
2026-01-06 03:00:00,4436.45,4444.26,4428.08,4435.03,12643,8,0
2026-01-06 03:30:00,4435.02,4452.34,4432.79,4450.68,11563,8,0
2026-01-06 04:00:00,4450.75,4460.72,4448.84,4460.33,11203,8,0
2026-01-06 04:30:00,4460.28,4461.09,4448.85,4454.92,10932,8,0
2026-01-06 05:00:00,4454.95,4468.12,4454.23,4463.8,10460,8,0
2026-01-06 05:30:00,4463.8,4468.21,4463.15,4467.72,6467,8,0
2026-01-06 06:00:00,4467.72,4468.55,4463.39,4464.88,6517,8,0
2026-01-06 06:30:00,4464.89,4468.46,4461.93,4467.44,5984,8,0
2026-01-06 07:00:00,4467.44,4470.82,4466.97,4469.78,7874,8,0
2026-01-06 07:30:00,4469.78,4474.24,4449.54,4452.06,12766,8,0
2026-01-06 08:00:00,4452.3,4461.28,4451.6,4461.22,10410,8,0
2026-01-06 08:30:00,4461.17,4467.08,4459.13,4465.91,10327,8,0
2026-01-06 09:00:00,4465.89,4470.45,4461.74,4464.7,8253,8,0
2026-01-06 09:30:00,4464.7,4467.32,4457.26,4459.54,7772,8,0
2026-01-06 10:00:00,4459.54,4475.83,4457.55,4471.17,8493,8,0
2026-01-06 10:30:00,4471.15,4472.56,4464.57,4468.43,8559,8,0
2026-01-06 11:00:00,4468.43,4468.57,4452.16,4456.82,9179,8,0
2026-01-06 11:30:00,4456.82,4457.19,4444.91,4446.4,8965,8,0
2026-01-06 12:00:00,4446.4,4452.65,4442.74,4450.19,8218,8,0
2026-01-06 12:30:00,4450.19,4456.04,4448.56,4451.78,7328,8,0
2026-01-06 13:00:00,4451.78,4455.86,4448.85,4455.65,6533,8,0
2026-01-06 13:30:00,4455.62,4464.54,4455.04,4463.39,8435,8,0
2026-01-06 14:00:00,4463.37,4465.72,4461.52,4464.54,7774,8,0
2026-01-06 14:30:00,4464.55,4466.35,4458.9,4463.75,8385,8,0
2026-01-06 15:00:00,4463.75,4470.48,4457.59,4459.19,12651,8,0
2026-01-06 15:30:00,4459.19,4468.31,4454.22,4468.05,12005,8,0
2026-01-06 16:00:00,4468.05,4473.37,4464.56,4466.82,11678,8,0
2026-01-06 16:30:00,4466.83,4489.82,4465.4,4486.74,14000,8,0
2026-01-06 17:00:00,4487.42,4490.93,4474.0,4481.05,14157,8,0
2026-01-06 17:30:00,4481.05,4481.98,4463.24,4478.46,13923,8,0
2026-01-06 18:00:00,4478.44,4485.37,4471.7,4483.47,12376,8,0
2026-01-06 18:30:00,4483.49,4488.94,4482.56,4488.37,11627,8,0
2026-01-06 19:00:00,4488.35,4490.31,4484.54,4487.21,10571,8,0
2026-01-06 19:30:00,4487.21,4491.49,4481.67,4489.49,10622,8,0
2026-01-06 20:00:00,4489.49,4494.13,4484.43,4486.07,11024,8,0
2026-01-06 20:30:00,4486.03,4490.35,4482.25,4488.58,9634,8,0
2026-01-06 21:00:00,4488.58,4489.52,4477.5,4480.97,10202,8,0
2026-01-06 21:30:00,4480.97,4483.79,4477.9,4481.36,9558,8,0
2026-01-06 22:00:00,4481.38,4487.62,4480.43,4485.67,7935,8,0
2026-01-06 22:30:00,4485.67,4496.99,4483.86,4493.85,9651,8,0
2026-01-06 23:00:00,4493.87,4494.6,4491.83,4494.06,4970,8,0
2026-01-06 23:30:00,4494.07,4497.37,4493.98,4494.62,3990,8,0
2026-01-07 01:00:00,4495.58,4500.52,4494.65,4498.52,5711,8,0
2026-01-07 01:30:00,4498.51,4499.57,4492.14,4493.4,5687,8,0
2026-01-07 02:00:00,4493.46,4494.36,4489.8,4491.2,6137,8,0
2026-01-07 02:30:00,4491.2,4494.72,4482.64,4492.13,8761,8,0
2026-01-07 03:00:00,4491.99,4495.84,4469.33,4477.19,13878,8,0
2026-01-07 03:30:00,4477.23,4477.99,4461.28,4465.6,12749,8,0
2026-01-07 04:00:00,4465.6,4475.67,4459.78,4473.93,10918,8,0
2026-01-07 04:30:00,4473.93,4478.78,4473.59,4474.82,10918,8,0
2026-01-07 05:00:00,4474.82,4480.35,4471.99,4476.53,10614,8,0
2026-01-07 05:30:00,4476.54,4478.89,4473.78,4474.81,8607,8,0
2026-01-07 06:00:00,4474.77,4476.16,4466.08,4466.25,8410,8,0
2026-01-07 06:30:00,4466.3,4468.74,4463.66,4464.85,7712,8,0
2026-01-07 07:00:00,4464.85,4470.5,4462.1,4468.78,7819,8,0
2026-01-07 07:30:00,4468.84,4469.24,4443.39,4454.42,13609,8,0
2026-01-07 08:00:00,4454.42,4460.41,4452.35,4455.06,10728,8,0
2026-01-07 08:30:00,4455.06,4455.52,4441.58,4444.29,11196,8,0
2026-01-07 09:00:00,4444.25,4455.0,4441.78,4454.92,9035,8,0
2026-01-07 09:30:00,4454.92,4465.0,4453.7,4461.16,8541,8,0
2026-01-07 10:00:00,4461.16,4468.58,4459.41,4465.2,7973,8,0
2026-01-07 10:30:00,4465.19,4474.83,4464.17,4468.32,8078,8,0
2026-01-07 11:00:00,4468.32,4468.74,4459.5,4462.32,8707,8,0
2026-01-07 11:30:00,4462.31,4465.66,4460.08,4463.47,6988,8,0
2026-01-07 12:00:00,4463.47,4466.63,4458.93,4460.02,6957,8,0
2026-01-07 12:30:00,4459.97,4467.76,4459.01,4464.46,6970,8,0
2026-01-07 13:00:00,4464.46,4465.01,4455.4,4459.08,6867,8,0
2026-01-07 13:30:00,4459.08,4460.16,4446.59,4447.4,8708,8,0
2026-01-07 14:00:00,4447.4,4450.53,4439.35,4450.19,10358,8,0
2026-01-07 14:30:00,4450.18,4455.13,4445.14,4445.17,9593,8,0
2026-01-07 15:00:00,4445.15,4449.9,4427.94,4442.2,13780,8,0
2026-01-07 15:30:00,4442.21,4453.13,4438.23,4452.96,12908,8,0
2026-01-07 16:00:00,4452.91,4454.23,4442.82,4444.74,12737,8,0
2026-01-07 16:30:00,4444.73,4453.13,4435.7,4445.53,14451,8,0
2026-01-07 17:00:00,4445.53,4445.53,4423.53,4442.07,14291,8,0
2026-01-07 17:30:00,4442.11,4452.29,4440.7,4446.17,13120,8,0
2026-01-07 18:00:00,4446.12,4461.23,4443.93,4457.97,12380,8,0
2026-01-07 18:30:00,4457.97,4468.37,4456.96,4464.19,11933,8,0
2026-01-07 19:00:00,4464.18,4465.43,4457.24,4458.49,9664,8,0
2026-01-07 19:30:00,4458.49,4461.5,4449.89,4451.89,10080,8,0
2026-01-07 20:00:00,4452.05,4455.84,4447.28,4452.14,11729,8,0
2026-01-07 20:30:00,4452.11,4458.9,4450.5,4452.16,9541,8,0
2026-01-07 21:00:00,4452.17,4455.39,4445.46,4450.66,9990,8,0
2026-01-07 21:30:00,4450.66,4458.01,4450.54,4456.98,9105,8,0
2026-01-07 22:00:00,4456.98,4461.67,4455.45,4458.21,9629,8,0
2026-01-07 22:30:00,4458.18,4460.44,4450.61,4452.04,9871,8,0
2026-01-07 23:00:00,4452.04,4455.17,4449.92,4452.57,5315,8,0
2026-01-07 23:30:00,4452.57,4456.07,4452.32,4455.76,3250,8,0
2026-01-08 01:00:00,4458.85,4463.99,4458.33,4462.04,4627,8,0
2026-01-08 01:30:00,4462.04,4463.87,4459.87,4463.49,4439,8,0
2026-01-08 02:00:00,4463.55,4466.45,4454.2,4456.97,5891,8,0
2026-01-08 02:30:00,4456.97,4459.06,4446.82,4450.26,10083,8,0
2026-01-08 03:00:00,4450.26,4460.38,4444.67,4455.17,12477,8,0
2026-01-08 03:30:00,4455.16,4457.62,4441.97,4448.49,11305,8,0
2026-01-08 04:00:00,4448.48,4449.69,4440.41,4441.27,10296,8,0
2026-01-08 04:30:00,4441.25,4444.12,4433.51,4441.38,12583,8,0
2026-01-08 05:00:00,4441.38,4445.82,4437.43,4444.23,11826,8,0
2026-01-08 05:30:00,4444.25,4446.49,4438.24,4440.39,7691,8,0
2026-01-08 06:00:00,4440.39,4440.58,4436.69,4436.73,7156,8,0
2026-01-08 06:30:00,4436.73,4438.85,4430.3,4431.65,7727,8,0
2026-01-08 07:00:00,4431.66,4432.45,4423.18,4426.14,9746,8,0
2026-01-08 07:30:00,4426.14,4427.95,4415.79,4425.62,13596,8,0
2026-01-08 08:00:00,4425.62,4429.4,4416.11,4426.27,12640,8,0
2026-01-08 08:30:00,4426.27,4437.85,4426.27,4433.3,12074,8,0
2026-01-08 09:00:00,4433.3,4439.71,4430.87,4436.6,9581,8,0
2026-01-08 09:30:00,4436.59,4436.8,4428.47,4431.0,8282,8,0
2026-01-08 10:00:00,4431.01,4433.37,4425.4,4426.91,9164,8,0
2026-01-08 10:30:00,4426.91,4432.95,4419.99,4431.65,10574,8,0
2026-01-08 11:00:00,4431.71,4435.5,4426.04,4430.46,9291,8,0
2026-01-08 11:30:00,4430.42,4434.92,4429.15,4432.66,7585,8,0
2026-01-08 12:00:00,4432.66,4432.74,4423.11,4424.68,8177,8,0
2026-01-08 12:30:00,4424.67,4434.83,4423.72,4433.31,6850,8,0
2026-01-08 13:00:00,4433.3,4433.3,4424.8,4426.48,8150,8,0
2026-01-08 13:30:00,4426.49,4428.16,4422.36,4422.9,7668,8,0
2026-01-08 14:00:00,4422.91,4422.99,4407.76,4420.53,11070,8,0
2026-01-08 14:30:00,4420.53,4431.43,4420.11,4427.74,10254,8,0
2026-01-08 15:00:00,4427.75,4436.12,4417.42,4434.38,12960,8,0
2026-01-08 15:30:00,4434.38,4435.61,4421.89,4423.87,11853,8,0
2026-01-08 16:00:00,4423.83,4430.24,4419.17,4427.89,12397,8,0
2026-01-08 16:30:00,4427.89,4439.34,4421.96,4433.0,14652,8,0
2026-01-08 17:00:00,4433.01,4454.08,4427.94,4447.78,13274,8,0
2026-01-08 17:30:00,4447.78,4456.36,4446.84,4454.23,12329,8,0
2026-01-08 18:00:00,4454.19,4457.96,4447.02,4453.73,11930,8,0
2026-01-08 18:30:00,4453.73,4464.56,4452.01,4463.33,12240,8,0
2026-01-08 19:00:00,4463.33,4465.47,4457.73,4461.74,10950,8,0
2026-01-08 19:30:00,4461.75,4464.11,4459.04,4463.55,8980,8,0
2026-01-08 20:00:00,4463.51,4463.51,4449.48,4452.14,11426,8,0
2026-01-08 20:30:00,4452.16,4455.09,4448.06,4449.66,9088,8,0
2026-01-08 21:00:00,4449.6,4451.26,4444.82,4447.84,9573,8,0
2026-01-08 21:30:00,4447.83,4452.95,4447.65,4452.22,7798,8,0
2026-01-08 22:00:00,4452.22,4473.84,4451.59,4470.05,8922,8,0
2026-01-08 22:30:00,4470.06,4478.17,4470.05,4476.2,11579,8,0
2026-01-08 23:00:00,4476.21,4479.52,4472.78,4475.2,6203,8,0
2026-01-08 23:30:00,4475.2,4478.7,4472.79,4477.39,4613,8,0
2026-01-09 01:00:00,4481.27,4484.1,4475.17,4477.06,5359,8,0
2026-01-09 01:30:00,4477.21,4477.43,4472.88,4475.64,4992,8,0
2026-01-09 02:00:00,4475.64,4476.65,4463.63,4465.81,5870,8,0
2026-01-09 02:30:00,4465.84,4468.74,4460.06,4461.4,7675,8,0
2026-01-09 03:00:00,4462.54,4465.76,4452.95,4457.42,12557,8,0
2026-01-09 03:30:00,4457.46,4470.05,4456.28,4469.05,11394,8,0
2026-01-09 04:00:00,4469.06,4476.56,4468.91,4472.33,9343,8,0
2026-01-09 04:30:00,4472.33,4475.48,4465.72,4469.61,10131,8,0
2026-01-09 05:00:00,4469.59,4470.02,4461.1,4463.52,10941,8,0
2026-01-09 05:30:00,4463.52,4465.94,4460.57,4464.25,6435,8,0
2026-01-09 06:00:00,4464.2,4465.71,4460.83,4462.91,6073,8,0
2026-01-09 06:30:00,4462.91,4466.95,4461.65,4464.76,5293,8,0
2026-01-09 07:00:00,4464.76,4466.84,4458.35,4464.66,5695,8,0
2026-01-09 07:30:00,4464.66,4471.84,4464.5,4468.16,9790,8,0
2026-01-09 08:00:00,4468.16,4473.65,4466.15,4473.65,9268,8,0
2026-01-09 08:30:00,4473.67,4477.47,4472.78,4474.18,9077,8,0
2026-01-09 09:00:00,4474.17,4475.55,4468.8,4470.39,6538,8,0
2026-01-09 09:30:00,4470.39,4473.59,4468.64,4470.31,6298,8,0
2026-01-09 10:00:00,4470.31,4476.9,4466.43,4473.32,7796,8,0
2026-01-09 10:30:00,4473.34,4473.92,4464.11,4468.55,7529,8,0
2026-01-09 11:00:00,4468.55,4477.66,4468.46,4473.92,7626,8,0
2026-01-09 11:30:00,4473.93,4475.18,4470.8,4471.22,6463,8,0
2026-01-09 12:00:00,4471.23,4474.29,4469.09,4469.09,5245,8,0
2026-01-09 12:30:00,4469.1,4472.79,4467.16,4472.64,5910,8,0
2026-01-09 13:00:00,4472.63,4474.79,4470.04,4470.71,5438,8,0
2026-01-09 13:30:00,4470.71,4476.22,4468.84,4475.55,6414,8,0
2026-01-09 14:00:00,4475.47,4480.5,4467.17,4467.91,8173,8,0
2026-01-09 14:30:00,4467.82,4468.8,4461.27,4466.08,8709,8,0
2026-01-09 15:00:00,4466.08,4474.64,4462.33,4473.1,12143,8,0
2026-01-09 15:30:00,4473.08,4491.95,4459.34,4482.78,14473,8,0
2026-01-09 16:00:00,4482.79,4496.61,4480.69,4494.51,13686,8,0
2026-01-09 16:30:00,4494.48,4498.1,4479.31,4494.47,14761,8,0
2026-01-09 17:00:00,4494.57,4511.03,4490.33,4505.42,13812,8,0
2026-01-09 17:30:00,4505.51,4517.16,4505.42,4512.4,13216,8,0
2026-01-09 18:00:00,4512.42,4514.38,4499.88,4503.76,13037,8,0
2026-01-09 18:30:00,4503.77,4508.07,4500.87,4506.5,10296,8,0
2026-01-09 19:00:00,4506.5,4511.49,4502.11,4503.92,10748,8,0
2026-01-09 19:30:00,4503.92,4510.17,4482.15,4484.67,11650,8,0
2026-01-09 20:00:00,4484.66,4494.63,4483.15,4491.48,11378,8,0
2026-01-09 20:30:00,4491.49,4504.59,4491.25,4496.26,9570,8,0
2026-01-09 21:00:00,4496.24,4501.7,4492.84,4498.97,8246,8,0
2026-01-09 21:30:00,4498.91,4501.92,4496.03,4499.45,7786,8,0
2026-01-09 22:00:00,4499.4,4509.49,4497.91,4505.59,8943,8,0
2026-01-09 22:30:00,4505.59,4510.17,4502.6,4507.72,9341,8,0
2026-01-09 23:00:00,4507.66,4510.49,4505.08,4509.76,4218,8,0
2026-01-09 23:30:00,4509.76,4511.07,4506.16,4509.52,4252,8,0
2026-01-12 01:00:00,4518.93,4538.33,4512.96,4537.97,8863,8,0
2026-01-12 01:30:00,4537.97,4544.97,4533.37,4540.1,8354,8,0
2026-01-12 02:00:00,4540.1,4565.97,4536.41,4564.8,10529,8,0
2026-01-12 02:30:00,4564.8,4601.25,4562.43,4588.87,13668,8,0
2026-01-12 03:00:00,4588.87,4595.06,4574.0,4582.67,14986,8,0
2026-01-12 03:30:00,4582.82,4584.23,4570.55,4570.65,12992,8,0
2026-01-12 04:00:00,4570.29,4575.01,4561.94,4566.28,11821,8,0
2026-01-12 04:30:00,4566.28,4582.18,4562.63,4577.55,12148,8,0
2026-01-12 05:00:00,4577.55,4581.3,4575.23,4581.27,10641,8,0
2026-01-12 05:30:00,4581.19,4581.42,4567.83,4570.67,8474,8,0
2026-01-12 06:00:00,4570.68,4572.19,4565.68,4568.71,8364,8,0
2026-01-12 06:30:00,4568.66,4570.29,4563.4,4568.46,7721,8,0
2026-01-12 07:00:00,4568.5,4573.98,4566.22,4572.53,6918,8,0
2026-01-12 07:30:00,4572.53,4585.05,4570.01,4580.91,11625,8,0
2026-01-12 08:00:00,4580.91,4580.96,4569.87,4573.75,10019,8,0
2026-01-12 08:30:00,4573.75,4579.96,4572.11,4578.58,9489,8,0
2026-01-12 09:00:00,4578.58,4587.62,4574.83,4581.5,10134,8,0
2026-01-12 09:30:00,4581.59,4589.69,4578.75,4587.77,8495,8,0
2026-01-12 10:00:00,4587.77,4589.52,4579.54,4583.64,9416,8,0
2026-01-12 10:30:00,4583.59,4598.45,4581.95,4596.89,9459,8,0
2026-01-12 11:00:00,4596.88,4599.39,4593.45,4596.64,9691,8,0
2026-01-12 11:30:00,4596.6,4597.09,4587.76,4589.19,8194,8,0
2026-01-12 12:00:00,4589.19,4594.11,4586.13,4592.52,7404,8,0
2026-01-12 12:30:00,4592.54,4595.49,4586.77,4594.31,7357,8,0
2026-01-12 13:00:00,4594.33,4594.97,4583.96,4585.22,7529,8,0
2026-01-12 13:30:00,4585.22,4592.15,4581.86,4585.29,7778,8,0
2026-01-12 14:00:00,4585.29,4586.79,4578.56,4582.77,9139,8,0
2026-01-12 14:30:00,4582.77,4590.7,4582.37,4590.49,8971,8,0
2026-01-12 15:00:00,4590.47,4611.16,4588.69,4605.09,13399,8,0
2026-01-12 15:30:00,4605.02,4620.37,4604.97,4615.86,11506,8,0
2026-01-12 16:00:00,4615.85,4617.27,4585.08,4587.18,14515,8,0
2026-01-12 16:30:00,4586.66,4611.48,4585.57,4602.24,15155,8,0
2026-01-12 17:00:00,4602.22,4622.3,4601.98,4619.77,13909,8,0
2026-01-12 17:30:00,4619.66,4627.5,4618.11,4621.39,12335,8,0
2026-01-12 18:00:00,4621.38,4630.23,4617.6,4620.09,11200,8,0
2026-01-12 18:30:00,4620.08,4623.23,4607.94,4616.97,11308,8,0
2026-01-12 19:00:00,4617.0,4618.54,4612.2,4616.42,9876,8,0
2026-01-12 19:30:00,4616.42,4620.58,4610.78,4616.43,10551,8,0
2026-01-12 20:00:00,4616.43,4618.59,4600.62,4605.73,11374,8,0
2026-01-12 20:30:00,4605.72,4611.17,4603.21,4610.88,8851,8,0
2026-01-12 21:00:00,4610.89,4617.31,4608.81,4616.92,9213,8,0
2026-01-12 21:30:00,4616.9,4618.94,4609.35,4611.21,8584,8,0
2026-01-12 22:00:00,4611.21,4611.73,4599.76,4602.45,10836,8,0
2026-01-12 22:30:00,4602.44,4604.76,4591.57,4593.71,10911,8,0
2026-01-12 23:00:00,4593.76,4596.98,4591.11,4593.77,6459,8,0
2026-01-12 23:30:00,4593.83,4597.13,4589.39,4596.9,5256,8,0
2026-01-13 01:00:00,4597.27,4608.18,4578.19,4584.56,9137,8,0
2026-01-13 01:30:00,4584.56,4599.61,4584.15,4599.16,8068,8,0
2026-01-13 02:00:00,4599.22,4599.48,4588.26,4588.41,6471,8,0
2026-01-13 02:30:00,4588.41,4592.1,4584.59,4587.39,7302,8,0
2026-01-13 03:00:00,4587.39,4595.82,4581.69,4581.81,12838,8,0
2026-01-13 03:30:00,4581.8,4587.27,4575.71,4577.93,12351,8,0
2026-01-13 04:00:00,4577.93,4590.6,4576.79,4583.83,10169,8,0
2026-01-13 04:30:00,4583.82,4595.16,4582.17,4594.31,11524,8,0
2026-01-13 05:00:00,4594.31,4599.7,4592.88,4595.75,9669,8,0
2026-01-13 05:30:00,4595.73,4598.2,4592.58,4594.21,7391,8,0
2026-01-13 06:00:00,4594.21,4599.7,4594.04,4597.4,6503,8,0
2026-01-13 06:30:00,4597.4,4599.91,4594.71,4596.51,6181,8,0
2026-01-13 07:00:00,4596.51,4601.62,4591.98,4601.41,6400,8,0
2026-01-13 07:30:00,4601.44,4602.24,4585.74,4592.25,11234,8,0
2026-01-13 08:00:00,4592.15,4592.46,4582.55,4584.89,11223,8,0
2026-01-13 08:30:00,4584.89,4586.07,4573.73,4581.61,10883,8,0
2026-01-13 09:00:00,4581.65,4585.4,4579.03,4584.0,7042,8,0
2026-01-13 09:30:00,4584.0,4587.13,4577.55,4580.77,7759,8,0
2026-01-13 10:00:00,4580.67,4592.55,4579.75,4590.07,8537,8,0
2026-01-13 10:30:00,4590.04,4597.09,4589.29,4592.81,7964,8,0
2026-01-13 11:00:00,4592.85,4595.69,4588.12,4589.25,6700,8,0
2026-01-13 11:30:00,4589.25,4592.09,4585.78,4586.16,6801,8,0
2026-01-13 12:00:00,4586.16,4587.0,4580.53,4584.77,6669,8,0
2026-01-13 12:30:00,4584.77,4588.37,4581.83,4586.37,6365,8,0
2026-01-13 13:00:00,4586.37,4589.14,4582.22,4586.9,6855,8,0
2026-01-13 13:30:00,4586.9,4592.09,4585.12,4588.58,6548,8,0
2026-01-13 14:00:00,4588.59,4589.26,4577.89,4580.58,7194,8,0
2026-01-13 14:30:00,4580.59,4595.3,4579.43,4593.29,7321,8,0
2026-01-13 15:00:00,4593.28,4606.44,4590.87,4601.09,12662,8,0
2026-01-13 15:30:00,4601.11,4620.94,4601.11,4611.58,13710,8,0
2026-01-13 16:00:00,4611.58,4623.66,4609.16,4618.18,12540,8,0
2026-01-13 16:30:00,4618.22,4634.71,4611.7,4629.94,14808,8,0
2026-01-13 17:00:00,4629.92,4630.32,4600.95,4608.83,14973,8,0
2026-01-13 17:30:00,4608.83,4620.74,4605.24,4619.21,13114,8,0
2026-01-13 18:00:00,4619.18,4620.84,4593.15,4598.79,12759,8,0
2026-01-13 18:30:00,4598.77,4613.97,4596.89,4613.49,11209,8,0
2026-01-13 19:00:00,4613.49,4616.08,4606.48,4609.85,9874,8,0
2026-01-13 19:30:00,4609.84,4612.07,4586.78,4590.42,12034,8,0
2026-01-13 20:00:00,4590.46,4595.05,4581.25,4591.73,13652,8,0
2026-01-13 20:30:00,4591.76,4602.01,4589.92,4594.18,11287,8,0
2026-01-13 21:00:00,4594.18,4597.23,4584.3,4593.38,10868,8,0
2026-01-13 21:30:00,4593.35,4598.97,4590.74,4597.56,9613,8,0
2026-01-13 22:00:00,4597.56,4597.83,4587.89,4589.07,9770,8,0
2026-01-13 22:30:00,4589.05,4589.33,4569.87,4586.03,12284,8,0
2026-01-13 23:00:00,4586.0,4589.55,4582.86,4587.99,6371,8,0
2026-01-13 23:30:00,4588.0,4589.87,4585.69,4586.63,4511,8,0
2026-01-14 01:00:00,4588.39,4597.84,4587.26,4597.36,6312,8,0
2026-01-14 01:30:00,4597.36,4598.85,4593.3,4597.1,5575,8,0
2026-01-14 02:00:00,4597.05,4610.64,4597.0,4609.78,7689,8,0
2026-01-14 02:30:00,4609.8,4610.76,4604.78,4609.03,8412,8,0
2026-01-14 03:00:00,4609.03,4618.42,4606.32,4614.67,11869,8,0
2026-01-14 03:30:00,4614.69,4620.01,4613.62,4619.25,11284,8,0
2026-01-14 04:00:00,4619.25,4621.39,4614.31,4620.1,9781,8,0
2026-01-14 04:30:00,4620.1,4623.7,4618.13,4620.54,10162,8,0
2026-01-14 05:00:00,4620.54,4622.82,4613.46,4615.13,9754,8,0
2026-01-14 05:30:00,4615.17,4630.03,4615.0,4628.22,8062,8,0
2026-01-14 06:00:00,4628.22,4630.11,4625.38,4626.59,8286,8,0
2026-01-14 06:30:00,4626.56,4630.47,4625.5,4629.23,7517,8,0
2026-01-14 07:00:00,4629.31,4639.68,4629.29,4634.25,8695,8,0
2026-01-14 07:30:00,4634.27,4639.63,4618.07,4619.89,12245,8,0
2026-01-14 08:00:00,4619.93,4635.36,4618.56,4633.04,12285,8,0
2026-01-14 08:30:00,4633.04,4637.23,4626.07,4637.22,11184,8,0
2026-01-14 09:00:00,4637.24,4639.62,4631.64,4637.21,8608,8,0
2026-01-14 09:30:00,4637.21,4638.48,4632.51,4632.59,7099,8,0
2026-01-14 10:00:00,4632.59,4634.16,4622.05,4625.16,9997,8,0
2026-01-14 10:30:00,4625.11,4638.0,4624.54,4634.92,9074,8,0
2026-01-14 11:00:00,4634.96,4639.58,4633.34,4637.56,8272,8,0
2026-01-14 11:30:00,4637.56,4637.78,4627.15,4630.55,8220,8,0
2026-01-14 12:00:00,4630.47,4637.01,4627.89,4635.03,7224,8,0
2026-01-14 12:30:00,4635.03,4638.25,4631.29,4633.09,7951,8,0
2026-01-14 13:00:00,4633.09,4637.52,4629.31,4630.27,7757,8,0
2026-01-14 13:30:00,4630.29,4632.85,4626.14,4630.36,7436,8,0
2026-01-14 14:00:00,4630.38,4639.02,4630.36,4636.2,9262,8,0
2026-01-14 14:30:00,4636.2,4641.89,4633.81,4638.73,8891,8,0
2026-01-14 15:00:00,4638.72,4641.59,4627.5,4632.0,13150,8,0
2026-01-14 15:30:00,4632.01,4637.28,4624.41,4635.76,12412,9,0
2026-01-14 16:00:00,4635.76,4638.9,4629.79,4635.37,11655,9,0
2026-01-14 16:30:00,4635.39,4635.42,4606.87,4617.67,15357,9,0
2026-01-14 17:00:00,4617.67,4626.62,4599.39,4615.61,14870,9,0
2026-01-14 17:30:00,4615.58,4621.96,4610.09,4617.93,13726,9,0
2026-01-14 18:00:00,4617.96,4624.86,4615.06,4621.82,12467,9,0
2026-01-14 18:30:00,4621.81,4623.23,4608.7,4617.12,13161,9,0
2026-01-14 19:00:00,4617.1,4619.09,4605.72,4611.35,12210,9,0
2026-01-14 19:30:00,4611.39,4616.61,4601.27,4614.37,13238,9,0
2026-01-14 20:00:00,4614.37,4630.05,4612.86,4628.28,12203,9,0
2026-01-14 20:30:00,4628.28,4637.26,4628.17,4635.1,10836,9,0
2026-01-14 21:00:00,4635.12,4642.97,4633.52,4635.04,11905,9,0
2026-01-14 21:30:00,4635.08,4641.6,4634.63,4639.29,10703,9,0
2026-01-14 22:00:00,4639.27,4641.63,4626.18,4634.34,12610,9,0
2026-01-14 22:30:00,4634.34,4635.49,4625.81,4632.66,11650,9,0
2026-01-14 23:00:00,4632.66,4633.06,4621.04,4622.37,7219,9,0
2026-01-14 23:30:00,4622.37,4629.0,4617.9,4626.05,5875,9,0
2026-01-15 01:00:00,4630.62,4632.62,4605.53,4609.07,9640,9,0
2026-01-15 01:30:00,4609.06,4616.25,4602.91,4615.39,9225,9,0
2026-01-15 02:00:00,4615.33,4618.2,4611.72,4616.77,7735,8,0
2026-01-15 02:30:00,4616.77,4618.06,4610.18,4615.29,8694,9,0
2026-01-15 03:00:00,4615.29,4617.58,4597.08,4600.61,13775,9,0
2026-01-15 03:30:00,4600.53,4607.12,4583.8,4600.14,14202,9,0
2026-01-15 04:00:00,4600.2,4614.72,4597.59,4611.07,11738,9,0
2026-01-15 04:30:00,4611.06,4614.76,4595.49,4602.95,12376,9,0
2026-01-15 05:00:00,4602.98,4604.34,4581.33,4585.34,13360,9,0
2026-01-15 05:30:00,4585.26,4597.53,4581.25,4592.3,11049,9,0
2026-01-15 06:00:00,4592.29,4597.45,4587.06,4594.03,9501,9,0
2026-01-15 06:30:00,4594.03,4595.91,4589.4,4592.22,8234,9,0
2026-01-15 07:00:00,4592.28,4593.11,4581.25,4592.95,8280,9,0
2026-01-15 07:30:00,4592.96,4599.01,4581.55,4595.29,12363,9,0
2026-01-15 08:00:00,4595.28,4609.93,4593.79,4604.14,11804,9,0
2026-01-15 08:30:00,4604.11,4612.03,4600.61,4610.29,10840,9,0
2026-01-15 09:00:00,4610.29,4613.61,4605.95,4610.26,8195,9,0
2026-01-15 09:30:00,4610.26,4611.21,4599.29,4601.86,8298,9,0
2026-01-15 10:00:00,4601.83,4606.33,4597.91,4602.14,9508,9,0
2026-01-15 10:30:00,4602.14,4607.13,4599.26,4604.29,8456,9,0
2026-01-15 11:00:00,4604.29,4605.47,4600.68,4604.67,7648,9,0
2026-01-15 11:30:00,4604.68,4613.12,4602.83,4612.65,8958,9,0
2026-01-15 12:00:00,4612.67,4615.66,4609.43,4612.17,8126,9,0
2026-01-15 12:30:00,4612.24,4620.34,4610.67,4619.87,8043,9,0
2026-01-15 13:00:00,4619.87,4621.51,4617.32,4619.19,7208,9,0
2026-01-15 13:30:00,4619.19,4622.99,4615.66,4619.26,8154,9,0
2026-01-15 14:00:00,4619.24,4620.83,4614.07,4616.57,7992,9,0
2026-01-15 14:30:00,4616.59,4618.6,4611.76,4614.04,8429,9,0
2026-01-15 15:00:00,4614.02,4616.19,4602.72,4605.55,13568,9,0
2026-01-15 15:30:00,4605.54,4605.55,4582.35,4587.91,14030,9,0
2026-01-15 16:00:00,4588.26,4606.73,4583.55,4602.71,12723,9,0
2026-01-15 16:30:00,4602.7,4615.11,4600.39,4611.2,14687,9,0
2026-01-15 17:00:00,4611.15,4618.08,4603.86,4616.57,13324,9,0
2026-01-15 17:30:00,4616.56,4617.58,4609.55,4615.54,11903,9,0
2026-01-15 18:00:00,4615.52,4624.99,4608.74,4611.64,12660,9,0
2026-01-15 18:30:00,4611.64,4613.39,4601.41,4605.65,12220,9,0
2026-01-15 19:00:00,4605.65,4613.75,4605.65,4610.92,10083,9,0
2026-01-15 19:30:00,4610.94,4616.96,4610.36,4616.59,10475,9,0
2026-01-15 20:00:00,4616.59,4621.2,4616.45,4619.5,10901,9,0
2026-01-15 20:30:00,4619.48,4619.74,4613.68,4617.59,9239,9,0
2026-01-15 21:00:00,4617.59,4621.54,4617.48,4618.24,9119,9,0
2026-01-15 21:30:00,4618.29,4619.24,4612.84,4615.88,8846,9,0
2026-01-15 22:00:00,4615.89,4616.34,4600.81,4605.03,11588,9,0
2026-01-15 22:30:00,4605.0,4609.35,4603.46,4605.78,11282,9,0
2026-01-15 23:00:00,4605.78,4615.65,4604.55,4614.32,6703,9,0
2026-01-15 23:30:00,4614.26,4616.42,4613.64,4615.57,4346,9,0
2026-01-16 01:00:00,4616.45,4620.9,4608.88,4609.11,6210,9,0
2026-01-16 01:30:00,4609.03,4611.35,4606.47,4610.32,7141,9,0
2026-01-16 02:00:00,4610.32,4611.39,4603.46,4607.73,6463,8,0
2026-01-16 02:30:00,4607.73,4608.17,4598.6,4600.16,10271,9,0
2026-01-16 03:00:00,4600.15,4607.33,4594.03,4606.18,12575,9,0
2026-01-16 03:30:00,4606.29,4608.59,4599.2,4600.68,11058,9,0
2026-01-16 04:00:00,4600.69,4604.28,4596.96,4600.16,10762,9,0
2026-01-16 04:30:00,4600.16,4601.09,4591.43,4595.06,12122,9,0
2026-01-16 05:00:00,4595.04,4599.95,4594.54,4595.58,10235,9,0
2026-01-16 05:30:00,4595.6,4597.59,4592.86,4596.48,7037,9,0
2026-01-16 06:00:00,4596.47,4601.43,4596.11,4598.65,6063,9,0
2026-01-16 06:30:00,4598.65,4602.13,4597.35,4601.2,5558,9,0
2026-01-16 07:00:00,4601.2,4601.63,4595.32,4601.32,6370,9,0
2026-01-16 07:30:00,4601.31,4616.09,4596.54,4611.59,11021,9,0
2026-01-16 08:00:00,4611.58,4612.43,4603.72,4604.64,11184,9,0
2026-01-16 08:30:00,4604.64,4608.21,4594.13,4598.19,10400,9,0
2026-01-16 09:00:00,4598.21,4612.11,4596.9,4606.09,8187,9,0
2026-01-16 09:30:00,4606.06,4612.02,4601.11,4607.61,8075,9,0
2026-01-16 10:00:00,4607.62,4610.63,4604.8,4607.39,7235,9,0
2026-01-16 10:30:00,4607.39,4609.06,4601.36,4603.26,6946,9,0
2026-01-16 11:00:00,4603.26,4608.56,4599.76,4601.23,6866,9,0
2026-01-16 11:30:00,4601.22,4603.66,4599.01,4600.84,5561,9,0
2026-01-16 12:00:00,4600.86,4611.21,4600.66,4607.68,6257,9,0
2026-01-16 12:30:00,4607.64,4609.41,4599.81,4600.23,5933,9,0
2026-01-16 13:00:00,4600.25,4611.58,4598.63,4611.21,7490,9,0
2026-01-16 13:30:00,4611.21,4616.05,4609.67,4612.58,6483,9,0
2026-01-16 14:00:00,4612.6,4613.0,4604.77,4606.43,7040,9,0
2026-01-16 14:30:00,4606.45,4606.82,4597.38,4601.81,7864,9,0
2026-01-16 15:00:00,4601.88,4605.66,4582.68,4586.93,13744,9,0
2026-01-16 15:30:00,4586.85,4603.08,4585.49,4601.99,12556,9,0
2026-01-16 16:00:00,4601.96,4609.46,4598.45,4599.26,11179,9,0
2026-01-16 16:30:00,4599.17,4614.74,4596.33,4607.9,13854,9,0
2026-01-16 17:00:00,4607.86,4620.39,4564.83,4565.37,14236,9,0
2026-01-16 17:30:00,4565.26,4575.61,4536.75,4571.27,15792,9,0
2026-01-16 18:00:00,4571.29,4596.54,4567.86,4591.63,14389,9,0
2026-01-16 18:30:00,4591.83,4599.09,4582.12,4591.34,13045,9,0
2026-01-16 19:00:00,4591.37,4593.2,4576.88,4578.66,12018,9,0
2026-01-16 19:30:00,4578.65,4586.75,4577.05,4581.44,10785,9,0
2026-01-16 20:00:00,4581.44,4591.74,4580.1,4590.09,10880,9,0
2026-01-16 20:30:00,4590.09,4596.18,4582.29,4582.69,10374,9,0
2026-01-16 21:00:00,4582.66,4588.3,4580.99,4584.11,9977,9,0
2026-01-16 21:30:00,4584.11,4592.47,4584.01,4590.61,9376,9,0
2026-01-16 22:00:00,4590.61,4595.91,4587.64,4588.34,8513,9,0
2026-01-16 22:30:00,4588.34,4589.12,4580.77,4582.05,10957,9,0
2026-01-16 23:00:00,4582.0,4598.44,4582.0,4592.42,6117,9,0
2026-01-16 23:30:00,4592.42,4596.01,4591.75,4595.85,4742,9,0
2026-01-19 01:00:00,4628.22,4684.04,4620.22,4678.51,12661,9,0
2026-01-19 01:30:00,4678.63,4690.77,4663.75,4672.74,11318,9,0
2026-01-19 02:00:00,4672.7,4678.35,4661.2,4675.93,10475,9,0
2026-01-19 02:30:00,4676.05,4682.05,4672.08,4675.43,9393,9,0
2026-01-19 03:00:00,4675.4,4678.58,4656.66,4662.38,13940,9,0
2026-01-19 03:30:00,4662.37,4667.62,4656.21,4657.35,12149,9,0
2026-01-19 04:00:00,4657.29,4665.1,4653.33,4660.08,9904,9,0
2026-01-19 04:30:00,4660.06,4664.5,4655.02,4662.57,10924,9,0
2026-01-19 05:00:00,4662.55,4669.97,4662.51,4664.67,9688,9,0
2026-01-19 05:30:00,4664.73,4666.02,4658.28,4658.43,7618,9,0
2026-01-19 06:00:00,4658.43,4664.91,4658.3,4662.42,6216,9,0
2026-01-19 06:30:00,4662.4,4666.01,4659.27,4663.29,5422,9,0
2026-01-19 07:00:00,4663.29,4672.34,4663.18,4669.22,6317,9,0
2026-01-19 07:30:00,4669.22,4674.3,4663.78,4670.04,9163,9,0
2026-01-19 08:00:00,4670.04,4672.68,4666.85,4669.84,8086,9,0
2026-01-19 08:30:00,4669.84,4679.16,4669.77,4678.08,8180,9,0
2026-01-19 09:00:00,4678.06,4678.63,4663.83,4667.49,8447,9,0
2026-01-19 09:30:00,4667.49,4669.65,4661.93,4665.14,6598,9,0
2026-01-19 10:00:00,4665.14,4673.96,4663.89,4669.42,7556,9,0
2026-01-19 10:30:00,4669.43,4671.02,4661.78,4663.67,7197,9,0
2026-01-19 11:00:00,4663.66,4672.92,4662.14,4666.79,8881,9,0
2026-01-19 11:30:00,4666.71,4670.53,4665.03,4668.44,7177,9,0
2026-01-19 12:00:00,4668.44,4671.21,4665.52,4665.81,6458,9,0
2026-01-19 12:30:00,4665.92,4667.05,4661.33,4663.8,7566,9,0
2026-01-19 13:00:00,4663.8,4667.22,4661.79,4666.97,5092,9,0
2026-01-19 13:30:00,4666.97,4667.54,4659.76,4660.84,7529,9,0
2026-01-19 14:00:00,4660.86,4672.11,4660.16,4670.95,7380,9,0
2026-01-19 14:30:00,4671.01,4673.76,4668.11,4671.95,7610,9,0
2026-01-19 15:00:00,4672.01,4673.57,4668.56,4671.81,9755,9,0
2026-01-19 15:30:00,4671.75,4673.75,4664.54,4666.16,8507,9,0
2026-01-19 16:00:00,4666.17,4668.55,4661.6,4668.02,8644,9,0
2026-01-19 16:30:00,4668.09,4670.4,4663.99,4666.63,9327,9,0
2026-01-19 17:00:00,4666.62,4670.98,4664.26,4666.77,9539,9,0
2026-01-19 17:30:00,4666.71,4676.16,4666.03,4674.36,9226,9,0
2026-01-19 18:00:00,4674.31,4675.66,4670.38,4671.7,7339,9,0
2026-01-19 18:30:00,4671.69,4673.82,4670.62,4672.25,7260,9,0
2026-01-19 19:00:00,4672.25,4673.06,4669.23,4670.93,6282,9,0
2026-01-19 19:30:00,4670.93,4678.84,4670.91,4676.28,7610,9,0
2026-01-19 20:00:00,4676.28,4680.33,4673.83,4678.47,6803,9,0
2026-01-19 20:30:00,4678.46,4678.76,4675.17,4676.69,4959,9,0
2026-01-19 21:00:00,4676.69,4676.8,4667.21,4670.92,6949,9,0
2026-01-20 01:00:00,4672.44,4677.18,4664.96,4666.28,6743,9,0
2026-01-20 01:30:00,4666.28,4668.94,4664.4,4665.34,5090,9,0
2026-01-20 02:00:00,4665.39,4668.04,4659.56,4659.68,6004,9,0
2026-01-20 02:30:00,4659.68,4666.35,4659.62,4660.53,7745,9,0
2026-01-20 03:00:00,4660.5,4673.44,4660.11,4671.11,11967,9,0
2026-01-20 03:30:00,4671.08,4676.08,4665.72,4669.69,10918,9,0
2026-01-20 04:00:00,4669.68,4673.52,4665.57,4672.05,6979,8,0
2026-01-20 04:30:00,4672.05,4674.87,4666.87,4668.66,5306,8,0
2026-01-20 05:00:00,4668.71,4674.27,4666.15,4673.28,4981,8,0
2026-01-20 05:30:00,4673.29,4681.47,4672.78,4680.18,3280,8,0
2026-01-20 06:00:00,4680.16,4687.21,4679.69,4685.95,3656,8,0
2026-01-20 06:30:00,4685.95,4697.07,4684.42,4695.28,4193,8,0
2026-01-20 07:00:00,4695.29,4701.53,4694.76,4696.13,3764,8,0
2026-01-20 07:30:00,4696.05,4716.67,4694.19,4714.67,5938,8,0
2026-01-20 08:00:00,4714.67,4717.04,4707.54,4712.48,5379,8,0
2026-01-20 08:30:00,4712.48,4715.27,4705.73,4712.55,5201,8,0
2026-01-20 09:00:00,4712.55,4722.08,4711.49,4718.19,4000,8,0
2026-01-20 09:30:00,4718.43,4722.75,4714.92,4716.17,3989,8,0
2026-01-20 10:00:00,4716.18,4725.7,4715.03,4718.72,4335,8,0
2026-01-20 10:30:00,4718.72,4731.66,4716.12,4729.42,4489,9,0
2026-01-20 11:00:00,4729.44,4733.61,4721.32,4733.61,4566,9,0
2026-01-20 11:30:00,4733.61,4737.48,4732.35,4732.45,4256,9,0
2026-01-20 12:00:00,4732.45,4735.04,4727.88,4727.91,4066,9,0
2026-01-20 12:30:00,4727.91,4729.34,4723.22,4726.62,3412,9,0
2026-01-20 13:00:00,4726.62,4729.25,4721.62,4726.9,3006,9,0
2026-01-20 13:30:00,4726.9,4735.28,4725.85,4733.03,3677,9,0
2026-01-20 14:00:00,4733.03,4733.03,4726.37,4726.71,4073,9,0
2026-01-20 14:30:00,4726.71,4729.42,4724.06,4727.5,3837,9,0
2026-01-20 15:00:00,4727.5,4728.34,4715.91,4719.36,6059,9,0
2026-01-20 15:30:00,4719.36,4738.38,4715.01,4737.1,8817,9,0
2026-01-20 16:00:00,4737.1,4750.88,4732.35,4750.5,9451,9,0
2026-01-20 16:30:00,4750.75,4751.16,4728.51,4741.33,13300,9,0
2026-01-20 17:00:00,4741.21,4748.59,4722.45,4724.09,11953,9,0
2026-01-20 17:30:00,4724.09,4739.25,4722.47,4737.56,10644,9,0
2026-01-20 18:00:00,4737.58,4744.15,4729.01,4741.27,8795,9,0
2026-01-20 18:30:00,4741.23,4757.61,4740.72,4753.67,7594,9,0
2026-01-20 19:00:00,4753.67,4756.69,4746.15,4755.13,7007,9,0
2026-01-20 19:30:00,4755.12,4762.44,4752.2,4759.25,6762,9,0
2026-01-20 20:00:00,4759.24,4766.3,4758.72,4761.56,7299,9,0
2026-01-20 20:30:00,4761.52,4762.89,4752.92,4759.42,5910,9,0
2026-01-20 21:00:00,4759.43,4766.3,4756.66,4759.56,5400,9,0
2026-01-20 21:30:00,4759.57,4764.02,4756.94,4760.84,5250,9,0
2026-01-20 22:00:00,4760.84,4761.26,4747.56,4750.47,6415,9,0
2026-01-20 22:30:00,4750.49,4757.88,4748.89,4756.75,6137,9,0
2026-01-20 23:00:00,4756.75,4761.02,4756.38,4759.88,3187,9,0
2026-01-20 23:30:00,4759.88,4763.86,4757.33,4763.17,1500,9,0
2026-01-21 01:00:00,4764.44,4766.1,4757.83,4759.68,2440,9,0
2026-01-21 01:30:00,4759.66,4781.12,4758.64,4775.87,3260,9,0
2026-01-21 02:00:00,4775.87,4779.9,4770.77,4777.23,2939,9,0
2026-01-21 02:30:00,4777.23,4787.59,4776.67,4784.66,3755,9,0
2026-01-21 03:00:00,4784.63,4827.63,4783.49,4827.34,7244,9,0
2026-01-21 03:30:00,4827.34,4844.15,4815.11,4835.21,7094,9,0
2026-01-21 04:00:00,4835.39,4842.06,4817.47,4824.94,5193,9,0
2026-01-21 04:30:00,4824.94,4839.46,4822.51,4836.7,5261,9,0
2026-01-21 05:00:00,4836.7,4849.74,4827.1,4833.7,5587,9,0
2026-01-21 05:30:00,4833.7,4847.04,4831.75,4845.01,3531,9,0
2026-01-21 06:00:00,4845.01,4854.17,4837.87,4849.91,3590,9,0
2026-01-21 06:30:00,4849.91,4870.86,4849.88,4865.96,4158,9,0
2026-01-21 07:00:00,4865.98,4874.13,4858.97,4868.84,4278,9,0
2026-01-21 07:30:00,4868.84,4878.23,4863.85,4869.99,5500,9,0
2026-01-21 08:00:00,4869.99,4888.33,4864.51,4884.0,5359,9,0
2026-01-21 08:30:00,4884.0,4887.31,4845.6,4847.57,6618,9,0
2026-01-21 09:00:00,4847.57,4850.55,4832.62,4849.12,6217,9,0
2026-01-21 09:30:00,4849.56,4857.18,4838.91,4855.27,4817,9,0
2026-01-21 10:00:00,4855.27,4869.57,4853.68,4866.83,4054,9,0
2026-01-21 10:30:00,4866.83,4868.06,4851.51,4854.6,4035,9,0
2026-01-21 11:00:00,4854.6,4876.68,4852.34,4875.71,4101,9,0
2026-01-21 11:30:00,4875.71,4877.18,4859.25,4860.43,4459,9,0
2026-01-21 12:00:00,4860.39,4866.77,4859.6,4860.49,4211,9,0
2026-01-21 12:30:00,4860.49,4866.74,4860.1,4862.02,3836,9,0
2026-01-21 13:00:00,4862.04,4871.57,4860.83,4866.94,3455,9,0
2026-01-21 13:30:00,4866.94,4867.26,4854.86,4866.87,3588,9,0
2026-01-21 14:00:00,4866.87,4867.42,4855.7,4864.82,3916,9,0
2026-01-21 14:30:00,4864.82,4870.87,4856.77,4865.19,4177,9,0
2026-01-21 15:00:00,4865.18,4871.43,4858.4,4868.01,5996,9,0
2026-01-21 15:30:00,4868.06,4880.35,4867.11,4879.47,5987,9,0
2026-01-21 16:00:00,4879.47,4880.94,4839.47,4860.77,9506,9,0
2026-01-21 16:30:00,4860.77,4872.64,4846.63,4852.05,10309,9,0
2026-01-21 17:00:00,4852.08,4868.81,4813.01,4831.19,10321,9,0
2026-01-21 17:30:00,4831.19,4854.52,4829.1,4847.84,9429,9,0
2026-01-21 18:00:00,4847.84,4855.77,4829.13,4840.05,8551,9,0
2026-01-21 18:30:00,4840.01,4849.84,4819.66,4833.44,8778,9,0
2026-01-21 19:00:00,4833.5,4834.31,4814.6,4821.11,8511,9,0
2026-01-21 19:30:00,4821.18,4827.6,4802.47,4826.32,8871,9,0
2026-01-21 20:00:00,4826.32,4836.94,4819.7,4834.02,8218,9,0
2026-01-21 20:30:00,4834.09,4850.54,4830.38,4850.17,7180,9,0
2026-01-21 21:00:00,4850.17,4854.13,4805.19,4816.0,7216,9,0
2026-01-21 21:30:00,4816.0,4821.23,4755.71,4781.34,12839,9,0
2026-01-21 22:00:00,4781.34,4801.02,4772.3,4797.41,10695,9,0
2026-01-21 22:30:00,4797.4,4827.98,4796.35,4826.78,10190,9,0
2026-01-21 23:00:00,4826.64,4838.52,4813.35,4832.64,5314,9,0
2026-01-21 23:30:00,4832.64,4839.66,4828.07,4828.83,3379,9,0
2026-01-22 01:00:00,4831.1,4834.05,4785.08,4795.07,4329,10,0
2026-01-22 01:30:00,4795.07,4801.76,4777.59,4778.27,4608,10,0
2026-01-22 02:00:00,4778.3,4794.2,4778.11,4782.68,4203,10,0
2026-01-22 02:30:00,4782.68,4798.85,4780.29,4798.14,4691,10,0
2026-01-22 03:00:00,4797.88,4809.7,4772.33,4796.0,8508,10,0
2026-01-22 03:30:00,4795.84,4804.73,4793.39,4798.04,6357,10,0
2026-01-22 04:00:00,4797.97,4798.38,4786.62,4787.64,5907,10,0
2026-01-22 04:30:00,4787.64,4792.5,4774.61,4789.12,6322,10,0
2026-01-22 05:00:00,4789.12,4795.97,4784.37,4792.67,5878,10,0
2026-01-22 05:30:00,4792.67,4796.88,4790.16,4796.65,4366,10,0
2026-01-22 06:00:00,4796.65,4800.53,4794.61,4796.06,3664,10,0
2026-01-22 06:30:00,4796.06,4798.37,4793.91,4797.48,3404,10,0
2026-01-22 07:00:00,4797.47,4801.53,4793.71,4795.47,3705,10,0
2026-01-22 07:30:00,4795.47,4821.72,4795.25,4821.35,6217,10,0
2026-01-22 08:00:00,4821.35,4829.24,4816.24,4825.58,6323,10,0
2026-01-22 08:30:00,4825.58,4828.15,4821.45,4826.49,4546,10,0
2026-01-22 09:00:00,4826.52,4838.12,4825.78,4837.32,4139,10,0
2026-01-22 09:30:00,4837.24,4838.55,4830.68,4832.72,3280,10,0
2026-01-22 10:00:00,4832.72,4835.59,4824.47,4826.4,3877,10,0
2026-01-22 10:30:00,4826.4,4831.94,4822.35,4830.82,4033,10,0
2026-01-22 11:00:00,4830.82,4838.05,4828.14,4829.51,3843,10,0
2026-01-22 11:30:00,4829.57,4831.12,4814.08,4823.13,4105,10,0
2026-01-22 12:00:00,4823.13,4827.63,4819.39,4826.87,3482,10,0
2026-01-22 12:30:00,4826.87,4831.82,4824.18,4829.04,2937,10,0
2026-01-22 13:00:00,4829.04,4831.83,4824.45,4827.75,3123,10,0
2026-01-22 13:30:00,4827.75,4836.41,4825.24,4831.2,3593,10,0
2026-01-22 14:00:00,4831.2,4832.6,4823.54,4831.75,3892,10,0
2026-01-22 14:30:00,4831.7,4832.58,4818.84,4819.65,3690,10,0
2026-01-22 15:00:00,4819.6,4835.3,4816.04,4827.53,5749,10,0
2026-01-22 15:30:00,4827.53,4827.62,4810.69,4822.38,5842,10,0
2026-01-22 16:00:00,4822.36,4830.56,4820.5,4829.55,4362,10,0
2026-01-22 16:30:00,4829.42,4847.88,4828.17,4835.34,7855,10,0
2026-01-22 17:00:00,4835.33,4856.24,4827.08,4854.11,7991,10,0
2026-01-22 17:30:00,4854.11,4873.8,4853.62,4871.7,7688,10,0
2026-01-22 18:00:00,4871.64,4880.7,4868.06,4876.07,7014,10,0
2026-01-22 18:30:00,4876.07,4885.39,4873.35,4877.95,5869,10,0
2026-01-22 19:00:00,4877.95,4893.9,4869.82,4889.98,7061,10,0
2026-01-22 19:30:00,4889.98,4906.34,4889.24,4904.59,6380,10,0
2026-01-22 20:00:00,4904.57,4915.09,4901.37,4910.16,6639,10,0
2026-01-22 20:30:00,4910.16,4919.6,4907.44,4916.1,5169,10,0
2026-01-22 21:00:00,4916.1,4924.47,4909.78,4914.61,4978,10,0
2026-01-22 21:30:00,4914.61,4918.14,4906.05,4911.75,4995,10,0
2026-01-22 22:00:00,4911.75,4928.5,4911.56,4925.88,5007,10,0
2026-01-22 22:30:00,4925.88,4927.24,4914.22,4917.04,5222,10,0
2026-01-22 23:00:00,4916.93,4925.31,4914.69,4925.18,2538,10,0
2026-01-22 23:30:00,4925.18,4940.72,4924.13,4936.2,3079,10,0
2026-01-23 01:00:00,4942.18,4959.93,4939.12,4940.27,4321,10,0
2026-01-23 01:30:00,4940.27,4960.54,4930.76,4959.01,4190,10,0
2026-01-23 02:00:00,4959.01,4963.41,4948.24,4952.1,3652,10,0
2026-01-23 02:30:00,4952.1,4965.73,4947.48,4965.14,3603,10,0
2026-01-23 03:00:00,4965.14,4967.2,4936.35,4947.47,7362,10,0
2026-01-23 03:30:00,4947.47,4962.99,4946.66,4953.57,5204,10,0
2026-01-23 04:00:00,4953.57,4956.77,4946.88,4953.1,4175,10,0
2026-01-23 04:30:00,4953.1,4962.24,4952.67,4955.56,3653,10,0
2026-01-23 05:00:00,4955.56,4959.0,4937.99,4943.7,4477,10,0
2026-01-23 05:30:00,4943.87,4954.49,4942.56,4952.03,3163,10,0
2026-01-23 06:00:00,4952.03,4953.63,4950.16,4952.97,1756,10,0
2026-01-23 06:30:00,4952.97,4958.34,4951.94,4956.28,2120,10,0
2026-01-23 07:00:00,4956.28,4960.09,4954.54,4957.47,1696,10,0
2026-01-23 07:30:00,4957.47,4967.22,4956.48,4960.59,4101,10,0
2026-01-23 08:00:00,4960.59,4963.12,4945.54,4953.02,4540,10,0
2026-01-23 08:30:00,4953.02,4956.24,4950.28,4953.7,3806,10,0
2026-01-23 09:00:00,4953.7,4959.58,4951.72,4956.91,3649,10,0
2026-01-23 09:30:00,4956.91,4958.49,4943.34,4944.47,4204,10,0
2026-01-23 10:00:00,4944.47,4947.64,4901.23,4913.35,5744,10,0
2026-01-23 10:30:00,4913.35,4926.31,4909.04,4913.77,6539,10,0
2026-01-23 11:00:00,4913.77,4920.09,4899.67,4905.4,6280,10,0
2026-01-23 11:30:00,4905.47,4921.58,4903.32,4918.68,5715,10,0
2026-01-23 12:00:00,4918.68,4932.48,4915.73,4929.45,5067,10,0
2026-01-23 12:30:00,4929.45,4930.75,4924.62,4929.86,3892,10,0
2026-01-23 13:00:00,4929.83,4929.94,4912.02,4920.94,4693,10,0
2026-01-23 13:30:00,4920.94,4926.34,4919.84,4922.85,3712,10,0
2026-01-23 14:00:00,4922.85,4937.13,4918.41,4934.24,5137,10,0
2026-01-23 14:30:00,4934.24,4942.53,4932.33,4939.4,5093,10,0
2026-01-23 15:00:00,4939.4,4947.89,4923.79,4931.66,9009,10,0
2026-01-23 15:30:00,4930.85,4940.85,4927.54,4939.02,6922,10,0
2026-01-23 16:00:00,4939.05,4947.76,4934.79,4940.1,6238,10,0
2026-01-23 16:30:00,4939.8,4956.48,4932.84,4943.25,8602,10,0
2026-01-23 17:00:00,4943.25,4955.91,4938.35,4944.84,9721,10,0
2026-01-23 17:30:00,4944.83,4963.3,4943.84,4960.64,8390,10,0
2026-01-23 18:00:00,4960.64,4986.55,4959.21,4985.5,8254,10,0
2026-01-23 18:30:00,4985.5,4988.27,4975.81,4980.43,7717,10,0
2026-01-23 19:00:00,4980.43,4987.78,4977.59,4983.1,6914,10,0
2026-01-23 19:30:00,4983.13,4988.19,4962.17,4965.98,7451,10,0
2026-01-23 20:00:00,4965.98,4984.18,4965.41,4978.64,8034,10,0
2026-01-23 20:30:00,4978.63,4979.86,4958.36,4966.64,6944,10,0
2026-01-23 21:00:00,4966.64,4978.96,4966.64,4977.46,5715,10,0
2026-01-23 21:30:00,4977.46,4989.74,4974.55,4984.37,6037,10,0
2026-01-23 22:00:00,4984.27,4985.73,4970.68,4981.03,6670,10,0
2026-01-23 22:30:00,4981.03,4984.3,4975.95,4981.55,5838,10,0
2026-01-23 23:00:00,4981.29,4986.26,4978.14,4981.96,2813,10,0
2026-01-23 23:30:00,4981.96,4988.13,4980.64,4987.1,1603,10,0
2026-01-26 01:00:00,5006.29,5031.06,5001.87,5018.59,7143,10,0
2026-01-26 01:30:00,5018.8,5040.1,5016.65,5039.8,5480,10,0
2026-01-26 02:00:00,5039.8,5043.83,5030.7,5042.73,5608,10,0
2026-01-26 02:30:00,5042.75,5052.1,5038.09,5041.74,5355,10,0
2026-01-26 03:00:00,5041.71,5075.38,5028.95,5074.32,8211,10,0
2026-01-26 03:30:00,5074.32,5085.64,5067.77,5070.86,7927,10,0
2026-01-26 04:00:00,5070.95,5089.17,5066.91,5087.84,6837,10,0
2026-01-26 04:30:00,5087.84,5093.12,5079.18,5080.77,6392,10,0
2026-01-26 05:00:00,5080.77,5087.86,5071.62,5079.63,6180,10,0
2026-01-26 05:30:00,5079.63,5083.76,5070.02,5076.73,4464,10,0
2026-01-26 06:00:00,5076.73,5078.0,5071.44,5072.47,5360,10,0
2026-01-26 06:30:00,5072.45,5073.27,5058.5,5070.42,8929,10,0
2026-01-26 07:00:00,5070.42,5072.86,5052.37,5065.62,10124,10,0
2026-01-26 07:30:00,5065.62,5076.42,5053.18,5074.44,13218,10,0
2026-01-26 08:00:00,5074.39,5082.21,5065.47,5075.32,12312,10,0
2026-01-26 08:30:00,5075.26,5111.13,5074.88,5078.09,12936,10,0
2026-01-26 09:00:00,5077.6,5095.71,5074.02,5095.41,10092,10,0
2026-01-26 09:30:00,5095.41,5095.7,5085.89,5089.23,8589,10,0
2026-01-26 10:00:00,5089.23,5097.56,5087.43,5096.78,10009,10,0
2026-01-26 10:30:00,5096.78,5098.33,5080.18,5083.35,10759,10,0
2026-01-26 11:00:00,5083.39,5096.88,5082.44,5096.85,10442,10,0
2026-01-26 11:30:00,5096.77,5098.36,5075.48,5084.12,10664,10,0
2026-01-26 12:00:00,5084.12,5091.26,5078.63,5087.52,9896,10,0
2026-01-26 12:30:00,5087.52,5095.04,5085.94,5091.73,8898,10,0
2026-01-26 13:00:00,5091.72,5092.8,5078.51,5087.33,9607,10,0
2026-01-26 13:30:00,5087.32,5092.57,5083.78,5091.53,8676,10,0
2026-01-26 14:00:00,5091.5,5096.95,5086.22,5090.07,10197,10,0
2026-01-26 14:30:00,5090.07,5090.13,5077.2,5078.91,10864,10,0
2026-01-26 15:00:00,5078.89,5083.19,5066.2,5072.34,13707,10,0
2026-01-26 15:30:00,5072.41,5076.1,5054.71,5068.46,13536,10,0
2026-01-26 16:00:00,5068.47,5082.64,5058.34,5078.33,12869,10,0
2026-01-26 16:30:00,5078.33,5096.95,5074.75,5096.26,14976,10,0
2026-01-26 17:00:00,5096.3,5097.27,5084.31,5090.34,14475,10,0
2026-01-26 17:30:00,5090.32,5095.18,5074.17,5091.03,14365,10,0
2026-01-26 18:00:00,5090.99,5105.11,5070.61,5075.6,14297,10,0
2026-01-26 18:30:00,5075.54,5094.45,5065.29,5089.52,14704,10,0
2026-01-26 19:00:00,5089.63,5097.39,5080.98,5088.5,13833,10,0
2026-01-26 19:30:00,5088.5,5104.98,5082.39,5100.93,13455,10,0
2026-01-26 20:00:00,5100.94,5103.36,5076.54,5085.3,15170,10,0
2026-01-26 20:30:00,5085.2,5085.47,5058.18,5068.87,15575,10,0
2026-01-26 21:00:00,5068.9,5069.69,5020.52,5027.71,15867,10,0
2026-01-26 21:30:00,5027.59,5043.65,5008.52,5028.67,15834,10,0
2026-01-26 22:00:00,5028.77,5056.79,5026.42,5056.24,14838,10,0
2026-01-26 22:30:00,5056.23,5062.26,5035.7,5055.08,14189,10,0
2026-01-26 23:00:00,5055.35,5059.27,5011.43,5020.57,13500,10,0
2026-01-26 23:30:00,5020.57,5020.87,4990.13,5008.66,12694,10,0
2026-01-27 01:00:00,5013.41,5049.87,5012.82,5045.08,10974,10,0
2026-01-27 01:30:00,5045.28,5061.65,5040.73,5043.53,9420,10,0
2026-01-27 02:00:00,5043.48,5054.07,5038.52,5044.92,8557,10,0
2026-01-27 02:30:00,5044.92,5049.67,5013.76,5032.8,11632,10,0
2026-01-27 03:00:00,5032.8,5076.1,5019.08,5066.84,14819,10,0
2026-01-27 03:30:00,5066.82,5070.44,5054.39,5060.4,12571,10,0
2026-01-27 04:00:00,5060.43,5070.4,5049.63,5068.2,11252,10,0
2026-01-27 04:30:00,5068.2,5079.82,5065.45,5072.56,11008,10,0
2026-01-27 05:00:00,5072.56,5073.89,5060.44,5064.84,10801,10,0
2026-01-27 05:30:00,5064.84,5079.24,5064.27,5076.93,9418,10,0
2026-01-27 06:00:00,5076.93,5078.74,5068.63,5074.86,8659,10,0
2026-01-27 06:30:00,5074.86,5075.33,5061.66,5067.93,10307,10,0
2026-01-27 07:00:00,5067.93,5068.68,5057.38,5064.52,10057,10,0
2026-01-27 07:30:00,5064.49,5085.29,5060.16,5083.06,11714,10,0
2026-01-27 08:00:00,5083.06,5087.69,5076.71,5082.32,9987,10,0
2026-01-27 08:30:00,5082.31,5094.09,5079.03,5085.91,10838,10,0
2026-01-27 09:00:00,5085.92,5094.61,5081.61,5087.98,10650,10,0
2026-01-27 09:30:00,5087.99,5100.84,5086.0,5086.06,11350,10,0
2026-01-27 10:00:00,5086.06,5088.32,5075.34,5077.6,10636,10,0
2026-01-27 10:30:00,5077.58,5085.45,5073.37,5079.44,10413,10,0
2026-01-27 11:00:00,5079.45,5088.62,5077.97,5088.47,9551,10,0
2026-01-27 11:30:00,5088.42,5099.57,5083.05,5098.87,10319,10,0
2026-01-27 12:00:00,5098.85,5098.85,5087.82,5088.3,9833,10,0
2026-01-27 12:30:00,5088.33,5089.21,5082.0,5086.29,8933,10,0
2026-01-27 13:00:00,5086.29,5090.87,5083.78,5086.93,8764,10,0
2026-01-27 13:30:00,5086.93,5088.22,5066.95,5076.85,9772,10,0
2026-01-27 14:00:00,5077.0,5082.74,5073.65,5078.93,11797,10,0
2026-01-27 14:30:00,5078.94,5091.19,5078.18,5085.11,11031,10,0
2026-01-27 15:00:00,5085.04,5092.77,5076.36,5080.96,13977,10,0
2026-01-27 15:30:00,5080.96,5085.85,5069.66,5077.35,13366,10,0
2026-01-27 16:00:00,5077.47,5077.49,5046.68,5059.51,15491,10,0
2026-01-27 16:30:00,5059.57,5082.2,5050.98,5054.78,15904,10,0
2026-01-27 17:00:00,5054.72,5076.93,5047.75,5069.39,15681,10,0
2026-01-27 17:30:00,5069.41,5091.36,5068.93,5091.18,14700,10,0
2026-01-27 18:00:00,5091.19,5103.19,5083.92,5098.69,14102,10,0
2026-01-27 18:30:00,5098.66,5099.48,5083.38,5087.57,13798,10,0
2026-01-27 19:00:00,5087.59,5094.21,5079.27,5087.51,13454,10,0
2026-01-27 19:30:00,5087.92,5089.78,5076.86,5081.24,13883,10,0
2026-01-27 20:00:00,5081.23,5088.96,5076.41,5085.03,13822,10,0
2026-01-27 20:30:00,5085.01,5095.5,5085.01,5088.01,11950,10,0
2026-01-27 21:00:00,5088.01,5090.81,5081.19,5087.93,10520,10,0
2026-01-27 21:30:00,5087.93,5100.06,5087.71,5099.04,10107,10,0
2026-01-27 22:00:00,5099.05,5151.7,5098.04,5141.7,15126,10,0
2026-01-27 22:30:00,5141.74,5182.49,5132.87,5176.66,15476,10,0
2026-01-27 23:00:00,5176.72,5187.93,5169.44,5173.9,12553,10,0
2026-01-27 23:30:00,5173.9,5190.46,5171.71,5180.95,9705,10,0
2026-01-28 01:00:00,5179.66,5184.78,5159.11,5170.4,11276,10,0
2026-01-28 01:30:00,5170.4,5176.98,5163.99,5172.52,10679,10,0
2026-01-28 02:00:00,5172.49,5173.16,5157.41,5163.22,9938,10,0
2026-01-28 02:30:00,5163.22,5180.13,5163.05,5172.21,11036,10,0
2026-01-28 03:00:00,5171.94,5202.46,5168.71,5194.04,14840,10,0
2026-01-28 03:30:00,5193.94,5225.21,5186.5,5204.69,14460,10,0
2026-01-28 04:00:00,5204.59,5220.88,5201.65,5218.2,12261,10,0
2026-01-28 04:30:00,5218.19,5234.62,5216.67,5231.97,13231,10,0
2026-01-28 05:00:00,5231.97,5247.58,5230.33,5237.38,13189,10,0
2026-01-28 05:30:00,5237.39,5244.74,5224.6,5235.14,11843,10,0
2026-01-28 06:00:00,5235.13,5241.23,5232.31,5238.11,8737,10,0
2026-01-28 06:30:00,5238.11,5248.95,5233.76,5245.65,9503,10,0
2026-01-28 07:00:00,5245.66,5261.94,5241.66,5259.18,10566,10,0
2026-01-28 07:30:00,5259.18,5266.42,5251.26,5261.31,12081,10,0
2026-01-28 08:00:00,5261.34,5265.74,5252.06,5255.84,11249,10,0
2026-01-28 08:30:00,5255.81,5271.47,5255.15,5269.94,11360,10,0
2026-01-28 09:00:00,5269.87,5284.15,5262.96,5281.15,11073,10,0
2026-01-28 09:30:00,5281.15,5292.86,5272.12,5290.46,10361,10,0
2026-01-28 10:00:00,5290.45,5300.99,5286.52,5299.21,11193,10,0
2026-01-28 10:30:00,5299.47,5311.55,5280.82,5293.72,12740,10,0
2026-01-28 11:00:00,5293.72,5297.5,5268.56,5275.67,11877,10,0
2026-01-28 11:30:00,5275.64,5280.33,5263.18,5278.13,10157,10,0
2026-01-28 12:00:00,5278.16,5285.73,5272.96,5278.48,8603,10,0
2026-01-28 12:30:00,5278.57,5280.69,5269.42,5270.12,9531,10,0
2026-01-28 13:00:00,5270.12,5270.81,5238.69,5259.3,12167,10,0
2026-01-28 13:30:00,5259.31,5267.73,5252.11,5261.66,9481,10,0
2026-01-28 14:00:00,5261.66,5268.91,5251.69,5261.24,11601,10,0
2026-01-28 14:30:00,5261.23,5279.34,5261.23,5279.26,9954,10,0
2026-01-28 15:00:00,5279.26,5289.44,5268.91,5281.81,13954,10,0
2026-01-28 15:30:00,5281.85,5285.46,5256.99,5266.54,13629,10,0
2026-01-28 16:00:00,5266.53,5270.64,5248.74,5259.28,13494,10,0
2026-01-28 16:30:00,5259.23,5288.56,5250.35,5286.16,15375,10,0
2026-01-28 17:00:00,5286.32,5298.29,5235.95,5269.67,15846,10,0
2026-01-28 17:30:00,5269.69,5284.07,5266.7,5278.21,15170,10,0
2026-01-28 18:00:00,5278.37,5293.08,5274.57,5287.52,14280,10,0
2026-01-28 18:30:00,5287.49,5300.17,5276.33,5299.79,14124,10,0
2026-01-28 19:00:00,5299.79,5307.06,5288.86,5302.63,13487,10,0
2026-01-28 19:30:00,5302.63,5304.79,5283.22,5298.04,13583,10,0
2026-01-28 20:00:00,5298.01,5326.0,5292.49,5305.37,14454,10,0
2026-01-28 20:30:00,5305.29,5307.73,5268.7,5282.98,15351,10,0
2026-01-28 21:00:00,5282.98,5301.92,5269.63,5283.35,15413,10,0
2026-01-28 21:30:00,5283.42,5332.06,5281.35,5325.63,15335,10,0
2026-01-28 22:00:00,5325.53,5355.75,5321.44,5354.69,14985,10,0
2026-01-28 22:30:00,5354.64,5391.33,5353.19,5376.53,15803,10,0
2026-01-28 23:00:00,5376.78,5396.11,5376.78,5384.46,12414,10,0
2026-01-28 23:30:00,5384.52,5417.58,5380.74,5417.42,10076,10,0
2026-01-29 01:00:00,5415.79,5496.14,5415.79,5490.3,14522,10,0
2026-01-29 01:30:00,5490.31,5598.61,5484.07,5513.13,15356,10,0
2026-01-29 02:00:00,5512.53,5513.08,5454.62,5497.47,14479,10,0
2026-01-29 02:30:00,5497.96,5527.16,5493.07,5520.3,13935,10,0
2026-01-29 03:00:00,5520.39,5526.72,5445.54,5507.5,15361,10,0
2026-01-29 03:30:00,5507.52,5551.43,5507.52,5545.8,15132,10,0
2026-01-29 04:00:00,5545.8,5546.12,5504.39,5525.83,14090,10,0
2026-01-29 04:30:00,5525.84,5550.34,5518.36,5535.81,14330,10,0
2026-01-29 05:00:00,5535.81,5548.78,5508.41,5522.24,14215,10,0
2026-01-29 05:30:00,5522.29,5549.03,5520.28,5545.79,12043,10,0
2026-01-29 06:00:00,5545.82,5552.5,5533.6,5547.0,10890,10,0
2026-01-29 06:30:00,5547.0,5564.6,5545.27,5558.3,11660,10,0
2026-01-29 07:00:00,5558.3,5561.13,5516.39,5542.05,12123,10,0
2026-01-29 07:30:00,5542.08,5564.4,5541.13,5562.63,13347,10,0
2026-01-29 08:00:00,5562.48,5595.43,5562.35,5586.26,14112,10,0
2026-01-29 08:30:00,5585.97,5587.75,5554.72,5561.75,14024,10,0
2026-01-29 09:00:00,5561.76,5575.06,5536.97,5541.63,13026,10,0
2026-01-29 09:30:00,5541.59,5557.82,5541.59,5549.09,11918,10,0
2026-01-29 10:00:00,5549.09,5554.88,5523.1,5530.24,12474,10,0
2026-01-29 10:30:00,5530.22,5530.36,5474.58,5509.96,13600,10,0
2026-01-29 11:00:00,5509.85,5518.85,5498.17,5516.32,12590,10,0
2026-01-29 11:30:00,5516.32,5529.63,5511.49,5514.17,11190,10,0
2026-01-29 12:00:00,5514.17,5525.2,5502.03,5510.55,11232,10,0
2026-01-29 12:30:00,5510.55,5510.55,5482.3,5483.51,10985,10,0
2026-01-29 13:00:00,5483.52,5516.6,5470.88,5516.06,10910,10,0
2026-01-29 13:30:00,5516.04,5528.95,5508.54,5522.67,10790,10,0
2026-01-29 14:00:00,5522.66,5543.05,5518.51,5540.84,11369,10,0
2026-01-29 14:30:00,5540.84,5542.38,5526.43,5534.24,12276,10,0
2026-01-29 15:00:00,5534.21,5541.21,5508.4,5519.86,14607,10,0
2026-01-29 15:30:00,5520.04,5530.91,5500.49,5510.06,14502,10,0
2026-01-29 16:00:00,5510.41,5549.75,5510.41,5544.04,15095,10,0
2026-01-29 16:30:00,5543.86,5545.44,5491.14,5496.94,16332,10,0
2026-01-29 17:00:00,5496.94,5496.94,5102.71,5189.04,16167,10,0
2026-01-29 17:30:00,5189.04,5255.94,5105.36,5182.64,16034,10,0
2026-01-29 18:00:00,5182.52,5297.14,5172.06,5290.04,16520,10,0
2026-01-29 18:30:00,5290.13,5311.23,5228.41,5264.13,16127,10,0
2026-01-29 19:00:00,5264.09,5367.79,5264.09,5362.9,16095,10,0
2026-01-29 19:30:00,5362.91,5375.45,5314.7,5334.94,15925,10,0
2026-01-29 20:00:00,5334.87,5359.13,5307.92,5330.3,15504,10,0
2026-01-29 20:30:00,5330.33,5362.1,5322.45,5338.94,15105,10,0
2026-01-29 21:00:00,5338.99,5345.43,5305.51,5318.54,15649,10,0
2026-01-29 21:30:00,5318.62,5327.58,5290.38,5305.69,15140,10,0
2026-01-29 22:00:00,5305.73,5325.97,5282.79,5318.1,14259,10,0
2026-01-29 22:30:00,5318.43,5407.44,5310.03,5394.91,14993,10,0
2026-01-29 23:00:00,5394.57,5426.19,5383.45,5411.87,12908,10,0
2026-01-29 23:30:00,5411.92,5412.5,5375.0,5377.9,10044,10,0
2026-01-30 01:00:00,5386.99,5448.7,5378.03,5416.67,13058,10,0
2026-01-30 01:30:00,5416.67,5448.06,5406.88,5438.47,11538,10,0
2026-01-30 02:00:00,5438.38,5450.95,5418.99,5426.56,12346,10,0
2026-01-30 02:30:00,5426.64,5436.44,5390.08,5407.12,13353,10,0
2026-01-30 03:00:00,5407.13,5409.74,5302.02,5357.36,15745,10,0
2026-01-30 03:30:00,5357.36,5373.08,5291.51,5301.11,15367,10,0
2026-01-30 04:00:00,5301.0,5312.86,5112.48,5172.1,16481,10,0
2026-01-30 04:30:00,5171.85,5246.34,5139.66,5225.0,16192,10,0
2026-01-30 05:00:00,5224.9,5229.76,5167.4,5199.48,15239,10,0
2026-01-30 05:30:00,5199.47,5222.04,5150.7,5196.46,14784,10,0
2026-01-30 06:00:00,5196.35,5230.46,5193.67,5210.43,13894,10,0
2026-01-30 06:30:00,5210.42,5226.53,5200.7,5215.04,11830,10,0
2026-01-30 07:00:00,5215.04,5241.09,5203.83,5230.11,12458,10,0
2026-01-30 07:30:00,5230.11,5239.87,5180.04,5184.89,13985,10,0
2026-01-30 08:00:00,5184.88,5205.37,5156.91,5157.18,14668,10,0
2026-01-30 08:30:00,5157.29,5179.87,5145.55,5155.9,15039,10,0
2026-01-30 09:00:00,5155.94,5186.52,5125.71,5174.86,13763,10,0
2026-01-30 09:30:00,5174.86,5184.97,5118.05,5181.32,14382,10,0
2026-01-30 10:00:00,5181.33,5181.34,5132.93,5152.28,14541,10,0
2026-01-30 10:30:00,5152.45,5155.01,5057.6,5117.45,14958,10,0
2026-01-30 11:00:00,5117.36,5131.88,5014.47,5028.43,14238,10,0
2026-01-30 11:30:00,5028.52,5068.72,4942.8,5014.08,14363,10,0
2026-01-30 12:00:00,5013.77,5076.04,5001.01,5059.7,13583,10,0
2026-01-30 12:30:00,5059.64,5122.4,5055.3,5119.92,12823,10,0
2026-01-30 13:00:00,5119.74,5130.18,5090.64,5124.9,12310,10,0
2026-01-30 13:30:00,5124.83,5144.93,5089.62,5136.03,12020,10,0
2026-01-30 14:00:00,5136.03,5145.81,5110.03,5119.94,11964,10,0
2026-01-30 14:30:00,5119.97,5136.3,5055.42,5064.71,13085,10,0
2026-01-30 15:00:00,5064.6,5100.01,5014.36,5026.6,14086,10,0
2026-01-30 15:30:00,5026.62,5048.38,4992.61,5019.03,13664,10,0
2026-01-30 16:00:00,5019.42,5087.3,5017.76,5072.51,13685,10,0
2026-01-30 16:30:00,5072.46,5113.36,5014.68,5032.68,14220,10,0
2026-01-30 17:00:00,5033.05,5060.02,4980.78,5045.75,14433,10,0
2026-01-30 17:30:00,5045.72,5074.06,5038.61,5050.35,14021,10,0
2026-01-30 18:00:00,5050.79,5051.7,4989.39,4995.41,14179,10,0
2026-01-30 18:30:00,4995.43,5016.95,4944.61,4985.76,14468,10,0
2026-01-30 19:00:00,4985.52,4986.16,4899.64,4926.0,14705,10,0
2026-01-30 19:30:00,4926.04,4926.04,4801.05,4849.66,14655,10,0
2026-01-30 20:00:00,4849.8,4889.79,4695.66,4742.41,14906,10,0
2026-01-30 20:30:00,4742.5,4893.94,4691.37,4879.58,14430,10,0
2026-01-30 21:00:00,4879.89,4918.32,4843.14,4893.5,14336,10,0
2026-01-30 21:30:00,4893.39,4947.89,4881.25,4932.67,13672,10,0
2026-01-30 22:00:00,4932.79,4933.17,4879.51,4890.76,13985,10,0
2026-01-30 22:30:00,4890.72,4894.2,4809.5,4847.93,14138,10,0
2026-01-30 23:00:00,4847.57,4890.29,4831.88,4874.54,11947,10,0
2026-01-30 23:30:00,4874.54,4892.65,4850.29,4885.55,9914,10,0
2026-02-02 01:00:00,4809.66,4867.85,4697.67,4728.09,9482,10,0
2026-02-02 01:30:00,4727.99,4789.31,4713.98,4740.69,12087,10,0
2026-02-02 02:00:00,4741.71,4884.48,4740.57,4846.65,12814,10,0
2026-02-02 02:30:00,4846.69,4847.15,4759.95,4766.67,12644,10,0
2026-02-02 03:00:00,4766.64,4784.59,4591.78,4697.03,13262,10,0
2026-02-02 03:30:00,4697.15,4750.07,4668.02,4737.7,13355,10,0
2026-02-02 04:00:00,4737.7,4749.33,4699.18,4737.87,12945,10,0
2026-02-02 04:30:00,4739.35,4773.0,4698.92,4711.54,12474,10,0
2026-02-02 05:00:00,4710.92,4729.41,4664.68,4696.06,12672,10,0
2026-02-02 05:30:00,4696.14,4700.43,4630.4,4646.7,13103,10,0
2026-02-02 06:00:00,4646.6,4705.04,4603.4,4670.9,12878,10,0
2026-02-02 06:30:00,4670.94,4713.45,4658.33,4679.83,12201,10,0
2026-02-02 07:00:00,4679.84,4696.13,4649.78,4658.53,12117,10,0
2026-02-02 07:30:00,4658.35,4658.45,4498.55,4550.07,13547,10,0
2026-02-02 08:00:00,4549.93,4573.88,4433.67,4486.38,13181,10,0
2026-02-02 08:30:00,4486.54,4523.24,4402.98,4503.87,13414,10,0
2026-02-02 09:00:00,4504.76,4574.76,4486.42,4559.95,12692,10,0
2026-02-02 09:30:00,4559.88,4619.06,4524.94,4587.11,12183,10,0
2026-02-02 10:00:00,4587.24,4649.1,4563.7,4646.5,12426,10,0
2026-02-02 10:30:00,4646.49,4651.27,4607.73,4640.91,11966,10,0
2026-02-02 11:00:00,4640.91,4700.05,4603.72,4689.85,12141,10,0
2026-02-02 11:30:00,4689.84,4731.2,4679.27,4719.63,12450,10,0
2026-02-02 12:00:00,4719.6,4733.83,4670.78,4682.67,11802,10,0
2026-02-02 12:30:00,4682.7,4712.03,4657.28,4705.71,11517,10,0
2026-02-02 13:00:00,4705.72,4760.17,4703.71,4753.15,11340,10,0
2026-02-02 13:30:00,4753.13,4779.29,4747.98,4766.39,10913,10,0
2026-02-02 14:00:00,4766.04,4789.85,4743.66,4777.78,11453,10,0
2026-02-02 14:30:00,4777.8,4812.39,4770.28,4794.15,11369,10,0
2026-02-02 15:00:00,4794.19,4803.67,4720.89,4739.61,13322,10,0
2026-02-02 15:30:00,4739.62,4741.87,4669.76,4706.22,13003,10,0
2026-02-02 16:00:00,4706.22,4738.72,4680.1,4721.5,12618,10,0
2026-02-02 16:30:00,4721.53,4793.53,4700.5,4720.05,13931,10,0
2026-02-02 17:00:00,4719.77,4745.38,4673.97,4680.99,13641,10,0
2026-02-02 17:30:00,4681.22,4704.74,4617.33,4619.91,13699,10,0
2026-02-02 18:00:00,4620.0,4708.74,4596.87,4671.79,13539,10,0
2026-02-02 18:30:00,4671.78,4688.82,4645.4,4666.02,12922,10,0
2026-02-02 19:00:00,4666.01,4713.99,4659.99,4667.66,12429,10,0
2026-02-02 19:30:00,4667.6,4688.21,4656.71,4674.49,11537,10,0
2026-02-02 20:00:00,4674.25,4674.27,4618.71,4632.1,12236,10,0
2026-02-02 20:30:00,4632.26,4674.05,4632.26,4657.85,11415,10,0
2026-02-02 21:00:00,4657.91,4662.21,4631.53,4643.85,11161,10,0
2026-02-02 21:30:00,4643.72,4712.78,4637.27,4685.5,11829,10,0
2026-02-02 22:00:00,4685.58,4700.71,4651.44,4670.64,11860,10,0
2026-02-02 22:30:00,4670.47,4692.59,4647.82,4652.56,11608,10,0
2026-02-02 23:00:00,4652.52,4686.97,4644.06,4681.05,9737,10,0
2026-02-02 23:30:00,4681.05,4686.08,4648.71,4658.41,8523,10,0
2026-02-03 01:00:00,4670.51,4763.58,4665.96,4738.29,11024,10,0
2026-02-03 01:30:00,4738.31,4775.65,4717.12,4774.44,10799,10,0
2026-02-03 02:00:00,4774.42,4829.28,4766.27,4820.56,11538,10,0
2026-02-03 02:30:00,4820.42,4830.3,4774.17,4780.4,11114,10,0
2026-02-03 03:00:00,4780.43,4855.59,4766.54,4853.84,13110,10,0
2026-02-03 03:30:00,4853.76,4855.89,4820.4,4841.64,12449,10,0
2026-02-03 04:00:00,4841.43,4841.78,4761.17,4772.84,12193,10,0
2026-02-03 04:30:00,4772.63,4787.64,4745.73,4783.72,12475,10,0
2026-02-03 05:00:00,4783.67,4794.36,4752.04,4773.56,12012,10,0
2026-02-03 05:30:00,4773.57,4813.35,4771.05,4809.95,11081,10,0
2026-02-03 06:00:00,4809.57,4825.13,4800.97,4806.56,10028,10,0
2026-02-03 06:30:00,4806.37,4825.09,4806.11,4809.23,9309,10,0
2026-02-03 07:00:00,4809.22,4841.87,4809.22,4839.74,9196,10,0
2026-02-03 07:30:00,4839.74,4839.84,4813.5,4825.19,11733,10,0
2026-02-03 08:00:00,4825.22,4875.14,4816.6,4871.59,11472,10,0
2026-02-03 08:30:00,4871.59,4893.9,4865.13,4881.53,12069,10,0
2026-02-03 09:00:00,4881.29,4901.73,4872.19,4900.19,9908,10,0
2026-02-03 09:30:00,4900.18,4933.58,4898.76,4917.31,10173,10,0
2026-02-03 10:00:00,4917.32,4942.0,4898.51,4936.39,10381,10,0
2026-02-03 10:30:00,4936.4,4948.9,4911.38,4912.54,9577,10,0
2026-02-03 11:00:00,4912.53,4923.83,4890.5,4891.53,10064,10,0
2026-02-03 11:30:00,4891.5,4926.12,4884.75,4916.18,9227,10,0
2026-02-03 12:00:00,4916.25,4929.78,4914.41,4914.62,8206,10,0
2026-02-03 12:30:00,4914.63,4924.04,4901.81,4902.35,8118,10,0
2026-02-03 13:00:00,4902.36,4912.53,4884.0,4901.18,9179,10,0
2026-02-03 13:30:00,4901.17,4919.37,4898.47,4916.92,8619,10,0
2026-02-03 14:00:00,4916.96,4935.73,4892.5,4902.63,9942,10,0
2026-02-03 14:30:00,4902.63,4919.0,4900.23,4913.77,8812,10,0
2026-02-03 15:00:00,4913.77,4939.19,4902.81,4934.2,12027,10,0
2026-02-03 15:30:00,4934.23,4951.04,4921.37,4932.44,11575,10,0
2026-02-03 16:00:00,4932.78,4936.23,4896.46,4924.98,11816,10,0
2026-02-03 16:30:00,4924.97,4930.16,4894.06,4917.09,13154,10,0
2026-02-03 17:00:00,4917.18,4948.65,4904.81,4925.21,12855,10,0
2026-02-03 17:30:00,4925.19,4935.79,4908.03,4935.5,11945,10,0
2026-02-03 18:00:00,4935.49,4980.61,4929.86,4973.07,11700,10,0
2026-02-03 18:30:00,4973.04,4993.87,4952.06,4955.63,12312,10,0
2026-02-03 19:00:00,4955.63,4969.82,4923.55,4948.6,12890,10,0
2026-02-03 19:30:00,4948.62,4964.81,4907.64,4929.2,12672,10,0
2026-02-03 20:00:00,4929.07,4954.02,4904.98,4908.77,12429,10,0
2026-02-03 20:30:00,4908.67,4918.38,4885.41,4908.34,12176,10,0
2026-02-03 21:00:00,4908.38,4933.65,4880.97,4930.31,12104,10,0
2026-02-03 21:30:00,4930.46,4948.89,4916.44,4927.3,11965,10,0
2026-02-03 22:00:00,4927.3,4942.03,4902.77,4939.31,11235,10,0
2026-02-03 22:30:00,4939.27,4956.85,4932.86,4944.63,11456,10,0
2026-02-03 23:00:00,4944.59,4964.15,4938.35,4951.02,7505,10,0
2026-02-03 23:30:00,4951.05,4958.2,4933.85,4946.45,6533,10,0
2026-02-04 01:00:00,4945.85,4972.23,4910.77,4923.86,10183,10,0
2026-02-04 01:30:00,4923.71,4955.36,4921.53,4947.64,9804,10,0
2026-02-04 02:00:00,4947.59,4999.65,4946.41,4981.61,10898,10,0
2026-02-04 02:30:00,4981.63,5016.14,4968.75,5015.66,10339,10,0
2026-02-04 03:00:00,5015.66,5053.43,4985.33,5037.65,12415,10,0
2026-02-04 03:30:00,5037.34,5050.26,5010.73,5046.61,11190,10,0
2026-02-04 04:00:00,5046.72,5065.45,5046.72,5058.0,9684,10,0
2026-02-04 04:30:00,5058.01,5062.14,5035.6,5040.54,10669,10,0
2026-02-04 05:00:00,5040.53,5056.67,5036.31,5052.99,10349,10,0
2026-02-04 05:30:00,5052.84,5073.62,5051.65,5070.22,8345,10,0
2026-02-04 06:00:00,5070.22,5074.17,5056.55,5061.98,7441,10,0
2026-02-04 06:30:00,5062.01,5081.17,5060.64,5080.6,7034,10,0
2026-02-04 07:00:00,5080.6,5085.34,5076.85,5080.22,6528,10,0
2026-02-04 07:30:00,5080.23,5090.34,5069.42,5079.51,9381,10,0
2026-02-04 08:00:00,5079.53,5082.79,5051.27,5054.49,10169,10,0
2026-02-04 08:30:00,5054.45,5079.81,5054.0,5076.59,9639,10,0
2026-02-04 09:00:00,5076.57,5089.59,5062.28,5089.5,8816,10,0
2026-02-04 09:30:00,5089.5,5091.44,5067.1,5084.87,8390,10,0
2026-02-04 10:00:00,5084.85,5091.85,5074.95,5084.19,7595,10,0
2026-02-04 10:30:00,5084.18,5085.25,5069.06,5083.6,7443,10,0
2026-02-04 11:00:00,5083.59,5086.88,5053.7,5056.86,8908,10,0
2026-02-04 11:30:00,5056.96,5065.92,5043.1,5060.09,8983,10,0
2026-02-04 12:00:00,5060.06,5064.37,5041.75,5043.51,8075,10,0
2026-02-04 12:30:00,5043.56,5061.51,5043.56,5048.73,7978,10,0
2026-02-04 13:00:00,5048.73,5053.52,5013.74,5023.79,8575,10,0
2026-02-04 13:30:00,5023.78,5050.39,5022.09,5047.64,8157,10,0
2026-02-04 14:00:00,5047.61,5055.33,5037.49,5047.49,7773,10,0
2026-02-04 14:30:00,5047.49,5063.19,5036.72,5041.03,7786,10,0
2026-02-04 15:00:00,5041.03,5054.32,5023.62,5048.96,11330,10,0
2026-02-04 15:30:00,5049.1,5063.44,5033.24,5053.99,10603,10,0
2026-02-04 16:00:00,5054.0,5058.95,5028.82,5031.03,10766,10,0
2026-02-04 16:30:00,5031.21,5037.85,4967.42,4986.55,13685,10,0
2026-02-04 17:00:00,4986.59,5007.81,4950.59,4958.05,13411,10,0
2026-02-04 17:30:00,4958.04,4962.31,4887.78,4920.72,13619,10,0
2026-02-04 18:00:00,4920.61,4940.32,4890.48,4924.12,13208,10,0
2026-02-04 18:30:00,4924.14,4934.68,4854.29,4904.58,12777,10,0
2026-02-04 19:00:00,4904.56,4925.67,4888.41,4917.44,12573,10,0
2026-02-04 19:30:00,4917.46,4930.75,4895.6,4897.97,12509,10,0
2026-02-04 20:00:00,4897.97,4935.29,4873.11,4926.6,12335,10,0
2026-02-04 20:30:00,4926.63,4932.39,4903.94,4927.4,10289,10,0
2026-02-04 21:00:00,4927.41,4950.46,4914.67,4933.82,11058,10,0
2026-02-04 21:30:00,4933.85,4957.8,4928.62,4942.0,10368,10,0
2026-02-04 22:00:00,4941.96,4945.78,4919.38,4922.71,9909,10,0
2026-02-04 22:30:00,4922.65,4951.3,4915.42,4938.29,10498,10,0
2026-02-04 23:00:00,4938.51,4959.46,4937.73,4958.92,6481,10,0
2026-02-04 23:30:00,4958.92,4970.97,4952.65,4965.2,6245,10,0
2026-02-05 01:00:00,4965.58,5021.1,4965.58,5019.61,9082,10,0
2026-02-05 01:30:00,5019.61,5023.82,5008.12,5012.33,9609,10,0
2026-02-05 02:00:00,5012.34,5019.41,4997.24,5015.9,9661,10,0
2026-02-05 02:30:00,5015.9,5020.54,5004.3,5006.8,7286,10,0
2026-02-05 03:00:00,5006.79,5012.09,4936.1,4952.15,12884,10,0
2026-02-05 03:30:00,4952.14,4986.55,4952.14,4958.78,12182,10,0
2026-02-05 04:00:00,4958.8,4961.91,4895.35,4936.95,13116,10,0
2026-02-05 04:30:00,4936.97,4940.67,4805.39,4811.8,13483,10,0
2026-02-05 05:00:00,4811.79,4887.89,4789.89,4859.19,13371,10,0
2026-02-05 05:30:00,4859.15,4885.94,4839.6,4880.67,12454,10,0
2026-02-05 06:00:00,4880.66,4891.21,4863.46,4886.83,10960,10,0
2026-02-05 06:30:00,4886.82,4888.01,4863.74,4863.87,10209,10,0
2026-02-05 07:00:00,4863.96,4876.09,4840.35,4868.98,10357,10,0
2026-02-05 07:30:00,4868.93,4906.53,4826.84,4896.22,12550,10,0
2026-02-05 08:00:00,4896.31,4930.29,4878.34,4929.62,12163,10,0
2026-02-05 08:30:00,4929.64,4934.01,4898.77,4920.7,11561,10,0
2026-02-05 09:00:00,4920.55,4940.74,4911.35,4932.73,11178,10,0
2026-02-05 09:30:00,4932.69,4933.55,4895.99,4915.0,10183,10,0
2026-02-05 10:00:00,4915.1,4943.52,4912.86,4921.24,10239,10,0
2026-02-05 10:30:00,4921.29,4929.8,4901.29,4912.5,9892,10,0
2026-02-05 11:00:00,4912.23,4914.42,4853.94,4873.77,11804,10,0
2026-02-05 11:30:00,4873.79,4894.31,4849.76,4855.08,10474,10,0
2026-02-05 12:00:00,4855.14,4877.98,4848.24,4861.68,10645,10,0
2026-02-05 12:30:00,4861.68,4886.67,4852.32,4877.02,9221,10,0
2026-02-05 13:00:00,4877.01,4894.47,4876.84,4892.13,8286,10,0
2026-02-05 13:30:00,4892.13,4892.86,4864.51,4868.32,8738,10,0
2026-02-05 14:00:00,4868.31,4878.17,4810.73,4848.31,11911,10,0
2026-02-05 14:30:00,4848.17,4870.64,4840.56,4853.88,12123,10,0
2026-02-05 15:00:00,4853.95,4865.36,4802.11,4852.29,12778,10,0
2026-02-05 15:30:00,4851.93,4867.8,4820.77,4835.47,12169,10,0
2026-02-05 16:00:00,4835.47,4849.93,4810.14,4835.4,12635,10,0
2026-02-05 16:30:00,4835.34,4869.94,4806.04,4847.03,13669,10,0
2026-02-05 17:00:00,4846.39,4864.22,4813.66,4819.75,13514,10,0
2026-02-05 17:30:00,4819.89,4838.31,4800.53,4817.94,13332,10,0
2026-02-05 18:00:00,4817.79,4856.78,4812.55,4849.68,12936,10,0
2026-02-05 18:30:00,4849.68,4906.84,4845.01,4888.93,12577,10,0
2026-02-05 19:00:00,4889.03,4890.63,4859.26,4867.21,12184,10,0
2026-02-05 19:30:00,4867.23,4884.86,4859.46,4869.23,11817,10,0
2026-02-05 20:00:00,4869.22,4875.23,4851.55,4868.96,12058,10,0
2026-02-05 20:30:00,4869.22,4873.21,4851.33,4858.3,10061,10,0
2026-02-05 21:00:00,4858.26,4865.23,4843.63,4851.24,10202,10,0
2026-02-05 21:30:00,4851.27,4853.85,4823.71,4829.48,10821,10,0
2026-02-05 22:00:00,4829.44,4843.3,4810.8,4825.53,10881,10,0
2026-02-05 22:30:00,4825.57,4831.95,4792.83,4811.26,11263,10,0
2026-02-05 23:00:00,4811.31,4826.1,4795.47,4802.54,8272,10,0
2026-02-05 23:30:00,4802.55,4804.64,4759.79,4776.55,9257,10,0
2026-02-06 01:00:00,4789.7,4794.04,4749.03,4752.17,9850,10,0
2026-02-06 01:30:00,4752.16,4757.15,4703.44,4703.93,11359,10,0
2026-02-06 02:00:00,4703.95,4729.96,4655.22,4723.93,12808,10,0
2026-02-06 02:30:00,4723.91,4764.54,4708.06,4763.15,12483,10,0
2026-02-06 03:00:00,4763.1,4763.45,4693.79,4711.94,13290,10,0
2026-02-06 03:30:00,4712.04,4784.74,4705.54,4774.19,12209,10,0
2026-02-06 04:00:00,4774.28,4821.66,4761.33,4820.47,11796,10,0
2026-02-06 04:30:00,4820.45,4846.5,4809.65,4816.57,12083,10,0
2026-02-06 05:00:00,4816.6,4839.43,4801.83,4811.67,11106,10,0
2026-02-06 05:30:00,4811.67,4826.77,4801.2,4824.34,9463,10,0
2026-02-06 06:00:00,4824.33,4827.9,4807.25,4826.52,8342,10,0
2026-02-06 06:30:00,4826.54,4831.86,4810.83,4813.93,7639,10,0
2026-02-06 07:00:00,4813.94,4852.4,4807.83,4852.22,8576,10,0
2026-02-06 07:30:00,4852.22,4898.01,4837.3,4897.88,11286,10,0
2026-02-06 08:00:00,4897.85,4903.15,4848.7,4853.89,11332,10,0
2026-02-06 08:30:00,4853.88,4866.76,4825.83,4846.44,10804,10,0
2026-02-06 09:00:00,4846.24,4861.83,4838.6,4858.43,9352,10,0
2026-02-06 09:30:00,4858.55,4859.69,4840.21,4841.21,8073,10,0
2026-02-06 10:00:00,4841.15,4874.4,4829.75,4867.56,9444,10,0
2026-02-06 10:30:00,4867.56,4882.31,4852.85,4861.98,8541,10,0
2026-02-06 11:00:00,4861.99,4871.68,4839.13,4863.82,8104,10,0
2026-02-06 11:30:00,4863.67,4872.6,4856.37,4866.61,8183,10,0
2026-02-06 12:00:00,4866.6,4877.88,4851.82,4855.24,7790,10,0
2026-02-06 12:30:00,4855.17,4880.05,4853.25,4878.48,7269,10,0
2026-02-06 13:00:00,4878.48,4894.02,4863.99,4891.01,8160,10,0
2026-02-06 13:30:00,4891.02,4895.81,4880.38,4887.16,7745,10,0
2026-02-06 14:00:00,4887.23,4903.57,4871.91,4877.72,8728,10,0
2026-02-06 14:30:00,4877.76,4903.16,4877.23,4900.32,7721,10,0
2026-02-06 15:00:00,4900.3,4928.48,4897.22,4909.41,11532,10,0
2026-02-06 15:30:00,4909.41,4938.49,4909.07,4929.28,10530,10,0
2026-02-06 16:00:00,4929.27,4932.88,4894.69,4905.19,10125,10,0
2026-02-06 16:30:00,4905.21,4949.68,4897.91,4948.19,12157,10,0
2026-02-06 17:00:00,4948.19,4964.91,4936.17,4955.82,12434,10,0
2026-02-06 17:30:00,4955.85,4960.7,4928.68,4943.7,11749,10,0
2026-02-06 18:00:00,4943.72,4950.46,4921.71,4938.46,10990,10,0
2026-02-06 18:30:00,4938.47,4953.32,4929.94,4951.71,10723,10,0
2026-02-06 19:00:00,4951.68,4960.91,4949.37,4954.85,9265,10,0
2026-02-06 19:30:00,4954.87,4968.54,4948.41,4960.56,9397,10,0
2026-02-06 20:00:00,4960.58,4971.48,4943.96,4956.17,10074,10,0
2026-02-06 20:30:00,4956.22,4968.41,4951.55,4962.52,7040,10,0
2026-02-06 21:00:00,4962.51,4963.26,4953.89,4957.56,6631,10,0
2026-02-06 21:30:00,4957.56,4962.77,4948.8,4957.3,7365,10,0
2026-02-06 22:00:00,4957.25,4959.08,4946.69,4954.94,7406,10,0
2026-02-06 22:30:00,4954.91,4955.07,4936.76,4953.44,9019,10,0
2026-02-06 23:00:00,4953.43,4958.44,4946.53,4954.08,5222,10,0
2026-02-06 23:30:00,4954.08,4966.01,4953.87,4966.01,4433,10,0
2026-02-09 01:00:00,4983.79,5026.58,4965.13,5024.61,9287,10,0
2026-02-09 01:30:00,5024.61,5046.74,5020.0,5036.17,9609,10,0
2026-02-09 02:00:00,5036.14,5045.0,5023.09,5033.76,9663,10,0
2026-02-09 02:30:00,5035.15,5036.39,5012.11,5019.93,8327,10,0
2026-02-09 03:00:00,5019.85,5042.06,5006.55,5016.93,10919,10,0
2026-02-09 03:30:00,5016.92,5022.35,4976.32,4982.59,10660,10,0
2026-02-09 04:00:00,4982.6,5001.74,4969.25,5001.43,8739,10,0
2026-02-09 04:30:00,5001.35,5017.51,4986.35,5007.2,9897,10,0
2026-02-09 05:00:00,5007.22,5026.74,5005.7,5025.11,8986,10,0
2026-02-09 05:30:00,5025.11,5031.42,5012.44,5016.21,7665,10,0
2026-02-09 06:00:00,5016.16,5024.86,5008.93,5017.68,6672,10,0
2026-02-09 06:30:00,5017.68,5023.25,5007.65,5012.08,6688,10,0
2026-02-09 07:00:00,5012.08,5031.4,5011.35,5030.23,6264,10,0
2026-02-09 07:30:00,5030.23,5041.54,5023.78,5037.12,9292,10,0
2026-02-09 08:00:00,5036.69,5045.61,5014.04,5025.25,9829,10,0
2026-02-09 08:30:00,5025.26,5039.92,5021.15,5031.4,9479,10,0
2026-02-09 09:00:00,5031.38,5031.38,4997.64,5008.63,9264,10,0
2026-02-09 09:30:00,5008.63,5015.41,5001.02,5006.49,8019,10,0
2026-02-09 10:00:00,5006.49,5031.9,5002.88,5025.84,8493,10,0
2026-02-09 10:30:00,5025.84,5035.5,5022.08,5027.4,7386,10,0
2026-02-09 11:00:00,5027.38,5040.9,5016.62,5024.5,7379,10,0
2026-02-09 11:30:00,5024.48,5027.42,5002.88,5007.8,7534,10,0
2026-02-09 12:00:00,5007.98,5015.23,4986.18,4991.06,8345,10,0
2026-02-09 12:30:00,4991.04,4999.29,4982.42,4990.99,8969,10,0
2026-02-09 13:00:00,4990.98,5006.58,4988.76,5006.18,7199,10,0
2026-02-09 13:30:00,5006.21,5017.99,5001.63,5010.85,7220,10,0
2026-02-09 14:00:00,5010.87,5017.77,5007.4,5014.06,7414,10,0
2026-02-09 14:30:00,5014.08,5021.69,5007.51,5013.42,7177,10,0
2026-02-09 15:00:00,5013.42,5024.68,5003.58,5004.39,10530,10,0
2026-02-09 15:30:00,5004.38,5014.86,4995.17,5007.04,10036,10,0
2026-02-09 16:00:00,5007.0,5024.01,5002.4,5021.05,9578,10,0
2026-02-09 16:30:00,5021.0,5040.57,5014.22,5038.04,12280,10,0
2026-02-09 17:00:00,5038.06,5042.22,5023.65,5033.39,10936,10,0
2026-02-09 17:30:00,5033.43,5060.36,5033.43,5058.99,9990,10,0
2026-02-09 18:00:00,5058.99,5079.87,5056.91,5072.28,9652,10,0
2026-02-09 18:30:00,5072.36,5080.41,5067.08,5073.4,9601,10,0
2026-02-09 19:00:00,5073.42,5075.62,5060.94,5068.23,8619,10,0
2026-02-09 19:30:00,5068.23,5070.52,5040.99,5046.29,9452,10,0
2026-02-09 20:00:00,5046.32,5059.64,5044.22,5054.21,9845,10,0
2026-02-09 20:30:00,5054.2,5064.0,5048.59,5062.86,8542,10,0
2026-02-09 21:00:00,5062.84,5074.51,5062.48,5074.46,7765,10,0
2026-02-09 21:30:00,5074.45,5080.06,5072.99,5074.59,7880,10,0
2026-02-09 22:00:00,5074.57,5081.47,5073.57,5080.5,8072,10,0
2026-02-09 22:30:00,5080.47,5086.67,5072.35,5079.68,9446,10,0
2026-02-09 23:00:00,5079.73,5083.22,5048.38,5055.22,5940,10,0
2026-02-09 23:30:00,5055.17,5066.47,5054.01,5060.3,4956,10,0
2026-02-10 01:00:00,5060.87,5075.69,4987.88,5023.95,9691,10,0
2026-02-10 01:30:00,5023.77,5041.9,5013.66,5031.96,8761,10,0
2026-02-10 02:00:00,5031.94,5048.4,5031.88,5034.05,8425,10,0
2026-02-10 02:30:00,5034.06,5040.92,5008.81,5018.97,9436,10,0
2026-02-10 03:00:00,5018.98,5037.77,5012.7,5017.52,11006,10,0
2026-02-10 03:30:00,5017.39,5036.06,5015.12,5032.83,10642,10,0
2026-02-10 04:00:00,5032.84,5056.33,5031.81,5047.39,9372,10,0
2026-02-10 04:30:00,5047.38,5052.87,5034.89,5038.34,9682,10,0
2026-02-10 05:00:00,5038.23,5038.23,5016.64,5022.0,9969,10,0
2026-02-10 05:30:00,5022.02,5031.88,5017.14,5030.19,7882,10,0
2026-02-10 06:00:00,5030.19,5031.03,5017.67,5027.51,7000,10,0
2026-02-10 06:30:00,5027.5,5033.98,5022.21,5031.64,5801,10,0
2026-02-10 07:00:00,5031.67,5035.4,5011.43,5019.09,6782,10,0
2026-02-10 07:30:00,5019.23,5040.62,5012.93,5039.54,9431,10,0
2026-02-10 08:00:00,5039.48,5045.55,5030.84,5031.94,9101,10,0
2026-02-10 08:30:00,5031.92,5039.12,5019.11,5024.66,8769,10,0
2026-02-10 09:00:00,5024.65,5034.3,5018.74,5025.32,7163,10,0
2026-02-10 09:30:00,5025.32,5036.06,5024.94,5033.98,6989,10,0
2026-02-10 10:00:00,5033.97,5041.21,5028.95,5035.62,8245,10,0
2026-02-10 10:30:00,5035.63,5055.08,5034.25,5041.91,7586,10,0
2026-02-10 11:00:00,5041.94,5063.33,5040.69,5052.41,7490,10,0
2026-02-10 11:30:00,5052.41,5053.33,5042.27,5046.8,6925,10,0
2026-02-10 12:00:00,5046.8,5052.67,5037.18,5047.66,6834,10,0
2026-02-10 12:30:00,5047.68,5058.27,5044.03,5046.98,6757,10,0
2026-02-10 13:00:00,5046.98,5053.09,5044.46,5047.84,6056,10,0
2026-02-10 13:30:00,5047.84,5057.49,5045.09,5056.11,5721,10,0
2026-02-10 14:00:00,5056.1,5057.22,5041.18,5046.45,7560,10,0
2026-02-10 14:30:00,5046.51,5047.78,5019.69,5032.24,8563,10,0
2026-02-10 15:00:00,5032.25,5046.33,5026.75,5037.79,9197,10,0
2026-02-10 15:30:00,5037.9,5058.59,5037.9,5051.16,9310,10,0
2026-02-10 16:00:00,5051.15,5074.64,5046.95,5070.36,8958,10,0
2026-02-10 16:30:00,5070.4,5078.64,5020.68,5039.61,12294,10,0
2026-02-10 17:00:00,5038.41,5048.02,5029.14,5033.02,10942,10,0
2026-02-10 17:30:00,5032.66,5037.19,4999.17,5019.61,11934,10,0
2026-02-10 18:00:00,5019.62,5024.38,5005.7,5010.21,11218,10,0
2026-02-10 18:30:00,5010.21,5026.57,5008.73,5023.9,10165,10,0
2026-02-10 19:00:00,5023.9,5039.09,5020.89,5036.78,9026,10,0
2026-02-10 19:30:00,5036.78,5040.07,5025.04,5026.32,8432,10,0
2026-02-10 20:00:00,5026.3,5027.94,5004.96,5008.25,9663,10,0
2026-02-10 20:30:00,5008.45,5017.25,5005.19,5013.28,8897,10,0
2026-02-10 21:00:00,5013.28,5021.67,5008.9,5021.16,7677,10,0
2026-02-10 21:30:00,5021.15,5030.24,5021.15,5028.08,7749,10,0
2026-02-10 22:00:00,5028.08,5033.93,5020.46,5028.3,7895,10,0
2026-02-10 22:30:00,5028.32,5045.44,5027.42,5030.48,8379,10,0
2026-02-10 23:00:00,5030.4,5032.87,5023.28,5026.22,4694,10,0
2026-02-10 23:30:00,5026.22,5028.26,5020.47,5022.9,4053,10,0
2026-02-11 01:00:00,5027.08,5054.67,5025.07,5046.76,6612,10,0
2026-02-11 01:30:00,5046.76,5048.13,5038.64,5041.99,4802,10,0
2026-02-11 02:00:00,5041.99,5044.46,5028.34,5040.22,7180,10,0
2026-02-11 02:30:00,5040.19,5049.56,5034.76,5037.91,6586,10,0
2026-02-11 03:00:00,5037.86,5047.72,5030.81,5037.81,9207,10,0
2026-02-11 03:30:00,5037.81,5053.02,5032.73,5052.65,8182,10,0
2026-02-11 04:00:00,5052.62,5056.86,5032.7,5042.17,8134,10,0
2026-02-11 04:30:00,5042.17,5057.82,5041.17,5055.51,8041,10,0
2026-02-11 05:00:00,5055.75,5059.13,5045.22,5057.25,7295,10,0
2026-02-11 05:30:00,5057.25,5060.89,5053.35,5054.58,5635,10,0
2026-02-11 06:00:00,5054.58,5059.74,5053.24,5058.42,4776,10,0
2026-02-11 06:30:00,5058.42,5059.37,5045.95,5046.48,5287,10,0
2026-02-11 07:00:00,5046.48,5053.57,5043.63,5053.17,5443,10,0
2026-02-11 07:30:00,5053.17,5063.95,5046.37,5052.79,8399,10,0
2026-02-11 08:00:00,5052.71,5061.56,5049.51,5056.56,7596,10,0
2026-02-11 08:30:00,5056.57,5064.6,5052.22,5064.14,8145,10,0
2026-02-11 09:00:00,5064.1,5069.34,5052.83,5060.0,8803,10,0
2026-02-11 09:30:00,5059.97,5061.97,5049.09,5055.58,7116,10,0
2026-02-11 10:00:00,5055.58,5060.51,5050.72,5051.85,6689,10,0
2026-02-11 10:30:00,5051.83,5055.05,5045.96,5053.71,6319,10,0
2026-02-11 11:00:00,5053.75,5055.92,5047.27,5054.57,5742,10,0
2026-02-11 11:30:00,5054.57,5072.13,5053.84,5062.82,7580,10,0
2026-02-11 12:00:00,5062.8,5076.5,5062.56,5071.25,6909,10,0
2026-02-11 12:30:00,5071.27,5101.25,5068.42,5093.36,9031,10,0
2026-02-11 13:00:00,5093.36,5107.88,5082.61,5107.48,7705,10,0
2026-02-11 13:30:00,5107.59,5116.68,5101.02,5111.91,8045,10,0
2026-02-11 14:00:00,5111.92,5119.17,5086.95,5095.06,9059,10,0
2026-02-11 14:30:00,5095.15,5098.72,5051.51,5082.88,10093,10,0
2026-02-11 15:00:00,5083.73,5089.87,5063.96,5084.38,10187,10,0
2026-02-11 15:30:00,5084.42,5084.77,5019.04,5065.85,12994,10,0
2026-02-11 16:00:00,5065.84,5082.82,5062.01,5071.01,11015,10,0
2026-02-11 16:30:00,5071.06,5076.15,5035.94,5059.52,12941,10,0
2026-02-11 17:00:00,5059.57,5081.86,5043.65,5049.07,12615,10,0
2026-02-11 17:30:00,5049.06,5063.23,5039.22,5060.47,12473,10,0
2026-02-11 18:00:00,5060.29,5064.41,5042.87,5061.01,11557,10,0
2026-02-11 18:30:00,5061.04,5078.23,5056.61,5075.34,9781,10,0
2026-02-11 19:00:00,5075.35,5091.31,5068.89,5087.61,9822,10,0
2026-02-11 19:30:00,5087.61,5098.85,5081.57,5091.74,9841,10,0
2026-02-11 20:00:00,5091.69,5092.96,5067.06,5073.68,10016,10,0
2026-02-11 20:30:00,5073.7,5087.36,5071.5,5082.51,8742,10,0
2026-02-11 21:00:00,5082.56,5094.37,5082.32,5091.76,8518,10,0
2026-02-11 21:30:00,5091.73,5092.14,5077.05,5082.12,8869,10,0
2026-02-11 22:00:00,5082.09,5089.06,5079.9,5085.0,7847,10,0
2026-02-11 22:30:00,5085.01,5089.97,5078.29,5086.75,9164,10,0
2026-02-11 23:00:00,5086.78,5092.77,5078.99,5082.13,4790,10,0
2026-02-11 23:30:00,5082.22,5084.35,5069.91,5082.74,5570,10,0
2026-02-12 01:00:00,5085.14,5099.96,5053.31,5068.95,8077,10,0
2026-02-12 01:30:00,5068.92,5070.92,5060.07,5061.04,6975,10,0
2026-02-12 02:00:00,5061.25,5067.67,5049.92,5060.6,9593,10,0
2026-02-12 02:30:00,5060.59,5065.88,5056.02,5063.09,7732,10,0
2026-02-12 03:00:00,5063.06,5063.06,5045.29,5058.79,9893,10,0
2026-02-12 03:30:00,5058.78,5064.29,5053.24,5063.4,9048,10,0
2026-02-12 04:00:00,5063.46,5072.76,5062.35,5066.61,7850,10,0
2026-02-12 04:30:00,5066.65,5069.94,5055.17,5065.99,7803,10,0
2026-02-12 05:00:00,5066.0,5074.72,5055.01,5060.12,7920,10,0
2026-02-12 05:30:00,5060.11,5066.73,5055.16,5057.04,6311,10,0
2026-02-12 06:00:00,5057.06,5059.14,5051.0,5056.32,5679,10,0
2026-02-12 06:30:00,5056.38,5069.98,5054.31,5069.46,5455,10,0
2026-02-12 07:00:00,5069.46,5078.32,5065.6,5071.86,6549,10,0
2026-02-12 07:30:00,5071.85,5076.22,5064.71,5075.64,7439,10,0
2026-02-12 08:00:00,5075.64,5076.4,5055.41,5055.57,7726,10,0
2026-02-12 08:30:00,5055.59,5061.71,5047.33,5059.77,8952,10,0
2026-02-12 09:00:00,5059.78,5066.37,5051.92,5062.46,6979,10,0
2026-02-12 09:30:00,5062.48,5065.85,5056.83,5064.04,5325,10,0
2026-02-12 10:00:00,5063.99,5073.6,5060.96,5060.96,7019,10,0
2026-02-12 10:30:00,5060.84,5072.16,5052.52,5068.57,6663,10,0
2026-02-12 11:00:00,5068.56,5077.86,5066.3,5071.45,6707,10,0
2026-02-12 11:30:00,5071.44,5080.84,5068.6,5073.25,5629,10,0
2026-02-12 12:00:00,5073.23,5077.18,5061.08,5061.36,6337,10,0
2026-02-12 12:30:00,5061.35,5066.18,5056.07,5062.15,6138,10,0
2026-02-12 13:00:00,5062.12,5065.72,5059.49,5062.81,5069,10,0
2026-02-12 13:30:00,5062.77,5068.41,5061.6,5063.96,5356,10,0
2026-02-12 14:00:00,5063.98,5066.74,5056.73,5062.53,5257,10,0
2026-02-12 14:30:00,5062.51,5068.69,5048.78,5052.8,7018,10,0
2026-02-12 15:00:00,5052.81,5074.37,5051.54,5062.31,8774,10,0
2026-02-12 15:30:00,5062.55,5083.78,5061.12,5075.44,8299,10,0
2026-02-12 16:00:00,5075.46,5077.84,5054.96,5059.99,8998,10,0
2026-02-12 16:30:00,5059.99,5071.67,5039.47,5044.52,11521,10,0
2026-02-12 17:00:00,5044.53,5069.8,5039.97,5066.18,10044,10,0
2026-02-12 17:30:00,5066.17,5074.85,5060.28,5060.65,10129,10,0
2026-02-12 18:00:00,5060.56,5068.21,4878.62,4898.07,13318,10,0
2026-02-12 18:30:00,4897.77,4969.38,4894.76,4954.71,13699,10,0
2026-02-12 19:00:00,4954.73,4982.86,4939.58,4965.58,12778,10,0
2026-02-12 19:30:00,4965.58,4974.91,4939.6,4941.14,12232,10,0
2026-02-12 20:00:00,4941.14,4949.81,4906.58,4928.56,12681,10,0
2026-02-12 20:30:00,4928.58,4952.24,4926.17,4935.68,11457,10,0
2026-02-12 21:00:00,4935.71,4944.32,4928.8,4931.48,11084,10,0
2026-02-12 21:30:00,4931.46,4958.0,4931.46,4945.59,10579,10,0
2026-02-12 22:00:00,4945.62,4948.52,4921.8,4922.86,10476,10,0
2026-02-12 22:30:00,4922.75,4928.09,4911.42,4915.36,11381,10,0
2026-02-12 23:00:00,4914.95,4924.52,4911.93,4920.38,6545,10,0
2026-02-12 23:30:00,4920.33,4926.7,4915.86,4922.08,5692,10,0
2026-02-13 01:00:00,4929.99,4929.99,4888.11,4920.09,7978,10,0
2026-02-13 01:30:00,4920.08,4926.2,4906.04,4920.27,8250,10,0
2026-02-13 02:00:00,4920.19,4948.56,4913.69,4936.26,9014,10,0
2026-02-13 02:30:00,4936.75,4945.86,4926.81,4928.16,8522,10,0
2026-02-13 03:00:00,4928.14,4979.11,4927.36,4969.93,10853,10,0
2026-02-13 03:30:00,4969.98,4988.61,4964.76,4980.88,9883,10,0
2026-02-13 04:00:00,4980.91,4986.19,4973.01,4986.06,7739,10,0
2026-02-13 04:30:00,4986.07,4991.42,4972.25,4988.46,8776,10,0
2026-02-13 05:00:00,4988.43,4989.36,4973.85,4978.03,7217,10,0
2026-02-13 05:30:00,4978.15,4984.55,4975.1,4981.46,4800,10,0
2026-02-13 06:00:00,4981.46,4997.26,4975.76,4985.34,5596,10,0
2026-02-13 06:30:00,4985.34,4986.39,4973.02,4976.73,4705,10,0
2026-02-13 07:00:00,4976.72,4986.5,4965.29,4979.76,5832,10,0
2026-02-13 07:30:00,4979.7,4980.22,4945.04,4946.12,8441,10,0
2026-02-13 08:00:00,4946.41,4961.83,4946.22,4953.27,8383,10,0
2026-02-13 08:30:00,4953.27,4968.78,4951.0,4967.3,8429,10,0
2026-02-13 09:00:00,4967.26,4976.58,4951.22,4968.55,7754,10,0
2026-02-13 09:30:00,4968.52,4982.79,4966.26,4974.83,6910,10,0
2026-02-13 10:00:00,4975.01,4989.64,4972.43,4982.67,7994,10,0
2026-02-13 10:30:00,4982.64,4986.99,4971.5,4982.64,6773,10,0
2026-02-13 11:00:00,4982.64,4982.92,4964.56,4964.9,6473,10,0
2026-02-13 11:30:00,4964.96,4976.85,4961.52,4970.35,5667,10,0
2026-02-13 12:00:00,4970.35,4980.71,4966.52,4977.33,5664,10,0
2026-02-13 12:30:00,4977.47,4978.71,4947.27,4950.13,5592,10,0
2026-02-13 13:00:00,4950.25,4953.66,4933.82,4945.08,7585,10,0
2026-02-13 13:30:00,4945.07,4955.08,4935.47,4954.06,6679,10,0
2026-02-13 14:00:00,4954.01,4973.13,4952.31,4967.32,6791,10,0
2026-02-13 14:30:00,4967.34,4974.05,4963.88,4969.52,6210,10,0
2026-02-13 15:00:00,4969.56,4976.31,4957.76,4967.32,7332,10,0
2026-02-13 15:30:00,4967.21,4999.58,4967.21,4987.1,10187,10,0
2026-02-13 16:00:00,4987.12,5007.76,4985.05,5002.65,8835,10,0
2026-02-13 16:30:00,5002.65,5011.05,4964.82,4995.55,12305,10,0
2026-02-13 17:00:00,4995.53,5011.45,4992.56,5009.91,11909,10,0
2026-02-13 17:30:00,5009.96,5020.54,4974.2,4976.9,11294,10,0
2026-02-13 18:00:00,4976.85,5033.76,4975.85,5027.84,10907,10,0
2026-02-13 18:30:00,5027.85,5028.33,5006.17,5007.92,9202,10,0
2026-02-13 19:00:00,5007.91,5022.24,5006.02,5017.64,8494,10,0
2026-02-13 19:30:00,5017.65,5029.29,5016.16,5021.07,8403,10,0
2026-02-13 20:00:00,5021.06,5030.67,5015.55,5022.5,8370,10,0
2026-02-13 20:30:00,5022.44,5035.49,5020.49,5031.24,7492,10,0
2026-02-13 21:00:00,5031.26,5046.11,5030.62,5041.51,7864,10,0
2026-02-13 21:30:00,5041.44,5042.82,5024.46,5024.46,7479,10,0
2026-02-13 22:00:00,5023.69,5034.15,5023.69,5029.0,8304,10,0
2026-02-13 22:30:00,5029.01,5034.73,5021.71,5032.54,8782,10,0
2026-02-13 23:00:00,5032.55,5036.2,5029.8,5033.14,3829,10,0
2026-02-13 23:30:00,5033.12,5046.05,5031.38,5043.31,3441,10,0
2026-02-16 01:00:00,5037.74,5052.31,5009.62,5029.41,8967,10,0
2026-02-16 01:30:00,5029.4,5031.62,5013.85,5020.07,6305,10,0
2026-02-16 02:00:00,5020.07,5021.79,5000.4,5012.31,7307,10,0
2026-02-16 02:30:00,5012.33,5022.71,5008.9,5015.64,4922,10,0
2026-02-16 03:00:00,5015.6,5031.13,5007.18,5029.34,6177,10,0
2026-02-16 03:30:00,5029.33,5031.05,5025.52,5028.93,5259,10,0
2026-02-16 04:00:00,5028.93,5031.19,5018.99,5019.56,5433,10,0
2026-02-16 04:30:00,5019.56,5021.89,4992.37,4994.78,7093,10,0
2026-02-16 05:00:00,4994.78,5000.08,4988.89,4995.0,6089,10,0
2026-02-16 05:30:00,4995.0,4996.84,4976.3,4987.6,5933,10,0
2026-02-16 06:00:00,4987.56,4992.18,4973.29,4976.54,6133,10,0
2026-02-16 06:30:00,4976.52,4980.15,4973.75,4977.0,5128,10,0
2026-02-16 07:00:00,4977.77,4988.64,4966.54,4986.37,5851,10,0
2026-02-16 07:30:00,4986.38,4990.7,4983.32,4990.65,4498,10,0
2026-02-16 08:00:00,4990.65,4994.86,4985.16,4993.14,4643,10,0
2026-02-16 08:30:00,4993.13,5003.13,4990.55,4994.93,4976,10,0
2026-02-16 09:00:00,4994.93,4999.36,4989.08,4998.16,4175,10,0
2026-02-16 09:30:00,4998.18,5010.07,4997.05,5007.32,5316,10,0
2026-02-16 10:00:00,5007.32,5013.42,4995.81,5006.34,6299,10,0
2026-02-16 10:30:00,5006.33,5010.19,5003.63,5008.12,5001,10,0
2026-02-16 11:00:00,5008.12,5016.22,5008.01,5013.53,4672,10,0
2026-02-16 11:30:00,5013.53,5017.21,5008.57,5013.56,4478,10,0
2026-02-16 12:00:00,5013.54,5017.3,5004.84,5005.11,4893,10,0
2026-02-16 12:30:00,5005.12,5010.79,5000.49,5006.14,4501,10,0
2026-02-16 13:00:00,5006.14,5007.1,4999.14,5004.62,4292,10,0
2026-02-16 13:30:00,5004.61,5008.11,5002.09,5004.42,3531,10,0
2026-02-16 14:00:00,5004.43,5004.87,4993.08,4996.31,4692,10,0
2026-02-16 14:30:00,4996.31,5008.1,4995.12,5002.02,5049,10,0
2026-02-16 15:00:00,5001.98,5003.77,4993.29,4994.43,4512,10,0
2026-02-16 15:30:00,4994.42,4998.7,4989.85,4997.31,5261,10,0
2026-02-16 16:00:00,4997.31,4999.6,4990.05,4992.35,5249,10,0
2026-02-16 16:30:00,4992.36,4994.5,4981.81,4988.39,6516,10,0
2026-02-16 17:00:00,4988.15,4988.38,4969.14,4980.35,6856,10,0
2026-02-16 17:30:00,4980.32,4983.32,4975.05,4979.77,5391,10,0
2026-02-16 18:00:00,4979.71,4987.46,4973.2,4986.36,6119,10,0
2026-02-16 18:30:00,4986.36,4990.46,4985.17,4988.14,4836,10,0
2026-02-16 19:00:00,4988.14,4995.45,4988.14,4994.76,3653,10,0
2026-02-16 19:30:00,4994.64,4996.08,4990.29,4991.7,3790,10,0
2026-02-16 20:00:00,4991.89,4997.52,4988.68,4994.36,4277,10,0
2026-02-16 20:30:00,4994.33,4997.71,4991.4,4994.64,4397,10,0
2026-02-16 21:00:00,4994.64,4996.42,4990.6,4993.32,4518,10,0
2026-02-17 01:00:00,4995.41,5000.85,4985.31,4994.36,5353,10,0
2026-02-17 01:30:00,4994.4,4995.91,4987.91,4989.83,3995,10,0
2026-02-17 02:00:00,4989.82,4991.41,4971.25,4973.51,6271,10,0
2026-02-17 02:30:00,4973.51,4978.96,4932.22,4935.76,7143,10,0
2026-02-17 03:00:00,4935.79,4958.08,4922.97,4956.84,8827,10,0
2026-02-17 03:30:00,4956.92,4963.93,4954.99,4957.58,6497,10,0
2026-02-17 04:00:00,4957.63,4971.12,4954.61,4965.53,6075,10,0
2026-02-17 04:30:00,4965.53,4967.29,4959.5,4967.13,4727,10,0
2026-02-17 05:00:00,4967.14,4970.15,4953.81,4955.39,5945,10,0
2026-02-17 05:30:00,4955.39,4960.45,4950.12,4956.89,5311,10,0
2026-02-17 06:00:00,4956.89,4960.2,4946.78,4959.74,4737,10,0
2026-02-17 06:30:00,4959.74,4960.19,4949.41,4953.06,4008,10,0
2026-02-17 07:00:00,4952.87,4954.27,4888.69,4900.72,8760,10,0
2026-02-17 07:30:00,4900.74,4902.4,4859.19,4888.91,9553,10,0
2026-02-17 08:00:00,4888.91,4901.42,4886.84,4894.82,7020,10,0
2026-02-17 08:30:00,4894.84,4914.33,4891.6,4910.4,6026,10,0
2026-02-17 09:00:00,4910.45,4916.69,4904.04,4908.09,6335,10,0
2026-02-17 09:30:00,4908.09,4922.21,4904.16,4917.18,6280,10,0
2026-02-17 10:00:00,4917.16,4930.37,4916.59,4920.09,6984,10,0
2026-02-17 10:30:00,4920.09,4925.8,4916.6,4920.83,6279,10,0
2026-02-17 11:00:00,4920.87,4928.81,4918.27,4919.01,6216,10,0
2026-02-17 11:30:00,4919.01,4932.66,4913.5,4926.02,5959,10,0
2026-02-17 12:00:00,4926.01,4939.44,4923.76,4928.21,5386,10,0
2026-02-17 12:30:00,4928.2,4928.24,4907.67,4913.24,6550,10,0
2026-02-17 13:00:00,4913.24,4930.6,4913.24,4927.91,5821,10,0
2026-02-17 13:30:00,4927.91,4930.92,4921.65,4929.4,5398,10,0
2026-02-17 14:00:00,4929.4,4944.21,4928.38,4943.02,6429,10,0
2026-02-17 14:30:00,4943.07,4944.23,4929.13,4932.12,5770,10,0
2026-02-17 15:00:00,4932.1,4933.39,4911.11,4919.8,7770,10,0
2026-02-17 15:30:00,4919.76,4924.46,4870.26,4870.75,9361,10,0
2026-02-17 16:00:00,4870.79,4904.42,4842.2,4898.27,10213,10,0
2026-02-17 16:30:00,4898.26,4907.21,4856.29,4863.03,12424,10,0
2026-02-17 17:00:00,4863.56,4877.52,4849.24,4861.62,11844,10,0
2026-02-17 17:30:00,4861.67,4882.49,4852.86,4878.61,11446,10,0
2026-02-17 18:00:00,4878.61,4893.6,4876.81,4883.73,10842,10,0
2026-02-17 18:30:00,4883.74,4887.68,4868.6,4869.3,10190,10,0
2026-02-17 19:00:00,4869.32,4871.4,4850.38,4865.21,10132,10,0
2026-02-17 19:30:00,4865.04,4868.5,4854.08,4865.17,9229,10,0
2026-02-17 20:00:00,4865.18,4890.07,4862.56,4887.12,9272,10,0
2026-02-17 20:30:00,4887.13,4910.57,4879.94,4899.03,9252,10,0
2026-02-17 21:00:00,4899.06,4901.05,4881.91,4883.17,8722,10,0
2026-02-17 21:30:00,4883.67,4888.24,4876.67,4880.35,8158,10,0
2026-02-17 22:00:00,4880.36,4882.52,4873.43,4877.91,8161,10,0
2026-02-17 22:30:00,4877.89,4884.14,4873.98,4878.02,8988,10,0
2026-02-17 23:00:00,4878.03,4886.8,4875.19,4880.57,4385,10,0
2026-02-17 23:30:00,4880.57,4882.04,4876.83,4878.15,2692,10,0
2026-02-18 01:00:00,4879.28,4884.49,4860.37,4877.77,5974,10,0
2026-02-18 01:30:00,4877.76,4883.38,4854.33,4859.17,6386,10,0
2026-02-18 02:00:00,4859.18,4872.46,4858.44,4870.23,6830,10,0
2026-02-18 02:30:00,4870.24,4882.65,4868.07,4874.91,6106,10,0
2026-02-18 03:00:00,4874.91,4891.54,4874.57,4887.21,6653,10,0
2026-02-18 03:30:00,4887.18,4892.74,4883.19,4890.03,5108,10,0
2026-02-18 04:00:00,4890.02,4904.45,4886.64,4901.04,5437,10,0
2026-02-18 04:30:00,4901.12,4907.41,4900.84,4905.44,3584,10,0
2026-02-18 05:00:00,4905.44,4920.0,4904.33,4919.32,5042,10,0
2026-02-18 05:30:00,4919.37,4922.16,4916.72,4920.8,4024,10,0
2026-02-18 06:00:00,4920.81,4933.55,4918.36,4933.17,4669,10,0
2026-02-18 06:30:00,4933.14,4940.42,4931.49,4934.24,4493,10,0
2026-02-18 07:00:00,4934.23,4939.35,4930.06,4935.41,4217,10,0
2026-02-18 07:30:00,4935.42,4939.87,4933.24,4933.47,3546,10,0
2026-02-18 08:00:00,4933.45,4934.26,4925.28,4930.62,4850,10,0
2026-02-18 08:30:00,4930.61,4936.14,4926.97,4930.88,4332,10,0
2026-02-18 09:00:00,4930.88,4942.31,4930.07,4939.13,4673,10,0
2026-02-18 09:30:00,4939.1,4940.62,4929.24,4930.35,4060,10,0
2026-02-18 10:00:00,4930.34,4932.36,4922.73,4926.0,4829,10,0
2026-02-18 10:30:00,4926.0,4926.94,4916.76,4917.29,5102,10,0
2026-02-18 11:00:00,4917.22,4923.12,4913.06,4921.36,5623,10,0
2026-02-18 11:30:00,4921.37,4923.11,4916.31,4917.35,4278,10,0
2026-02-18 12:00:00,4917.34,4924.57,4917.06,4921.54,6129,10,0
2026-02-18 12:30:00,4921.54,4921.54,4909.49,4914.53,5210,10,0
2026-02-18 13:00:00,4914.51,4917.66,4912.6,4915.42,4192,10,0
2026-02-18 13:30:00,4915.41,4916.61,4906.46,4913.09,4699,10,0
2026-02-18 14:00:00,4913.11,4929.46,4912.17,4921.21,6356,10,0
2026-02-18 14:30:00,4921.22,4947.22,4917.89,4943.14,5873,10,0
2026-02-18 15:00:00,4943.12,4959.4,4943.12,4956.35,7733,10,0
2026-02-18 15:30:00,4956.43,4969.03,4949.13,4954.42,7817,10,0
2026-02-18 16:00:00,4954.47,4963.68,4952.43,4960.91,6995,10,0
2026-02-18 16:30:00,4960.91,4994.22,4955.7,4991.76,11296,10,0
2026-02-18 17:00:00,4991.8,5008.97,4991.65,5004.8,9877,10,0
2026-02-18 17:30:00,5004.8,5005.24,4995.12,4997.96,8829,10,0
2026-02-18 18:00:00,4998.07,5003.27,4991.5,4996.99,8440,10,0
2026-02-18 18:30:00,4996.97,5010.95,4994.6,5000.43,8509,10,0
2026-02-18 19:00:00,5000.43,5001.68,4996.28,4999.44,7024,10,0
2026-02-18 19:30:00,4999.44,5000.92,4993.55,4999.32,6660,10,0
2026-02-18 20:00:00,4999.32,5003.32,4986.84,4988.15,7771,10,0
2026-02-18 20:30:00,4988.13,4993.07,4980.69,4987.49,8534,10,0
2026-02-18 21:00:00,4987.39,4995.44,4973.0,4978.8,8457,10,0
2026-02-18 21:30:00,4978.74,4984.48,4973.03,4980.67,8746,10,0
2026-02-18 22:00:00,4980.62,4984.64,4975.6,4977.77,7594,10,0
2026-02-18 22:30:00,4977.67,4987.62,4976.7,4984.93,8389,10,0
2026-02-18 23:00:00,4984.99,4986.42,4980.52,4981.53,2653,10,0
2026-02-18 23:30:00,4981.61,4982.37,4976.05,4976.36,2773,10,0
2026-02-19 01:00:00,4976.92,4984.06,4961.42,4982.08,6204,10,0
2026-02-19 01:30:00,4982.07,4988.79,4968.46,4976.04,4966,10,0
2026-02-19 02:00:00,4976.07,4976.39,4961.44,4967.28,6067,10,0
2026-02-19 02:30:00,4967.32,4973.15,4960.69,4961.37,4841,10,0
2026-02-19 03:00:00,4961.37,4968.62,4960.71,4964.25,5290,10,0
2026-02-19 03:30:00,4964.2,4975.66,4962.03,4973.13,4616,10,0
2026-02-19 04:00:00,4973.11,4977.38,4965.83,4972.79,4898,10,0
2026-02-19 04:30:00,4972.79,4973.33,4967.61,4968.22,3671,10,0
2026-02-19 05:00:00,4968.18,4971.82,4966.4,4969.59,3646,10,0
2026-02-19 05:30:00,4969.63,4983.47,4969.63,4981.65,4845,10,0
2026-02-19 06:00:00,4981.67,4984.89,4978.41,4979.86,3532,10,0
2026-02-19 06:30:00,4979.84,4985.49,4976.94,4984.31,3854,10,0
2026-02-19 07:00:00,4984.31,4993.45,4984.31,4989.12,3529,10,0
2026-02-19 07:30:00,4989.13,4998.65,4988.9,4996.98,3912,10,0
2026-02-19 08:00:00,4996.98,5002.39,4996.69,5001.51,3697,10,0
2026-02-19 08:30:00,5001.35,5020.01,5001.09,5018.38,5361,10,0
2026-02-19 09:00:00,5018.38,5021.72,5014.93,5017.97,4923,10,0
2026-02-19 09:30:00,5017.98,5020.36,5008.96,5010.34,4187,10,0
2026-02-19 10:00:00,5010.32,5015.02,5006.48,5014.9,5823,10,0
2026-02-19 10:30:00,5014.9,5021.93,5010.57,5017.14,5354,10,0
2026-02-19 11:00:00,5017.14,5020.45,4999.8,5000.63,5786,10,0
2026-02-19 11:30:00,5000.63,5005.69,4993.3,4995.81,5982,10,0
2026-02-19 12:00:00,4995.8,4996.19,4983.43,4986.89,6801,10,0
2026-02-19 12:30:00,4986.87,4995.36,4981.75,4993.38,5543,10,0
2026-02-19 13:00:00,4993.37,4996.33,4978.3,4984.68,5716,10,0
2026-02-19 13:30:00,4984.7,4987.09,4978.15,4984.59,5520,10,0
2026-02-19 14:00:00,4984.59,4992.17,4980.6,4992.15,5878,10,0
2026-02-19 14:30:00,4992.15,4992.84,4980.99,4984.94,5053,10,0
2026-02-19 15:00:00,4984.92,4987.75,4974.68,4983.92,7017,10,0
2026-02-19 15:30:00,4983.92,4998.58,4973.12,4997.07,7645,10,0
2026-02-19 16:00:00,4997.08,4997.1,4971.94,4978.34,8466,10,0
2026-02-19 16:30:00,4978.33,5010.58,4963.97,5005.67,11312,10,0
2026-02-19 17:00:00,5005.72,5016.44,4996.25,5016.24,11322,10,0
2026-02-19 17:30:00,5016.19,5022.28,5006.86,5013.79,10233,10,0
2026-02-19 18:00:00,5013.84,5014.37,4991.76,4998.54,9571,10,0
2026-02-19 18:30:00,4998.52,5008.9,4990.69,4995.29,8802,10,0
2026-02-19 19:00:00,4995.21,5001.79,4992.23,4993.78,8191,10,0
2026-02-19 19:30:00,4993.78,4996.32,4983.04,4984.98,7848,10,0
2026-02-19 20:00:00,4984.96,4989.3,4976.12,4978.11,8236,10,0
2026-02-19 20:30:00,4978.11,4984.5,4975.29,4981.76,7001,10,0
2026-02-19 21:00:00,4981.74,4990.33,4980.63,4989.35,6872,10,0
2026-02-19 21:30:00,4989.37,4989.85,4978.5,4987.95,6534,10,0
2026-02-19 22:00:00,4987.93,4997.01,4987.91,4995.69,7017,10,0
2026-02-19 22:30:00,4995.69,5003.38,4995.06,5001.9,7872,10,0
2026-02-19 23:00:00,5001.77,5004.14,4992.04,4994.13,3760,10,0
2026-02-19 23:30:00,4994.14,4999.98,4993.31,4996.3,2826,10,0
2026-02-20 01:00:00,4997.18,5008.15,4993.25,4997.17,5897,10,0
2026-02-20 01:30:00,4997.37,5001.48,4985.69,4987.79,4032,10,0
2026-02-20 02:00:00,4987.79,4996.26,4985.49,4990.71,4778,10,0
2026-02-20 02:30:00,4990.8,5006.93,4987.03,5006.43,4182,10,0
2026-02-20 03:00:00,5006.43,5014.81,4996.11,4999.59,6578,10,0
2026-02-20 03:30:00,4999.58,5003.72,4995.43,4997.05,5007,10,0
2026-02-20 04:00:00,4997.04,5007.54,4992.94,4997.44,5483,10,0
2026-02-20 04:30:00,4997.44,5003.54,4993.19,4996.21,4517,10,0
2026-02-20 05:00:00,4996.21,4998.41,4989.95,4992.33,3488,10,0
2026-02-20 05:30:00,4992.34,4999.24,4981.76,4987.46,5407,10,0
2026-02-20 06:00:00,4987.89,4994.73,4986.73,4994.56,2711,10,0
2026-02-20 06:30:00,4994.53,5003.46,4993.64,4999.8,3909,10,0
2026-02-20 07:00:00,4999.81,5006.21,4998.9,5001.63,3994,10,0
2026-02-20 07:30:00,5001.58,5011.92,4998.16,5011.92,4659,10,0
2026-02-20 08:00:00,5011.92,5029.47,5011.92,5022.21,5859,10,0
2026-02-20 08:30:00,5022.24,5030.03,5020.29,5020.75,5290,10,0
2026-02-20 09:00:00,5020.73,5028.19,5009.62,5015.35,6191,10,0
2026-02-20 09:30:00,5015.35,5018.05,5006.14,5006.33,5139,10,0
2026-02-20 10:00:00,5006.44,5019.89,5005.1,5018.46,6284,10,0
2026-02-20 10:30:00,5018.43,5030.9,5017.79,5028.89,6019,10,0
2026-02-20 11:00:00,5028.92,5042.61,5028.17,5034.26,7286,10,0
2026-02-20 11:30:00,5034.24,5035.8,5027.54,5027.73,5134,10,0
2026-02-20 12:00:00,5027.73,5030.9,5019.67,5026.56,5990,10,0
2026-02-20 12:30:00,5026.58,5038.55,5025.94,5034.76,6102,10,0
2026-02-20 13:00:00,5034.74,5034.84,5026.01,5028.8,4758,10,0
2026-02-20 13:30:00,5028.81,5033.46,5015.63,5017.47,6655,10,0
2026-02-20 14:00:00,5017.45,5023.85,5011.73,5012.0,6529,10,0
2026-02-20 14:30:00,5012.07,5026.69,5007.23,5025.23,6205,10,0
2026-02-20 15:00:00,5025.34,5032.0,5023.71,5028.78,5807,10,0
2026-02-20 15:30:00,5028.78,5048.81,5018.38,5043.5,8946,10,0
2026-02-20 16:00:00,5043.6,5047.45,5037.31,5041.61,7588,10,0
2026-02-20 16:30:00,5041.61,5060.55,5037.73,5054.56,10905,10,0
2026-02-20 17:00:00,5054.56,5064.23,4990.01,5025.71,12769,10,0
2026-02-20 17:30:00,5025.65,5052.52,5017.12,5042.58,11918,10,0
2026-02-20 18:00:00,5042.72,5056.62,5039.02,5053.88,11111,10,0
2026-02-20 18:30:00,5053.87,5069.11,5052.88,5066.69,9533,10,0
2026-02-20 19:00:00,5066.59,5073.39,5054.63,5064.33,10201,10,0
2026-02-20 19:30:00,5064.36,5076.34,5061.88,5073.02,9365,10,0
2026-02-20 20:00:00,5072.97,5073.66,5054.46,5058.61,9489,10,0
2026-02-20 20:30:00,5058.55,5075.13,5057.68,5071.23,9721,10,0
2026-02-20 21:00:00,5071.48,5075.6,5068.98,5069.68,6737,10,0
2026-02-20 21:30:00,5069.73,5079.86,5069.73,5079.55,6416,10,0
2026-02-20 22:00:00,5079.49,5086.44,5076.98,5085.0,7626,10,0
2026-02-20 22:30:00,5085.0,5098.11,5082.9,5097.25,8492,10,0
2026-02-20 23:00:00,5096.93,5099.02,5091.76,5098.01,4729,10,0
2026-02-20 23:30:00,5098.02,5108.08,5097.68,5108.08,4226,10,0
2026-02-23 01:00:00,5109.76,5150.97,5099.27,5146.39,9376,10,0
2026-02-23 01:30:00,5146.32,5171.92,5144.52,5165.43,8175,10,0
2026-02-23 02:00:00,5165.43,5166.71,5129.76,5153.32,9879,10,0
2026-02-23 02:30:00,5153.47,5160.89,5135.04,5144.66,8216,10,0
2026-02-23 03:00:00,5144.66,5159.52,5140.38,5159.32,8697,10,0
2026-02-23 03:30:00,5159.27,5167.74,5155.45,5157.58,7886,10,0
2026-02-23 04:00:00,5157.45,5167.35,5156.79,5161.34,7388,10,0
2026-02-23 04:30:00,5161.35,5176.62,5161.11,5173.65,7209,10,0
2026-02-23 05:00:00,5173.65,5175.95,5152.5,5164.1,7310,10,0
2026-02-23 05:30:00,5164.09,5171.26,5164.09,5166.79,5586,10,0
2026-02-23 06:00:00,5166.76,5168.66,5155.59,5160.2,5986,10,0
2026-02-23 06:30:00,5160.18,5163.74,5156.06,5160.84,4818,10,0
2026-02-23 07:00:00,5160.83,5161.77,5152.36,5157.83,5848,10,0
2026-02-23 07:30:00,5157.8,5159.84,5153.51,5158.32,4999,10,0
2026-02-23 08:00:00,5158.32,5161.48,5152.51,5152.69,4805,10,0
2026-02-23 08:30:00,5152.68,5156.88,5145.19,5145.8,6350,10,0
2026-02-23 09:00:00,5145.82,5154.38,5125.94,5136.37,7603,10,0
2026-02-23 09:30:00,5136.43,5139.36,5125.15,5136.77,7331,10,0
2026-02-23 10:00:00,5136.81,5139.68,5122.6,5125.15,7227,10,0
2026-02-23 10:30:00,5125.16,5142.13,5122.38,5140.3,6922,10,0
2026-02-23 11:00:00,5140.36,5149.48,5139.42,5149.19,6365,10,0
2026-02-23 11:30:00,5149.2,5150.17,5143.22,5149.59,5112,10,0
2026-02-23 12:00:00,5149.62,5156.65,5146.54,5156.11,5811,10,0
2026-02-23 12:30:00,5156.12,5163.46,5145.31,5162.94,6366,10,0
2026-02-23 13:00:00,5162.94,5163.46,5146.7,5150.66,6162,10,0
2026-02-23 13:30:00,5150.67,5154.48,5147.98,5149.78,5162,10,0
2026-02-23 14:00:00,5149.78,5154.69,5145.57,5150.24,5898,10,0
2026-02-23 14:30:00,5150.29,5165.49,5149.83,5164.12,6237,10,0
2026-02-23 15:00:00,5164.14,5165.36,5143.75,5149.74,7628,10,0
2026-02-23 15:30:00,5149.74,5154.07,5145.63,5146.35,6974,10,0
2026-02-23 16:00:00,5146.35,5165.49,5141.5,5165.4,7489,10,0
2026-02-23 16:30:00,5165.43,5200.51,5164.99,5192.52,11406,10,0
2026-02-23 17:00:00,5192.58,5203.73,5180.86,5197.78,10965,10,0
2026-02-23 17:30:00,5197.78,5204.98,5186.51,5196.36,10490,10,0
2026-02-23 18:00:00,5196.33,5219.07,5175.96,5214.57,10894,10,0
2026-02-23 18:30:00,5214.59,5217.91,5206.75,5210.05,9813,10,0
2026-02-23 19:00:00,5210.06,5213.57,5199.76,5210.37,9281,10,0
2026-02-23 19:30:00,5210.37,5211.19,5191.22,5208.0,8786,10,0
2026-02-23 20:00:00,5208.0,5215.81,5201.12,5206.18,8921,10,0
2026-02-23 20:30:00,5206.18,5213.53,5205.74,5209.71,7891,10,0
2026-02-23 21:00:00,5209.68,5215.04,5206.69,5209.22,7328,10,0
2026-02-23 21:30:00,5209.26,5218.44,5208.17,5215.67,7957,10,0
2026-02-23 22:00:00,5215.74,5226.11,5215.12,5225.28,7959,10,0
2026-02-23 22:30:00,5225.28,5237.85,5224.72,5236.39,8685,10,0
2026-02-23 23:00:00,5236.39,5237.46,5229.07,5229.98,4793,10,0
2026-02-23 23:30:00,5229.47,5232.96,5226.63,5227.92,3789,10,0
2026-02-24 01:00:00,5227.62,5249.75,5222.55,5236.82,7475,10,0
2026-02-24 01:30:00,5236.75,5247.23,5234.7,5235.74,5503,10,0
2026-02-24 02:00:00,5235.75,5238.21,5218.03,5225.95,7935,10,0
2026-02-24 02:30:00,5226.87,5232.53,5221.16,5224.01,6838,10,0
2026-02-24 03:00:00,5223.92,5223.96,5145.44,5165.36,12496,10,0
2026-02-24 03:30:00,5165.36,5179.45,5161.44,5177.24,10064,10,0
2026-02-24 04:00:00,5177.39,5181.81,5165.69,5173.24,7834,10,0
2026-02-24 04:30:00,5173.26,5190.9,5172.77,5190.03,7891,10,0
2026-02-24 05:00:00,5190.02,5191.86,5182.24,5182.78,6462,10,0
2026-02-24 05:30:00,5182.78,5188.81,5171.25,5172.11,6142,10,0
2026-02-24 06:00:00,5172.11,5175.15,5161.27,5172.19,5910,10,0
2026-02-24 06:30:00,5172.19,5173.37,5163.47,5168.27,4894,10,0
2026-02-24 07:00:00,5167.97,5175.41,5164.39,5167.51,5325,10,0
2026-02-24 07:30:00,5167.52,5185.81,5164.65,5182.68,7945,10,0
2026-02-24 08:00:00,5182.68,5184.88,5167.04,5169.04,6883,10,0
2026-02-24 08:30:00,5168.97,5175.21,5156.71,5173.61,7362,10,0
2026-02-24 09:00:00,5173.58,5183.07,5164.24,5183.0,7637,10,0
2026-02-24 09:30:00,5183.41,5183.86,5174.76,5179.44,6103,10,0
2026-02-24 10:00:00,5179.44,5179.54,5165.14,5170.42,7378,10,0
2026-02-24 10:30:00,5170.42,5182.03,5169.13,5173.55,6276,10,0
2026-02-24 11:00:00,5173.53,5180.36,5167.9,5168.54,6109,10,0
2026-02-24 11:30:00,5168.58,5173.72,5166.61,5171.49,5225,10,0
2026-02-24 12:00:00,5171.49,5181.32,5170.95,5175.98,5275,10,0
2026-02-24 12:30:00,5175.97,5176.75,5163.37,5172.88,5965,10,0
2026-02-24 13:00:00,5172.87,5177.25,5171.07,5174.79,4599,10,0
2026-02-24 13:30:00,5174.79,5178.51,5172.2,5172.75,4653,10,0
2026-02-24 14:00:00,5172.77,5173.51,5147.21,5161.66,7299,10,0
2026-02-24 14:30:00,5161.68,5164.64,5145.16,5150.7,7710,10,0
2026-02-24 15:00:00,5150.64,5161.33,5150.64,5156.37,8684,10,0
2026-02-24 15:30:00,5156.41,5158.72,5111.16,5115.19,10278,10,0
2026-02-24 16:00:00,5115.13,5127.55,5093.83,5115.61,10963,10,0
2026-02-24 16:30:00,5115.54,5139.32,5109.96,5128.58,11915,10,0
2026-02-24 17:00:00,5128.57,5146.29,5118.12,5138.4,11009,10,0
2026-02-24 17:30:00,5138.41,5155.31,5134.21,5150.37,9732,10,0
2026-02-24 18:00:00,5150.37,5152.28,5141.34,5143.67,9460,10,0
2026-02-24 18:30:00,5143.67,5150.85,5131.12,5141.9,9404,10,0
2026-02-24 19:00:00,5141.92,5163.51,5141.86,5158.67,8586,10,0
2026-02-24 19:30:00,5158.68,5163.83,5156.57,5163.75,7057,10,0
2026-02-24 20:00:00,5163.79,5170.11,5155.77,5158.33,8186,10,0
2026-02-24 20:30:00,5158.44,5163.05,5153.87,5160.17,7248,10,0
2026-02-24 21:00:00,5160.16,5160.47,5146.58,5151.62,7970,10,0
2026-02-24 21:30:00,5151.62,5156.87,5149.14,5154.07,6670,10,0
2026-02-24 22:00:00,5154.07,5170.24,5146.74,5168.45,7591,10,0
2026-02-24 22:30:00,5168.49,5173.2,5158.17,5164.03,8430,10,0
2026-02-24 23:00:00,5164.09,5165.72,5153.88,5155.39,4246,10,0
2026-02-24 23:30:00,5155.39,5155.9,5140.53,5144.86,4330,10,0
2026-02-25 01:00:00,5143.82,5144.11,5121.59,5130.99,5646,10,0
2026-02-25 01:30:00,5130.99,5152.18,5129.63,5146.72,5688,10,0
2026-02-25 02:00:00,5146.72,5149.68,5137.17,5139.73,5395,10,0
2026-02-25 02:30:00,5140.09,5156.37,5140.09,5152.36,6395,10,0
2026-02-25 03:00:00,5152.38,5188.4,5144.28,5185.46,10091,10,0
2026-02-25 03:30:00,5185.46,5189.99,5174.75,5176.89,7558,10,0
2026-02-25 04:00:00,5176.88,5193.91,5176.62,5189.79,7268,10,0
2026-02-25 04:30:00,5189.8,5190.5,5166.64,5180.71,8193,10,0
2026-02-25 05:00:00,5180.85,5190.15,5179.45,5186.33,7547,10,0
2026-02-25 05:30:00,5186.36,5188.61,5178.38,5182.23,5760,10,0
2026-02-25 06:00:00,5182.21,5185.23,5172.93,5182.97,5112,10,0
2026-02-25 06:30:00,5182.94,5184.98,5179.96,5182.72,3618,10,0
2026-02-25 07:00:00,5182.78,5196.07,5182.78,5195.47,5012,10,0
2026-02-25 07:30:00,5195.48,5210.62,5192.64,5201.83,8095,10,0
2026-02-25 08:00:00,5201.83,5201.83,5182.44,5189.79,8336,10,0
2026-02-25 08:30:00,5189.81,5194.7,5188.59,5194.62,6219,10,0
2026-02-25 09:00:00,5194.75,5195.16,5182.54,5189.48,5494,10,0
2026-02-25 09:30:00,5189.46,5190.42,5180.5,5184.74,4733,10,0
2026-02-25 10:00:00,5184.75,5194.11,5184.72,5193.49,5948,10,0
2026-02-25 10:30:00,5193.49,5197.23,5184.18,5185.39,5797,10,0
2026-02-25 11:00:00,5185.39,5188.47,5176.75,5186.77,6717,10,0
2026-02-25 11:30:00,5186.77,5194.55,5185.91,5193.2,5884,10,0
2026-02-25 12:00:00,5193.23,5195.2,5172.42,5175.22,6200,10,0
2026-02-25 12:30:00,5175.23,5180.94,5170.33,5175.16,5442,10,0
2026-02-25 13:00:00,5175.16,5175.99,5155.16,5168.86,6959,10,0
2026-02-25 13:30:00,5168.86,5182.59,5166.71,5181.69,5518,10,0
2026-02-25 14:00:00,5181.66,5187.42,5178.32,5183.64,5899,10,0
2026-02-25 14:30:00,5183.61,5186.47,5177.48,5182.88,5524,10,0
2026-02-25 15:00:00,5182.85,5191.53,5181.17,5188.07,7842,10,0
2026-02-25 15:30:00,5188.06,5191.41,5182.06,5185.24,7428,10,0
2026-02-25 16:00:00,5185.25,5191.1,5174.93,5177.84,7886,10,0
2026-02-25 16:30:00,5177.81,5193.29,5159.07,5191.38,11180,10,0
2026-02-25 17:00:00,5191.35,5202.55,5174.0,5180.4,10606,10,0
2026-02-25 17:30:00,5180.38,5198.34,5172.64,5194.58,9681,10,0
2026-02-25 18:00:00,5194.87,5206.23,5189.8,5203.18,8521,10,0
2026-02-25 18:30:00,5203.06,5213.81,5199.25,5212.33,8271,10,0
2026-02-25 19:00:00,5212.33,5217.6,5207.9,5213.22,8239,10,0
2026-02-25 19:30:00,5213.22,5214.61,5203.77,5206.99,7661,10,0
2026-02-25 20:00:00,5206.99,5207.74,5206.82,5207.06,4325,10,0
2026-02-25 20:30:00,5207.05,5207.63,5200.84,5202.06,4823,10,0
2026-02-25 21:00:00,5202.06,5208.03,5191.76,5202.6,6353,10,0
2026-02-25 21:30:00,5202.63,5208.49,5199.64,5205.15,8290,10,0
2026-02-25 22:00:00,5205.15,5206.32,5183.09,5186.15,8876,10,0
2026-02-25 22:30:00,5186.15,5190.59,5145.99,5152.27,9884,10,0
2026-02-25 23:00:00,5152.03,5173.31,5150.44,5169.06,7541,10,0
2026-02-25 23:30:00,5169.06,5173.54,5163.05,5169.17,5910,10,0
2026-02-26 01:00:00,5166.12,5182.05,5159.55,5170.14,6421,10,0
2026-02-26 01:30:00,5170.14,5178.97,5161.34,5163.06,6691,10,0
2026-02-26 02:00:00,5163.14,5186.26,5155.68,5185.17,7590,10,0
2026-02-26 02:30:00,5185.34,5192.09,5181.32,5188.46,6839,10,0
2026-02-26 03:00:00,5188.43,5198.47,5178.96,5180.52,9298,10,0
2026-02-26 03:30:00,5180.52,5194.07,5178.59,5191.56,8680,10,0
2026-02-26 04:00:00,5191.55,5195.65,5180.7,5180.88,6954,10,0
2026-02-26 04:30:00,5180.88,5186.47,5174.3,5184.4,8783,10,0
2026-02-26 05:00:00,5184.41,5193.84,5183.0,5188.37,7252,10,0
2026-02-26 05:30:00,5188.39,5192.95,5184.24,5192.68,4708,10,0
2026-02-26 06:00:00,5192.51,5199.27,5191.61,5194.25,5260,10,0
2026-02-26 06:30:00,5194.24,5195.88,5190.47,5192.73,4264,10,0
2026-02-26 07:00:00,5192.81,5205.5,5190.21,5200.52,5926,10,0
2026-02-26 07:30:00,5200.51,5203.49,5191.46,5198.32,7418,10,0
2026-02-26 08:00:00,5198.32,5199.62,5193.14,5193.86,6540,10,0
2026-02-26 08:30:00,5193.88,5198.47,5190.47,5193.34,6314,10,0
2026-02-26 09:00:00,5193.33,5194.81,5182.3,5184.94,6486,10,0
2026-02-26 09:30:00,5185.15,5189.9,5179.73,5186.08,5358,10,0
2026-02-26 10:00:00,5186.24,5190.86,5175.48,5176.99,7553,10,0
2026-02-26 10:30:00,5176.96,5182.15,5167.92,5179.39,7946,10,0
2026-02-26 11:00:00,5179.4,5182.55,5173.97,5181.2,6708,10,0
2026-02-26 11:30:00,5181.16,5189.53,5179.36,5186.46,5299,10,0
2026-02-26 12:00:00,5186.46,5190.15,5178.99,5179.3,5017,10,0
2026-02-26 12:30:00,5179.29,5179.48,5166.01,5171.48,6311,10,0
2026-02-26 13:00:00,5171.48,5178.43,5169.32,5171.97,5589,10,0
2026-02-26 13:30:00,5171.97,5175.51,5161.32,5164.7,5111,10,0
2026-02-26 14:00:00,5164.72,5180.13,5157.88,5178.5,7191,10,0
2026-02-26 14:30:00,5178.52,5187.88,5177.78,5183.98,6273,10,0
2026-02-26 15:00:00,5183.93,5185.52,5168.35,5174.92,8972,10,0
2026-02-26 15:30:00,5174.83,5177.36,5164.37,5166.37,8287,10,0
2026-02-26 16:00:00,5166.08,5172.41,5160.35,5170.45,8046,10,0
2026-02-26 16:30:00,5170.46,5176.07,5140.1,5165.21,12078,10,0
2026-02-26 17:00:00,5164.85,5172.26,5130.43,5141.67,11760,10,0
2026-02-26 17:30:00,5141.66,5192.85,5140.67,5185.76,11606,10,0
2026-02-26 18:00:00,5185.83,5187.31,5172.98,5180.6,10312,10,0
2026-02-26 18:30:00,5180.59,5186.37,5175.57,5179.72,9575,10,0
2026-02-26 19:00:00,5179.74,5190.38,5173.74,5174.4,8718,10,0
2026-02-26 19:30:00,5174.36,5177.96,5162.08,5167.27,8980,10,0
2026-02-26 20:00:00,5167.28,5178.43,5163.61,5177.18,8626,10,0
2026-02-26 20:30:00,5177.21,5185.84,5160.65,5180.24,8376,10,0
2026-02-26 21:00:00,5180.45,5189.33,5179.65,5185.56,7099,10,0
2026-02-26 21:30:00,5185.61,5194.04,5183.49,5187.07,7070,10,0
2026-02-26 22:00:00,5187.07,5198.02,5186.87,5193.82,7604,10,0
2026-02-26 22:30:00,5193.78,5201.07,5189.73,5196.62,8220,10,0
2026-02-26 23:00:00,5196.56,5200.74,5184.97,5185.95,4214,10,0
2026-02-26 23:30:00,5185.95,5191.39,5183.02,5184.9,2995,10,0
2026-02-27 01:00:00,5184.28,5189.73,5175.83,5184.02,4529,10,0
2026-02-27 01:30:00,5184.02,5189.28,5181.76,5184.63,4229,10,0
2026-02-27 02:00:00,5184.63,5194.99,5178.84,5188.12,5789,10,0
2026-02-27 02:30:00,5188.16,5189.81,5170.37,5175.07,6978,10,0
2026-02-27 03:00:00,5175.07,5180.07,5167.03,5174.93,8813,10,0
2026-02-27 03:30:00,5174.94,5194.48,5173.26,5194.06,8436,10,0
2026-02-27 04:00:00,5194.07,5199.7,5184.19,5184.42,8019,10,0
2026-02-27 04:30:00,5184.42,5186.39,5173.64,5183.6,8656,10,0
2026-02-27 05:00:00,5183.61,5188.17,5181.2,5186.88,7105,10,0
2026-02-27 05:30:00,5186.94,5190.63,5183.6,5184.19,5288,10,0
2026-02-27 06:00:00,5184.13,5188.81,5181.78,5187.27,4681,10,0
2026-02-27 06:30:00,5187.27,5188.65,5181.02,5181.77,4333,10,0
2026-02-27 07:00:00,5181.78,5194.84,5181.5,5194.78,4768,10,0
2026-02-27 07:30:00,5194.83,5200.49,5190.21,5197.86,7393,10,0
2026-02-27 08:00:00,5197.86,5199.25,5192.47,5193.49,7704,10,0
2026-02-27 08:30:00,5193.47,5196.47,5185.2,5185.73,7652,10,0
2026-02-27 09:00:00,5185.73,5189.71,5177.64,5178.7,7049,10,0
2026-02-27 09:30:00,5178.71,5182.88,5175.7,5176.06,5713,10,0
2026-02-27 10:00:00,5176.06,5182.4,5174.43,5177.65,6507,10,0
2026-02-27 10:30:00,5177.59,5182.36,5176.59,5178.75,5586,10,0
2026-02-27 11:00:00,5178.76,5182.2,5175.17,5178.96,5714,10,0
2026-02-27 11:30:00,5178.93,5182.71,5172.34,5176.01,5532,10,0
2026-02-27 12:00:00,5176.06,5180.97,5168.81,5173.47,6046,10,0
2026-02-27 12:30:00,5173.49,5178.65,5169.36,5177.67,5170,10,0
2026-02-27 13:00:00,5177.66,5178.79,5172.72,5177.77,4619,10,0
2026-02-27 13:30:00,5177.72,5185.67,5176.8,5185.67,5439,10,0
2026-02-27 14:00:00,5185.74,5190.52,5185.2,5186.91,6477,10,0
2026-02-27 14:30:00,5186.92,5189.01,5183.08,5187.6,5831,10,0
2026-02-27 15:00:00,5187.6,5240.6,5186.83,5235.2,10936,10,0
2026-02-27 15:30:00,5235.31,5235.69,5207.84,5223.09,10788,10,0
2026-02-27 16:00:00,5223.08,5236.22,5217.5,5231.69,9632,10,0
2026-02-27 16:30:00,5231.58,5233.98,5213.84,5223.84,11561,10,0
2026-02-27 17:00:00,5223.86,5240.19,5214.95,5231.56,11481,10,0
2026-02-27 17:30:00,5231.51,5246.54,5227.12,5239.51,10291,10,0
2026-02-27 18:00:00,5239.52,5257.81,5222.13,5234.33,11019,10,0
2026-02-27 18:30:00,5234.29,5238.41,5228.9,5229.19,10100,10,0
2026-02-27 19:00:00,5229.24,5236.04,5223.76,5229.18,9567,10,0
2026-02-27 19:30:00,5228.94,5237.0,5221.34,5234.71,9270,10,0
2026-02-27 20:00:00,5234.72,5238.38,5222.61,5230.62,8910,10,0
2026-02-27 20:30:00,5230.57,5246.91,5226.66,5245.36,8574,10,0
2026-02-27 21:00:00,5245.36,5252.36,5240.32,5248.02,7902,10,0
2026-02-27 21:30:00,5248.09,5251.41,5243.76,5250.11,7253,10,0
2026-02-27 22:00:00,5250.14,5262.32,5248.68,5257.0,7553,10,0
2026-02-27 22:30:00,5257.01,5265.49,5254.72,5263.4,8921,10,0
2026-02-27 23:00:00,5263.35,5264.11,5257.32,5262.29,4448,10,0
2026-02-27 23:30:00,5262.29,5281.2,5260.56,5280.19,5060,10,0
2026-03-02 01:00:00,5301.68,5379.43,5299.82,5355.42,14247,10,0
2026-03-02 01:30:00,5355.17,5393.42,5353.18,5386.98,13748,10,0
2026-03-02 02:00:00,5386.98,5388.11,5349.64,5364.86,14242,10,0
2026-03-02 02:30:00,5364.86,5373.52,5341.15,5347.52,12367,10,0
2026-03-02 03:00:00,5347.5,5347.5,5303.39,5307.79,15785,10,0
2026-03-02 03:30:00,5307.67,5339.2,5305.55,5325.02,14488,10,0
2026-03-02 04:00:00,5325.01,5336.24,5317.15,5331.42,12393,10,0
2026-03-02 04:30:00,5331.43,5351.77,5328.73,5346.61,12041,10,0
2026-03-02 05:00:00,5346.57,5359.45,5344.51,5355.66,11433,10,0
2026-03-02 05:30:00,5355.66,5366.83,5353.86,5366.38,8790,10,0
2026-03-02 06:00:00,5366.38,5367.17,5355.75,5363.58,8449,10,0
2026-03-02 06:30:00,5363.57,5364.24,5345.51,5356.07,8593,10,0
2026-03-02 07:00:00,5356.08,5356.1,5341.05,5350.89,9219,10,0
2026-03-02 07:30:00,5350.89,5366.26,5348.98,5366.07,10498,10,0
2026-03-02 08:00:00,5366.15,5381.86,5363.74,5380.66,10774,10,0
2026-03-02 08:30:00,5380.66,5389.84,5374.25,5387.56,11221,10,0
2026-03-02 09:00:00,5387.58,5419.28,5385.04,5409.17,11937,10,0
2026-03-02 09:30:00,5409.13,5414.58,5402.36,5408.46,11205,10,0
2026-03-02 10:00:00,5408.4,5415.96,5402.57,5415.78,11884,10,0
2026-03-02 10:30:00,5415.78,5416.83,5391.38,5394.2,11103,10,0
2026-03-02 11:00:00,5394.16,5400.2,5386.16,5394.62,10499,10,0
2026-03-02 11:30:00,5394.62,5402.79,5387.39,5392.11,9411,10,0
2026-03-02 12:00:00,5392.11,5394.54,5379.17,5390.01,9764,10,0
2026-03-02 12:30:00,5390.01,5400.94,5381.63,5389.04,9252,10,0
2026-03-02 13:00:00,5389.11,5397.27,5382.46,5390.5,8687,10,0
2026-03-02 13:30:00,5390.5,5399.96,5375.37,5385.38,9797,10,0
2026-03-02 14:00:00,5385.35,5398.29,5379.04,5394.17,10503,10,0
2026-03-02 14:30:00,5394.17,5398.79,5385.69,5397.07,9636,10,0
2026-03-02 15:00:00,5397.09,5410.23,5382.09,5401.67,14322,10,0
2026-03-02 15:30:00,5401.59,5416.48,5389.49,5394.03,13467,10,0
2026-03-02 16:00:00,5394.03,5395.18,5306.97,5333.66,15376,10,0
2026-03-02 16:30:00,5333.63,5355.86,5306.47,5333.38,16553,10,0
2026-03-02 17:00:00,5333.3,5346.85,5311.2,5331.11,16204,10,0
2026-03-02 17:30:00,5331.05,5348.94,5308.36,5316.01,15382,10,0
2026-03-02 18:00:00,5315.39,5315.39,5260.67,5309.91,16057,10,0
2026-03-02 18:30:00,5309.9,5311.82,5282.4,5290.07,15267,10,0
2026-03-02 19:00:00,5290.1,5312.2,5286.9,5304.6,14520,10,0
2026-03-02 19:30:00,5304.6,5320.73,5298.14,5306.85,13418,10,0
2026-03-02 20:00:00,5306.85,5308.25,5289.69,5297.72,13197,10,0
2026-03-02 20:30:00,5297.69,5316.75,5290.87,5315.68,11411,10,0
2026-03-02 21:00:00,5315.67,5333.3,5313.96,5330.95,11723,10,0
2026-03-02 21:30:00,5330.95,5334.21,5322.97,5330.44,10058,10,0
2026-03-02 22:00:00,5330.44,5346.43,5328.41,5333.6,13766,10,0
2026-03-02 22:30:00,5333.6,5344.77,5331.36,5332.37,12908,10,0
2026-03-02 23:00:00,5332.5,5340.32,5331.42,5332.61,7736,10,0
2026-03-02 23:30:00,5332.6,5332.81,5321.81,5322.43,7059,10,0
2026-03-03 01:00:00,5315.41,5346.99,5315.41,5336.78,7734,10,0
2026-03-03 01:30:00,5336.78,5346.8,5330.25,5345.97,7159,10,0
2026-03-03 02:00:00,5345.97,5358.83,5337.03,5357.87,8552,10,0
2026-03-03 02:30:00,5357.87,5362.06,5346.56,5350.32,9182,10,0
2026-03-03 03:00:00,5350.34,5379.89,5347.37,5377.2,12773,10,0
2026-03-03 03:30:00,5377.22,5378.24,5338.27,5339.34,13745,10,0
2026-03-03 04:00:00,5339.33,5359.58,5333.06,5358.9,13122,10,0
2026-03-03 04:30:00,5358.97,5368.11,5355.64,5366.95,11938,10,0
2026-03-03 05:00:00,5366.96,5373.54,5364.01,5367.42,11010,10,0
2026-03-03 05:30:00,5367.47,5370.63,5359.42,5367.0,8014,10,0
2026-03-03 06:00:00,5367.29,5375.65,5359.43,5372.04,8085,10,0
2026-03-03 06:30:00,5372.04,5375.53,5361.06,5361.2,8318,10,0
2026-03-03 07:00:00,5361.32,5367.23,5353.12,5358.86,9855,10,0
2026-03-03 07:30:00,5358.87,5359.41,5305.2,5319.13,14391,10,0
2026-03-03 08:00:00,5319.16,5323.04,5279.41,5316.82,14194,10,0
2026-03-03 08:30:00,5316.82,5319.35,5290.89,5310.75,13396,10,0
2026-03-03 09:00:00,5310.72,5320.02,5306.08,5313.49,10404,10,0
2026-03-03 09:30:00,5313.49,5331.18,5313.49,5327.73,10556,10,0
2026-03-03 10:00:00,5327.74,5335.98,5311.0,5312.01,12017,10,0
2026-03-03 10:30:00,5312.11,5313.43,5290.34,5295.78,12888,10,0
2026-03-03 11:00:00,5295.78,5303.91,5226.49,5242.02,14017,10,0
2026-03-03 11:30:00,5241.82,5280.96,5240.81,5275.16,13735,10,0
2026-03-03 12:00:00,5275.25,5287.96,5266.02,5276.81,12383,10,0
2026-03-03 12:30:00,5276.81,5276.84,5238.11,5248.34,13964,10,0
2026-03-03 13:00:00,5248.46,5264.11,5113.56,5126.59,15721,10,0
2026-03-03 13:30:00,5126.65,5157.95,5074.48,5144.86,16267,10,0
2026-03-03 14:00:00,5144.83,5208.85,5138.63,5204.68,15075,10,0
2026-03-03 14:30:00,5204.63,5226.66,5188.94,5224.56,13291,10,0
2026-03-03 15:00:00,5224.57,5224.57,5146.47,5178.04,16068,10,0
2026-03-03 15:30:00,5178.11,5186.0,5127.56,5156.75,15077,10,0
2026-03-03 16:00:00,5156.71,5175.55,5125.26,5146.03,15169,10,0
2026-03-03 16:30:00,5146.03,5146.03,5016.31,5037.96,17148,10,0
2026-03-03 17:00:00,5038.64,5070.04,4996.14,5044.21,16987,10,0
2026-03-03 17:30:00,5044.18,5096.97,5037.39,5095.71,16407,10,0
2026-03-03 18:00:00,5095.72,5126.11,5090.62,5112.81,16127,10,0
2026-03-03 18:30:00,5112.81,5134.68,5098.03,5106.8,15817,10,0
2026-03-03 19:00:00,5106.81,5109.89,5081.06,5083.46,15393,10,0
2026-03-03 19:30:00,5083.45,5086.06,5065.28,5079.17,15450,10,0
2026-03-03 20:00:00,5079.27,5117.23,5079.24,5112.29,14807,10,0
2026-03-03 20:30:00,5112.26,5138.22,5107.2,5136.09,14312,10,0
2026-03-03 21:00:00,5136.09,5148.74,5102.11,5106.31,14424,10,0
2026-03-03 21:30:00,5106.59,5128.47,5099.43,5113.34,14900,10,0
2026-03-03 22:00:00,5113.35,5130.4,5112.2,5123.16,14219,10,0
2026-03-03 22:30:00,5123.11,5126.56,5085.93,5097.04,14544,10,0
2026-03-03 23:00:00,5097.18,5110.51,5089.5,5089.53,9139,10,0
2026-03-03 23:30:00,5089.53,5096.42,5083.58,5090.31,7685,10,0
2026-03-04 01:00:00,5101.76,5128.35,5084.75,5126.14,11223,10,0
2026-03-04 01:30:00,5126.23,5129.95,5116.8,5125.4,9435,10,0
2026-03-04 02:00:00,5125.39,5129.02,5106.03,5125.27,11636,10,0
2026-03-04 02:30:00,5125.28,5140.37,5122.61,5138.72,10468,10,0
2026-03-04 03:00:00,5138.71,5164.47,5138.7,5146.93,14368,10,0
2026-03-04 03:30:00,5147.17,5178.64,5142.47,5175.09,14515,10,0
2026-03-04 04:00:00,5175.15,5190.74,5168.18,5177.83,12544,10,0
2026-03-04 04:30:00,5177.83,5180.99,5154.14,5156.36,13655,10,0
2026-03-04 05:00:00,5156.36,5168.19,5141.36,5162.54,12949,10,0
2026-03-04 05:30:00,5162.54,5177.64,5154.03,5174.58,11874,10,0
2026-03-04 06:00:00,5174.59,5180.89,5163.08,5168.25,10544,10,0
2026-03-04 06:30:00,5168.23,5170.78,5152.18,5156.95,10457,10,0
2026-03-04 07:00:00,5156.97,5166.47,5152.2,5156.65,11347,10,0
2026-03-04 07:30:00,5156.66,5168.25,5154.15,5160.04,12866,10,0
2026-03-04 08:00:00,5160.01,5160.01,5122.4,5134.54,13618,10,0
2026-03-04 08:30:00,5134.53,5160.8,5132.87,5160.8,12428,10,0
2026-03-04 09:00:00,5160.72,5175.98,5158.53,5167.64,11735,10,0
2026-03-04 09:30:00,5167.62,5175.98,5163.66,5168.45,9366,10,0
2026-03-04 10:00:00,5168.33,5172.14,5147.74,5162.77,11856,10,0
2026-03-04 10:30:00,5162.8,5182.13,5161.98,5167.64,10424,10,0
2026-03-04 11:00:00,5167.63,5178.44,5159.2,5170.95,10435,10,0
2026-03-04 11:30:00,5170.89,5185.07,5169.05,5182.3,9218,10,0
2026-03-04 12:00:00,5182.3,5202.57,5182.3,5188.25,12028,10,0
2026-03-04 12:30:00,5188.26,5193.85,5179.67,5189.88,9655,10,0
2026-03-04 13:00:00,5189.88,5197.69,5187.88,5194.98,9082,10,0
2026-03-04 13:30:00,5194.98,5200.81,5187.72,5192.17,8685,10,0
2026-03-04 14:00:00,5192.17,5206.1,5174.3,5178.33,11338,10,0
2026-03-04 14:30:00,5178.4,5178.4,5156.42,5171.2,12623,10,0
2026-03-04 15:00:00,5171.2,5196.41,5171.17,5192.37,13501,10,0
2026-03-04 15:30:00,5192.37,5192.98,5167.51,5167.97,12930,10,0
2026-03-04 16:00:00,5167.98,5180.78,5160.29,5166.35,13945,10,0
2026-03-04 16:30:00,5166.15,5185.12,5138.71,5146.72,16191,10,0
2026-03-04 17:00:00,5146.72,5162.8,5131.37,5156.4,15708,10,0
2026-03-04 17:30:00,5156.33,5167.08,5133.65,5151.39,15063,10,0
2026-03-04 18:00:00,5151.35,5162.64,5138.42,5146.14,14628,10,0
2026-03-04 18:30:00,5146.15,5159.31,5142.92,5149.78,13330,10,0
2026-03-04 19:00:00,5149.78,5153.12,5120.34,5133.58,13000,10,0
2026-03-04 19:30:00,5133.63,5147.67,5128.38,5141.14,12850,10,0
2026-03-04 20:00:00,5141.14,5143.58,5111.42,5124.05,13991,10,0
2026-03-04 20:30:00,5123.99,5134.85,5109.1,5133.59,11779,10,0
2026-03-04 21:00:00,5133.8,5136.62,5124.68,5124.75,9927,10,0
2026-03-04 21:30:00,5124.79,5139.63,5123.41,5137.94,10541,10,0
2026-03-04 22:00:00,5138.0,5138.9,5123.65,5137.34,11031,10,0
2026-03-04 22:30:00,5137.34,5146.69,5132.93,5134.76,10923,10,0
2026-03-04 23:00:00,5134.86,5144.03,5133.86,5141.42,6429,10,0
2026-03-04 23:30:00,5141.46,5142.31,5129.52,5139.25,5228,10,0
2026-03-05 01:00:00,5146.32,5156.48,5144.92,5154.63,7002,10,0
2026-03-05 01:30:00,5154.63,5166.15,5148.72,5165.26,7051,10,0
2026-03-05 02:00:00,5165.26,5179.86,5159.5,5173.58,8530,10,0
2026-03-05 02:30:00,5173.58,5177.39,5166.4,5172.62,8186,10,0
2026-03-05 03:00:00,5172.61,5186.49,5169.98,5177.64,12888,10,0
2026-03-05 03:30:00,5177.64,5180.02,5167.66,5172.67,12870,10,0
2026-03-05 04:00:00,5172.67,5188.05,5171.68,5184.08,10750,10,0
2026-03-05 04:30:00,5184.09,5192.49,5174.42,5192.08,11443,10,0
2026-03-05 05:00:00,5192.07,5194.94,5184.04,5185.12,10832,10,0
2026-03-05 05:30:00,5185.13,5191.14,5178.46,5180.3,8722,10,0
2026-03-05 06:00:00,5180.28,5186.68,5174.84,5178.46,7648,10,0
2026-03-05 06:30:00,5178.47,5180.13,5166.4,5171.74,7912,10,0
2026-03-05 07:00:00,5171.77,5176.88,5169.25,5172.42,8001,10,0
2026-03-05 07:30:00,5172.42,5174.36,5148.37,5148.67,12088,10,0
2026-03-05 08:00:00,5148.7,5155.33,5120.84,5143.13,13869,10,0
2026-03-05 08:30:00,5143.13,5168.85,5140.51,5167.75,12287,10,0
2026-03-05 09:00:00,5167.75,5172.69,5159.91,5166.26,10520,10,0
2026-03-05 09:30:00,5166.24,5167.09,5159.02,5162.26,9999,10,0
2026-03-05 10:00:00,5162.32,5162.61,5137.63,5144.65,12214,10,0
2026-03-05 10:30:00,5144.64,5170.19,5143.75,5165.66,10428,10,0
2026-03-05 11:00:00,5165.67,5180.59,5161.56,5169.66,12379,10,0
2026-03-05 11:30:00,5169.65,5169.88,5153.9,5161.2,10626,10,0
2026-03-05 12:00:00,5161.15,5161.15,5146.28,5156.26,9532,10,0
2026-03-05 12:30:00,5156.26,5167.55,5147.77,5164.57,9426,10,0
2026-03-05 13:00:00,5164.57,5168.07,5161.19,5163.22,8198,10,0
2026-03-05 13:30:00,5163.21,5165.18,5156.99,5163.95,7783,10,0
2026-03-05 14:00:00,5163.95,5171.58,5161.95,5161.96,8764,10,0
2026-03-05 14:30:00,5161.96,5167.88,5160.98,5162.57,8048,10,0
2026-03-05 15:00:00,5162.69,5164.13,5084.94,5122.25,14849,10,0
2026-03-05 15:30:00,5122.24,5137.99,5109.92,5118.05,13379,10,0
2026-03-05 16:00:00,5118.06,5129.91,5102.96,5120.38,13937,10,0
2026-03-05 16:30:00,5120.38,5123.84,5090.78,5102.24,15861,10,0
2026-03-05 17:00:00,5102.2,5119.95,5062.22,5086.47,15230,10,0
2026-03-05 17:30:00,5086.51,5103.12,5077.74,5102.62,14654,10,0
2026-03-05 18:00:00,5102.6,5104.57,5060.32,5063.83,14275,10,0
2026-03-05 18:30:00,5063.81,5081.32,5054.29,5077.73,14620,10,0
2026-03-05 19:00:00,5077.73,5089.56,5074.13,5075.35,14013,10,0
2026-03-05 19:30:00,5075.23,5077.36,5055.14,5063.05,15564,10,0
2026-03-05 20:00:00,5062.94,5075.88,5051.1,5071.25,14993,10,0
2026-03-05 20:30:00,5071.32,5085.55,5067.3,5069.42,13753,10,0
2026-03-05 21:00:00,5069.45,5081.33,5062.26,5066.99,13613,10,0
2026-03-05 21:30:00,5067.0,5070.65,5055.99,5066.0,14011,10,0
2026-03-05 22:00:00,5065.99,5094.83,5061.85,5080.72,13781,10,0
2026-03-05 22:30:00,5080.7,5082.57,5072.87,5076.8,13895,10,0
2026-03-05 23:00:00,5076.69,5084.26,5072.17,5080.81,6752,10,0
2026-03-05 23:30:00,5080.81,5085.1,5072.8,5083.3,5420,10,0
2026-03-06 01:00:00,5083.46,5096.83,5082.34,5091.32,6933,10,0
2026-03-06 01:30:00,5091.32,5101.98,5084.69,5086.31,8150,10,0
2026-03-06 02:00:00,5086.31,5092.32,5074.3,5090.7,9415,10,0
2026-03-06 02:30:00,5090.7,5092.31,5075.46,5084.59,9041,10,0
2026-03-06 03:00:00,5084.58,5088.97,5066.68,5085.82,13004,10,0
2026-03-06 03:30:00,5085.85,5143.9,5085.71,5134.79,13550,10,0
2026-03-06 04:00:00,5134.77,5138.61,5125.58,5128.77,10961,10,0
2026-03-06 04:30:00,5128.77,5131.93,5122.2,5126.38,10793,10,0
2026-03-06 05:00:00,5126.38,5141.5,5124.39,5136.66,10217,10,0
2026-03-06 05:30:00,5136.68,5137.97,5129.16,5131.16,6962,10,0
2026-03-06 06:00:00,5131.16,5136.41,5127.65,5129.65,6584,10,0
2026-03-06 06:30:00,5129.65,5135.84,5126.47,5127.61,6571,10,0
2026-03-06 07:00:00,5127.59,5129.99,5122.93,5129.77,8006,10,0
2026-03-06 07:30:00,5129.77,5130.09,5114.35,5117.18,11103,10,0
2026-03-06 08:00:00,5117.31,5122.99,5109.3,5120.2,10258,10,0
2026-03-06 08:30:00,5120.21,5122.83,5115.2,5115.88,8896,10,0
2026-03-06 09:00:00,5115.82,5119.77,5105.79,5114.7,8859,10,0
2026-03-06 09:30:00,5114.72,5120.8,5107.78,5119.66,8729,10,0
2026-03-06 10:00:00,5119.66,5123.15,5099.47,5100.62,10087,10,0
2026-03-06 10:30:00,5100.62,5113.66,5096.39,5108.62,8218,10,0
2026-03-06 11:00:00,5108.62,5109.5,5092.03,5099.08,10331,10,0
2026-03-06 11:30:00,5099.01,5103.86,5083.5,5085.78,11090,10,0
2026-03-06 12:00:00,5085.74,5092.84,5075.77,5087.49,10548,10,0
2026-03-06 12:30:00,5087.46,5092.79,5080.99,5091.02,9622,10,0
2026-03-06 13:00:00,5091.15,5098.21,5080.61,5094.56,10116,10,0
2026-03-06 13:30:00,5094.59,5099.77,5063.0,5077.12,10538,10,0
2026-03-06 14:00:00,5077.13,5096.67,5076.37,5088.56,11229,10,0
2026-03-06 14:30:00,5088.56,5096.71,5081.35,5083.24,10325,10,0
2026-03-06 15:00:00,5083.26,5088.79,5065.56,5083.2,13551,10,0
2026-03-06 15:30:00,5083.2,5131.08,5073.96,5085.04,15080,10,0
2026-03-06 16:00:00,5085.22,5109.39,5081.19,5104.44,13598,10,0
2026-03-06 16:30:00,5104.46,5131.99,5084.35,5130.35,15089,10,0
2026-03-06 17:00:00,5130.33,5171.68,5128.51,5161.87,15176,10,0
2026-03-06 17:30:00,5161.88,5166.62,5134.53,5141.93,14217,10,0
2026-03-06 18:00:00,5141.9,5153.2,5136.19,5142.31,13448,10,0
2026-03-06 18:30:00,5142.3,5148.24,5126.05,5139.86,13402,10,0
2026-03-06 19:00:00,5139.84,5145.37,5128.97,5142.17,13559,10,0
2026-03-06 19:30:00,5142.16,5152.51,5132.96,5140.79,12307,10,0
2026-03-06 20:00:00,5140.78,5151.09,5138.68,5150.38,13165,10,0
2026-03-06 20:30:00,5150.37,5167.72,5148.84,5161.16,11856,10,0
2026-03-06 21:00:00,5161.17,5174.62,5160.59,5165.32,11479,10,0
2026-03-06 21:30:00,5165.32,5168.04,5156.73,5159.89,10805,10,0
2026-03-06 22:00:00,5159.89,5162.67,5152.81,5153.84,10989,10,0
2026-03-06 22:30:00,5153.84,5161.58,5149.6,5153.53,12103,10,0
2026-03-06 23:00:00,5153.48,5170.58,5151.01,5168.29,7020,10,0
2026-03-06 23:30:00,5168.29,5174.99,5166.44,5174.78,4684,10,0
2026-03-09 01:00:00,5180.32,5198.4,5122.16,5155.48,14352,10,0
2026-03-09 01:30:00,5155.48,5164.52,5104.29,5130.17,13856,10,0
2026-03-09 02:00:00,5130.17,5135.64,5094.2,5104.66,12993,10,0
2026-03-09 02:30:00,5104.75,5105.11,5044.54,5075.97,14240,10,0
2026-03-09 03:00:00,5076.01,5079.99,5028.71,5046.16,14601,10,0
2026-03-09 03:30:00,5046.13,5060.3,5033.76,5050.02,13683,10,0
2026-03-09 04:00:00,5050.02,5087.8,5015.01,5072.17,15794,10,0
2026-03-09 04:30:00,5072.04,5086.26,5065.07,5070.07,14414,10,0
2026-03-09 05:00:00,5070.07,5095.34,5055.49,5077.9,14128,10,0
2026-03-09 05:30:00,5077.81,5099.33,5076.43,5094.64,13810,10,0
2026-03-09 06:00:00,5094.59,5102.37,5084.24,5084.43,12596,10,0
2026-03-09 06:30:00,5084.24,5093.91,5081.69,5091.51,9674,10,0
2026-03-09 07:00:00,5091.48,5097.35,5086.96,5089.44,9050,10,0
2026-03-09 07:30:00,5089.46,5093.13,5085.33,5090.26,8523,10,0
2026-03-09 08:00:00,5090.27,5104.42,5080.97,5095.55,12047,10,0
2026-03-09 08:30:00,5095.55,5140.52,5092.17,5124.34,14532,10,0
2026-03-09 09:00:00,5124.34,5134.0,5119.14,5126.47,13736,10,0
2026-03-09 09:30:00,5126.48,5129.76,5097.14,5097.79,12851,10,0
2026-03-09 10:00:00,5097.8,5106.98,5088.74,5106.7,11737,10,0
2026-03-09 10:30:00,5106.71,5107.87,5093.71,5098.89,10607,10,0
2026-03-09 11:00:00,5098.9,5110.83,5090.83,5091.31,12379,10,0
2026-03-09 11:30:00,5091.46,5102.57,5087.28,5096.62,11876,10,0
2026-03-09 12:00:00,5096.64,5126.92,5095.15,5125.38,11898,10,0
2026-03-09 12:30:00,5125.41,5132.64,5096.63,5105.34,12438,10,0
2026-03-09 13:00:00,5105.34,5111.14,5098.31,5099.75,10527,10,0
2026-03-09 13:30:00,5099.74,5100.26,5084.22,5087.23,11569,10,0
2026-03-09 14:00:00,5087.24,5097.44,5079.88,5085.73,10754,10,0
2026-03-09 14:30:00,5085.8,5094.61,5082.22,5088.08,10109,10,0
2026-03-09 15:00:00,5088.08,5110.11,5088.08,5109.83,10468,10,0
2026-03-09 15:30:00,5109.58,5112.2,5093.44,5094.96,10246,10,0
2026-03-09 16:00:00,5095.0,5099.33,5084.61,5094.79,12971,10,0
2026-03-09 16:30:00,5094.79,5111.34,5067.43,5074.15,16061,10,0
2026-03-09 17:00:00,5074.17,5088.42,5060.79,5081.76,15905,10,0
2026-03-09 17:30:00,5081.73,5116.07,5080.02,5093.9,15112,10,0
2026-03-09 18:00:00,5093.9,5100.29,5079.61,5099.66,14117,10,0
2026-03-09 18:30:00,5099.64,5103.49,5093.06,5099.71,12682,10,0
2026-03-09 19:00:00,5099.72,5109.42,5094.84,5103.88,12176,10,0
2026-03-09 19:30:00,5103.88,5110.7,5102.82,5104.72,11350,10,0
2026-03-09 20:00:00,5104.72,5106.87,5091.15,5095.11,11580,10,0
2026-03-09 20:30:00,5095.1,5099.67,5089.11,5096.0,11623,10,0
2026-03-09 21:00:00,5096.0,5107.16,5092.55,5105.23,10259,10,0
2026-03-09 21:30:00,5105.24,5126.49,5104.42,5123.32,10667,10,0
2026-03-09 22:00:00,5123.32,5142.97,5118.55,5139.94,12587,10,0
2026-03-09 22:30:00,5139.92,5144.06,5125.13,5141.16,14068,10,0
2026-03-09 23:00:00,5141.21,5148.07,5134.42,5139.45,8252,10,0
2026-03-09 23:30:00,5139.41,5140.65,5134.27,5137.42,6510,10,0
2026-03-10 01:00:00,5140.1,5150.05,5117.82,5132.15,9758,10,0
2026-03-10 01:30:00,5132.18,5153.06,5128.51,5152.95,9036,10,0
2026-03-10 02:00:00,5152.9,5156.07,5138.47,5144.87,9973,10,0
2026-03-10 02:30:00,5144.86,5149.56,5135.73,5139.72,8452,10,0
2026-03-10 03:00:00,5139.73,5141.31,5129.27,5130.65,10243,10,0
2026-03-10 03:30:00,5130.61,5139.08,5125.03,5131.06,11028,10,0
2026-03-10 04:00:00,5131.06,5167.8,5124.71,5157.83,14334,10,0
2026-03-10 04:30:00,5157.88,5186.17,5153.06,5184.29,13383,10,0
2026-03-10 05:00:00,5184.29,5187.0,5170.66,5179.9,11139,10,0
2026-03-10 05:30:00,5179.91,5185.82,5163.96,5165.92,11842,10,0
2026-03-10 06:00:00,5166.03,5173.44,5161.85,5166.8,11193,10,0
2026-03-10 06:30:00,5166.81,5167.98,5155.9,5157.67,9135,10,0
2026-03-10 07:00:00,5157.66,5166.58,5154.41,5162.5,8181,10,0
2026-03-10 07:30:00,5162.51,5165.61,5161.53,5163.9,6043,10,0
2026-03-10 08:00:00,5163.9,5174.19,5163.89,5171.74,7718,10,0
2026-03-10 08:30:00,5171.76,5179.31,5167.04,5177.92,9622,10,0
2026-03-10 09:00:00,5177.94,5180.92,5171.95,5176.26,9290,10,0
2026-03-10 09:30:00,5176.25,5179.09,5173.38,5175.32,9248,10,0
2026-03-10 10:00:00,5175.2,5178.84,5158.63,5169.46,10579,10,0
2026-03-10 10:30:00,5169.46,5181.33,5165.67,5181.07,9650,10,0
2026-03-10 11:00:00,5181.06,5185.35,5175.13,5184.05,10529,10,0
2026-03-10 11:30:00,5184.08,5195.22,5182.89,5183.53,10343,10,0
2026-03-10 12:00:00,5183.53,5189.43,5180.63,5186.66,9181,10,0
2026-03-10 12:30:00,5186.77,5189.19,5181.94,5182.66,8980,10,0
2026-03-10 13:00:00,5182.66,5183.96,5173.01,5173.83,10540,10,0
2026-03-10 13:30:00,5173.83,5178.23,5156.58,5177.29,11473,10,0
2026-03-10 14:00:00,5177.3,5191.95,5176.6,5182.95,11492,10,0
2026-03-10 14:30:00,5182.96,5185.12,5171.92,5175.17,10209,10,0
2026-03-10 15:00:00,5175.18,5180.69,5162.51,5179.77,11810,10,0
2026-03-10 15:30:00,5179.76,5189.49,5178.59,5187.05,10784,10,0
2026-03-10 16:00:00,5187.05,5228.82,5186.05,5221.66,13347,10,0
2026-03-10 16:30:00,5221.66,5222.08,5196.37,5205.62,14836,10,0
2026-03-10 17:00:00,5205.63,5214.42,5185.44,5209.13,13879,10,0
2026-03-10 17:30:00,5209.12,5213.51,5202.9,5206.88,12266,10,0
2026-03-10 18:00:00,5206.82,5228.62,5203.34,5225.82,12004,10,0
2026-03-10 18:30:00,5225.82,5238.57,5225.36,5228.7,11872,10,0
2026-03-10 19:00:00,5228.7,5235.54,5222.75,5232.23,10946,10,0
2026-03-10 19:30:00,5232.26,5234.6,5226.11,5227.72,10237,10,0
2026-03-10 20:00:00,5227.72,5235.47,5223.74,5233.34,11506,10,0
2026-03-10 20:30:00,5233.33,5234.85,5226.56,5227.77,10995,10,0
2026-03-10 21:00:00,5227.7,5228.02,5161.11,5203.05,13788,10,0
2026-03-10 21:30:00,5203.04,5208.05,5190.03,5191.74,13993,10,0
2026-03-10 22:00:00,5191.75,5207.62,5184.43,5200.93,12364,10,0
2026-03-10 22:30:00,5200.94,5200.94,5179.99,5198.8,13290,10,0
2026-03-10 23:00:00,5198.84,5199.03,5191.85,5195.08,6348,10,0
2026-03-10 23:30:00,5195.07,5199.05,5192.63,5192.77,5175,10,0
2026-03-11 01:00:00,5187.12,5197.76,5183.36,5190.83,7366,10,0
2026-03-11 01:30:00,5190.83,5195.5,5185.68,5189.3,6500,10,0
2026-03-11 02:00:00,5189.3,5197.26,5187.77,5193.66,5794,10,0
2026-03-11 02:30:00,5193.65,5197.33,5187.99,5197.31,5651,10,0
2026-03-11 03:00:00,5197.31,5215.62,5186.94,5212.46,9949,10,0
2026-03-11 03:30:00,5212.44,5219.45,5205.98,5215.56,8150,10,0
2026-03-11 04:00:00,5215.55,5223.16,5210.74,5214.83,11836,10,0
2026-03-11 04:30:00,5214.87,5219.9,5208.62,5208.69,10530,10,0
2026-03-11 05:00:00,5208.66,5209.75,5194.2,5204.42,10293,10,0
2026-03-11 05:30:00,5204.36,5220.52,5202.02,5217.36,9822,10,0
2026-03-11 06:00:00,5217.38,5220.47,5204.58,5204.75,9010,10,0
2026-03-11 06:30:00,5204.75,5209.65,5199.41,5203.38,7132,10,0
2026-03-11 07:00:00,5203.38,5208.65,5199.57,5207.37,6067,10,0
2026-03-11 07:30:00,5207.37,5208.48,5201.97,5204.52,5471,10,0
2026-03-11 08:00:00,5204.52,5208.27,5200.38,5200.51,6862,10,0
2026-03-11 08:30:00,5200.5,5204.69,5191.1,5199.67,10618,10,0
2026-03-11 09:00:00,5199.7,5210.8,5196.38,5206.58,10024,10,0
2026-03-11 09:30:00,5206.58,5206.75,5191.61,5197.68,9681,10,0
2026-03-11 10:00:00,5197.68,5202.13,5195.49,5197.96,8816,10,0
2026-03-11 10:30:00,5197.97,5198.44,5184.68,5195.79,9892,10,0
2026-03-11 11:00:00,5195.82,5198.74,5181.19,5185.0,9347,10,0
2026-03-11 11:30:00,5185.0,5188.71,5175.54,5187.65,9087,10,0
2026-03-11 12:00:00,5187.67,5190.59,5179.79,5187.68,8700,10,0
2026-03-11 12:30:00,5187.67,5197.19,5186.66,5187.78,8410,10,0
2026-03-11 13:00:00,5187.78,5195.35,5186.56,5191.87,7536,10,0
2026-03-11 13:30:00,5191.88,5191.97,5177.22,5186.11,8853,10,0
2026-03-11 14:00:00,5186.12,5193.6,5179.76,5181.09,7925,10,0
2026-03-11 14:30:00,5181.1,5190.65,5175.75,5181.31,9414,10,0
2026-03-11 15:00:00,5181.3,5195.25,5177.75,5191.23,9928,10,0
2026-03-11 15:30:00,5191.0,5196.49,5166.77,5167.62,12866,10,0
2026-03-11 16:00:00,5167.62,5183.07,5162.38,5181.5,12657,10,0
2026-03-11 16:30:00,5181.52,5181.6,5149.35,5176.96,14669,10,0
2026-03-11 17:00:00,5176.93,5195.57,5175.14,5194.32,14315,10,0
2026-03-11 17:30:00,5194.32,5196.23,5174.48,5183.29,13300,10,0
2026-03-11 18:00:00,5183.28,5185.86,5168.65,5172.53,13077,10,0
2026-03-11 18:30:00,5172.57,5175.29,5164.3,5166.4,12592,10,0
2026-03-11 19:00:00,5166.39,5172.69,5163.75,5166.94,12345,10,0
2026-03-11 19:30:00,5166.94,5178.02,5166.09,5175.71,10993,10,0
2026-03-11 20:00:00,5175.72,5181.06,5169.89,5172.09,10772,10,0
2026-03-11 20:30:00,5172.08,5172.59,5154.87,5169.95,11597,10,0
2026-03-11 21:00:00,5169.92,5178.38,5169.27,5177.74,9956,10,0
2026-03-11 21:30:00,5177.73,5178.3,5170.36,5172.6,8120,10,0
2026-03-11 22:00:00,5172.62,5177.83,5169.32,5177.23,7951,10,0
2026-03-11 22:30:00,5177.24,5183.62,5176.22,5183.32,8813,10,0
2026-03-11 23:00:00,5183.32,5183.6,5175.26,5177.9,4806,10,0
2026-03-11 23:30:00,5177.9,5178.48,5175.62,5177.2,3830,10,0
2026-03-12 01:00:00,5179.02,5183.51,5165.56,5170.04,5935,10,0
2026-03-12 01:30:00,5170.04,5170.1,5129.78,5139.07,9635,10,0
2026-03-12 02:00:00,5139.07,5157.04,5135.47,5156.03,9168,10,0
2026-03-12 02:30:00,5156.02,5157.97,5133.1,5134.34,9367,10,0
2026-03-12 03:00:00,5134.3,5157.88,5125.53,5152.76,11345,10,0
2026-03-12 03:30:00,5152.77,5161.6,5150.17,5152.89,9191,10,0
2026-03-12 04:00:00,5152.91,5166.82,5151.58,5157.49,12322,10,0
2026-03-12 04:30:00,5157.53,5172.87,5154.8,5168.66,10996,10,0
2026-03-12 05:00:00,5168.66,5175.2,5167.24,5168.29,9141,10,0
2026-03-12 05:30:00,5168.28,5171.55,5145.75,5150.63,12224,10,0
2026-03-12 06:00:00,5150.68,5155.62,5147.39,5151.81,10410,10,0
2026-03-12 06:30:00,5151.86,5154.56,5148.12,5153.21,7019,10,0
2026-03-12 07:00:00,5153.18,5153.97,5150.0,5152.62,5172,10,0
2026-03-12 07:30:00,5152.7,5152.7,5140.58,5142.67,7244,10,0
2026-03-12 08:00:00,5142.66,5149.17,5137.26,5143.11,8623,10,0
2026-03-12 08:30:00,5143.07,5157.73,5141.35,5154.55,9655,10,0
2026-03-12 09:00:00,5154.55,5157.72,5147.32,5157.14,8677,10,0
2026-03-12 09:30:00,5156.72,5170.28,5156.06,5166.25,9672,10,0
2026-03-12 10:00:00,5166.25,5170.56,5164.55,5169.1,7255,10,0
2026-03-12 10:30:00,5169.11,5185.17,5168.19,5182.06,8111,10,0
2026-03-12 11:00:00,5182.07,5189.8,5177.17,5177.56,8916,10,0
2026-03-12 11:30:00,5177.55,5182.96,5176.02,5178.18,7412,10,0
2026-03-12 12:00:00,5178.19,5181.41,5174.47,5180.22,7599,10,0
2026-03-12 12:30:00,5180.22,5190.41,5180.22,5188.5,8550,10,0
2026-03-12 13:00:00,5188.35,5191.75,5180.05,5180.42,7931,10,0
2026-03-12 13:30:00,5180.4,5184.08,5176.33,5182.4,7764,10,0
2026-03-12 14:00:00,5182.4,5183.91,5172.85,5176.48,6969,10,0
2026-03-12 14:30:00,5176.48,5181.45,5175.48,5179.03,7677,10,0
2026-03-12 15:00:00,5179.04,5180.63,5163.93,5172.46,10985,10,0
2026-03-12 15:30:00,5172.45,5185.57,5168.61,5181.48,10702,10,0
2026-03-12 16:00:00,5181.49,5186.16,5159.34,5171.37,13327,10,0
2026-03-12 16:30:00,5171.36,5171.42,5146.18,5151.37,14905,10,0
2026-03-12 17:00:00,5151.39,5163.49,5149.81,5152.21,13738,10,0
2026-03-12 17:30:00,5152.21,5153.7,5138.43,5142.97,14159,10,0
2026-03-12 18:00:00,5142.96,5144.91,5109.7,5129.22,14296,10,0
2026-03-12 18:30:00,5129.3,5135.33,5118.38,5132.4,13582,10,0
2026-03-12 19:00:00,5132.4,5138.06,5121.35,5131.79,12759,10,0
2026-03-12 19:30:00,5131.79,5137.67,5121.57,5123.61,12621,10,0
2026-03-12 20:00:00,5123.61,5129.6,5113.62,5118.92,12602,10,0
2026-03-12 20:30:00,5118.9,5120.07,5102.61,5105.33,12431,10,0
2026-03-12 21:00:00,5105.32,5112.6,5101.15,5104.96,11869,10,0
2026-03-12 21:30:00,5104.61,5104.61,5090.94,5094.27,11089,10,0
2026-03-12 22:00:00,5094.41,5095.54,5079.64,5093.62,11915,10,0
2026-03-12 22:30:00,5093.6,5096.87,5081.35,5084.8,11235,10,0
2026-03-12 23:00:00,5084.77,5090.51,5071.46,5071.84,8522,10,0
2026-03-12 23:30:00,5071.88,5081.55,5055.12,5079.79,9008,10,0
2026-03-13 01:00:00,5080.42,5095.24,5073.04,5092.7,8696,10,0
2026-03-13 01:30:00,5092.71,5095.93,5085.52,5095.88,6440,10,0
2026-03-13 02:00:00,5095.85,5099.52,5089.01,5094.17,7053,10,0
2026-03-13 02:30:00,5094.17,5101.32,5092.11,5098.12,7162,10,0
2026-03-13 03:00:00,5098.11,5108.42,5097.42,5106.36,7870,10,0
2026-03-13 03:30:00,5106.37,5115.34,5105.99,5113.76,6954,10,0
2026-03-13 04:00:00,5113.76,5120.82,5113.56,5118.93,10378,10,0
2026-03-13 04:30:00,5118.94,5124.28,5108.9,5124.28,10681,10,0
2026-03-13 05:00:00,5124.25,5128.46,5115.24,5121.48,9187,10,0
2026-03-13 05:30:00,5121.49,5121.84,5110.48,5112.08,9111,10,0
2026-03-13 06:00:00,5112.08,5115.83,5108.29,5110.49,9558,10,0
2026-03-13 06:30:00,5110.48,5116.78,5106.4,5115.69,6680,10,0
2026-03-13 07:00:00,5115.69,5117.99,5103.9,5105.56,6270,10,0
2026-03-13 07:30:00,5105.56,5107.2,5102.74,5104.38,6213,10,0
2026-03-13 08:00:00,5104.36,5110.21,5102.68,5105.96,6322,10,0
2026-03-13 08:30:00,5105.98,5111.01,5098.28,5103.2,11131,10,0
2026-03-13 09:00:00,5103.24,5107.79,5088.95,5095.66,10697,10,0
2026-03-13 09:30:00,5095.65,5098.34,5085.86,5088.32,11862,10,0
2026-03-13 10:00:00,5088.29,5094.22,5071.78,5084.81,10641,10,0
2026-03-13 10:30:00,5084.8,5092.92,5082.39,5085.22,8949,10,0
2026-03-13 11:00:00,5085.22,5085.23,5061.61,5070.88,11353,10,0
2026-03-13 11:30:00,5070.87,5088.03,5070.47,5087.55,9546,10,0
2026-03-13 12:00:00,5087.54,5097.12,5084.21,5091.86,9556,10,0
2026-03-13 12:30:00,5091.87,5094.31,5083.36,5089.74,8209,10,0
2026-03-13 13:00:00,5089.72,5096.76,5085.96,5089.39,8106,10,0
2026-03-13 13:30:00,5089.38,5098.37,5080.02,5094.92,8994,10,0
2026-03-13 14:00:00,5094.92,5097.56,5086.37,5095.43,8908,10,0
2026-03-13 14:30:00,5095.47,5107.8,5092.07,5107.76,8308,10,0
2026-03-13 15:00:00,5107.63,5118.91,5104.45,5113.8,11181,10,0
2026-03-13 15:30:00,5114.0,5121.87,5108.18,5118.33,11358,10,0
2026-03-13 16:00:00,5118.33,5121.22,5107.46,5108.96,11841,10,0
2026-03-13 16:30:00,5108.94,5116.87,5096.69,5101.98,13772,10,0
2026-03-13 17:00:00,5101.97,5107.97,5082.74,5088.98,14197,10,0
2026-03-13 17:30:00,5088.98,5091.96,5036.11,5041.74,14795,10,0
2026-03-13 18:00:00,5041.77,5071.39,5038.35,5063.27,14579,10,0
2026-03-13 18:30:00,5063.23,5068.34,5032.19,5034.83,14540,10,0
2026-03-13 19:00:00,5034.84,5041.77,5019.09,5041.02,14604,10,0
2026-03-13 19:30:00,5041.01,5053.01,5040.29,5046.04,13526,10,0
2026-03-13 20:00:00,5046.03,5062.14,5043.48,5056.34,13206,10,0
2026-03-13 20:30:00,5056.39,5063.86,5043.6,5046.38,12605,10,0
2026-03-13 21:00:00,5046.39,5051.73,5036.18,5041.87,12502,10,0
2026-03-13 21:30:00,5041.83,5049.41,5040.55,5046.45,10266,10,0
2026-03-13 22:00:00,5046.45,5049.87,5032.32,5035.05,11049,10,0
2026-03-13 22:30:00,5035.05,5036.9,5009.74,5016.45,12843,10,0
2026-03-13 23:00:00,5016.5,5021.48,5012.44,5014.09,7978,10,0
2026-03-13 23:30:00,5014.09,5025.47,5013.17,5018.76,7055,10,0
2026-03-16 01:00:00,5005.99,5030.55,4998.2,5013.35,10329,10,0
2026-03-16 01:30:00,5013.42,5025.87,5008.4,5025.02,9650,10,0
2026-03-16 02:00:00,5025.0,5026.19,4967.74,4989.74,12411,10,0
2026-03-16 02:30:00,4989.77,4998.89,4972.1,4997.58,12765,10,0
2026-03-16 03:00:00,4997.54,5028.76,4996.87,5016.86,11816,10,0
2026-03-16 03:30:00,5016.87,5030.87,5015.0,5025.74,10316,10,0
2026-03-16 04:00:00,5025.79,5026.54,4983.94,4988.09,15182,10,0
2026-03-16 04:30:00,4988.08,5016.39,4982.71,5016.09,13586,10,0
2026-03-16 05:00:00,5016.08,5018.84,5010.49,5012.94,10982,10,0
2026-03-16 05:30:00,5012.94,5014.62,4997.98,5003.56,12070,10,0
2026-03-16 06:00:00,5003.58,5011.66,4998.14,5011.27,10661,10,0
2026-03-16 06:30:00,5011.27,5020.69,5010.29,5019.24,8194,10,0
2026-03-16 07:00:00,5019.24,5026.26,5019.12,5021.49,7051,10,0
2026-03-16 07:30:00,5021.5,5024.86,5012.49,5012.82,6174,10,0
2026-03-16 08:00:00,5012.89,5015.85,5007.95,5010.98,7233,10,0
2026-03-16 08:30:00,5010.98,5020.06,5003.27,5017.37,10563,10,0
2026-03-16 09:00:00,5017.42,5036.0,5013.04,5027.76,10631,10,0
2026-03-16 09:30:00,5027.76,5029.56,5005.5,5012.25,10589,10,0
2026-03-16 10:00:00,5012.24,5016.44,4998.27,5002.31,9602,10,0
2026-03-16 10:30:00,5002.31,5007.34,4991.96,4995.4,9287,10,0
2026-03-16 11:00:00,4995.4,5003.54,4987.89,4997.02,11200,10,0
2026-03-16 11:30:00,4997.02,4998.63,4985.04,4991.19,9325,10,0
2026-03-16 12:00:00,4991.19,4991.49,4980.03,4989.05,9439,10,0
2026-03-16 12:30:00,4989.04,4991.67,4972.7,4975.38,9618,10,0
2026-03-16 13:00:00,4975.39,4991.17,4970.27,4986.72,10012,10,0
2026-03-16 13:30:00,4986.74,4999.5,4980.58,4998.84,9562,10,0
2026-03-16 14:00:00,4998.76,5022.64,4995.74,5019.24,9667,10,0
2026-03-16 14:30:00,5019.24,5020.01,4993.11,4997.09,9402,10,0
2026-03-16 15:00:00,4997.09,5024.78,4994.48,5022.89,10871,10,0
2026-03-16 15:30:00,5022.95,5025.02,5012.24,5019.94,10409,10,0
2026-03-16 16:00:00,5019.93,5030.19,5013.95,5021.45,11195,10,0
2026-03-16 16:30:00,5021.41,5034.33,5018.23,5029.83,13881,10,0
2026-03-16 17:00:00,5029.83,5037.96,5014.7,5014.73,13194,10,0
2026-03-16 17:30:00,5014.8,5015.17,4988.0,4996.08,13600,10,0
2026-03-16 18:00:00,4996.09,5005.72,4984.83,4991.84,12416,10,0
2026-03-16 18:30:00,4991.86,5003.43,4983.94,4987.08,11191,10,0
2026-03-16 19:00:00,4987.05,4998.83,4978.24,4979.88,11864,10,0
2026-03-16 19:30:00,4979.87,4992.87,4974.12,4990.46,11584,10,0
2026-03-16 20:00:00,4990.47,5003.89,4990.47,4996.13,11205,10,0
2026-03-16 20:30:00,4996.07,4996.57,4984.05,4991.29,10568,10,0
2026-03-16 21:00:00,4991.31,5008.07,4990.05,5006.33,9964,10,0
2026-03-16 21:30:00,5006.31,5017.79,5005.42,5012.71,9591,10,0
2026-03-16 22:00:00,5012.71,5020.27,5008.87,5010.51,9694,10,0
2026-03-16 22:30:00,5010.43,5016.1,5008.15,5013.13,9683,10,0
2026-03-16 23:00:00,5012.96,5021.63,5008.12,5014.22,4654,10,0
2026-03-16 23:30:00,5014.26,5014.26,5004.76,5006.45,4551,10,0
2026-03-17 01:00:00,5007.65,5016.03,4998.95,5001.82,6581,10,0
2026-03-17 01:30:00,5001.81,5006.22,4998.62,5002.33,5544,10,0
2026-03-17 02:00:00,5002.33,5009.93,5002.07,5009.52,4286,10,0
2026-03-17 02:30:00,5009.51,5015.59,5006.98,5012.95,6496,10,0
2026-03-17 03:00:00,5012.95,5014.14,5000.2,5003.51,8326,10,0
2026-03-17 03:30:00,5003.5,5007.04,4998.33,5002.97,8287,10,0
2026-03-17 04:00:00,5002.96,5014.52,4994.87,5013.56,11503,10,0
2026-03-17 04:30:00,5013.57,5027.91,5011.36,5027.85,10412,10,0
2026-03-17 05:00:00,5027.84,5029.76,5019.97,5025.45,8602,10,0
2026-03-17 05:30:00,5025.45,5029.48,5021.61,5022.66,9407,10,0
2026-03-17 06:00:00,5022.66,5032.88,5020.62,5032.6,7882,10,0
2026-03-17 06:30:00,5032.59,5033.59,5026.05,5027.61,7514,10,0
2026-03-17 07:00:00,5027.62,5032.91,5026.32,5032.67,6077,10,0
2026-03-17 07:30:00,5032.67,5041.95,5032.2,5037.96,7489,10,0
2026-03-17 08:00:00,5037.95,5044.58,5032.41,5035.4,7955,10,0
2026-03-17 08:30:00,5035.4,5039.37,5020.16,5020.79,10488,10,0
2026-03-17 09:00:00,5020.8,5022.88,5005.17,5011.9,11895,10,0
2026-03-17 09:30:00,5011.92,5017.1,5008.51,5009.94,8840,10,0
2026-03-17 10:00:00,5009.94,5018.7,5009.0,5015.92,7455,10,0
2026-03-17 10:30:00,5015.91,5028.07,5015.91,5021.28,7211,10,0
2026-03-17 11:00:00,5021.28,5029.65,5019.09,5021.22,8704,10,0
2026-03-17 11:30:00,5021.22,5025.42,5018.51,5024.8,7226,10,0
2026-03-17 12:00:00,5024.82,5025.9,5013.06,5017.67,8325,10,0
2026-03-17 12:30:00,5017.67,5018.29,5010.11,5010.64,6819,10,0
2026-03-17 13:00:00,5010.61,5016.52,5001.19,5003.73,8538,10,0
2026-03-17 13:30:00,5003.72,5009.43,4992.14,5000.27,8840,10,0
2026-03-17 14:00:00,5000.24,5010.12,4996.76,5007.05,7230,10,0
2026-03-17 14:30:00,5007.05,5011.47,5002.09,5003.33,6629,10,0
2026-03-17 15:00:00,5003.32,5020.54,4999.45,5020.19,9237,10,0
2026-03-17 15:30:00,5020.19,5023.91,5009.81,5011.78,9309,10,0
2026-03-17 16:00:00,5011.78,5019.51,5010.19,5012.79,10449,10,0
2026-03-17 16:30:00,5012.87,5031.49,5005.6,5016.62,13650,10,0
2026-03-17 17:00:00,5016.66,5020.57,5006.85,5008.32,12687,10,0
2026-03-17 17:30:00,5008.31,5019.49,5002.98,5007.68,12049,10,0
2026-03-17 18:00:00,5007.68,5017.53,4993.8,4994.84,12138,10,0
2026-03-17 18:30:00,4994.83,5000.5,4973.62,4997.81,13367,10,0
2026-03-17 19:00:00,4997.85,5005.47,4991.6,5004.15,11931,10,0
2026-03-17 19:30:00,5004.15,5005.86,4997.69,5002.0,10322,10,0
2026-03-17 20:00:00,5002.01,5008.73,5001.3,5002.7,9641,10,0
2026-03-17 20:30:00,5002.73,5006.43,4996.48,5002.47,8362,10,0
2026-03-17 21:00:00,5002.47,5009.02,5000.87,5003.92,7780,10,0
2026-03-17 21:30:00,5003.98,5008.43,4999.78,5003.8,6992,10,0
2026-03-17 22:00:00,5003.8,5005.61,4998.09,4999.84,7413,10,0
2026-03-17 22:30:00,4999.84,5003.71,4996.48,5000.31,9613,10,0
2026-03-17 23:00:00,5000.29,5006.39,4999.93,5003.9,3788,10,0
2026-03-17 23:30:00,5003.9,5005.61,5001.51,5003.43,3740,10,0
2026-03-18 01:00:00,5005.91,5006.28,4997.62,5001.91,3535,10,0
2026-03-18 01:30:00,5001.89,5003.53,4993.37,4999.91,4443,10,0
2026-03-18 02:00:00,4999.93,5003.04,4998.88,5000.2,3447,10,0
2026-03-18 02:30:00,5000.2,5003.84,5000.0,5002.98,3266,10,0
2026-03-18 03:00:00,5002.98,5012.37,5001.27,5002.87,6383,10,0
2026-03-18 03:30:00,5002.87,5008.23,5000.21,5004.22,6357,10,0
2026-03-18 04:00:00,5004.22,5015.86,4998.05,5008.0,9483,10,0
2026-03-18 04:30:00,5007.99,5009.52,4991.39,4998.6,10644,10,0
2026-03-18 05:00:00,4998.67,5007.03,4996.52,5002.28,8010,10,0
2026-03-18 05:30:00,5002.27,5004.1,4990.59,4992.04,9369,10,0
2026-03-18 06:00:00,4992.02,4996.86,4986.23,4996.29,8992,10,0
2026-03-18 06:30:00,4996.27,4997.68,4989.69,4991.28,6656,10,0
2026-03-18 07:00:00,4991.29,4993.59,4989.61,4990.71,5182,10,0
2026-03-18 07:30:00,4990.71,4991.1,4981.91,4987.08,6818,10,0
2026-03-18 08:00:00,4987.08,4992.7,4984.75,4991.0,6892,10,0
2026-03-18 08:30:00,4991.0,5002.62,4987.59,4997.68,9667,10,0
2026-03-18 09:00:00,4997.69,5010.85,4996.43,5008.7,9061,10,0
2026-03-18 09:30:00,5008.76,5016.35,5008.59,5009.38,8189,10,0
2026-03-18 10:00:00,5009.38,5014.87,5006.24,5009.08,6017,10,0
2026-03-18 10:30:00,5009.11,5009.64,4990.42,4995.06,7261,10,0
2026-03-18 11:00:00,4995.06,4996.91,4983.57,4989.07,8396,10,0
2026-03-18 11:30:00,4989.09,4992.04,4977.51,4987.59,8105,10,0
2026-03-18 12:00:00,4987.58,4994.48,4984.84,4992.42,6917,10,0
2026-03-18 12:30:00,4992.42,4995.66,4990.87,4992.19,5852,10,0
2026-03-18 13:00:00,4992.19,4992.22,4980.88,4982.54,6337,10,0
2026-03-18 13:30:00,4982.54,4987.47,4959.02,4968.01,10123,10,0
2026-03-18 14:00:00,4967.97,4974.02,4946.43,4948.59,11167,10,0
2026-03-18 14:30:00,4948.45,4961.97,4925.09,4930.26,12897,10,0
2026-03-18 15:00:00,4930.23,4932.49,4895.69,4901.06,13750,10,0
2026-03-18 15:30:00,4901.25,4902.24,4870.91,4881.76,14119,10,0
2026-03-18 16:00:00,4881.6,4881.6,4834.29,4861.45,15373,10,0
2026-03-18 16:30:00,4861.45,4885.46,4850.42,4878.4,15723,10,0
2026-03-18 17:00:00,4878.28,4894.63,4859.4,4860.9,14821,10,0
2026-03-18 17:30:00,4860.88,4872.56,4856.74,4869.58,13063,10,0
2026-03-18 18:00:00,4869.58,4880.01,4865.8,4872.06,12583,10,0
2026-03-18 18:30:00,4872.06,4875.37,4861.2,4862.49,11208,10,0
2026-03-18 19:00:00,4862.49,4883.05,4861.01,4882.38,10809,10,0
2026-03-18 19:30:00,4882.38,4890.34,4873.34,4887.18,11174,10,0
2026-03-18 20:00:00,4886.94,4898.03,4883.93,4891.15,11091,10,0
2026-03-18 20:30:00,4891.1,4899.02,4887.3,4890.88,10370,10,0
2026-03-18 21:00:00,4890.94,4899.25,4876.96,4885.75,13190,10,0
2026-03-18 21:30:00,4885.7,4887.96,4852.43,4853.0,14078,10,0
2026-03-18 22:00:00,4852.97,4865.26,4843.59,4849.34,13736,10,0
2026-03-18 22:30:00,4849.38,4860.21,4838.34,4843.23,13051,10,0
2026-03-18 23:00:00,4843.14,4848.62,4809.02,4811.4,10411,10,0
2026-03-18 23:30:00,4811.3,4826.79,4806.98,4818.64,8530,10,0
2026-03-19 01:00:00,4825.14,4837.21,4804.61,4815.87,11079,10,0
2026-03-19 01:30:00,4815.88,4838.99,4808.95,4834.61,10056,10,0
2026-03-19 02:00:00,4834.6,4840.89,4828.31,4836.99,7902,10,0
2026-03-19 02:30:00,4837.0,4842.61,4829.98,4836.7,8016,10,0
2026-03-19 03:00:00,4836.71,4848.05,4835.33,4842.33,9216,10,0
2026-03-19 03:30:00,4842.33,4848.79,4837.82,4841.35,9175,10,0
2026-03-19 04:00:00,4841.35,4853.49,4833.0,4845.59,12760,10,0
2026-03-19 04:30:00,4845.58,4867.23,4842.95,4849.98,11799,10,0
2026-03-19 05:00:00,4849.98,4858.28,4841.8,4857.32,10080,10,0
2026-03-19 05:30:00,4857.3,4862.03,4853.51,4858.81,10665,10,0
2026-03-19 06:00:00,4858.8,4866.15,4855.13,4859.94,9244,10,0
2026-03-19 06:30:00,4859.93,4860.21,4850.86,4850.88,7374,10,0
2026-03-19 07:00:00,4850.88,4853.68,4847.28,4850.39,6579,10,0
2026-03-19 07:30:00,4850.39,4852.85,4845.81,4849.83,6654,10,0
2026-03-19 08:00:00,4849.83,4853.85,4846.53,4846.68,7807,10,0
2026-03-19 08:30:00,4846.68,4846.72,4827.09,4827.57,11894,10,0
2026-03-19 09:00:00,4827.58,4842.25,4813.48,4813.48,12421,10,0
2026-03-19 09:30:00,4813.85,4820.0,4747.88,4763.8,15261,10,0
2026-03-19 10:00:00,4763.8,4784.34,4756.98,4770.51,12692,10,0
2026-03-19 10:30:00,4770.62,4771.67,4727.51,4728.04,11790,10,0
2026-03-19 11:00:00,4728.05,4740.37,4701.41,4718.51,13966,10,0
2026-03-19 11:30:00,4718.84,4722.07,4686.86,4709.04,14332,10,0
2026-03-19 12:00:00,4709.18,4722.6,4687.79,4709.24,14059,10,0
2026-03-19 12:30:00,4709.08,4725.88,4696.22,4698.95,14177,10,0
2026-03-19 13:00:00,4698.95,4719.9,4671.09,4683.68,12820,10,0
2026-03-19 13:30:00,4683.67,4700.61,4666.68,4679.17,13059,10,0
2026-03-19 14:00:00,4679.16,4699.76,4676.66,4686.43,12540,10,0
2026-03-19 14:30:00,4686.43,4695.6,4650.88,4652.54,13184,10,0
2026-03-19 15:00:00,4651.79,4653.91,4603.0,4607.06,15107,10,0
2026-03-19 15:30:00,4607.15,4617.74,4531.61,4574.3,15803,10,0
2026-03-19 16:00:00,4574.34,4581.11,4502.61,4576.38,16812,10,0
2026-03-19 16:30:00,4576.36,4621.26,4538.93,4621.26,17155,10,0
2026-03-19 17:00:00,4621.31,4649.14,4584.19,4585.66,16878,10,0
2026-03-19 17:30:00,4585.56,4628.06,4581.19,4601.99,16162,10,0
2026-03-19 18:00:00,4601.81,4638.65,4593.44,4603.13,15652,10,0
2026-03-19 18:30:00,4603.13,4611.32,4566.28,4596.31,15932,10,0
2026-03-19 19:00:00,4596.47,4626.49,4592.96,4599.22,15701,10,0
2026-03-19 19:30:00,4599.44,4608.44,4576.85,4584.84,14900,10,0
2026-03-19 20:00:00,4584.96,4613.63,4573.91,4602.74,14717,10,0
2026-03-19 20:30:00,4602.72,4629.81,4599.8,4616.18,14236,10,0
2026-03-19 21:00:00,4616.18,4619.07,4601.24,4609.48,13834,10,0
2026-03-19 21:30:00,4609.51,4623.14,4596.23,4622.94,12054,10,0
2026-03-19 22:00:00,4623.0,4663.29,4623.0,4644.22,16253,10,0
2026-03-19 22:30:00,4644.24,4649.87,4631.88,4643.93,14679,10,0
2026-03-19 23:00:00,4643.73,4660.68,4642.87,4657.32,9385,10,0
2026-03-19 23:30:00,4657.3,4662.0,4651.72,4657.69,6629,10,0
2026-03-20 01:00:00,4651.12,4677.11,4650.7,4666.36,8918,10,0
2026-03-20 01:30:00,4666.36,4666.36,4636.24,4636.41,9329,10,0
2026-03-20 02:00:00,4636.4,4647.8,4636.39,4643.88,7628,10,0
2026-03-20 02:30:00,4643.88,4647.9,4634.27,4643.56,8096,10,0
2026-03-20 03:00:00,4643.54,4665.08,4642.2,4649.38,9803,10,0
2026-03-20 03:30:00,4649.38,4660.61,4644.64,4648.59,8206,10,0
2026-03-20 04:00:00,4648.62,4680.1,4639.23,4662.23,14118,10,0
2026-03-20 04:30:00,4662.23,4699.5,4661.44,4677.41,13332,10,0
2026-03-20 05:00:00,4677.36,4690.09,4670.4,4683.84,10665,10,0
2026-03-20 05:30:00,4683.86,4703.68,4679.3,4698.06,11541,10,0
2026-03-20 06:00:00,4698.37,4735.77,4693.29,4733.61,12735,10,0
2026-03-20 06:30:00,4733.57,4735.66,4721.84,4725.73,9189,10,0
2026-03-20 07:00:00,4725.73,4727.63,4716.75,4723.54,7185,10,0
2026-03-20 07:30:00,4723.55,4726.92,4715.56,4721.73,6023,10,0
2026-03-20 08:00:00,4721.72,4723.61,4710.57,4719.69,8466,10,0
2026-03-20 08:30:00,4719.69,4720.19,4685.78,4688.47,13200,10,0
2026-03-20 09:00:00,4688.42,4701.09,4680.02,4687.93,12562,10,0
2026-03-20 09:30:00,4687.93,4689.61,4661.37,4669.21,12995,10,0
2026-03-20 10:00:00,4669.2,4688.68,4668.06,4688.31,9952,10,0
2026-03-20 10:30:00,4688.31,4707.94,4685.27,4706.39,8727,10,0
2026-03-20 11:00:00,4706.39,4734.78,4701.96,4722.7,10588,10,0
2026-03-20 11:30:00,4722.71,4722.76,4684.84,4693.78,11724,10,0
2026-03-20 12:00:00,4693.78,4700.48,4684.31,4691.98,10007,10,0
2026-03-20 12:30:00,4691.98,4692.49,4659.9,4667.72,11009,10,0
2026-03-20 13:00:00,4667.72,4670.12,4646.14,4658.12,12123,10,0
2026-03-20 13:30:00,4658.12,4669.88,4638.21,4645.32,11400,10,0
2026-03-20 14:00:00,4645.32,4668.53,4637.17,4665.35,11277,10,0
2026-03-20 14:30:00,4665.35,4674.3,4657.76,4671.72,10815,10,0
2026-03-20 15:00:00,4671.72,4695.62,4671.71,4678.4,13377,10,0
2026-03-20 15:30:00,4678.42,4682.21,4662.02,4678.24,12986,10,0
2026-03-20 16:00:00,4678.24,4679.4,4653.73,4660.19,14401,10,0
2026-03-20 16:30:00,4660.18,4665.95,4612.88,4616.47,16678,10,0
2026-03-20 17:00:00,4616.46,4622.54,4551.48,4558.93,16674,10,0
2026-03-20 17:30:00,4558.5,4585.44,4548.11,4564.1,16196,10,0
2026-03-20 18:00:00,4564.11,4580.33,4540.74,4562.95,15731,10,0
2026-03-20 18:30:00,4563.0,4575.84,4544.29,4553.48,15354,10,0
2026-03-20 19:00:00,4553.48,4613.87,4552.14,4584.85,15212,10,0
2026-03-20 19:30:00,4584.85,4592.64,4568.4,4583.24,14677,10,0
2026-03-20 20:00:00,4583.28,4600.44,4568.77,4571.99,15437,10,0
2026-03-20 20:30:00,4572.01,4577.24,4554.4,4573.5,14332,10,0
2026-03-20 21:00:00,4573.53,4578.47,4536.95,4554.65,14596,10,0
2026-03-20 21:30:00,4554.54,4557.13,4477.34,4499.88,15222,10,0
2026-03-20 22:00:00,4499.89,4516.31,4485.51,4498.45,15650,10,0
2026-03-20 22:30:00,4498.5,4516.65,4492.26,4501.64,15420,10,0
2026-03-20 23:00:00,4501.65,4514.69,4493.79,4500.97,10913,10,0
2026-03-20 23:30:00,4501.24,4504.67,4494.6,4498.06,8737,11,0
2026-03-23 01:00:00,4469.06,4536.26,4449.49,4524.37,13076,10,0
2026-03-23 01:30:00,4524.38,4526.59,4490.01,4498.16,11381,10,0
2026-03-23 02:00:00,4498.22,4510.79,4482.68,4485.38,12030,10,0
2026-03-23 02:30:00,4485.33,4493.63,4452.33,4464.82,12902,10,0
2026-03-23 03:00:00,4464.79,4473.3,4404.64,4427.16,15309,10,0
2026-03-23 03:30:00,4427.18,4436.82,4319.97,4354.33,16203,10,0
2026-03-23 04:00:00,4354.34,4443.73,4330.52,4421.9,16774,10,0
2026-03-23 04:30:00,4421.91,4454.27,4381.19,4387.46,16296,10,0
2026-03-23 05:00:00,4387.5,4422.04,4383.32,4399.18,14882,10,0
2026-03-23 05:30:00,4399.17,4400.85,4354.94,4360.6,15609,10,0
2026-03-23 06:00:00,4360.63,4377.93,4347.09,4351.11,14957,10,0
2026-03-23 06:30:00,4351.08,4364.74,4335.07,4352.85,12667,10,0
2026-03-23 07:00:00,4352.85,4370.62,4352.85,4368.57,11573,10,0
2026-03-23 07:30:00,4368.7,4381.96,4350.1,4367.62,11690,10,0
2026-03-23 08:00:00,4367.62,4380.19,4351.88,4356.29,12286,10,0
2026-03-23 08:30:00,4356.3,4356.31,4302.45,4310.25,15805,10,0
2026-03-23 09:00:00,4310.31,4310.36,4239.08,4243.63,16194,10,0
2026-03-23 09:30:00,4243.63,4249.84,4163.28,4220.28,16915,10,0
2026-03-23 10:00:00,4220.29,4221.95,4098.9,4136.45,17032,10,0
2026-03-23 10:30:00,4136.07,4232.6,4129.75,4204.04,16463,10,0
2026-03-23 11:00:00,4204.23,4256.12,4203.4,4226.84,16552,10,0
2026-03-23 11:30:00,4226.86,4270.59,4219.71,4251.28,15696,10,0
2026-03-23 12:00:00,4251.3,4304.14,4247.0,4304.14,15036,10,0
2026-03-23 12:30:00,4304.12,4308.35,4223.82,4253.57,15433,10,0
2026-03-23 13:00:00,4253.56,4274.72,4243.73,4268.74,14066,10,0
2026-03-23 13:30:00,4268.74,4281.82,4241.17,4269.07,14440,10,0
2026-03-23 14:00:00,4269.07,4462.5,4269.07,4399.27,17034,10,0
2026-03-23 14:30:00,4399.19,4432.33,4361.9,4379.16,16845,10,0
2026-03-23 15:00:00,4379.29,4405.01,4336.9,4390.51,16803,10,0
2026-03-23 15:30:00,4389.9,4492.62,4374.51,4478.69,16930,10,0
2026-03-23 16:00:00,4478.69,4485.35,4405.08,4409.55,16757,10,0
2026-03-23 16:30:00,4409.78,4466.64,4402.13,4454.15,17262,10,0
2026-03-23 17:00:00,4454.18,4512.91,4453.51,4486.88,17044,10,0
2026-03-23 17:30:00,4486.59,4504.34,4456.89,4461.86,16797,10,0
2026-03-23 18:00:00,4461.88,4486.94,4427.8,4447.58,16863,10,0
2026-03-23 18:30:00,4447.62,4456.01,4351.39,4364.0,16954,10,0
2026-03-23 19:00:00,4364.05,4390.16,4352.71,4354.92,16991,10,0
2026-03-23 19:30:00,4354.92,4391.68,4353.74,4375.49,16576,10,0
2026-03-23 20:00:00,4375.58,4413.71,4371.12,4405.44,16234,10,0
2026-03-23 20:30:00,4405.56,4438.86,4404.25,4426.52,15674,10,0
2026-03-23 21:00:00,4426.35,4430.71,4402.77,4426.07,15419,10,0
2026-03-23 21:30:00,4426.07,4467.06,4425.65,4449.06,14989,10,0
2026-03-23 22:00:00,4449.04,4450.65,4393.13,4410.57,15045,10,0
2026-03-23 22:30:00,4410.57,4427.64,4397.35,4398.51,15145,10,0
2026-03-23 23:00:00,4398.07,4413.04,4383.01,4407.15,10578,10,0
2026-03-23 23:30:00,4407.15,4413.04,4396.15,4406.82,8012,10,0
2026-03-24 01:00:00,4414.01,4420.38,4361.75,4414.51,11608,10,0
2026-03-24 01:30:00,4414.51,4431.44,4398.53,4426.98,10063,10,0
2026-03-24 02:00:00,4426.96,4448.38,4423.63,4441.86,10279,10,0
2026-03-24 02:30:00,4441.87,4446.25,4421.89,4441.26,10628,10,0
2026-03-24 03:00:00,4441.26,4446.68,4368.69,4377.99,13940,10,0
2026-03-24 03:30:00,4378.35,4387.42,4331.53,4364.76,15348,10,0
2026-03-24 04:00:00,4364.77,4374.13,4328.57,4354.76,16411,10,0
2026-03-24 04:30:00,4354.84,4368.49,4308.17,4322.16,16054,10,0
2026-03-24 05:00:00,4322.18,4353.8,4306.12,4352.04,15665,10,0
2026-03-24 05:30:00,4352.08,4379.33,4344.61,4366.07,15504,10,0
2026-03-24 06:00:00,4366.08,4368.25,4350.19,4364.54,14130,10,0
2026-03-24 06:30:00,4364.55,4364.93,4335.11,4347.13,12547,10,0
2026-03-24 07:00:00,4347.13,4357.28,4326.65,4339.54,12245,10,0
2026-03-24 07:30:00,4339.54,4349.3,4332.05,4333.44,10907,10,0
2026-03-24 08:00:00,4333.44,4346.79,4319.91,4335.41,13479,10,0
2026-03-24 08:30:00,4335.41,4374.23,4321.25,4347.32,15269,10,0
2026-03-24 09:00:00,4347.3,4396.95,4343.0,4387.01,15142,10,0
2026-03-24 09:30:00,4387.0,4405.18,4373.08,4402.23,14735,10,0
2026-03-24 10:00:00,4402.17,4425.31,4399.84,4412.67,14716,10,0
2026-03-24 10:30:00,4412.65,4432.7,4400.12,4417.47,13917,10,0
2026-03-24 11:00:00,4417.39,4420.92,4391.32,4396.65,14798,10,0
2026-03-24 11:30:00,4396.65,4414.49,4391.79,4412.0,13566,10,0
2026-03-24 12:00:00,4411.96,4419.21,4396.04,4407.27,13072,10,0
2026-03-24 12:30:00,4407.26,4430.92,4405.04,4426.41,12067,10,0
2026-03-24 13:00:00,4426.43,4432.85,4415.2,4422.31,12218,10,0
2026-03-24 13:30:00,4422.28,4441.71,4414.79,4438.62,12164,10,0
2026-03-24 14:00:00,4438.69,4442.05,4374.94,4413.28,14659,10,0
2026-03-24 14:30:00,4413.27,4431.62,4390.55,4408.09,13331,10,0
2026-03-24 15:00:00,4408.1,4427.51,4395.91,4402.5,14323,10,0
2026-03-24 15:30:00,4402.5,4406.66,4362.29,4378.92,15451,10,0
2026-03-24 16:00:00,4378.99,4389.87,4357.39,4357.39,16065,10,0
2026-03-24 16:30:00,4357.27,4383.55,4351.54,4381.5,16751,10,0
2026-03-24 17:00:00,4381.5,4414.93,4380.76,4409.35,16643,10,0
2026-03-24 17:30:00,4409.34,4433.48,4400.47,4415.82,16641,10,0
2026-03-24 18:00:00,4415.96,4420.48,4396.35,4412.94,16356,10,0
2026-03-24 18:30:00,4412.93,4430.95,4409.45,4411.77,15539,10,0
2026-03-24 19:00:00,4411.67,4425.68,4402.82,4421.22,15016,10,0
2026-03-24 19:30:00,4421.22,4427.53,4408.79,4421.36,14456,10,0
2026-03-24 20:00:00,4421.36,4426.39,4388.3,4400.06,16106,10,0
2026-03-24 20:30:00,4400.05,4400.05,4372.56,4388.71,15600,10,0
2026-03-24 21:00:00,4388.68,4409.95,4384.19,4407.26,15086,10,0
2026-03-24 21:30:00,4407.33,4423.43,4384.39,4389.69,14768,10,0
2026-03-24 22:00:00,4389.72,4411.43,4388.72,4407.47,12454,10,0
2026-03-24 22:30:00,4407.48,4407.58,4395.33,4400.42,13258,10,0
2026-03-24 23:00:00,4400.45,4484.08,4397.44,4455.66,10648,10,0
2026-03-24 23:30:00,4455.7,4481.68,4447.67,4476.78,13997,10,0
2026-03-25 01:00:00,4472.11,4485.12,4468.19,4470.26,10388,10,0
2026-03-25 01:30:00,4470.27,4484.67,4456.08,4484.63,10696,10,0
2026-03-25 02:00:00,4484.63,4510.05,4472.63,4510.03,10972,10,0
2026-03-25 02:30:00,4510.03,4551.64,4504.99,4546.84,13053,10,0
2026-03-25 03:00:00,4546.84,4557.0,4537.55,4553.91,13408,10,0
2026-03-25 03:30:00,4553.75,4572.07,4546.89,4563.28,12011,10,0
2026-03-25 04:00:00,4563.21,4578.76,4552.43,4575.52,13844,10,0
2026-03-25 04:30:00,4575.52,4601.06,4574.27,4594.85,12965,10,0
2026-03-25 05:00:00,4594.83,4596.21,4580.08,4587.17,11956,10,0
2026-03-25 05:30:00,4587.18,4602.59,4581.38,4583.74,12283,10,0
2026-03-25 06:00:00,4583.69,4586.24,4571.96,4575.4,11379,10,0
2026-03-25 06:30:00,4575.4,4577.96,4567.73,4570.14,9066,10,0
2026-03-25 07:00:00,4570.15,4574.59,4565.71,4574.19,7333,10,0
2026-03-25 07:30:00,4574.18,4574.44,4566.29,4572.51,6739,10,0
2026-03-25 08:00:00,4572.78,4573.35,4554.11,4554.79,8738,10,0
2026-03-25 08:30:00,4554.66,4566.94,4549.49,4555.77,12446,10,0
2026-03-25 09:00:00,4555.73,4557.03,4533.17,4550.34,12496,10,0
2026-03-25 09:30:00,4550.33,4556.89,4543.32,4545.56,10695,10,0
2026-03-25 10:00:00,4545.54,4563.24,4544.79,4561.07,10020,10,0
2026-03-25 10:30:00,4561.06,4561.1,4537.07,4539.53,11122,10,0
2026-03-25 11:00:00,4539.53,4567.8,4535.95,4565.6,12628,10,0
2026-03-25 11:30:00,4565.6,4567.39,4553.34,4556.14,12347,10,0
2026-03-25 12:00:00,4556.16,4567.65,4554.32,4558.59,11036,10,0
2026-03-25 12:30:00,4558.58,4560.35,4527.75,4551.76,12321,10,0
2026-03-25 13:00:00,4551.86,4560.94,4551.32,4555.38,10627,10,0
2026-03-25 13:30:00,4555.36,4562.45,4551.2,4558.82,9843,10,0
2026-03-25 14:00:00,4558.82,4582.9,4556.18,4579.86,10091,10,0
2026-03-25 14:30:00,4579.85,4585.43,4572.52,4578.87,11277,10,0
2026-03-25 15:00:00,4578.77,4583.72,4540.22,4545.64,13801,10,0
2026-03-25 15:30:00,4545.55,4554.65,4522.05,4544.1,14116,10,0
2026-03-25 16:00:00,4544.02,4571.25,4541.6,4568.91,13891,10,0
2026-03-25 16:30:00,4569.18,4576.38,4541.02,4544.67,16257,10,0
2026-03-25 17:00:00,4544.77,4562.65,4533.2,4562.56,15897,10,0
2026-03-25 17:30:00,4562.55,4579.29,4557.64,4567.09,14791,10,0
2026-03-25 18:00:00,4567.17,4568.76,4525.19,4560.73,15494,10,0
2026-03-25 18:30:00,4560.75,4565.81,4553.64,4558.99,14095,10,0
2026-03-25 19:00:00,4559.04,4564.87,4545.31,4555.41,14854,10,0
2026-03-25 19:30:00,4555.38,4560.94,4549.94,4555.41,13582,10,0
2026-03-25 20:00:00,4555.41,4558.37,4542.89,4553.51,13071,10,0
2026-03-25 20:30:00,4553.45,4564.05,4545.85,4550.89,12663,10,0
2026-03-25 21:00:00,4550.89,4569.04,4545.56,4551.99,13354,10,0
2026-03-25 21:30:00,4552.0,4557.84,4531.13,4538.48,12128,10,0
2026-03-25 22:00:00,4538.39,4539.58,4486.94,4513.29,14599,10,0
2026-03-25 22:30:00,4513.28,4533.84,4506.31,4530.87,13228,10,0
2026-03-25 23:00:00,4530.89,4542.13,4522.31,4523.58,8715,10,0
2026-03-25 23:30:00,4523.58,4524.82,4495.3,4505.76,8328,10,0
2026-03-26 01:00:00,4510.79,4532.01,4505.73,4511.74,10041,10,0
2026-03-26 01:30:00,4511.74,4534.61,4508.33,4517.5,9216,10,0
2026-03-26 02:00:00,4517.58,4518.17,4497.14,4505.53,9669,10,0
2026-03-26 02:30:00,4505.53,4511.07,4489.04,4498.3,9309,10,0
2026-03-26 03:00:00,4498.3,4535.53,4498.19,4525.46,12097,10,0
2026-03-26 03:30:00,4525.46,4539.3,4524.68,4535.82,10434,10,0
2026-03-26 04:00:00,4535.82,4544.45,4526.94,4534.65,13125,10,0
2026-03-26 04:30:00,4534.6,4537.92,4522.63,4535.71,12509,10,0
2026-03-26 05:00:00,4535.7,4535.84,4525.01,4528.25,11116,10,0
2026-03-26 05:30:00,4528.23,4530.67,4505.81,4508.97,11973,10,0
2026-03-26 06:00:00,4508.98,4513.8,4500.05,4506.59,11511,10,0
2026-03-26 06:30:00,4506.59,4518.9,4506.42,4516.66,8735,10,0
2026-03-26 07:00:00,4516.67,4522.05,4511.64,4520.81,7154,10,0
2026-03-26 07:30:00,4520.84,4524.32,4516.56,4520.53,6985,10,0
2026-03-26 08:00:00,4520.53,4522.3,4489.1,4493.67,9733,10,0
2026-03-26 08:30:00,4493.66,4495.77,4439.07,4439.13,14340,10,0
2026-03-26 09:00:00,4439.24,4450.66,4415.86,4440.39,14929,10,0
2026-03-26 09:30:00,4440.35,4459.39,4430.67,4456.37,13175,10,0
2026-03-26 10:00:00,4456.36,4460.61,4439.1,4448.67,12190,10,0
2026-03-26 10:30:00,4448.64,4463.94,4447.78,4452.7,11260,10,0
2026-03-26 11:00:00,4452.69,4459.24,4425.12,4428.4,13926,10,0
2026-03-26 11:30:00,4428.37,4440.15,4412.8,4428.01,13842,10,0
2026-03-26 12:00:00,4427.95,4436.98,4418.34,4432.42,12674,10,0
2026-03-26 12:30:00,4432.44,4432.44,4414.65,4423.58,12750,10,0
2026-03-26 13:00:00,4423.59,4448.15,4417.11,4441.84,11816,10,0
2026-03-26 13:30:00,4441.85,4447.49,4423.41,4443.08,12042,10,0
2026-03-26 14:00:00,4443.8,4456.61,4439.59,4443.48,11422,10,0
2026-03-26 14:30:00,4443.45,4451.92,4419.07,4423.03,12287,10,0
2026-03-26 15:00:00,4423.05,4445.75,4416.66,4438.48,13033,10,0
2026-03-26 15:30:00,4437.82,4444.85,4428.46,4430.19,13049,10,0
2026-03-26 16:00:00,4429.66,4453.8,4420.28,4448.29,13986,10,0
2026-03-26 16:30:00,4448.32,4460.47,4429.26,4452.9,16214,10,0
2026-03-26 17:00:00,4452.92,4469.77,4437.44,4459.1,15691,10,0
2026-03-26 17:30:00,4459.25,4479.37,4446.08,4465.05,16150,10,0
2026-03-26 18:00:00,4465.09,4469.07,4449.11,4454.55,14900,10,0
2026-03-26 18:30:00,4454.64,4454.64,4434.15,4438.35,14719,10,0
2026-03-26 19:00:00,4438.35,4442.72,4387.33,4396.67,14565,10,0
2026-03-26 19:30:00,4396.59,4396.59,4367.14,4389.31,15450,10,0
2026-03-26 20:00:00,4389.31,4402.66,4377.33,4383.38,14765,10,0
2026-03-26 20:30:00,4383.37,4393.12,4377.61,4381.62,13283,10,0
2026-03-26 21:00:00,4381.54,4390.64,4367.69,4374.31,13948,10,0
2026-03-26 21:30:00,4374.35,4397.84,4373.48,4394.53,12212,10,0
2026-03-26 22:00:00,4394.52,4399.34,4378.56,4380.77,12155,10,0
2026-03-26 22:30:00,4380.77,4388.38,4359.25,4364.16,13401,10,0
2026-03-26 23:00:00,4363.98,4416.14,4351.16,4404.55,14056,10,0
2026-03-26 23:30:00,4404.54,4420.83,4373.13,4380.84,12201,10,0
2026-03-27 01:00:00,4377.69,4408.3,4377.41,4398.41,9514,10,0
2026-03-27 01:30:00,4398.43,4415.39,4395.19,4411.63,6427,10,0
2026-03-27 02:00:00,4411.56,4414.56,4390.0,4399.41,7730,10,0
2026-03-27 02:30:00,4399.4,4408.16,4396.26,4405.17,7041,10,0
2026-03-27 03:00:00,4405.17,4411.15,4382.68,4391.21,9032,10,0
2026-03-27 03:30:00,4391.21,4396.57,4375.59,4378.71,10282,10,0
2026-03-27 04:00:00,4378.71,4406.61,4377.42,4406.54,12296,10,0
2026-03-27 04:30:00,4406.56,4420.56,4403.7,4417.37,11585,10,0
2026-03-27 05:00:00,4417.43,4439.67,4417.12,4430.81,10861,10,0
2026-03-27 05:30:00,4430.81,4440.62,4424.75,4432.08,11195,10,0
2026-03-27 06:00:00,4432.08,4436.92,4421.32,4435.35,10359,10,0
2026-03-27 06:30:00,4435.34,4446.32,4430.93,4437.67,8612,10,0
2026-03-27 07:00:00,4437.68,4439.81,4431.47,4434.19,6644,10,0
2026-03-27 07:30:00,4434.18,4449.57,4434.02,4446.16,6055,10,0
2026-03-27 08:00:00,4446.17,4447.55,4440.52,4443.35,8047,10,0
2026-03-27 08:30:00,4443.38,4475.12,4442.95,4454.57,12931,10,0
2026-03-27 09:00:00,4454.57,4472.97,4451.8,4463.57,11446,10,0
2026-03-27 09:30:00,4463.59,4468.55,4454.68,4459.61,9828,10,0
2026-03-27 10:00:00,4459.59,4463.15,4447.79,4452.31,9062,10,0
2026-03-27 10:30:00,4452.31,4455.77,4442.92,4447.72,9385,10,0
2026-03-27 11:00:00,4447.73,4450.82,4430.71,4433.99,11279,10,0
2026-03-27 11:30:00,4433.93,4439.98,4423.78,4424.16,10701,10,0
2026-03-27 12:00:00,4424.24,4436.24,4420.89,4434.52,11366,10,0
2026-03-27 12:30:00,4434.5,4438.35,4427.18,4428.85,9724,10,0
2026-03-27 13:00:00,4428.86,4432.96,4423.92,4429.07,9634,10,0
2026-03-27 13:30:00,4429.07,4430.34,4410.93,4414.75,10813,10,0
2026-03-27 14:00:00,4414.82,4417.25,4404.41,4415.38,10899,10,0
2026-03-27 14:30:00,4415.38,4426.25,4413.87,4420.11,9847,10,0
2026-03-27 15:00:00,4420.1,4434.42,4412.74,4429.64,11727,10,0
2026-03-27 15:30:00,4429.68,4445.23,4424.63,4437.93,11149,10,0
2026-03-27 16:00:00,4437.93,4443.85,4418.64,4422.42,13672,10,0
2026-03-27 16:30:00,4422.4,4441.62,4413.77,4431.93,15079,10,0
2026-03-27 17:00:00,4431.25,4470.05,4430.87,4455.4,15575,10,0
2026-03-27 17:30:00,4455.45,4514.81,4451.89,4509.79,15327,10,0
2026-03-27 18:00:00,4509.94,4555.38,4501.81,4543.39,16078,10,0
2026-03-27 18:30:00,4543.69,4552.63,4520.58,4523.9,15119,10,0
2026-03-27 19:00:00,4523.88,4533.79,4518.2,4528.54,13608,10,0
2026-03-27 19:30:00,4528.49,4528.93,4505.62,4516.14,13519,10,0
2026-03-27 20:00:00,4516.14,4521.45,4486.91,4494.27,14173,10,0
2026-03-27 20:30:00,4494.22,4500.02,4486.6,4486.73,12964,10,0
2026-03-27 21:00:00,4486.7,4511.46,4486.64,4509.35,13166,10,0
2026-03-27 21:30:00,4509.31,4528.78,4508.68,4516.88,12411,10,0
2026-03-27 22:00:00,4516.87,4524.12,4507.33,4522.98,11489,10,0
2026-03-27 22:30:00,4523.11,4526.21,4500.8,4514.43,13121,10,0
2026-03-27 23:00:00,4514.42,4520.18,4504.61,4506.83,8376,10,0
2026-03-27 23:30:00,4506.83,4512.8,4491.21,4495.58,7031,10,0
2026-03-30 01:00:00,4493.21,4515.06,4467.71,4509.23,13075,10,0
2026-03-30 01:30:00,4509.24,4512.99,4480.89,4484.58,10159,10,0
2026-03-30 02:00:00,4484.6,4492.67,4465.02,4472.49,9928,10,0
2026-03-30 02:30:00,4472.46,4472.46,4443.85,4448.64,12592,10,0
2026-03-30 03:00:00,4448.77,4466.76,4420.14,4449.33,14667,10,0
2026-03-30 03:30:00,4449.36,4459.09,4430.55,4432.15,13100,10,0
2026-03-30 04:00:00,4432.15,4466.66,4432.07,4448.7,14999,10,0
2026-03-30 04:30:00,4448.7,4475.96,4445.41,4469.77,13776,10,0
2026-03-30 05:00:00,4469.75,4474.54,4465.38,4472.94,11463,10,0
2026-03-30 05:30:00,4472.99,4499.24,4459.07,4481.35,13269,10,0
2026-03-30 06:00:00,4481.37,4517.61,4478.93,4507.16,13107,10,0
2026-03-30 06:30:00,4507.12,4507.79,4494.66,4496.16,9380,10,0
2026-03-30 07:00:00,4496.16,4498.75,4486.92,4490.73,8914,10,0
2026-03-30 07:30:00,4490.66,4498.8,4486.43,4496.88,7831,10,0
2026-03-30 08:00:00,4496.88,4515.78,4496.87,4505.53,9849,10,0
2026-03-30 08:30:00,4505.44,4528.54,4503.48,4522.39,12393,10,0
2026-03-30 09:00:00,4522.39,4535.29,4517.17,4528.65,12576,10,0
2026-03-30 09:30:00,4528.63,4550.63,4526.23,4532.58,11872,10,0
2026-03-30 10:00:00,4532.56,4534.71,4520.62,4522.72,11581,10,0
2026-03-30 10:30:00,4522.75,4528.11,4515.93,4527.36,10728,10,0
2026-03-30 11:00:00,4527.31,4537.09,4525.05,4528.82,10761,10,0
2026-03-30 11:30:00,4528.82,4540.49,4528.65,4538.26,9157,10,0
2026-03-30 12:00:00,4538.31,4540.64,4523.69,4527.67,10754,10,0
2026-03-30 12:30:00,4527.69,4538.48,4523.81,4532.35,10149,10,0
2026-03-30 13:00:00,4532.35,4540.04,4527.83,4531.36,8846,10,0
2026-03-30 13:30:00,4531.36,4535.64,4528.21,4532.42,8773,10,0
2026-03-30 14:00:00,4532.47,4547.94,4525.63,4543.47,10702,10,0
2026-03-30 14:30:00,4543.48,4580.84,4538.78,4559.62,13802,10,0
2026-03-30 15:00:00,4559.65,4568.19,4545.44,4566.04,12224,10,0
2026-03-30 15:30:00,4565.96,4577.96,4563.77,4569.41,11990,10,0
2026-03-30 16:00:00,4569.41,4578.75,4559.08,4567.53,13493,10,0
2026-03-30 16:30:00,4567.54,4573.97,4516.78,4523.31,16057,10,0
2026-03-30 17:00:00,4523.35,4536.03,4512.46,4519.09,15275,10,0
2026-03-30 17:30:00,4519.08,4541.26,4517.54,4538.66,15307,10,0
2026-03-30 18:00:00,4538.71,4543.36,4524.84,4531.76,14217,10,0
2026-03-30 18:30:00,4531.62,4556.85,4527.66,4548.33,13787,10,0
2026-03-30 19:00:00,4548.37,4549.77,4536.88,4536.96,13402,10,0
2026-03-30 19:30:00,4536.94,4548.92,4532.6,4539.99,11876,10,0
2026-03-30 20:00:00,4539.96,4542.3,4519.48,4527.75,13177,10,0
2026-03-30 20:30:00,4527.73,4528.63,4511.48,4515.12,13297,10,0
2026-03-30 21:00:00,4515.05,4523.17,4511.62,4513.86,12453,10,0
2026-03-30 21:30:00,4513.86,4519.53,4498.46,4499.06,11587,10,0
2026-03-30 22:00:00,4499.04,4505.06,4493.12,4501.73,13724,10,0
2026-03-30 22:30:00,4501.74,4518.51,4498.25,4513.7,13452,10,0
2026-03-30 23:00:00,4513.56,4516.51,4502.28,4506.16,7991,10,0
2026-03-30 23:30:00,4506.17,4511.21,4501.1,4511.13,5634,10,0
2026-03-31 01:00:00,4513.54,4523.3,4502.36,4514.67,7787,10,0
2026-03-31 01:30:00,4514.66,4519.03,4508.31,4510.96,5928,10,0
2026-03-31 02:00:00,4510.88,4510.88,4492.73,4505.48,9481,10,0
2026-03-31 02:30:00,4505.48,4521.17,4504.06,4513.71,8325,10,0
2026-03-31 03:00:00,4513.71,4528.46,4482.71,4511.97,12799,10,0
2026-03-31 03:30:00,4512.27,4548.11,4506.58,4547.59,13778,10,0
2026-03-31 04:00:00,4547.69,4585.81,4532.28,4581.42,14799,10,0
2026-03-31 04:30:00,4581.43,4619.41,4577.56,4605.3,15442,10,0
2026-03-31 05:00:00,4605.36,4607.52,4578.78,4582.68,13235,10,0
2026-03-31 05:30:00,4582.68,4588.5,4565.72,4568.38,13498,10,0
2026-03-31 06:00:00,4568.19,4577.11,4555.86,4561.64,12405,10,0
2026-03-31 06:30:00,4561.65,4565.98,4550.32,4557.33,9341,10,0
2026-03-31 07:00:00,4557.33,4569.41,4557.22,4561.45,8654,10,0
2026-03-31 07:30:00,4561.44,4569.14,4560.11,4564.78,8563,10,0
2026-03-31 08:00:00,4564.78,4570.76,4547.74,4561.51,10086,10,0
2026-03-31 08:30:00,4561.51,4581.67,4558.68,4568.8,12490,10,0
2026-03-31 09:00:00,4568.8,4569.02,4553.36,4560.82,12376,10,0
2026-03-31 09:30:00,4560.76,4565.73,4554.37,4557.23,10766,10,0
2026-03-31 10:00:00,4557.23,4564.09,4543.67,4552.21,11698,10,0
2026-03-31 10:30:00,4552.22,4565.85,4551.98,4564.52,10356,10,0
2026-03-31 11:00:00,4564.52,4573.48,4560.59,4572.36,11681,10,0
2026-03-31 11:30:00,4572.39,4575.29,4567.28,4568.7,10307,10,0
2026-03-31 12:00:00,4568.7,4572.56,4561.54,4562.34,10262,10,0
2026-03-31 12:30:00,4562.32,4562.61,4550.37,4555.65,11140,10,0
2026-03-31 13:00:00,4555.63,4562.0,4555.23,4560.53,9168,10,0
2026-03-31 13:30:00,4560.53,4560.88,4529.65,4547.14,11545,10,0
2026-03-31 14:00:00,4547.14,4583.39,4541.25,4575.19,13856,10,0
2026-03-31 14:30:00,4575.19,4593.2,4568.71,4582.39,13843,10,0
2026-03-31 15:00:00,4582.39,4597.59,4571.48,4579.4,14288,10,0
2026-03-31 15:30:00,4579.49,4589.87,4569.28,4574.93,12763,10,0
2026-03-31 16:00:00,4574.93,4587.98,4567.98,4573.13,13220,10,0
2026-03-31 16:30:00,4573.13,4609.79,4568.46,4607.85,15239,10,0
2026-03-31 17:00:00,4608.0,4625.28,4602.98,4618.93,16005,10,0
2026-03-31 17:30:00,4619.02,4630.12,4595.04,4599.25,15784,10,0
2026-03-31 18:00:00,4599.16,4625.37,4599.16,4610.37,15080,10,0
2026-03-31 18:30:00,4610.35,4623.67,4607.33,4609.51,14363,10,0
2026-03-31 19:00:00,4609.58,4620.06,4607.08,4617.89,13122,10,0
2026-03-31 19:30:00,4617.84,4651.58,4615.06,4638.25,15733,10,0
2026-03-31 20:00:00,4638.29,4658.1,4636.42,4648.84,15815,10,0
2026-03-31 20:30:00,4648.84,4667.44,4645.57,4654.75,15103,10,0
2026-03-31 21:00:00,4654.69,4669.03,4653.76,4664.54,13904,10,0
2026-03-31 21:30:00,4664.49,4671.16,4660.14,4667.44,12560,10,0
2026-03-31 22:00:00,4667.45,4681.18,4661.84,4672.89,12855,10,0
2026-03-31 22:30:00,4672.89,4685.65,4672.41,4682.76,12926,10,0
2026-03-31 23:00:00,4682.73,4687.23,4669.15,4669.6,8848,10,0
2026-03-31 23:30:00,4669.6,4675.55,4664.89,4668.23,6531,10,0
2026-04-01 01:00:00,4671.52,4686.63,4663.08,4674.65,8588,10,0
2026-04-01 01:30:00,4674.65,4695.89,4661.79,4680.79,10191,10,0
2026-04-01 02:00:00,4681.08,4684.48,4672.15,4682.52,8198,10,0
2026-04-01 02:30:00,4682.52,4699.9,4681.94,4696.46,9422,10,0
2026-04-01 03:00:00,4696.42,4721.98,4693.56,4721.85,12470,10,0
2026-04-01 03:30:00,4721.86,4722.54,4700.15,4710.97,11061,10,0
2026-04-01 04:00:00,4710.98,4724.22,4689.68,4708.25,14347,10,0
2026-04-01 04:30:00,4708.25,4708.41,4681.51,4692.78,13147,10,0
2026-04-01 05:00:00,4692.73,4700.6,4683.51,4687.73,10795,10,0
2026-04-01 05:30:00,4687.33,4690.47,4678.18,4684.63,11177,10,0
2026-04-01 06:00:00,4684.56,4694.28,4682.78,4687.28,9484,10,0
2026-04-01 06:30:00,4687.35,4688.81,4679.72,4681.97,7549,10,0
2026-04-01 07:00:00,4681.97,4682.1,4667.11,4672.45,7550,10,0
2026-04-01 07:30:00,4672.43,4681.64,4669.15,4676.46,6999,10,0
2026-04-01 08:00:00,4676.53,4690.01,4674.93,4686.23,8245,10,0
2026-04-01 08:30:00,4686.23,4703.51,4683.98,4684.27,11068,10,0
2026-04-01 09:00:00,4684.28,4711.5,4682.81,4709.39,11694,10,0
2026-04-01 09:30:00,4709.39,4733.2,4702.33,4730.62,12783,10,0
2026-04-01 10:00:00,4730.61,4732.63,4713.18,4723.14,11840,10,0
2026-04-01 10:30:00,4723.15,4747.75,4709.73,4713.08,13330,10,0
2026-04-01 11:00:00,4713.08,4735.78,4710.52,4730.77,12036,10,0
2026-04-01 11:30:00,4730.77,4740.38,4726.33,4728.6,10729,10,0
2026-04-01 12:00:00,4728.64,4730.23,4714.01,4719.54,10379,10,0
2026-04-01 12:30:00,4719.53,4727.84,4713.17,4723.21,10138,10,0
2026-04-01 13:00:00,4723.25,4729.36,4715.37,4728.46,9331,10,0
2026-04-01 13:30:00,4728.49,4738.81,4726.22,4731.4,9246,10,0
2026-04-01 14:00:00,4731.39,4746.32,4728.25,4745.19,9731,10,0
2026-04-01 14:30:00,4745.19,4762.94,4744.88,4752.65,11297,10,0
2026-04-01 15:00:00,4752.54,4753.72,4724.59,4736.57,11753,10,0
2026-04-01 15:30:00,4735.98,4753.77,4724.45,4724.83,13970,10,0
2026-04-01 16:00:00,4724.9,4742.31,4716.32,4736.13,14134,10,0
2026-04-01 16:30:00,4736.2,4749.59,4730.85,4738.48,15597,10,0
2026-04-01 17:00:00,4738.32,4754.91,4724.27,4742.27,15455,10,0
2026-04-01 17:30:00,4742.13,4768.76,4735.0,4760.79,14788,10,0
2026-04-01 18:00:00,4760.77,4776.44,4758.54,4773.01,13617,10,0
2026-04-01 18:30:00,4773.01,4788.18,4769.95,4786.54,13042,10,0
2026-04-01 19:00:00,4786.55,4790.66,4774.35,4776.6,12882,10,0
2026-04-01 19:30:00,4776.52,4788.64,4775.25,4787.35,10310,10,0
2026-04-01 20:00:00,4787.35,4792.97,4782.52,4785.17,11435,10,0
2026-04-01 20:30:00,4785.18,4786.13,4773.91,4774.44,10706,10,0
2026-04-01 21:00:00,4774.44,4775.3,4753.34,4754.04,14051,10,0
2026-04-01 21:30:00,4754.04,4766.13,4742.28,4753.09,14277,10,0
2026-04-01 22:00:00,4753.12,4769.25,4751.24,4765.63,12298,10,0
2026-04-01 22:30:00,4765.6,4778.23,4758.25,4766.16,12360,10,0
2026-04-01 23:00:00,4766.15,4771.24,4761.06,4762.2,6965,10,0
2026-04-01 23:30:00,4762.2,4763.71,4754.45,4756.81,6119,10,0
2026-04-02 01:00:00,4757.34,4775.04,4752.28,4772.9,5485,10,0
2026-04-02 01:30:00,4772.89,4782.84,4770.82,4776.49,7601,10,0
2026-04-02 02:00:00,4776.49,4798.96,4773.69,4794.99,8591,10,0
2026-04-02 02:30:00,4794.96,4800.38,4778.25,4784.16,8542,10,0
2026-04-02 03:00:00,4784.13,4798.72,4775.25,4789.8,11230,10,0
2026-04-02 03:30:00,4789.77,4796.12,4783.73,4784.63,10985,10,0
2026-04-02 04:00:00,4784.63,4786.53,4687.13,4697.0,16774,10,0
2026-04-02 04:30:00,4697.07,4711.88,4650.72,4696.7,16244,10,0
2026-04-02 05:00:00,4696.78,4704.28,4678.73,4689.93,14219,10,0
2026-04-02 05:30:00,4689.94,4691.17,4655.56,4686.94,14675,10,0
2026-04-02 06:00:00,4686.95,4699.38,4677.88,4691.58,12464,10,0
2026-04-02 06:30:00,4691.55,4692.69,4675.76,4676.29,9638,10,0
2026-04-02 07:00:00,4676.26,4681.55,4662.37,4666.29,10410,10,0
2026-04-02 07:30:00,4666.28,4673.33,4657.32,4672.63,9413,10,0
2026-04-02 08:00:00,4672.64,4680.59,4666.43,4677.32,9458,10,0
2026-04-02 08:30:00,4677.3,4679.17,4586.19,4594.12,15654,10,0
2026-04-02 09:00:00,4594.19,4598.77,4554.13,4591.43,15307,10,0
2026-04-02 09:30:00,4591.43,4608.67,4581.78,4599.22,13977,10,0
2026-04-02 10:00:00,4599.29,4627.43,4597.27,4620.73,12545,10,0
2026-04-02 10:30:00,4620.73,4651.09,4619.37,4642.72,11507,10,0
2026-04-02 11:00:00,4642.73,4648.78,4628.99,4634.4,11993,10,0
2026-04-02 11:30:00,4634.4,4643.77,4617.83,4620.93,11274,10,0
2026-04-02 12:00:00,4620.9,4631.97,4613.33,4621.04,10571,10,0
2026-04-02 12:30:00,4620.99,4628.38,4615.59,4621.77,9873,10,0
2026-04-02 13:00:00,4621.77,4635.12,4604.13,4618.59,10908,10,0
2026-04-02 13:30:00,4618.54,4631.38,4613.57,4620.55,10532,10,0
2026-04-02 14:00:00,4620.53,4630.76,4614.2,4614.9,10413,10,0
2026-04-02 14:30:00,4614.9,4617.74,4592.76,4600.16,12117,10,0
2026-04-02 15:00:00,4600.24,4630.24,4594.67,4626.22,12762,10,0
2026-04-02 15:30:00,4626.2,4626.95,4600.44,4601.7,12178,10,0
2026-04-02 16:00:00,4601.88,4614.09,4580.76,4597.62,15359,10,0
2026-04-02 16:30:00,4597.68,4651.45,4586.11,4645.99,16570,10,0
2026-04-02 17:00:00,4646.25,4676.02,4631.76,4665.46,16267,10,0
2026-04-02 17:30:00,4665.37,4699.68,4658.93,4681.51,16703,10,0
2026-04-02 18:00:00,4681.61,4684.11,4658.39,4672.43,15986,10,0
2026-04-02 18:30:00,4672.43,4676.02,4652.73,4661.08,15169,10,0
2026-04-02 19:00:00,4661.08,4668.48,4643.05,4650.82,14602,10,0
2026-04-02 19:30:00,4650.72,4670.68,4650.57,4659.19,14038,10,0
2026-04-02 20:00:00,4659.17,4668.5,4651.17,4651.9,13347,10,0
2026-04-02 20:30:00,4651.98,4658.69,4645.83,4648.73,12847,10,0
2026-04-02 21:00:00,4648.75,4658.88,4647.51,4651.63,11434,10,0
2026-04-02 21:30:00,4651.62,4672.13,4651.62,4668.59,11134,10,0
2026-04-02 22:00:00,4668.6,4681.83,4664.36,4665.23,12188,10,0
2026-04-02 22:30:00,4665.23,4676.55,4661.59,4672.23,11942,10,0
2026-04-02 23:00:00,4672.15,4676.83,4664.46,4667.86,6499,10,0
2026-04-02 23:30:00,4667.86,4676.69,4666.62,4675.72,6128,10,0
2026-04-06 01:00:00,4671.96,4675.48,4614.03,4636.31,11877,10,0
2026-04-06 01:30:00,4636.36,4653.62,4608.35,4645.86,11237,10,0
2026-04-06 02:00:00,4645.99,4651.19,4609.58,4609.83,10575,10,0
2026-04-06 02:30:00,4609.86,4619.5,4605.39,4610.51,10564,10,0
2026-04-06 03:00:00,4610.52,4629.34,4600.81,4603.39,12950,10,0
2026-04-06 03:30:00,4603.39,4626.27,4603.01,4622.26,10428,10,0
2026-04-06 04:00:00,4622.26,4643.21,4620.5,4641.26,10677,10,0
2026-04-06 04:30:00,4641.26,4641.44,4621.55,4625.95,10085,10,0
2026-04-06 05:00:00,4625.95,4671.72,4623.69,4661.13,11824,10,0
2026-04-06 05:30:00,4661.13,4666.5,4644.32,4648.01,10578,10,0
2026-04-06 06:00:00,4648.0,4648.02,4625.47,4630.41,10734,10,0
2026-04-06 06:30:00,4630.41,4642.12,4625.73,4640.53,8864,10,0
2026-04-06 07:00:00,4640.53,4648.61,4640.0,4646.7,7674,10,0
2026-04-06 07:30:00,4646.7,4659.92,4643.01,4659.11,6746,10,0
2026-04-06 08:00:00,4659.11,4678.77,4658.0,4667.39,8246,10,0
2026-04-06 08:30:00,4667.39,4668.94,4651.5,4652.68,7498,10,0
2026-04-06 09:00:00,4652.67,4662.27,4643.66,4657.37,8842,10,0
2026-04-06 09:30:00,4657.37,4667.68,4651.87,4666.03,8938,10,0
2026-04-06 10:00:00,4666.01,4666.76,4645.03,4650.73,10022,10,0
2026-04-06 10:30:00,4650.74,4688.33,4650.3,4684.81,10614,10,0
2026-04-06 11:00:00,4684.8,4695.82,4681.44,4691.39,10501,10,0
2026-04-06 11:30:00,4691.41,4698.19,4689.96,4695.88,8760,10,0
2026-04-06 12:00:00,4695.9,4703.77,4695.9,4702.59,9134,10,0
2026-04-06 12:30:00,4702.42,4706.6,4690.97,4693.64,9021,10,0
2026-04-06 13:00:00,4693.65,4697.65,4686.09,4689.84,8924,10,0
2026-04-06 13:30:00,4689.84,4696.82,4685.17,4689.8,8825,10,0
2026-04-06 14:00:00,4689.81,4696.84,4685.37,4688.57,8562,10,0
2026-04-06 14:30:00,4688.6,4694.56,4677.1,4678.02,8343,10,0
2026-04-06 15:00:00,4678.0,4686.81,4659.73,4666.08,10202,10,0
2026-04-06 15:30:00,4666.09,4681.22,4665.75,4675.94,9912,10,0
2026-04-06 16:00:00,4675.93,4677.5,4660.1,4668.68,11147,10,0
2026-04-06 16:30:00,4668.69,4681.8,4661.14,4680.02,15317,10,0
2026-04-06 17:00:00,4680.02,4690.84,4660.36,4686.23,15094,10,0
2026-04-06 17:30:00,4686.19,4697.66,4675.11,4682.89,14771,10,0
2026-04-06 18:00:00,4682.88,4684.01,4655.47,4667.35,13503,10,0
2026-04-06 18:30:00,4667.32,4670.99,4652.14,4668.18,11664,10,0
2026-04-06 19:00:00,4668.18,4672.66,4662.47,4665.72,10295,10,0
2026-04-06 19:30:00,4665.72,4671.25,4658.07,4660.46,10096,10,0
2026-04-06 20:00:00,4660.5,4661.09,4645.83,4656.27,12294,10,0
2026-04-06 20:30:00,4656.2,4660.42,4651.81,4653.65,10361,10,0
2026-04-06 21:00:00,4653.65,4666.51,4651.04,4660.21,11749,10,0
2026-04-06 21:30:00,4660.2,4663.37,4648.9,4658.32,10349,10,0
2026-04-06 22:00:00,4658.32,4659.39,4645.58,4650.22,8813,10,0
2026-04-06 22:30:00,4650.22,4658.12,4648.61,4655.49,8188,10,0
2026-04-06 23:00:00,4655.5,4658.14,4652.32,4655.93,4308,10,0
2026-04-06 23:30:00,4655.93,4658.38,4649.31,4649.85,4317,10,0
2026-04-07 01:00:00,4651.27,4667.94,4650.05,4662.23,7096,10,0
2026-04-07 01:30:00,4662.28,4663.12,4656.82,4658.45,4562,10,0
2026-04-07 02:00:00,4658.46,4661.2,4653.35,4654.55,4693,10,0
2026-04-07 02:30:00,4654.55,4660.23,4651.53,4658.9,5290,10,0
2026-04-07 03:00:00,4658.89,4661.01,4649.17,4659.17,9840,10,0
2026-04-07 03:30:00,4659.18,4661.35,4654.48,4654.94,7693,10,0
2026-04-07 04:00:00,4654.94,4664.49,4627.87,4654.82,14704,10,0
2026-04-07 04:30:00,4654.81,4662.52,4616.42,4627.07,14709,10,0
2026-04-07 05:00:00,4626.96,4635.19,4619.85,4634.82,11117,10,0
2026-04-07 05:30:00,4634.55,4653.94,4633.81,4650.56,11410,10,0
2026-04-07 06:00:00,4650.56,4654.11,4639.61,4642.63,11327,10,0
2026-04-07 06:30:00,4642.63,4651.17,4642.07,4649.73,6231,10,0
2026-04-07 07:00:00,4649.68,4651.33,4645.65,4650.27,6960,10,0
2026-04-07 07:30:00,4650.23,4663.85,4649.71,4659.65,7928,10,0
2026-04-07 08:00:00,4659.68,4661.52,4630.62,4632.72,7965,10,0
2026-04-07 08:30:00,4632.42,4646.48,4623.36,4642.95,12968,10,0
2026-04-07 09:00:00,4642.95,4649.2,4637.96,4641.15,12036,10,0
2026-04-07 09:30:00,4641.17,4656.56,4641.01,4653.46,11416,10,0
2026-04-07 10:00:00,4653.51,4657.0,4638.94,4639.65,11136,10,0
2026-04-07 10:30:00,4639.65,4647.2,4636.64,4646.13,8924,10,0
2026-04-07 11:00:00,4646.11,4690.89,4644.3,4678.32,14136,10,0
2026-04-07 11:30:00,4678.53,4687.6,4676.92,4683.01,11874,10,0
2026-04-07 12:00:00,4683.01,4694.5,4681.0,4686.75,11106,10,0
2026-04-07 12:30:00,4686.75,4686.9,4658.96,4670.98,11596,10,0
2026-04-07 13:00:00,4670.97,4680.61,4658.05,4668.21,12004,10,0
2026-04-07 13:30:00,4668.23,4671.98,4649.33,4652.11,12773,10,0
2026-04-07 14:00:00,4652.1,4656.31,4628.99,4648.0,12276,10,0
2026-04-07 14:30:00,4648.02,4664.18,4647.24,4659.75,10687,10,0
2026-04-07 15:00:00,4659.75,4671.03,4651.35,4665.9,12196,10,0
2026-04-07 15:30:00,4665.9,4667.67,4646.97,4651.6,11790,10,0
2026-04-07 16:00:00,4651.63,4663.0,4648.36,4658.17,13584,10,0
2026-04-07 16:30:00,4658.17,4663.15,4635.68,4644.12,15595,10,0
2026-04-07 17:00:00,4644.11,4649.51,4607.55,4645.39,16151,10,0
2026-04-07 17:30:00,4645.46,4661.66,4630.05,4633.28,15050,10,0
2026-04-07 18:00:00,4633.29,4653.36,4624.99,4653.09,14962,10,0
2026-04-07 18:30:00,4653.09,4659.54,4640.79,4655.55,13585,10,0
2026-04-07 19:00:00,4655.56,4668.66,4652.66,4663.09,14251,10,0
2026-04-07 19:30:00,4662.91,4664.13,4656.09,4657.11,12401,10,0
2026-04-07 20:00:00,4657.11,4673.15,4653.99,4660.31,12430,10,0
2026-04-07 20:30:00,4660.31,4686.62,4660.31,4675.91,12696,10,0
2026-04-07 21:00:00,4675.88,4686.04,4675.73,4680.47,11395,10,0
2026-04-07 21:30:00,4680.47,4686.28,4657.56,4662.22,11355,10,0
2026-04-07 22:00:00,4662.22,4702.69,4660.69,4687.72,14462,10,0
2026-04-07 22:30:00,4687.67,4718.7,4681.94,4700.78,14644,10,0
2026-04-07 23:00:00,4700.81,4712.87,4697.34,4710.28,10643,10,0
2026-04-07 23:30:00,4710.26,4717.14,4703.51,4706.35,9168,10,0
2026-04-08 01:00:00,4719.65,4752.0,4719.65,4735.54,11366,10,0
2026-04-08 01:30:00,4735.52,4819.62,4713.45,4818.36,15441,10,0
2026-04-08 02:00:00,4818.29,4828.92,4801.66,4814.71,14770,10,0
2026-04-08 02:30:00,4814.79,4836.25,4804.18,4833.53,13005,10,0
2026-04-08 03:00:00,4833.53,4857.68,4818.97,4822.79,14974,10,0
2026-04-08 03:30:00,4822.79,4826.53,4808.74,4817.87,12787,10,0
2026-04-08 04:00:00,4817.75,4825.27,4792.18,4794.23,14836,10,0
2026-04-08 04:30:00,4794.25,4814.29,4788.26,4810.29,13156,10,0
2026-04-08 05:00:00,4810.22,4825.23,4807.95,4811.65,10071,10,0
2026-04-08 05:30:00,4811.65,4820.67,4798.71,4804.04,10798,10,0
2026-04-08 06:00:00,4804.09,4805.95,4796.53,4803.18,10583,10,0
2026-04-08 06:30:00,4803.17,4805.01,4795.19,4797.55,7988,10,0
2026-04-08 07:00:00,4797.53,4804.0,4790.26,4802.35,8583,10,0
2026-04-08 07:30:00,4802.35,4806.59,4797.84,4803.71,7415,10,0
2026-04-08 08:00:00,4803.68,4816.47,4800.45,4815.8,8850,10,0
2026-04-08 08:30:00,4815.82,4843.71,4813.76,4827.66,11984,10,0
2026-04-08 09:00:00,4827.58,4836.67,4821.38,4836.67,12244,10,0
2026-04-08 09:30:00,4836.65,4839.7,4820.02,4820.44,11910,10,0
2026-04-08 10:00:00,4819.99,4821.3,4809.31,4818.49,10818,10,0
2026-04-08 10:30:00,4818.47,4820.49,4805.29,4813.47,9915,10,0
2026-04-08 11:00:00,4813.44,4819.9,4798.64,4808.67,10075,10,0
2026-04-08 11:30:00,4808.66,4808.66,4790.54,4793.86,10739,10,0
2026-04-08 12:00:00,4793.82,4806.77,4793.26,4798.52,8850,10,0
2026-04-08 12:30:00,4798.46,4803.68,4776.52,4783.31,10576,10,0
2026-04-08 13:00:00,4783.29,4790.35,4771.3,4782.64,9545,10,0
2026-04-08 13:30:00,4782.68,4796.11,4780.29,4782.66,9019,10,0
2026-04-08 14:00:00,4782.61,4796.99,4779.93,4789.94,9374,10,0
2026-04-08 14:30:00,4789.93,4802.87,4778.22,4798.4,11167,10,0
2026-04-08 15:00:00,4798.54,4807.31,4768.42,4784.14,13042,10,0
2026-04-08 15:30:00,4784.18,4802.58,4783.58,4799.64,12288,10,0
2026-04-08 16:00:00,4799.64,4806.71,4789.3,4790.48,12875,10,0
2026-04-08 16:30:00,4790.43,4794.86,4768.33,4777.95,15975,10,0
2026-04-08 17:00:00,4777.71,4792.1,4761.61,4767.65,15534,10,0
2026-04-08 17:30:00,4767.76,4770.18,4732.29,4736.25,15732,10,0
2026-04-08 18:00:00,4736.13,4757.66,4734.3,4750.88,14770,10,0
2026-04-08 18:30:00,4750.88,4763.17,4750.41,4756.51,12634,10,0
2026-04-08 19:00:00,4756.51,4762.6,4745.55,4750.13,12143,10,0
2026-04-08 19:30:00,4750.14,4765.61,4748.08,4760.55,11304,10,0
2026-04-08 20:00:00,4760.54,4764.4,4745.74,4751.1,11578,10,0
2026-04-08 20:30:00,4751.12,4754.47,4731.6,4734.08,12515,10,0
2026-04-08 21:00:00,4734.06,4744.51,4717.15,4722.58,13642,10,0
2026-04-08 21:30:00,4722.55,4725.04,4703.84,4705.44,13438,10,0
2026-04-08 22:00:00,4705.43,4718.55,4699.59,4708.68,12744,10,0
2026-04-08 22:30:00,4708.68,4731.88,4708.18,4730.76,12338,10,0
2026-04-08 23:00:00,4730.67,4732.27,4721.88,4723.18,6847,10,0
2026-04-08 23:30:00,4723.18,4724.55,4717.27,4719.6,5230,10,0
2026-04-09 01:00:00,4720.19,4733.03,4704.81,4713.82,8054,13,0
2026-04-09 01:30:00,4713.82,4720.14,4705.94,4717.72,7452,13,0
2026-04-09 02:00:00,4717.71,4717.71,4705.49,4710.01,7584,13,0
2026-04-09 02:30:00,4710.07,4720.05,4707.14,4715.63,6809,13,0
2026-04-09 03:00:00,4715.74,4715.82,4698.61,4706.51,10518,13,0
2026-04-09 03:30:00,4706.48,4719.14,4705.76,4706.86,9548,13,0
2026-04-09 04:00:00,4706.86,4723.54,4699.69,4705.01,13781,13,0
2026-04-09 04:30:00,4705.01,4728.26,4704.1,4727.37,11179,13,0
2026-04-09 05:00:00,4727.36,4728.82,4721.14,4725.4,9286,13,0
2026-04-09 05:30:00,4725.39,4732.96,4717.55,4719.2,9565,13,0
2026-04-09 06:00:00,4719.15,4720.27,4705.33,4712.62,9826,13,0
2026-04-09 06:30:00,4712.62,4714.94,4706.61,4711.54,7287,13,0
2026-04-09 07:00:00,4711.53,4723.39,4709.81,4717.02,6092,13,0
2026-04-09 07:30:00,4717.0,4725.47,4714.4,4720.87,6131,13,0
2026-04-09 08:00:00,4720.87,4726.59,4710.81,4726.31,8056,13,0
2026-04-09 08:30:00,4726.31,4726.53,4705.86,4713.25,10822,13,0
2026-04-09 09:00:00,4713.22,4725.43,4711.51,4718.4,10740,13,0
2026-04-09 09:30:00,4718.4,4723.12,4703.61,4712.48,11252,13,0
2026-04-09 10:00:00,4712.55,4730.49,4705.83,4708.51,11446,13,0
2026-04-09 10:30:00,4708.53,4731.45,4708.53,4724.42,11407,13,0
2026-04-09 11:00:00,4724.48,4727.74,4719.91,4721.42,9354,13,0
2026-04-09 11:30:00,4721.38,4733.13,4720.26,4726.35,8949,13,0
2026-04-09 12:00:00,4726.27,4733.35,4723.02,4729.76,8609,13,0
2026-04-09 12:30:00,4729.74,4732.61,4723.68,4729.29,7939,13,0
2026-04-09 13:00:00,4729.32,4739.9,4723.81,4738.17,8392,13,0
2026-04-09 13:30:00,4738.17,4746.76,4736.47,4741.16,8861,13,0
2026-04-09 14:00:00,4741.15,4747.39,4738.49,4745.82,7996,13,0
2026-04-09 14:30:00,4745.82,4757.42,4743.15,4756.6,8825,13,0
2026-04-09 15:00:00,4756.6,4759.63,4735.11,4737.99,10547,13,0
2026-04-09 15:30:00,4738.02,4748.06,4735.36,4745.83,11341,13,0
2026-04-09 16:00:00,4746.01,4758.64,4738.79,4752.65,12741,13,0
2026-04-09 16:30:00,4752.7,4777.14,4750.6,4764.49,15068,13,0
2026-04-09 17:00:00,4764.46,4776.36,4760.27,4765.65,14679,13,0
2026-04-09 17:30:00,4765.63,4769.08,4747.31,4768.66,13965,13,0
2026-04-09 18:00:00,4768.66,4786.36,4761.17,4779.0,13780,13,0
2026-04-09 18:30:00,4779.05,4797.97,4778.34,4792.89,14476,13,0
2026-04-09 19:00:00,4792.84,4801.02,4787.81,4792.8,12922,13,0
2026-04-09 19:30:00,4792.81,4795.56,4784.52,4788.88,11735,13,0
2026-04-09 20:00:00,4788.91,4798.37,4786.79,4792.75,10891,13,0
2026-04-09 20:30:00,4792.87,4801.2,4787.68,4797.85,10975,13,0
2026-04-09 21:00:00,4797.87,4798.2,4777.87,4782.17,13090,13,0
2026-04-09 21:30:00,4782.15,4782.34,4767.95,4772.16,12065,13,0
2026-04-09 22:00:00,4772.15,4782.67,4769.06,4773.62,10711,13,0
2026-04-09 22:30:00,4773.64,4778.06,4767.09,4768.86,10508,13,0
2026-04-09 23:00:00,4768.87,4773.42,4766.27,4770.04,5395,13,0
2026-04-09 23:30:00,4770.04,4771.65,4760.97,4765.0,5237,13,0
2026-04-10 01:00:00,4766.81,4780.23,4763.9,4764.53,6009,13,0
2026-04-10 01:30:00,4764.55,4767.44,4758.82,4764.22,5608,13,0
2026-04-10 02:00:00,4764.25,4764.33,4756.96,4758.38,4837,13,0
2026-04-10 02:30:00,4758.37,4764.33,4758.35,4763.78,5021,13,0
2026-04-10 03:00:00,4763.78,4763.85,4750.77,4753.71,9104,13,0
2026-04-10 03:30:00,4753.71,4763.12,4753.71,4762.92,7034,13,0
2026-04-10 04:00:00,4762.94,4767.16,4757.98,4762.52,10761,13,0
2026-04-10 04:30:00,4762.53,4777.11,4760.28,4764.48,10944,13,0
2026-04-10 05:00:00,4764.57,4765.44,4742.38,4744.59,10883,13,0
2026-04-10 05:30:00,4744.6,4753.65,4738.13,4753.11,10020,13,0
2026-04-10 06:00:00,4753.14,4762.11,4752.89,4756.13,9475,13,0
2026-04-10 06:30:00,4756.12,4769.61,4755.91,4766.61,6982,13,0
2026-04-10 07:00:00,4766.61,4770.82,4764.67,4765.57,4992,13,0
2026-04-10 07:30:00,4765.58,4765.72,4757.94,4758.6,5718,13,0
2026-04-10 08:00:00,4758.6,4763.93,4757.46,4759.46,6135,13,0
2026-04-10 08:30:00,4759.59,4769.2,4759.44,4765.92,8564,13,0
2026-04-10 09:00:00,4765.94,4765.96,4751.72,4755.51,10322,13,0
2026-04-10 09:30:00,4755.51,4758.56,4742.93,4746.44,10601,13,0
2026-04-10 10:00:00,4746.17,4756.09,4741.29,4753.65,9239,13,0
2026-04-10 10:30:00,4753.69,4757.56,4748.23,4749.62,7872,13,0
2026-04-10 11:00:00,4749.62,4753.32,4742.38,4747.03,8907,13,0
2026-04-10 11:30:00,4746.88,4752.27,4730.92,4740.71,9553,13,0
2026-04-10 12:00:00,4740.71,4760.75,4740.59,4748.89,9934,13,0
2026-04-10 12:30:00,4748.89,4753.23,4746.43,4751.68,8796,13,0
2026-04-10 13:00:00,4751.59,4760.73,4742.41,4758.25,8720,13,0
2026-04-10 13:30:00,4758.24,4759.8,4753.87,4757.35,7620,13,0
2026-04-10 14:00:00,4757.21,4762.54,4753.36,4761.7,7532,13,0
2026-04-10 14:30:00,4761.7,4768.83,4758.63,4768.21,8268,13,0
2026-04-10 15:00:00,4768.23,4771.26,4759.89,4762.67,10163,13,0
2026-04-10 15:30:00,4762.61,4782.45,4761.88,4771.93,13176,13,0
2026-04-10 16:00:00,4771.94,4780.3,4766.13,4775.75,12599,13,0
2026-04-10 16:30:00,4775.73,4778.73,4765.46,4775.05,14368,13,0
2026-04-10 17:00:00,4775.05,4792.9,4767.42,4790.67,14160,13,0
2026-04-10 17:30:00,4790.61,4795.04,4770.98,4774.85,14016,13,0
2026-04-10 18:00:00,4774.82,4787.37,4769.6,4776.1,12836,13,0
2026-04-10 18:30:00,4776.1,4778.44,4755.35,4762.29,13862,13,0
2026-04-10 19:00:00,4762.33,4765.2,4747.53,4758.22,12964,13,0
2026-04-10 19:30:00,4758.39,4766.14,4756.15,4763.83,11933,13,0
2026-04-10 20:00:00,4763.84,4768.63,4758.19,4762.86,10628,13,0
2026-04-10 20:30:00,4762.78,4765.75,4758.44,4760.38,10294,13,0
2026-04-10 21:00:00,4760.33,4769.53,4751.05,4765.98,10715,13,0
2026-04-10 21:30:00,4766.04,4773.22,4763.17,4765.3,9276,13,0
2026-04-10 22:00:00,4765.31,4770.44,4763.07,4763.54,8956,13,0
2026-04-10 22:30:00,4763.56,4765.45,4758.3,4759.66,10077,13,0
2026-04-10 23:00:00,4759.77,4759.98,4741.31,4745.57,6841,13,0
2026-04-10 23:30:00,4745.57,4752.46,4745.13,4749.46,5534,13,0
2026-04-13 01:00:00,4633.48,4692.86,4633.48,4647.35,12478,13,0
2026-04-13 01:30:00,4647.37,4660.54,4645.33,4659.13,10807,13,0
2026-04-13 02:00:00,4659.15,4660.74,4644.46,4653.51,9623,13,0
2026-04-13 02:30:00,4653.51,4671.66,4650.24,4671.46,8789,13,0
2026-04-13 03:00:00,4671.46,4676.08,4664.69,4673.14,10734,13,0
2026-04-13 03:30:00,4673.1,4698.72,4670.98,4695.66,9842,13,0
2026-04-13 04:00:00,4695.63,4721.59,4693.81,4717.44,13762,13,0
2026-04-13 04:30:00,4717.43,4728.12,4710.02,4721.31,12536,13,0
2026-04-13 05:00:00,4721.35,4725.9,4719.13,4720.05,9988,13,0
2026-04-13 05:30:00,4720.06,4727.85,4711.26,4720.55,10594,13,0
2026-04-13 06:00:00,4720.55,4721.74,4712.35,4718.97,8878,13,0
2026-04-13 06:30:00,4718.96,4723.98,4717.35,4718.23,6248,13,0
2026-04-13 07:00:00,4718.22,4718.5,4708.72,4712.73,6623,13,0
2026-04-13 07:30:00,4712.72,4724.98,4708.99,4723.17,6741,13,0
2026-04-13 08:00:00,4723.16,4726.27,4716.39,4720.72,7200,13,0
2026-04-13 08:30:00,4720.62,4730.77,4718.14,4729.47,10396,13,0
2026-04-13 09:00:00,4729.46,4731.98,4723.52,4731.68,11022,13,0
2026-04-13 09:30:00,4731.67,4732.76,4720.88,4725.69,9999,13,0
2026-04-13 10:00:00,4725.68,4738.63,4724.87,4730.87,10225,13,0
2026-04-13 10:30:00,4730.84,4739.96,4727.46,4733.77,9462,13,0
2026-04-13 11:00:00,4733.77,4738.67,4730.18,4732.1,9369,13,0
2026-04-13 11:30:00,4732.11,4736.39,4720.33,4723.53,9014,13,0
2026-04-13 12:00:00,4723.48,4728.64,4714.38,4715.22,9501,13,0
2026-04-13 12:30:00,4715.16,4719.97,4710.56,4714.71,8344,13,0
2026-04-13 13:00:00,4714.71,4718.97,4708.49,4712.49,8212,13,0
2026-04-13 13:30:00,4712.53,4723.99,4711.76,4722.01,8350,13,0
2026-04-13 14:00:00,4722.2,4729.1,4718.62,4721.03,8844,13,0
2026-04-13 14:30:00,4721.03,4722.41,4703.77,4706.68,10614,13,0
2026-04-13 15:00:00,4706.71,4720.28,4703.75,4710.61,11190,13,0
2026-04-13 15:30:00,4710.61,4725.23,4709.04,4723.64,11216,13,0
2026-04-13 16:00:00,4723.63,4737.52,4722.85,4733.23,12925,13,0
2026-04-13 16:30:00,4733.25,4744.61,4721.34,4730.69,15089,13,0
2026-04-13 17:00:00,4730.7,4731.27,4709.76,4715.48,15309,13,0
2026-04-13 17:30:00,4715.43,4723.4,4708.84,4719.07,13788,13,0
2026-04-13 18:00:00,4719.07,4719.82,4700.49,4703.81,13988,13,0
2026-04-13 18:30:00,4703.81,4718.16,4702.41,4714.5,11917,13,0
2026-04-13 19:00:00,4714.49,4734.12,4709.31,4730.38,13001,13,0
2026-04-13 19:30:00,4730.39,4746.35,4728.68,4733.1,14442,13,0
2026-04-13 20:00:00,4733.11,4750.09,4725.55,4743.12,12139,13,0
2026-04-13 20:30:00,4743.09,4747.43,4727.47,4730.01,10807,13,0
2026-04-13 21:00:00,4730.01,4733.05,4723.39,4727.4,10250,13,0
2026-04-13 21:30:00,4727.41,4740.75,4726.87,4738.57,10600,13,0
2026-04-13 22:00:00,4738.52,4744.09,4730.71,4743.26,9394,13,0
2026-04-13 22:30:00,4743.27,4747.51,4739.1,4741.17,10068,13,0
2026-04-13 23:00:00,4741.14,4744.12,4738.55,4739.4,4994,13,0
2026-04-13 23:30:00,4739.4,4741.64,4738.22,4741.1,3899,13,0
2026-04-14 01:00:00,4744.75,4755.98,4744.38,4748.81,5999,13,0
2026-04-14 01:30:00,4748.8,4759.59,4746.42,4758.07,5562,13,0
2026-04-14 02:00:00,4758.08,4765.72,4754.79,4755.41,6953,13,0
2026-04-14 02:30:00,4755.41,4761.74,4754.54,4757.61,6183,13,0
2026-04-14 03:00:00,4757.61,4767.38,4751.65,4762.48,10011,13,0
2026-04-14 03:30:00,4762.48,4775.68,4761.48,4769.89,8686,13,0
2026-04-14 04:00:00,4769.89,4776.91,4762.57,4770.42,12557,13,0
2026-04-14 04:30:00,4770.42,4773.83,4761.9,4764.91,11016,13,0
2026-04-14 05:00:00,4764.98,4772.49,4762.92,4768.91,8147,13,0
2026-04-14 05:30:00,4768.88,4777.06,4762.19,4775.27,9404,13,0
2026-04-14 06:00:00,4775.27,4775.62,4766.0,4768.52,8927,13,0
2026-04-14 06:30:00,4768.46,4772.06,4765.83,4767.85,5566,13,0
2026-04-14 07:00:00,4767.99,4776.89,4767.05,4775.95,5016,13,0
2026-04-14 07:30:00,4775.96,4776.24,4771.47,4774.15,4533,13,0
2026-04-14 08:00:00,4774.12,4774.24,4761.66,4764.74,6988,13,0
2026-04-14 08:30:00,4764.76,4767.33,4758.1,4760.02,10626,13,0
2026-04-14 09:00:00,4760.04,4769.8,4760.04,4767.79,9784,13,0
2026-04-14 09:30:00,4767.77,4783.04,4764.4,4782.0,10146,13,0
2026-04-14 10:00:00,4782.03,4796.42,4767.83,4772.66,12931,13,0
2026-04-14 10:30:00,4772.82,4780.78,4771.91,4777.28,10308,13,0
2026-04-14 11:00:00,4777.28,4786.62,4774.36,4786.04,10239,13,0
2026-04-14 11:30:00,4786.04,4789.98,4781.55,4786.78,9225,13,0
2026-04-14 12:00:00,4786.79,4789.32,4778.71,4778.71,8758,13,0
2026-04-14 12:30:00,4778.73,4782.42,4771.85,4778.26,9336,13,0
2026-04-14 13:00:00,4778.27,4788.15,4778.27,4783.98,7955,13,0
2026-04-14 13:30:00,4783.99,4784.62,4752.83,4768.45,10131,13,0
2026-04-14 14:00:00,4768.37,4783.03,4766.95,4778.22,8566,13,0
2026-04-14 14:30:00,4778.24,4782.99,4770.71,4775.07,8856,13,0
2026-04-14 15:00:00,4775.02,4777.66,4762.75,4769.13,11451,13,0
2026-04-14 15:30:00,4769.06,4776.36,4762.31,4771.39,12181,13,0
2026-04-14 16:00:00,4771.34,4792.57,4771.2,4782.98,12802,13,0
2026-04-14 16:30:00,4782.99,4803.45,4780.28,4794.55,14948,13,0
2026-04-14 17:00:00,4794.56,4810.69,4793.14,4809.28,14658,13,0
2026-04-14 17:30:00,4809.28,4817.9,4795.46,4803.9,13542,13,0
2026-04-14 18:00:00,4803.91,4805.76,4791.25,4802.45,13610,13,0
2026-04-14 18:30:00,4802.45,4816.15,4802.45,4808.12,12463,13,0
2026-04-14 19:00:00,4808.12,4819.36,4805.1,4816.48,11699,13,0
2026-04-14 19:30:00,4816.45,4820.26,4809.18,4810.16,10564,13,0
2026-04-14 20:00:00,4810.16,4833.57,4809.5,4825.6,11719,13,0
2026-04-14 20:30:00,4825.61,4841.41,4825.16,4835.05,10609,13,0
2026-04-14 21:00:00,4835.1,4843.45,4833.24,4837.8,10979,13,0
2026-04-14 21:30:00,4837.8,4839.21,4831.04,4835.72,9281,13,0
2026-04-14 22:00:00,4835.72,4842.55,4835.72,4840.75,8319,13,0
2026-04-14 22:30:00,4840.75,4846.28,4838.69,4845.01,9930,13,0
2026-04-14 23:00:00,4845.0,4846.3,4839.62,4840.47,4794,13,0
2026-04-14 23:30:00,4840.48,4843.37,4839.88,4840.63,3698,13,0
2026-04-15 01:00:00,4840.52,4850.85,4836.6,4840.12,7582,13,0
2026-04-15 01:30:00,4840.12,4843.19,4833.42,4835.12,5660,13,0
2026-04-15 02:00:00,4835.13,4843.82,4833.8,4836.06,6429,13,0
2026-04-15 02:30:00,4836.05,4844.08,4835.19,4837.36,7615,13,0
2026-04-15 03:00:00,4837.29,4840.05,4828.87,4833.57,9061,13,0
2026-04-15 03:30:00,4833.62,4837.51,4827.18,4835.57,7200,13,0
2026-04-15 04:00:00,4835.56,4871.39,4828.23,4850.92,13731,13,0
2026-04-15 04:30:00,4850.92,4851.5,4839.85,4847.17,11750,13,0
2026-04-15 05:00:00,4847.17,4853.47,4832.48,4834.58,9996,13,0
2026-04-15 05:30:00,4834.63,4835.35,4820.75,4823.95,12691,13,0
2026-04-15 06:00:00,4823.94,4828.03,4817.03,4826.53,10098,13,0
2026-04-15 06:30:00,4826.53,4829.61,4823.91,4824.12,5708,13,0
2026-04-15 07:00:00,4824.09,4826.57,4820.52,4824.74,5480,13,0
2026-04-15 07:30:00,4824.65,4827.78,4821.48,4824.95,4928,13,0
2026-04-15 08:00:00,4824.92,4830.54,4822.67,4826.23,8135,13,0
2026-04-15 08:30:00,4826.23,4827.91,4812.71,4819.64,11643,13,0
2026-04-15 09:00:00,4819.67,4824.98,4813.64,4814.79,10328,13,0
2026-04-15 09:30:00,4814.78,4822.13,4811.22,4811.86,10322,13,0
2026-04-15 10:00:00,4811.74,4817.01,4804.06,4812.95,10512,13,0
2026-04-15 10:30:00,4812.94,4815.9,4806.04,4811.16,9330,13,0
2026-04-15 11:00:00,4811.1,4814.41,4804.68,4810.01,9370,13,0
2026-04-15 11:30:00,4809.97,4821.43,4805.5,4818.43,8595,13,0
2026-04-15 12:00:00,4818.44,4819.58,4792.8,4798.16,11562,13,0
2026-04-15 12:30:00,4798.16,4803.87,4786.37,4798.18,10091,13,0
2026-04-15 13:00:00,4798.16,4803.07,4790.58,4795.13,10835,13,0
2026-04-15 13:30:00,4795.14,4805.28,4793.1,4799.96,10051,13,0
2026-04-15 14:00:00,4799.99,4807.13,4795.57,4804.96,9322,13,0
2026-04-15 14:30:00,4804.99,4814.97,4802.73,4812.63,9845,13,0
2026-04-15 15:00:00,4812.63,4816.24,4807.08,4812.91,10235,13,0
2026-04-15 15:30:00,4812.69,4816.18,4808.42,4811.68,8918,13,0
2026-04-15 16:00:00,4811.68,4822.02,4808.63,4821.81,12912,13,0
2026-04-15 16:30:00,4821.81,4830.22,4815.78,4828.94,14413,13,0
2026-04-15 17:00:00,4828.95,4830.5,4820.68,4825.29,13262,13,0
2026-04-15 17:30:00,4825.25,4825.75,4813.51,4815.59,12842,13,0
2026-04-15 18:00:00,4815.58,4816.19,4797.73,4798.3,12962,13,0
2026-04-15 18:30:00,4798.33,4807.65,4787.0,4801.71,12601,13,0
2026-04-15 19:00:00,4801.69,4812.64,4800.46,4811.25,10817,13,0
2026-04-15 19:30:00,4811.25,4811.94,4800.18,4803.95,11607,13,0
2026-04-15 20:00:00,4803.93,4808.8,4797.99,4801.89,10295,13,0
2026-04-15 20:30:00,4801.88,4802.69,4790.92,4792.65,10377,13,0
2026-04-15 21:00:00,4792.66,4800.87,4790.25,4794.7,11332,13,0
2026-04-15 21:30:00,4794.7,4802.14,4794.6,4799.81,8665,13,0
2026-04-15 22:00:00,4799.65,4803.48,4797.76,4803.04,8470,13,0
2026-04-15 22:30:00,4803.01,4803.01,4794.56,4795.87,10068,13,0
2026-04-15 23:00:00,4795.84,4796.66,4792.75,4793.91,5159,13,0
2026-04-15 23:30:00,4793.91,4793.91,4787.89,4791.2,4711,13,0
2026-04-16 01:00:00,4794.52,4802.12,4790.93,4801.22,6814,13,0
2026-04-16 01:30:00,4801.21,4811.95,4799.17,4807.63,5649,13,0
2026-04-16 02:00:00,4807.6,4815.87,4807.51,4815.09,5000,13,0
2026-04-16 02:30:00,4815.08,4826.71,4814.52,4823.51,7181,13,0
2026-04-16 03:00:00,4823.51,4831.23,4822.61,4824.8,7841,13,0
2026-04-16 03:30:00,4824.8,4837.71,4820.96,4833.19,8087,13,0
2026-04-16 04:00:00,4833.21,4836.42,4822.77,4823.67,11088,13,0
2026-04-16 04:30:00,4823.7,4825.59,4811.31,4818.04,10758,13,0
2026-04-16 05:00:00,4818.01,4825.02,4817.38,4819.12,8096,13,0
2026-04-16 05:30:00,4819.12,4821.46,4812.49,4819.77,9840,13,0
2026-04-16 06:00:00,4819.77,4827.14,4819.17,4823.93,7949,13,0
2026-04-16 06:30:00,4823.96,4826.68,4819.1,4824.13,5657,13,0
2026-04-16 07:00:00,4824.15,4830.16,4822.81,4826.47,5637,13,0
2026-04-16 07:30:00,4826.47,4833.48,4824.95,4833.14,4517,13,0
2026-04-16 08:00:00,4833.14,4838.33,4831.74,4833.26,6548,13,0
2026-04-16 08:30:00,4833.32,4833.86,4821.12,4821.37,10506,13,0
2026-04-16 09:00:00,4821.38,4827.86,4814.58,4816.24,10526,13,0
2026-04-16 09:30:00,4816.23,4830.59,4814.95,4826.1,11439,13,0
2026-04-16 10:00:00,4826.07,4830.95,4817.25,4828.22,10860,13,0
2026-04-16 10:30:00,4828.23,4830.16,4819.35,4821.02,8387,13,0
2026-04-16 11:00:00,4821.03,4821.96,4807.36,4811.5,10475,13,0
2026-04-16 11:30:00,4811.49,4814.77,4806.62,4813.78,8279,13,0
2026-04-16 12:00:00,4813.79,4818.04,4811.33,4813.22,7077,13,0
2026-04-16 12:30:00,4813.22,4815.38,4806.94,4812.9,8802,13,0
2026-04-16 13:00:00,4812.91,4815.55,4805.21,4807.09,7562,13,0
2026-04-16 13:30:00,4807.09,4817.27,4805.23,4817.23,8109,13,0
2026-04-16 14:00:00,4817.24,4820.64,4815.61,4816.17,7872,13,0
2026-04-16 14:30:00,4816.17,4822.49,4815.92,4822.2,7777,13,0
2026-04-16 15:00:00,4822.17,4823.15,4811.68,4815.14,9444,13,0
2026-04-16 15:30:00,4815.19,4820.83,4811.88,4816.21,9486,13,0
2026-04-16 16:00:00,4816.24,4823.0,4814.18,4815.64,11071,13,0
2026-04-16 16:30:00,4815.65,4823.98,4784.7,4795.0,15366,13,0
2026-04-16 17:00:00,4794.85,4805.38,4785.27,4799.15,15084,13,0
2026-04-16 17:30:00,4799.17,4800.8,4773.15,4788.76,14815,13,0
2026-04-16 18:00:00,4788.75,4813.06,4788.27,4801.88,13208,13,0
2026-04-16 18:30:00,4801.57,4811.07,4798.16,4807.08,13051,13,0
2026-04-16 19:00:00,4807.09,4810.04,4796.79,4799.25,10693,13,0
2026-04-16 19:30:00,4799.25,4799.95,4785.22,4792.03,13154,13,0
2026-04-16 20:00:00,4792.06,4795.39,4784.81,4785.09,12616,13,0
2026-04-16 20:30:00,4785.18,4790.99,4781.38,4789.33,12033,13,0
2026-04-16 21:00:00,4789.35,4794.21,4785.85,4787.11,12956,13,0
2026-04-16 21:30:00,4787.06,4792.72,4786.73,4789.71,10203,13,0
2026-04-16 22:00:00,4789.72,4795.17,4789.64,4790.78,9908,13,0
2026-04-16 22:30:00,4790.78,4798.68,4790.76,4793.77,10052,13,0
2026-04-16 23:00:00,4793.75,4793.85,4788.42,4789.0,4754,13,0
2026-04-16 23:30:00,4789.01,4790.7,4786.46,4790.08,3652,13,0
2026-04-17 01:00:00,4791.96,4797.95,4791.52,4794.03,5946,13,0
2026-04-17 01:30:00,4794.04,4796.9,4790.91,4795.37,5029,13,0
2026-04-17 02:00:00,4795.37,4797.94,4792.36,4794.45,5191,13,0
2026-04-17 02:30:00,4794.46,4796.73,4791.81,4792.17,5346,13,0
2026-04-17 03:00:00,4791.76,4792.93,4786.01,4792.89,8245,13,0
2026-04-17 03:30:00,4792.89,4801.2,4792.52,4794.87,7145,13,0
2026-04-17 04:00:00,4794.87,4795.47,4767.88,4768.87,12602,13,0
2026-04-17 04:30:00,4768.86,4791.41,4767.81,4789.52,11035,13,0
2026-04-17 05:00:00,4789.51,4794.35,4788.36,4789.01,7958,13,0
2026-04-17 05:30:00,4789.06,4794.7,4784.55,4784.75,8364,13,0
2026-04-17 06:00:00,4784.75,4798.03,4784.66,4794.11,9280,13,0
2026-04-17 06:30:00,4794.1,4796.73,4791.98,4793.35,4900,13,0
2026-04-17 07:00:00,4793.34,4796.29,4792.63,4796.0,4720,13,0
2026-04-17 07:30:00,4795.97,4804.55,4795.31,4803.25,4979,13,0
2026-04-17 08:00:00,4803.24,4806.26,4799.81,4803.63,6759,13,0
2026-04-17 08:30:00,4803.65,4805.4,4793.8,4794.34,9767,13,0
2026-04-17 09:00:00,4794.31,4795.31,4783.43,4783.85,10207,13,0
2026-04-17 09:30:00,4783.85,4787.21,4779.35,4785.03,9168,13,0
2026-04-17 10:00:00,4785.02,4793.03,4784.23,4791.63,7867,13,0
2026-04-17 10:30:00,4791.63,4794.78,4778.83,4784.37,8342,13,0
2026-04-17 11:00:00,4784.33,4791.09,4780.9,4784.55,7769,13,0
2026-04-17 11:30:00,4784.55,4797.01,4784.42,4795.97,7919,13,0
2026-04-17 12:00:00,4795.98,4800.98,4792.08,4795.86,7905,13,0
2026-04-17 12:30:00,4795.85,4799.21,4790.02,4790.42,7221,13,0
2026-04-17 13:00:00,4790.42,4794.01,4787.16,4789.64,6907,13,0
2026-04-17 13:30:00,4789.64,4789.9,4782.36,4787.42,7212,13,0
2026-04-17 14:00:00,4787.43,4793.41,4783.58,4792.94,6890,13,0
2026-04-17 14:30:00,4792.92,4811.74,4789.69,4799.21,9057,13,0
2026-04-17 15:00:00,4799.2,4819.64,4797.75,4816.88,9959,13,0
2026-04-17 15:30:00,4816.9,4847.71,4815.34,4846.46,14213,13,0
2026-04-17 16:00:00,4846.38,4889.36,4835.07,4851.6,16089,13,0
2026-04-17 16:30:00,4851.6,4882.13,4848.51,4880.34,16121,13,0
2026-04-17 17:00:00,4880.36,4885.52,4860.8,4871.47,14841,13,0
2026-04-17 17:30:00,4871.57,4883.14,4869.42,4873.13,14042,13,0
2026-04-17 18:00:00,4873.12,4880.47,4862.44,4865.99,14320,13,0
2026-04-17 18:30:00,4866.12,4874.08,4854.95,4867.39,13053,13,0
2026-04-17 19:00:00,4867.48,4873.41,4863.69,4867.83,11807,13,0
2026-04-17 19:30:00,4867.72,4872.97,4865.08,4867.02,9930,13,0
2026-04-17 20:00:00,4867.0,4869.53,4853.85,4858.59,12142,13,0
2026-04-17 20:30:00,4858.59,4863.47,4854.22,4862.54,10837,13,0
2026-04-17 21:00:00,4862.58,4868.04,4858.9,4860.74,11245,13,0
2026-04-17 21:30:00,4860.73,4866.77,4856.01,4858.29,10629,13,0
2026-04-17 22:00:00,4858.25,4858.88,4853.85,4856.91,9515,13,0
2026-04-17 22:30:00,4856.92,4861.29,4852.83,4854.64,11083,13,0
2026-04-17 23:00:00,4854.56,4855.28,4844.72,4845.99,8577,13,0
2026-04-17 23:30:00,4845.99,4847.08,4830.69,4832.52,8266,13,0
2026-04-20 01:00:00,4767.09,4795.2,4759.41,4785.17,11496,13,0
2026-04-20 01:30:00,4785.19,4790.8,4778.03,4779.29,8079,13,0
2026-04-20 02:00:00,4779.29,4779.46,4768.09,4769.1,8468,13,0
2026-04-20 02:30:00,4769.13,4773.45,4737.11,4755.16,11423,13,0
2026-04-20 03:00:00,4755.22,4765.85,4745.05,4765.36,11602,10,0
2026-04-20 03:30:00,4765.36,4774.43,4759.6,4772.54,9099,13,0
2026-04-20 04:00:00,4772.49,4803.81,4771.37,4802.67,13045,13,0
2026-04-20 04:30:00,4802.66,4814.37,4801.45,4807.87,11097,13,0
2026-04-20 05:00:00,4807.85,4809.05,4798.48,4800.36,9458,13,0
2026-04-20 05:30:00,4800.36,4802.04,4793.19,4797.29,9907,13,0
2026-04-20 06:00:00,4797.29,4798.34,4788.8,4795.16,9135,13,0
2026-04-20 06:30:00,4795.15,4796.7,4789.14,4790.92,5752,13,0
2026-04-20 07:00:00,4790.9,4795.79,4790.9,4794.72,5184,13,0
2026-04-20 07:30:00,4794.72,4794.81,4787.3,4788.97,6224,13,0
2026-04-20 08:00:00,4788.97,4792.95,4784.44,4787.94,7381,13,0
2026-04-20 08:30:00,4787.94,4796.06,4779.61,4790.88,11504,13,0
2026-04-20 09:00:00,4790.88,4794.09,4783.9,4786.19,10385,13,0
2026-04-20 09:30:00,4786.2,4795.46,4785.49,4795.45,10310,13,0
2026-04-20 10:00:00,4795.45,4805.79,4793.99,4797.9,10623,13,0
2026-04-20 10:30:00,4797.9,4798.8,4787.02,4789.71,10170,13,0
2026-04-20 11:00:00,4789.71,4792.51,4786.11,4792.04,9826,13,0
2026-04-20 11:30:00,4792.06,4796.26,4788.71,4796.26,8332,13,0
2026-04-20 12:00:00,4796.27,4797.97,4791.72,4792.36,8386,13,0
2026-04-20 12:30:00,4792.35,4797.12,4783.49,4791.59,9053,13,0
2026-04-20 13:00:00,4791.59,4800.84,4789.89,4798.23,8498,13,0
2026-04-20 13:30:00,4798.23,4800.11,4794.5,4795.94,6706,13,0
2026-04-20 14:00:00,4795.94,4796.19,4786.62,4788.37,8669,13,0
2026-04-20 14:30:00,4788.38,4810.84,4787.74,4810.41,9717,13,0
2026-04-20 15:00:00,4810.62,4822.3,4803.02,4805.6,11632,13,0
2026-04-20 15:30:00,4805.6,4809.57,4799.13,4803.44,9850,13,0
2026-04-20 16:00:00,4803.44,4825.87,4799.82,4824.41,13155,13,0
2026-04-20 16:30:00,4824.4,4826.34,4815.9,4817.89,14514,13,0
2026-04-20 17:00:00,4817.88,4826.84,4806.95,4823.34,14158,13,0
2026-04-20 17:30:00,4823.43,4827.63,4792.85,4805.44,14440,13,0
2026-04-20 18:00:00,4805.4,4809.46,4792.88,4808.33,14440,13,0
2026-04-20 18:30:00,4808.19,4809.22,4795.54,4799.79,12320,13,0
2026-04-20 19:00:00,4799.79,4801.96,4792.84,4801.23,10385,13,0
2026-04-20 19:30:00,4801.25,4806.45,4798.92,4805.62,10307,13,0
2026-04-20 20:00:00,4805.62,4811.28,4803.91,4810.13,9779,13,0
2026-04-20 20:30:00,4810.11,4812.08,4805.14,4806.87,9434,13,0
2026-04-20 21:00:00,4806.86,4815.93,4806.86,4813.54,9278,13,0
2026-04-20 21:30:00,4813.53,4816.57,4811.07,4814.2,7794,13,0
2026-04-20 22:00:00,4814.19,4821.51,4813.98,4817.14,7185,13,0
2026-04-20 22:30:00,4817.14,4817.33,4810.45,4814.3,8626,13,0
2026-04-20 23:00:00,4814.31,4817.04,4812.25,4815.92,3939,13,0
2026-04-20 23:30:00,4815.92,4821.96,4813.07,4820.62,4999,13,0
2026-04-21 01:00:00,4822.3,4833.02,4820.72,4829.04,7973,13,0
2026-04-21 01:30:00,4829.04,4831.87,4825.28,4827.75,6055,13,0
2026-04-21 02:00:00,4827.75,4831.8,4823.93,4825.73,5067,13,0
2026-04-21 02:30:00,4825.73,4825.73,4819.9,4821.87,4469,13,0
2026-04-21 03:00:00,4821.89,4830.82,4819.62,4819.89,8319,11,0
2026-04-21 03:30:00,4819.89,4826.25,4816.98,4824.13,8595,13,0
2026-04-21 04:00:00,4824.13,4824.64,4813.21,4818.67,9915,13,0
2026-04-21 04:30:00,4818.6,4818.96,4805.88,4810.23,9062,13,0
2026-04-21 05:00:00,4810.23,4810.44,4803.61,4807.67,7210,13,0
2026-04-21 05:30:00,4807.66,4808.12,4802.62,4806.84,8359,13,0
2026-04-21 06:00:00,4806.84,4807.65,4793.72,4798.72,8986,13,0
2026-04-21 06:30:00,4798.71,4799.99,4792.69,4797.19,6230,13,0
2026-04-21 07:00:00,4797.15,4797.91,4791.31,4792.19,5634,13,0
2026-04-21 07:30:00,4792.2,4794.33,4788.79,4789.14,4912,13,0
2026-04-21 08:00:00,4789.04,4793.13,4785.88,4787.59,6755,13,0
2026-04-21 08:30:00,4787.52,4796.98,4783.24,4784.14,10015,13,0
2026-04-21 09:00:00,4784.13,4790.8,4775.45,4778.85,11284,13,0
2026-04-21 09:30:00,4778.89,4783.46,4774.71,4778.88,9400,13,0
2026-04-21 10:00:00,4778.8,4787.53,4772.68,4783.39,9557,13,0
2026-04-21 10:30:00,4783.39,4792.69,4780.89,4785.96,8730,13,0
2026-04-21 11:00:00,4785.94,4789.22,4774.83,4787.25,10120,13,0
2026-04-21 11:30:00,4787.27,4792.96,4784.76,4785.99,7886,13,0
2026-04-21 12:00:00,4785.99,4788.04,4781.23,4782.19,7860,13,0
2026-04-21 12:30:00,4782.22,4789.62,4781.99,4783.75,7696,13,0
2026-04-21 13:00:00,4783.72,4785.96,4780.87,4783.0,6762,13,0
2026-04-21 13:30:00,4783.0,4790.45,4782.67,4789.79,6108,13,0
2026-04-21 14:00:00,4789.79,4790.24,4775.33,4783.57,8305,13,0
2026-04-21 14:30:00,4783.57,4798.0,4783.23,4794.7,8343,13,0
2026-04-21 15:00:00,4794.7,4796.95,4779.23,4780.77,9974,13,0
2026-04-21 15:30:00,4780.67,4790.49,4766.79,4778.84,12535,13,0
2026-04-21 16:00:00,4778.85,4783.84,4761.28,4774.88,13469,13,0
2026-04-21 16:30:00,4774.88,4794.37,4770.22,4779.13,14590,13,0
2026-04-21 17:00:00,4779.13,4782.59,4769.85,4774.24,13235,13,0
2026-04-21 17:30:00,4774.24,4775.04,4723.69,4739.09,15865,13,0
2026-04-21 18:00:00,4739.07,4757.55,4727.79,4742.59,15747,13,0
2026-04-21 18:30:00,4742.59,4750.28,4736.8,4741.67,14020,13,0
2026-04-21 19:00:00,4741.66,4746.71,4720.01,4720.83,12971,13,0
2026-04-21 19:30:00,4720.82,4727.65,4708.31,4711.11,12803,13,0
2026-04-21 20:00:00,4711.16,4718.23,4697.73,4700.21,14089,13,0
2026-04-21 20:30:00,4700.23,4722.08,4697.03,4711.16,13187,13,0
2026-04-21 21:00:00,4711.19,4714.79,4692.45,4696.28,12579,13,0
2026-04-21 21:30:00,4696.32,4713.99,4696.32,4709.3,11615,13,0
2026-04-21 22:00:00,4709.38,4715.14,4704.52,4713.95,12664,13,0
2026-04-21 22:30:00,4713.96,4714.81,4668.32,4679.36,14789,13,0
2026-04-21 23:00:00,4679.38,4711.26,4669.0,4705.67,12590,13,0
2026-04-21 23:30:00,4705.66,4719.38,4705.4,4718.81,8319,13,0
2026-04-22 01:00:00,4721.11,4729.58,4716.61,4719.07,7483,13,0
2026-04-22 01:30:00,4719.07,4720.05,4715.65,4719.57,5082,13,0
2026-04-22 02:00:00,4719.58,4733.13,4718.12,4730.04,6651,13,0
2026-04-22 02:30:00,4730.04,4740.57,4728.95,4738.07,6746,13,0
2026-04-22 03:00:00,4738.07,4747.4,4738.07,4742.49,8842,10,0
2026-04-22 03:30:00,4742.49,4747.11,4738.61,4739.96,7985,13,0
2026-04-22 04:00:00,4739.96,4749.04,4735.98,4746.53,11113,13,0
2026-04-22 04:30:00,4746.53,4754.7,4746.35,4752.25,10449,13,0
2026-04-22 05:00:00,4752.25,4758.15,4750.15,4755.66,7364,13,0
2026-04-22 05:30:00,4755.66,4758.75,4751.03,4755.77,7805,13,0
2026-04-22 06:00:00,4755.77,4763.43,4753.01,4763.18,8210,13,0
2026-04-22 06:30:00,4763.17,4765.02,4756.92,4758.21,6069,13,0
2026-04-22 07:00:00,4758.21,4759.66,4754.5,4755.91,5037,13,0
2026-04-22 07:30:00,4755.91,4759.55,4752.28,4754.64,5761,13,0
2026-04-22 08:00:00,4754.64,4771.68,4752.16,4766.15,8508,13,0
2026-04-22 08:30:00,4766.15,4772.07,4763.92,4767.77,9541,13,0
2026-04-22 09:00:00,4767.77,4767.83,4758.86,4767.12,8606,13,0
2026-04-22 09:30:00,4767.12,4767.84,4763.35,4767.74,7775,13,0
2026-04-22 10:00:00,4767.76,4772.34,4762.6,4766.08,8527,13,0
2026-04-22 10:30:00,4766.08,4766.66,4759.62,4760.61,7614,13,0
2026-04-22 11:00:00,4760.6,4762.31,4754.2,4754.36,9225,13,0
2026-04-22 11:30:00,4754.35,4758.45,4751.95,4757.14,7908,13,0
2026-04-22 12:00:00,4757.14,4761.9,4756.35,4756.51,7843,13,0
2026-04-22 12:30:00,4756.5,4762.48,4752.52,4755.29,7954,13,0
2026-04-22 13:00:00,4755.29,4757.73,4745.85,4754.7,8905,13,0
2026-04-22 13:30:00,4754.7,4760.11,4753.74,4759.24,6876,13,0
2026-04-22 14:00:00,4759.25,4760.78,4756.51,4757.4,7358,13,0
2026-04-22 14:30:00,4757.4,4759.87,4747.92,4750.4,8515,13,0
2026-04-22 15:00:00,4750.41,4759.81,4747.31,4753.24,9249,13,0
2026-04-22 15:30:00,4753.18,4754.35,4742.95,4744.27,10778,13,0
2026-04-22 16:00:00,4744.28,4750.86,4736.48,4750.07,12925,13,0
2026-04-22 16:30:00,4750.12,4760.87,4742.15,4753.01,14825,13,0
2026-04-22 17:00:00,4753.0,4757.47,4742.45,4743.99,13833,13,0
2026-04-22 17:30:00,4743.96,4744.7,4730.1,4735.9,14164,13,0
2026-04-22 18:00:00,4736.04,4740.22,4729.93,4735.23,13331,13,0
2026-04-22 18:30:00,4735.26,4735.5,4725.05,4727.68,12178,13,0
2026-04-22 19:00:00,4727.68,4734.96,4724.28,4727.14,10718,13,0
2026-04-22 19:30:00,4727.08,4732.15,4724.0,4728.75,10401,13,0
2026-04-22 20:00:00,4728.75,4739.59,4728.61,4735.21,10663,13,0
2026-04-22 20:30:00,4735.21,4738.45,4733.56,4737.21,9040,13,0
2026-04-22 21:00:00,4737.2,4738.67,4729.96,4730.43,8246,13,0
2026-04-22 21:30:00,4730.34,4749.4,4730.22,4741.74,9108,13,0
2026-04-22 22:00:00,4741.73,4745.46,4736.92,4744.41,9341,13,0
2026-04-22 22:30:00,4744.44,4744.76,4737.12,4740.2,9287,13,0
2026-04-22 23:00:00,4740.22,4740.47,4734.47,4736.94,6234,13,0
2026-04-22 23:30:00,4736.94,4739.86,4736.24,4739.45,4320,13,0
2026-04-23 01:00:00,4742.12,4746.06,4732.61,4732.94,5680,13,0
2026-04-23 01:30:00,4732.94,4735.28,4725.66,4725.98,5533,13,0
2026-04-23 02:00:00,4725.98,4729.97,4723.57,4728.28,5322,13,0
2026-04-23 02:30:00,4728.28,4729.26,4723.89,4727.83,5005,13,0
2026-04-23 03:00:00,4727.84,4742.43,4694.32,4741.54,13629,10,0
2026-04-23 03:30:00,4741.54,4753.58,4741.25,4748.12,12254,13,0
2026-04-23 04:00:00,4747.86,4749.85,4727.28,4728.21,12150,13,0
2026-04-23 04:30:00,4728.23,4736.9,4722.58,4723.39,11880,13,0
2026-04-23 05:00:00,4723.33,4724.8,4704.82,4713.97,12388,13,0
2026-04-23 05:30:00,4713.97,4715.71,4698.32,4698.91,13104,13,0
2026-04-23 06:00:00,4698.93,4708.72,4698.28,4703.34,12091,13,0
2026-04-23 06:30:00,4703.34,4707.43,4701.1,4704.01,9205,13,0
2026-04-23 07:00:00,4704.01,4707.04,4700.84,4705.51,6989,13,0
2026-04-23 07:30:00,4705.51,4707.06,4698.81,4704.43,6317,13,0
2026-04-23 08:00:00,4704.41,4710.23,4703.37,4705.93,7675,13,0
2026-04-23 08:30:00,4705.93,4715.22,4692.47,4713.7,10928,13,0
2026-04-23 09:00:00,4713.64,4718.21,4708.58,4712.23,10262,13,0
2026-04-23 09:30:00,4712.21,4721.28,4709.3,4712.92,9975,13,0
2026-04-23 10:00:00,4712.96,4716.6,4703.08,4706.07,11181,13,0
2026-04-23 10:30:00,4706.13,4720.55,4703.54,4719.16,9656,13,0
2026-04-23 11:00:00,4719.15,4724.9,4715.01,4715.32,9121,13,0
2026-04-23 11:30:00,4715.32,4716.16,4701.72,4703.34,9670,13,0
2026-04-23 12:00:00,4703.34,4703.72,4694.72,4700.98,10365,13,0
2026-04-23 12:30:00,4700.95,4703.12,4694.8,4697.63,9227,13,0
2026-04-23 13:00:00,4697.65,4701.72,4684.46,4686.66,10034,13,0
2026-04-23 13:30:00,4686.67,4697.28,4684.33,4696.68,9443,13,0
2026-04-23 14:00:00,4696.63,4703.39,4695.59,4699.29,8816,13,0
2026-04-23 14:30:00,4699.29,4720.94,4696.59,4720.65,11019,13,0
2026-04-23 15:00:00,4720.64,4738.83,4719.78,4733.37,12655,13,0
2026-04-23 15:30:00,4733.52,4743.15,4731.53,4740.18,12416,13,0
2026-04-23 16:00:00,4740.11,4740.69,4724.02,4727.54,11744,13,0
2026-04-23 16:30:00,4727.51,4741.23,4724.36,4724.46,14054,13,0
2026-04-23 17:00:00,4724.43,4735.99,4717.11,4731.4,14281,13,0
2026-04-23 17:30:00,4731.45,4736.65,4726.14,4733.67,12942,13,0
2026-04-23 18:00:00,4733.59,4741.03,4726.79,4733.56,12200,13,0
2026-04-23 18:30:00,4733.57,4734.83,4716.59,4720.52,12282,13,0
2026-04-23 19:00:00,4720.53,4725.11,4715.68,4723.29,11435,13,0
2026-04-23 19:30:00,4723.29,4737.17,4722.64,4733.01,10277,13,0
2026-04-23 20:00:00,4733.01,4734.52,4704.59,4706.56,15499,13,0
2026-04-23 20:30:00,4706.58,4714.06,4664.26,4709.43,16299,13,0
2026-04-23 21:00:00,4709.44,4722.03,4707.89,4716.73,14564,13,0
2026-04-23 21:30:00,4716.75,4720.44,4699.43,4701.13,12335,13,0
2026-04-23 22:00:00,4701.15,4704.52,4692.73,4700.14,12108,13,0
2026-04-23 22:30:00,4700.14,4701.27,4689.47,4696.05,12556,13,0
2026-04-23 23:00:00,4696.04,4698.29,4686.54,4689.46,8302,13,0
2026-04-23 23:30:00,4689.46,4693.28,4688.21,4692.94,5109,13,0
2026-04-24 01:00:00,4701.01,4703.17,4692.2,4692.83,5533,13,0
2026-04-24 01:30:00,4692.83,4696.88,4690.11,4693.27,5456,13,0
2026-04-24 02:00:00,4693.27,4695.6,4686.99,4694.46,6052,13,0
2026-04-24 02:30:00,4694.46,4700.82,4692.24,4695.46,7118,13,0
2026-04-24 03:00:00,4695.48,4705.71,4691.05,4705.51,10665,10,0
2026-04-24 03:30:00,4705.52,4707.96,4697.39,4704.67,10269,13,0
2026-04-24 04:00:00,4704.67,4711.12,4695.95,4698.46,11752,13,0
2026-04-24 04:30:00,4698.46,4702.4,4690.37,4699.59,11746,13,0
2026-04-24 05:00:00,4699.59,4700.68,4682.11,4683.73,11072,13,0
2026-04-24 05:30:00,4683.73,4690.97,4673.25,4676.82,11782,13,0
2026-04-24 06:00:00,4676.82,4678.38,4668.74,4674.51,10810,13,0
2026-04-24 06:30:00,4674.49,4678.27,4671.48,4672.19,7998,13,0
2026-04-24 07:00:00,4672.19,4674.72,4659.3,4659.48,8712,13,0
2026-04-24 07:30:00,4659.48,4676.94,4657.82,4674.48,8411,13,0
2026-04-24 08:00:00,4674.48,4678.56,4669.66,4676.51,7563,13,0
2026-04-24 08:30:00,4676.51,4687.36,4676.51,4686.43,10351,13,0
2026-04-24 09:00:00,4686.43,4688.06,4670.1,4671.51,10265,13,0
2026-04-24 09:30:00,4671.44,4676.42,4666.85,4671.94,10538,13,0
2026-04-24 10:00:00,4671.94,4684.81,4671.06,4684.38,8672,13,0
2026-04-24 10:30:00,4684.38,4695.26,4682.29,4694.47,8433,13,0
2026-04-24 11:00:00,4694.47,4697.47,4686.53,4687.96,10202,13,0
2026-04-24 11:30:00,4687.8,4693.09,4685.08,4690.8,8518,13,0
2026-04-24 12:00:00,4690.79,4696.75,4682.36,4683.36,9590,13,0
2026-04-24 12:30:00,4683.33,4688.59,4679.37,4682.08,8826,13,0
2026-04-24 13:00:00,4682.08,4686.28,4680.32,4682.27,7930,13,0
2026-04-24 13:30:00,4682.27,4682.41,4674.68,4677.87,7665,13,0
2026-04-24 14:00:00,4677.88,4717.1,4677.84,4715.47,13782,13,0
2026-04-24 14:30:00,4715.43,4717.36,4702.92,4706.89,11163,13,0
2026-04-24 15:00:00,4706.9,4711.87,4701.56,4710.63,11624,13,0
2026-04-24 15:30:00,4710.53,4711.62,4690.45,4700.78,11840,13,0
2026-04-24 16:00:00,4700.78,4705.7,4693.63,4697.07,12787,13,0
2026-04-24 16:30:00,4697.06,4717.42,4689.83,4711.81,14778,13,0
2026-04-24 17:00:00,4711.85,4740.31,4706.99,4725.58,15421,13,0
2026-04-24 17:30:00,4725.63,4732.96,4723.76,4726.45,13786,13,0
2026-04-24 18:00:00,4726.45,4727.29,4718.73,4721.98,12750,13,0
2026-04-24 18:30:00,4721.95,4733.46,4715.04,4727.24,13824,13,0
2026-04-24 19:00:00,4727.26,4729.75,4719.2,4723.35,11981,13,0
2026-04-24 19:30:00,4723.35,4727.78,4719.38,4726.89,10685,13,0
2026-04-24 20:00:00,4726.87,4730.05,4722.41,4722.97,10734,13,0
2026-04-24 20:30:00,4722.99,4727.8,4719.1,4723.44,9837,13,0
2026-04-24 21:00:00,4723.44,4724.88,4717.07,4717.24,9595,13,0
2026-04-24 21:30:00,4717.23,4723.32,4716.9,4722.78,8120,13,0
2026-04-24 22:00:00,4722.78,4726.08,4717.45,4719.11,8219,13,0
2026-04-24 22:30:00,4719.11,4720.69,4713.7,4717.17,9565,13,0
2026-04-24 23:00:00,4716.47,4717.47,4705.46,4708.18,6408,13,0
2026-04-24 23:30:00,4708.18,4709.59,4705.36,4707.4,5046,13,0
2026-04-27 01:00:00,4697.32,4705.03,4680.1,4686.86,9678,18,0
2026-04-27 01:30:00,4686.86,4686.94,4682.08,4684.6,6299,13,0
2026-04-27 02:00:00,4684.67,4684.92,4677.31,4677.38,6287,13,0
2026-04-27 02:30:00,4677.47,4682.19,4675.09,4680.06,6745,13,0
2026-04-27 03:00:00,4680.03,4682.32,4672.19,4680.87,9606,10,0
2026-04-27 03:30:00,4680.83,4698.14,4676.88,4697.77,7862,13,0
2026-04-27 04:00:00,4697.78,4709.82,4690.95,4698.08,13299,13,0
2026-04-27 04:30:00,4698.1,4706.52,4695.78,4702.67,11425,13,0
2026-04-27 05:00:00,4702.68,4708.31,4696.29,4705.8,9405,13,0
2026-04-27 05:30:00,4705.81,4723.46,4704.41,4718.2,10422,13,0
2026-04-27 06:00:00,4718.2,4722.25,4714.5,4715.69,8519,13,0
2026-04-27 06:30:00,4715.68,4729.41,4715.44,4724.21,7606,13,0
2026-04-27 07:00:00,4724.21,4728.01,4723.64,4726.93,5574,13,0
2026-04-27 07:30:00,4726.93,4730.04,4722.77,4724.99,6042,13,0
2026-04-27 08:00:00,4724.99,4725.52,4716.11,4718.26,7069,13,0
2026-04-27 08:30:00,4718.26,4718.39,4708.81,4710.1,9478,13,0
2026-04-27 09:00:00,4710.09,4715.71,4709.34,4714.47,9629,13,0
2026-04-27 09:30:00,4714.46,4715.48,4709.41,4712.87,8736,13,0
2026-04-27 10:00:00,4712.87,4718.37,4710.94,4716.12,9130,13,0
2026-04-27 10:30:00,4716.12,4717.42,4710.01,4713.37,8769,13,0
2026-04-27 11:00:00,4713.38,4714.39,4709.49,4710.78,9859,13,0
2026-04-27 11:30:00,4710.76,4714.74,4705.4,4706.84,8811,13,0
2026-04-27 12:00:00,4706.84,4708.31,4701.63,4702.3,7556,13,0
2026-04-27 12:30:00,4702.33,4705.4,4699.57,4703.62,7167,13,0
2026-04-27 13:00:00,4703.62,4706.89,4699.53,4705.16,6469,13,0
2026-04-27 13:30:00,4705.16,4710.82,4704.67,4708.79,7535,13,0
2026-04-27 14:00:00,4708.83,4709.16,4700.35,4705.29,8468,13,0
2026-04-27 14:30:00,4705.23,4708.59,4700.12,4704.89,7488,13,0
2026-04-27 15:00:00,4704.88,4712.63,4702.13,4707.08,9999,13,0
2026-04-27 15:30:00,4707.08,4707.89,4697.07,4699.23,10325,13,0
2026-04-27 16:00:00,4699.26,4703.4,4693.38,4699.98,11986,13,0
2026-04-27 16:30:00,4699.97,4702.53,4689.33,4696.14,14221,13,0
2026-04-27 17:00:00,4696.19,4696.62,4686.26,4689.06,13926,13,0
2026-04-27 17:30:00,4689.09,4696.69,4676.68,4678.17,13396,13,0
2026-04-27 18:00:00,4678.2,4681.17,4667.23,4681.16,13235,13,0
2026-04-27 18:30:00,4681.15,4682.54,4668.07,4670.1,11913,13,0
2026-04-27 19:00:00,4670.12,4677.81,4667.34,4676.38,10482,13,0
2026-04-27 19:30:00,4676.39,4679.56,4674.4,4676.71,8977,13,0
2026-04-27 20:00:00,4676.73,4680.01,4668.3,4679.75,10615,13,0
2026-04-27 20:30:00,4679.73,4686.16,4679.47,4682.15,9967,13,0
2026-04-27 21:00:00,4682.14,4685.49,4678.93,4684.09,8931,13,0
2026-04-27 21:30:00,4684.09,4685.25,4680.69,4680.73,7134,13,0
2026-04-27 22:00:00,4680.73,4682.74,4678.52,4682.25,6579,13,0
2026-04-27 22:30:00,4682.25,4682.42,4676.7,4680.71,8251,13,0
2026-04-27 23:00:00,4680.8,4681.5,4677.57,4679.8,3752,13,0
2026-04-27 23:30:00,4679.8,4680.51,4678.4,4679.9,3135,14,0
2026-04-28 01:00:00,4683.82,4691.16,4682.4,4689.06,5812,18,0
2026-04-28 01:30:00,4689.06,4689.7,4686.27,4687.97,4130,13,0
2026-04-28 02:00:00,4687.97,4691.66,4687.33,4690.75,4305,13,0
2026-04-28 02:30:00,4690.75,4695.08,4690.52,4692.01,4730,13,0
2026-04-28 03:00:00,4692.03,4701.42,4691.9,4694.99,8772,11,0
2026-04-28 03:30:00,4695.02,4695.3,4690.49,4690.64,7430,13,0
2026-04-28 04:00:00,4690.62,4690.97,4684.59,4687.63,10598,13,0
2026-04-28 04:30:00,4687.63,4691.54,4669.48,4670.74,10678,13,0
2026-04-28 05:00:00,4670.74,4679.74,4666.59,4675.54,9619,13,0
2026-04-28 05:30:00,4675.54,4675.61,4666.71,4669.17,10076,13,0
2026-04-28 06:00:00,4669.17,4675.85,4668.47,4674.89,8746,13,0
2026-04-28 06:30:00,4674.86,4675.37,4669.39,4671.0,6170,13,0
2026-04-28 07:00:00,4671.02,4671.32,4666.77,4667.44,6124,13,0
2026-04-28 07:30:00,4667.44,4669.97,4666.87,4667.65,5325,13,0
2026-04-28 08:00:00,4667.65,4668.04,4649.02,4658.36,9113,13,0
2026-04-28 08:30:00,4658.36,4658.63,4623.93,4632.22,13905,13,0
2026-04-28 09:00:00,4632.19,4642.97,4623.47,4631.64,12155,13,0
2026-04-28 09:30:00,4631.66,4634.75,4623.41,4629.06,11252,13,0
2026-04-28 10:00:00,4629.02,4639.46,4627.27,4629.66,10776,13,0
2026-04-28 10:30:00,4629.66,4635.3,4620.65,4633.22,10541,13,0
2026-04-28 11:00:00,4633.18,4633.59,4614.63,4626.78,12045,13,0
2026-04-28 11:30:00,4626.98,4635.37,4625.17,4629.68,9999,13,0
2026-04-28 12:00:00,4629.7,4630.05,4613.13,4618.29,10388,13,0
2026-04-28 12:30:00,4618.29,4619.1,4604.6,4604.78,11186,13,0
2026-04-28 13:00:00,4604.77,4616.57,4604.43,4611.85,9964,13,0
2026-04-28 13:30:00,4611.53,4615.89,4603.33,4603.38,9124,13,0
2026-04-28 14:00:00,4603.36,4608.8,4594.11,4599.45,11363,13,0
2026-04-28 14:30:00,4599.45,4599.86,4555.49,4562.67,13947,13,0
2026-04-28 15:00:00,4562.62,4597.68,4554.96,4580.24,14165,13,0
2026-04-28 15:30:00,4580.23,4600.07,4570.67,4593.76,13377,13,0
2026-04-28 16:00:00,4593.73,4594.53,4571.32,4581.86,14206,13,0
2026-04-28 16:30:00,4581.59,4592.62,4570.88,4580.46,15314,13,0
2026-04-28 17:00:00,4580.43,4580.68,4564.46,4571.53,15261,13,0
2026-04-28 17:30:00,4571.55,4578.13,4557.34,4574.55,15295,13,0
2026-04-28 18:00:00,4574.53,4581.88,4567.0,4577.01,14532,13,0
2026-04-28 18:30:00,4577.02,4586.54,4571.17,4586.5,13340,13,0
2026-04-28 19:00:00,4586.52,4586.89,4577.84,4582.91,11872,13,0
2026-04-28 19:30:00,4583.01,4594.95,4580.66,4592.32,12047,13,0
2026-04-28 20:00:00,4592.32,4597.29,4587.31,4593.46,11887,13,0
2026-04-28 20:30:00,4593.53,4601.58,4593.53,4594.76,10155,13,0
2026-04-28 21:00:00,4594.76,4600.54,4592.17,4599.01,10198,13,0
2026-04-28 21:30:00,4599.01,4599.57,4593.19,4594.32,8600,13,0
2026-04-28 22:00:00,4594.33,4598.8,4593.8,4596.3,8032,13,0
2026-04-28 22:30:00,4596.32,4600.03,4593.34,4595.67,9343,13,0
2026-04-28 23:00:00,4595.62,4598.68,4591.22,4592.9,5854,13,0
2026-04-28 23:30:00,4592.9,4596.53,4592.38,4596.48,3798,13,0
2026-04-29 01:00:00,4598.43,4600.28,4594.34,4595.88,4553,18,0
2026-04-29 01:30:00,4595.83,4597.29,4592.48,4594.2,3239,13,0
2026-04-29 02:00:00,4594.2,4594.57,4589.34,4592.29,4173,13,0
2026-04-29 02:30:00,4592.29,4596.2,4587.99,4595.66,5304,13,0
2026-04-29 03:00:00,4595.71,4610.34,4594.8,4600.11,9319,10,0
2026-04-29 03:30:00,4600.11,4604.92,4596.24,4600.27,6962,13,0
2026-04-29 04:00:00,4600.27,4600.47,4576.14,4580.48,12705,13,0
2026-04-29 04:30:00,4580.48,4591.63,4579.05,4584.92,11883,13,0
2026-04-29 05:00:00,4584.92,4604.24,4584.92,4599.34,10290,13,0
2026-04-29 05:30:00,4599.34,4601.93,4592.29,4593.58,10032,13,0
2026-04-29 06:00:00,4593.66,4603.33,4592.92,4598.76,8719,13,0
2026-04-29 06:30:00,4598.84,4598.84,4592.21,4595.45,6028,13,0
2026-04-29 07:00:00,4595.46,4603.49,4595.36,4601.74,5441,13,0
2026-04-29 07:30:00,4601.73,4605.65,4601.7,4604.83,5756,13,0
2026-04-29 08:00:00,4604.85,4607.73,4598.69,4600.73,6430,13,0
2026-04-29 08:30:00,4600.76,4603.25,4590.8,4591.04,9134,13,0
2026-04-29 09:00:00,4591.05,4598.71,4581.38,4585.01,10789,13,0
2026-04-29 09:30:00,4585.07,4587.53,4580.85,4584.56,9297,13,0
2026-04-29 10:00:00,4584.57,4588.9,4569.69,4575.26,10779,13,0
2026-04-29 10:30:00,4575.22,4578.8,4567.31,4567.84,10909,13,0
2026-04-29 11:00:00,4567.84,4573.34,4564.47,4566.59,11405,13,0
2026-04-29 11:30:00,4566.33,4576.77,4557.35,4573.18,10675,13,0
2026-04-29 12:00:00,4573.18,4580.79,4565.78,4565.81,9655,13,0
2026-04-29 12:30:00,4565.81,4569.64,4551.65,4555.79,11485,13,0
2026-04-29 13:00:00,4555.69,4573.31,4555.1,4571.78,9376,13,0
2026-04-29 13:30:00,4571.8,4576.63,4563.96,4569.95,8900,13,0
2026-04-29 14:00:00,4569.91,4572.08,4564.31,4564.72,9656,13,0
2026-04-29 14:30:00,4564.74,4571.82,4559.26,4561.72,9834,13,0
2026-04-29 15:00:00,4561.72,4569.07,4559.39,4559.55,9594,13,0
2026-04-29 15:30:00,4559.5,4560.0,4542.13,4544.92,12065,13,0
2026-04-29 16:00:00,4544.93,4553.34,4534.62,4537.91,13247,13,0
2026-04-29 16:30:00,4537.85,4539.43,4510.25,4521.79,15152,13,0
2026-04-29 17:00:00,4521.83,4537.75,4517.89,4533.19,14813,13,0
2026-04-29 17:30:00,4533.19,4542.69,4530.98,4539.47,13463,13,0
2026-04-29 18:00:00,4539.47,4546.91,4536.23,4543.61,13175,13,0
2026-04-29 18:30:00,4543.58,4558.92,4540.42,4547.63,13764,13,0
2026-04-29 19:00:00,4547.76,4564.93,4547.05,4560.34,13033,13,0
2026-04-29 19:30:00,4560.18,4560.18,4543.4,4545.52,12227,13,0
2026-04-29 20:00:00,4545.52,4554.51,4542.85,4547.24,12143,13,0
2026-04-29 20:30:00,4547.25,4548.64,4541.65,4547.31,10917,13,0
2026-04-29 21:00:00,4547.76,4552.85,4525.06,4533.0,14329,13,0
2026-04-29 21:30:00,4532.97,4541.33,4518.3,4538.05,15073,13,0
2026-04-29 22:00:00,4538.11,4550.68,4533.23,4542.81,13183,13,0
2026-04-29 22:30:00,4542.82,4549.85,4537.6,4547.03,12145,13,0
2026-04-29 23:00:00,4546.96,4553.61,4541.43,4543.27,12243,13,0
2026-04-29 23:30:00,4543.37,4546.61,4541.45,4543.51,7758,13,0
2026-04-30 01:00:00,4545.6,4550.85,4539.32,4549.16,6469,18,0
2026-04-30 01:30:00,4549.16,4552.7,4547.53,4552.17,5278,13,0
2026-04-30 02:00:00,4552.17,4555.16,4549.75,4551.72,5204,13,0
2026-04-30 02:30:00,4551.72,4562.0,4551.5,4561.77,5992,13,0
2026-04-30 03:00:00,4561.79,4568.56,4556.54,4563.59,11111,12,0
2026-04-30 03:30:00,4563.67,4574.09,4562.3,4569.98,9211,13,0
2026-04-30 04:00:00,4569.87,4581.05,4564.6,4579.88,11401,13,0
2026-04-30 04:30:00,4579.89,4582.47,4570.99,4579.17,11161,13,0
2026-04-30 05:00:00,4579.17,4581.94,4571.88,4573.14,8708,13,0
2026-04-30 05:30:00,4573.14,4573.8,4559.93,4564.95,11330,13,0
2026-04-30 06:00:00,4564.95,4569.13,4562.55,4563.28,8773,13,0
2026-04-30 06:30:00,4563.28,4563.97,4555.75,4556.15,8028,13,0
2026-04-30 07:00:00,4556.06,4557.0,4545.95,4547.38,9436,13,0
2026-04-30 07:30:00,4547.23,4549.54,4540.89,4542.08,9209,13,0
2026-04-30 08:00:00,4542.1,4559.04,4541.97,4555.7,9137,13,0
2026-04-30 08:30:00,4555.7,4569.64,4553.82,4562.62,10205,13,0
2026-04-30 09:00:00,4562.64,4571.09,4560.2,4569.51,11302,13,0
2026-04-30 09:30:00,4569.53,4591.59,4569.52,4589.52,11106,13,0
2026-04-30 10:00:00,4589.52,4595.43,4584.88,4591.58,11482,13,0
2026-04-30 10:30:00,4591.59,4605.5,4588.07,4598.49,10029,13,0
2026-04-30 11:00:00,4598.48,4629.67,4597.39,4617.59,12657,13,0
2026-04-30 11:30:00,4617.56,4620.86,4613.8,4616.3,10764,13,0
2026-04-30 12:00:00,4616.37,4626.76,4614.29,4625.61,10834,13,0
2026-04-30 12:30:00,4625.55,4631.84,4618.21,4625.23,11542,13,0
2026-04-30 13:00:00,4625.2,4644.17,4623.76,4643.63,10461,13,0
2026-04-30 13:30:00,4643.72,4646.88,4633.93,4639.81,12211,13,0
2026-04-30 14:00:00,4639.81,4645.38,4630.46,4637.68,12791,13,0
2026-04-30 14:30:00,4637.69,4637.75,4626.9,4630.21,11577,13,0
2026-04-30 15:00:00,4630.21,4637.55,4628.49,4630.01,10971,13,0
2026-04-30 15:30:00,4630.08,4640.13,4624.66,4639.58,12002,13,0
2026-04-30 16:00:00,4639.58,4645.93,4632.97,4633.63,12762,13,0
2026-04-30 16:30:00,4633.6,4634.65,4610.63,4611.0,14929,13,0
2026-04-30 17:00:00,4611.05,4625.98,4609.5,4622.93,15211,13,0
2026-04-30 17:30:00,4623.01,4623.91,4610.92,4619.77,14724,13,0
2026-04-30 18:00:00,4619.81,4624.44,4614.95,4622.97,13608,13,0
2026-04-30 18:30:00,4622.98,4625.41,4611.31,4615.37,12407,13,0
2026-04-30 19:00:00,4615.35,4617.49,4605.6,4608.06,10920,13,0
2026-04-30 19:30:00,4608.06,4617.78,4605.42,4607.6,9889,13,0
2026-04-30 20:00:00,4607.61,4620.79,4607.61,4617.92,10638,13,0
2026-04-30 20:30:00,4617.94,4621.62,4615.02,4616.86,9800,13,0
2026-04-30 21:00:00,4616.86,4625.24,4616.78,4620.78,10218,13,0
2026-04-30 21:30:00,4620.81,4625.06,4619.14,4622.48,8765,13,0
2026-04-30 22:00:00,4622.48,4627.37,4617.08,4617.72,9202,13,0
2026-04-30 22:30:00,4617.72,4623.23,4614.59,4617.0,10374,13,0
2026-04-30 23:00:00,4617.03,4620.45,4615.83,4616.72,7570,13,0
2026-04-30 23:30:00,4616.72,4622.04,4615.45,4620.62,5508,13,0
2026-05-01 01:00:00,4626.58,4635.79,4625.56,4631.22,5057,18,0
2026-05-01 01:30:00,4631.22,4632.33,4626.89,4630.42,5625,13,0
2026-05-01 02:00:00,4630.37,4632.18,4628.39,4630.81,4897,13,0
2026-05-01 02:30:00,4630.81,4634.04,4626.39,4626.5,5634,13,0
2026-05-01 03:00:00,4626.57,4631.14,4620.81,4623.76,9492,10,0
2026-05-01 03:30:00,4623.79,4625.09,4618.49,4619.72,8139,13,0
2026-05-01 04:00:00,4619.72,4620.95,4613.95,4616.32,7297,13,0
2026-05-01 04:30:00,4616.25,4622.26,4616.13,4620.96,7154,13,0
2026-05-01 05:00:00,4620.97,4636.02,4619.78,4629.43,7081,13,0
2026-05-01 05:30:00,4629.43,4631.12,4616.57,4619.1,6656,13,0
2026-05-01 06:00:00,4619.1,4626.72,4617.84,4626.17,5296,13,0
2026-05-01 06:30:00,4626.27,4632.07,4625.44,4626.7,6532,13,0
2026-05-01 07:00:00,4626.7,4628.73,4617.24,4617.62,6309,13,0
2026-05-01 07:30:00,4617.62,4618.18,4609.22,4609.23,6382,13,0
2026-05-01 08:00:00,4609.23,4616.17,4607.62,4614.73,6036,13,0
2026-05-01 08:30:00,4614.71,4615.41,4602.98,4604.91,6740,13,0
2026-05-01 09:00:00,4604.92,4607.86,4593.44,4593.47,8143,13,0
2026-05-01 09:30:00,4593.47,4597.6,4590.87,4594.91,8870,13,0
2026-05-01 10:00:00,4594.79,4598.1,4585.28,4592.39,9545,13,0
2026-05-01 10:30:00,4592.39,4592.59,4575.92,4578.22,8511,13,0
2026-05-01 11:00:00,4578.21,4582.57,4566.47,4567.34,9520,13,0
2026-05-01 11:30:00,4567.34,4572.66,4565.18,4568.7,7761,13,0
2026-05-01 12:00:00,4568.76,4571.39,4564.32,4569.23,7802,13,0
2026-05-01 12:30:00,4569.23,4573.01,4560.32,4562.75,7534,13,0
2026-05-01 13:00:00,4562.75,4572.74,4561.44,4572.15,6263,13,0
2026-05-01 13:30:00,4572.15,4576.04,4566.13,4566.85,6746,13,0
2026-05-01 14:00:00,4566.85,4576.45,4562.54,4571.93,8480,13,0
2026-05-01 14:30:00,4571.93,4579.55,4570.38,4578.74,8056,13,0
2026-05-01 15:00:00,4578.74,4607.82,4574.99,4602.94,11288,13,0
2026-05-01 15:30:00,4602.91,4603.27,4589.03,4591.22,10570,13,0
2026-05-01 16:00:00,4591.21,4597.28,4586.72,4589.23,9831,13,0
2026-05-01 16:30:00,4589.24,4628.87,4586.57,4625.73,14416,13,0
2026-05-01 17:00:00,4625.73,4660.2,4625.73,4644.63,15094,13,0
2026-05-01 17:30:00,4644.63,4646.26,4627.32,4632.13,14260,13,0
2026-05-01 18:00:00,4632.14,4640.7,4619.11,4636.51,12853,13,0
2026-05-01 18:30:00,4636.51,4648.1,4633.24,4643.24,11532,13,0
2026-05-01 19:00:00,4643.24,4650.06,4637.77,4638.02,11604,13,0
2026-05-01 19:30:00,4637.99,4642.92,4633.98,4638.87,11030,13,0
2026-05-01 20:00:00,4638.86,4642.7,4631.0,4631.84,9396,13,0
2026-05-01 20:30:00,4631.81,4634.98,4626.81,4629.62,9486,13,0
2026-05-01 21:00:00,4629.48,4630.69,4613.8,4623.5,10018,13,0
2026-05-01 21:30:00,4623.43,4625.92,4616.18,4624.3,9718,13,0
2026-05-01 22:00:00,4624.31,4627.71,4620.5,4624.35,7828,13,0
2026-05-01 22:30:00,4624.36,4624.58,4608.91,4610.85,10027,13,0
2026-05-01 23:00:00,4610.85,4616.2,4607.03,4613.36,5781,13,0
2026-05-01 23:30:00,4613.37,4617.35,4610.22,4615.6,4973,14,0
2026-05-04 01:00:00,4632.88,4637.82,4612.62,4620.81,7927,18,0
2026-05-04 01:30:00,4620.81,4629.37,4618.34,4618.87,6030,13,0
2026-05-04 02:00:00,4618.88,4620.92,4611.38,4617.12,6223,13,0
2026-05-04 02:30:00,4617.12,4618.47,4611.66,4613.95,6101,13,0
2026-05-04 03:00:00,4613.97,4616.53,4602.01,4606.07,10130,10,0
2026-05-04 03:30:00,4606.01,4613.5,4604.91,4613.06,7956,13,0
2026-05-04 04:00:00,4613.06,4614.07,4594.2,4594.63,9484,13,0
2026-05-04 04:30:00,4594.65,4613.76,4592.74,4613.07,7317,13,0
2026-05-04 05:00:00,4613.07,4618.54,4591.58,4593.1,8504,13,0
2026-05-04 05:30:00,4593.1,4611.1,4591.11,4605.86,8098,13,0
2026-05-04 06:00:00,4605.86,4611.79,4604.47,4610.26,6588,13,0
2026-05-04 06:30:00,4609.74,4617.23,4598.61,4615.13,9304,13,0
2026-05-04 07:00:00,4615.13,4615.46,4607.17,4608.07,7095,13,0
2026-05-04 07:30:00,4608.05,4612.94,4605.33,4605.94,6099,13,0
2026-05-04 08:00:00,4605.94,4613.18,4595.76,4596.53,8614,13,0
2026-05-04 08:30:00,4596.53,4601.87,4592.37,4599.09,8939,13,0
2026-05-04 09:00:00,4599.07,4600.75,4587.91,4593.96,9398,13,0
2026-05-04 09:30:00,4593.96,4595.59,4583.72,4588.54,9041,10,0
2026-05-04 10:00:00,4588.59,4593.41,4583.42,4585.97,8673,13,0
2026-05-04 10:30:00,4585.98,4590.87,4578.05,4579.03,9283,13,0
2026-05-04 11:00:00,4579.03,4581.15,4574.21,4575.0,10114,13,0
2026-05-04 11:30:00,4575.01,4581.45,4573.74,4577.06,8573,13,0
2026-05-04 12:00:00,4577.06,4584.55,4576.25,4581.37,7911,13,0
2026-05-04 12:30:00,4581.37,4584.54,4572.45,4575.49,6712,13,0
2026-05-04 13:00:00,4575.49,4575.89,4526.12,4545.02,14863,13,0
2026-05-04 13:30:00,4544.97,4566.92,4543.11,4562.69,11915,13,0
2026-05-04 14:00:00,4562.69,4570.79,4561.34,4562.33,10516,13,0
2026-05-04 14:30:00,4562.29,4563.08,4551.52,4559.94,10523,13,0
2026-05-04 15:00:00,4560.36,4579.33,4559.35,4568.59,10902,13,0
2026-05-04 15:30:00,4568.59,4575.95,4561.26,4568.7,10023,13,0
2026-05-04 16:00:00,4568.42,4575.89,4557.44,4561.09,11851,13,0
2026-05-04 16:30:00,4561.08,4570.78,4555.69,4564.07,13850,13,0
2026-05-04 17:00:00,4564.07,4582.27,4553.59,4571.3,13867,13,0
2026-05-04 17:30:00,4571.29,4583.26,4559.89,4561.51,12698,13,0
2026-05-04 18:00:00,4561.49,4566.06,4514.52,4537.94,15057,13,0
2026-05-04 18:30:00,4537.9,4542.89,4513.21,4521.54,14868,13,0
2026-05-04 19:00:00,4521.59,4526.96,4500.73,4514.97,15008,13,0
2026-05-04 19:30:00,4514.89,4518.84,4507.48,4510.67,12759,13,0
2026-05-04 20:00:00,4510.68,4531.63,4510.68,4524.42,12869,13,0
2026-05-04 20:30:00,4524.43,4527.59,4521.64,4522.34,9871,13,0
2026-05-04 21:00:00,4522.33,4525.34,4509.93,4512.0,9987,13,0
2026-05-04 21:30:00,4512.0,4516.36,4510.64,4516.3,9620,13,0
2026-05-04 22:00:00,4516.3,4525.94,4511.47,4522.46,10428,13,0
2026-05-04 22:30:00,4522.42,4527.18,4515.37,4517.86,9502,13,0
2026-05-04 23:00:00,4517.91,4518.17,4511.8,4515.23,5154,13,0
2026-05-04 23:30:00,4515.23,4523.24,4514.66,4523.21,4104,13,0
2026-05-05 01:00:00,4523.95,4525.48,4518.11,4519.86,3980,18,0
2026-05-05 01:30:00,4519.86,4522.23,4515.69,4517.53,3680,13,0
2026-05-05 02:00:00,4517.52,4521.6,4516.22,4521.12,3475,13,0
2026-05-05 02:30:00,4521.12,4521.36,4517.36,4519.08,3836,13,0
2026-05-05 03:00:00,4519.06,4528.58,4513.65,4517.1,8737,11,0
2026-05-05 03:30:00,4517.09,4530.41,4516.08,4530.07,7281,13,0
2026-05-05 04:00:00,4530.08,4540.06,4525.49,4537.85,8370,13,0
2026-05-05 04:30:00,4537.85,4542.29,4534.15,4540.97,8138,13,0
2026-05-05 05:00:00,4540.96,4542.6,4534.72,4541.51,6281,13,0
2026-05-05 05:30:00,4541.52,4546.67,4538.87,4539.08,6545,13,0
2026-05-05 06:00:00,4539.08,4542.71,4537.38,4538.04,5056,13,0
2026-05-05 06:30:00,4538.02,4539.27,4532.47,4534.61,5016,13,0
2026-05-05 07:00:00,4534.61,4535.78,4529.5,4529.65,5097,13,0
2026-05-05 07:30:00,4529.65,4536.65,4528.06,4533.71,5658,13,0
2026-05-05 08:00:00,4533.71,4545.5,4531.53,4539.98,7388,13,0
2026-05-05 08:30:00,4539.98,4551.7,4539.85,4545.73,8107,13,0
2026-05-05 09:00:00,4545.75,4552.11,4533.84,4536.94,8694,13,0
2026-05-05 09:30:00,4536.94,4550.97,4536.33,4548.13,8419,13,0
2026-05-05 10:00:00,4548.14,4555.66,4547.59,4548.94,8419,13,0
2026-05-05 10:30:00,4548.92,4558.26,4543.37,4545.56,9151,13,0
2026-05-05 11:00:00,4545.55,4554.76,4545.53,4551.47,9030,13,0
2026-05-05 11:30:00,4551.22,4559.7,4547.93,4558.4,8533,13,0
2026-05-05 12:00:00,4558.51,4560.47,4552.32,4552.37,8627,13,0
2026-05-05 12:30:00,4552.37,4558.31,4551.12,4556.29,7251,13,0
2026-05-05 13:00:00,4556.29,4556.93,4546.96,4547.95,7188,13,0
2026-05-05 13:30:00,4547.95,4554.12,4540.27,4543.82,7877,13,0
2026-05-05 14:00:00,4543.82,4557.63,4539.91,4556.14,9449,13,0
2026-05-05 14:30:00,4556.11,4564.9,4555.08,4562.79,8959,13,0
2026-05-05 15:00:00,4562.77,4574.33,4554.28,4573.92,11569,13,0
2026-05-05 15:30:00,4573.92,4574.67,4561.81,4564.67,9410,13,0
2026-05-05 16:00:00,4564.64,4584.97,4564.35,4576.89,11272,13,0
2026-05-05 16:30:00,4576.86,4583.15,4571.7,4579.4,12554,13,0
2026-05-05 17:00:00,4579.39,4586.6,4566.01,4584.27,13360,13,0
2026-05-05 17:30:00,4584.16,4585.77,4575.57,4582.38,11665,13,0
2026-05-05 18:00:00,4582.39,4583.87,4575.48,4578.98,10578,13,0
2026-05-05 18:30:00,4579.24,4581.05,4568.4,4568.59,10325,13,0
2026-05-05 19:00:00,4568.57,4569.04,4556.22,4559.71,9580,13,0
2026-05-05 19:30:00,4559.75,4562.87,4553.77,4561.25,9365,13,0
2026-05-05 20:00:00,4561.25,4562.61,4553.32,4558.65,9530,13,0
2026-05-05 20:30:00,4558.66,4562.77,4556.13,4559.86,8328,13,0
2026-05-05 21:00:00,4559.86,4565.52,4558.74,4562.19,7263,13,0
2026-05-05 21:30:00,4562.2,4565.76,4557.67,4561.08,7791,13,0
2026-05-05 22:00:00,4561.07,4561.53,4554.99,4556.25,6953,13,0
2026-05-05 22:30:00,4556.25,4558.92,4551.61,4554.86,7386,13,0
2026-05-05 23:00:00,4554.71,4559.82,4554.03,4559.23,4880,13,0
2026-05-05 23:30:00,4559.23,4560.03,4554.55,4556.26,3908,13,0
2026-05-06 01:00:00,4560.38,4560.38,4546.49,4546.72,5130,18,0
2026-05-06 01:30:00,4546.72,4577.23,4546.34,4573.36,6244,13,0
2026-05-06 02:00:00,4573.36,4590.51,4569.53,4582.21,9654,13,0
2026-05-06 02:30:00,4582.21,4595.74,4579.58,4594.01,7397,13,0
2026-05-06 03:00:00,4594.02,4604.24,4588.29,4602.32,10761,13,0
2026-05-06 03:30:00,4602.32,4619.82,4602.11,4618.79,9338,13,0
2026-05-06 04:00:00,4618.78,4625.64,4609.58,4624.99,11439,13,0
2026-05-06 04:30:00,4625.0,4628.64,4620.43,4626.11,10547,13,0
2026-05-06 05:00:00,4626.11,4636.38,4625.36,4630.06,8638,13,0
2026-05-06 05:30:00,4630.06,4641.89,4626.84,4640.77,8787,13,0
2026-05-06 06:00:00,4640.78,4651.2,4638.62,4645.74,8958,13,0
2026-05-06 06:30:00,4645.74,4652.07,4642.66,4643.96,6964,13,0
2026-05-06 07:00:00,4643.74,4653.68,4643.48,4652.78,6171,13,0
2026-05-06 07:30:00,4652.75,4652.82,4646.06,4649.07,9146,13,0
2026-05-06 08:00:00,4649.07,4656.45,4648.92,4650.43,6941,13,0
2026-05-06 08:30:00,4650.44,4663.85,4644.67,4663.0,9214,13,0
2026-05-06 09:00:00,4663.01,4666.67,4657.14,4666.16,9879,13,0
2026-05-06 09:30:00,4666.16,4669.59,4660.15,4669.26,9013,13,0
2026-05-06 10:00:00,4669.28,4670.24,4657.48,4667.59,9237,13,0
2026-05-06 10:30:00,4667.59,4681.84,4663.15,4681.66,9183,13,0
2026-05-06 11:00:00,4681.63,4682.47,4675.3,4676.98,9230,13,0
2026-05-06 11:30:00,4676.99,4702.48,4671.67,4700.18,10578,13,0
2026-05-06 12:00:00,4700.13,4708.54,4689.19,4700.16,12495,13,0
2026-05-06 12:30:00,4700.16,4706.08,4694.36,4701.86,11000,13,0
2026-05-06 13:00:00,4701.84,4705.8,4695.63,4704.46,10458,13,0
2026-05-06 13:30:00,4704.46,4722.95,4704.46,4717.97,12598,13,0
2026-05-06 14:00:00,4717.97,4721.34,4705.68,4705.71,11975,13,0
2026-05-06 14:30:00,4705.71,4715.43,4690.88,4692.17,12152,13,0
2026-05-06 15:00:00,4692.17,4693.15,4660.52,4683.41,13676,13,0
2026-05-06 15:30:00,4683.37,4685.44,4676.89,4683.34,11833,13,0
2026-05-06 16:00:00,4683.32,4692.39,4668.86,4685.18,13231,13,0
2026-05-06 16:30:00,4685.19,4707.81,4680.33,4702.16,14769,13,0
2026-05-06 17:00:00,4702.16,4717.49,4697.77,4705.76,14183,13,0
2026-05-06 17:30:00,4705.74,4714.65,4700.85,4703.07,13615,13,0
2026-05-06 18:00:00,4703.07,4705.82,4693.48,4695.47,12065,13,0
2026-05-06 18:30:00,4695.45,4697.81,4687.88,4687.88,11817,13,0
2026-05-06 19:00:00,4687.88,4688.59,4681.34,4688.17,11122,13,0
2026-05-06 19:30:00,4688.26,4692.08,4679.57,4683.16,11025,13,0
2026-05-06 20:00:00,4683.17,4688.08,4679.71,4683.13,10869,13,0
2026-05-06 20:30:00,4683.05,4684.58,4678.96,4684.07,9060,13,0
2026-05-06 21:00:00,4684.07,4690.5,4681.92,4687.81,7569,13,0
2026-05-06 21:30:00,4687.81,4690.31,4684.9,4686.09,7626,13,0
2026-05-06 22:00:00,4686.09,4700.19,4686.09,4698.45,8181,13,0
2026-05-06 22:30:00,4698.41,4699.0,4692.48,4692.48,8848,13,0
2026-05-06 23:00:00,4692.48,4699.66,4691.99,4692.7,6471,13,0
2026-05-06 23:30:00,4692.7,4693.09,4685.22,4690.66,4928,13,0
2026-05-07 01:00:00,4692.91,4699.89,4689.47,4695.55,5316,18,0
2026-05-07 01:30:00,4695.54,4699.7,4694.45,4694.9,4390,13,0
2026-05-07 02:00:00,4694.9,4698.58,4690.29,4693.41,4760,13,0
2026-05-07 02:30:00,4693.37,4699.59,4691.76,4698.99,4777,13,0
2026-05-07 03:00:00,4699.02,4701.23,4690.03,4692.51,10424,10,0
2026-05-07 03:30:00,4692.51,4693.34,4685.6,4688.64,8884,13,0
2026-05-07 04:00:00,4688.64,4716.49,4685.31,4704.22,12212,13,0
2026-05-07 04:30:00,4704.22,4721.35,4702.29,4714.79,10950,13,0
2026-05-07 05:00:00,4714.79,4718.55,4701.77,4702.83,10003,13,0
2026-05-07 05:30:00,4702.82,4709.98,4699.95,4707.28,8945,13,0
2026-05-07 06:00:00,4707.28,4709.89,4704.3,4704.48,7832,13,0
2026-05-07 06:30:00,4704.48,4704.96,4699.05,4699.22,5818,13,0
2026-05-07 07:00:00,4699.22,4700.81,4695.13,4696.92,7123,13,0
2026-05-07 07:30:00,4696.91,4699.2,4692.52,4696.41,5780,13,0
2026-05-07 08:00:00,4696.41,4701.16,4694.77,4695.96,6631,13,0
2026-05-07 08:30:00,4695.96,4706.56,4694.94,4701.06,8763,13,0
2026-05-07 09:00:00,4701.06,4717.91,4701.06,4717.44,9858,13,0
2026-05-07 09:30:00,4717.42,4750.15,4716.11,4739.15,11761,13,0
2026-05-07 10:00:00,4739.2,4750.68,4731.68,4739.51,12956,13,0
2026-05-07 10:30:00,4739.53,4744.47,4737.17,4743.21,10422,13,0
2026-05-07 11:00:00,4743.21,4753.53,4733.86,4740.13,11528,13,0
2026-05-07 11:30:00,4740.2,4741.87,4730.97,4731.02,9678,13,0
2026-05-07 12:00:00,4731.05,4738.72,4721.94,4735.65,9928,13,0
2026-05-07 12:30:00,4735.74,4739.47,4725.87,4729.12,9515,13,0
2026-05-07 13:00:00,4729.09,4736.22,4726.7,4732.47,8855,13,0
2026-05-07 13:30:00,4732.47,4739.88,4728.17,4735.68,8054,13,0
2026-05-07 14:00:00,4735.75,4737.15,4727.32,4732.74,9097,13,0
2026-05-07 14:30:00,4732.77,4743.73,4731.89,4742.8,9867,13,0
2026-05-07 15:00:00,4742.8,4747.08,4733.36,4738.74,11784,13,0
2026-05-07 15:30:00,4738.56,4752.64,4737.42,4750.12,10982,13,0
2026-05-07 16:00:00,4750.12,4750.37,4731.29,4745.36,12439,13,0
2026-05-07 16:30:00,4745.35,4758.24,4737.5,4746.37,14476,13,0
2026-05-07 17:00:00,4746.37,4759.51,4741.06,4756.76,13618,13,0
2026-05-07 17:30:00,4756.78,4763.42,4747.76,4762.79,12964,13,0
2026-05-07 18:00:00,4762.78,4764.78,4736.51,4740.22,13526,13,0
2026-05-07 18:30:00,4740.19,4747.15,4726.45,4729.26,13526,13,0
2026-05-07 19:00:00,4729.26,4729.76,4704.56,4720.01,14920,13,0
2026-05-07 19:30:00,4720.13,4720.87,4710.53,4715.09,13308,13,0
2026-05-07 20:00:00,4715.09,4719.58,4687.79,4699.21,13892,13,0
2026-05-07 20:30:00,4699.17,4712.18,4693.45,4711.54,14524,13,0
2026-05-07 21:00:00,4711.48,4713.06,4705.23,4712.89,12397,13,0
2026-05-07 21:30:00,4712.89,4716.01,4695.53,4709.7,13304,13,0
2026-05-07 22:00:00,4709.7,4713.01,4697.89,4705.18,12759,13,0
2026-05-07 22:30:00,4705.18,4712.1,4702.86,4702.94,12100,13,0
2026-05-07 23:00:00,4703.09,4719.2,4703.06,4713.02,8951,13,0
2026-05-07 23:30:00,4713.02,4715.76,4686.37,4688.42,8894,14,0
2026-05-08 01:00:00,4679.08,4699.37,4676.93,4693.75,8324,13,0
2026-05-08 01:30:00,4693.75,4695.19,4681.89,4685.9,6892,13,0
2026-05-08 02:00:00,4685.91,4698.5,4684.61,4696.51,5363,13,0
2026-05-08 02:30:00,4696.48,4705.6,4695.05,4704.41,6113,13,0
2026-05-08 03:00:00,4704.38,4709.5,4694.01,4697.26,9584,12,0
2026-05-08 03:30:00,4697.24,4708.13,4696.22,4701.36,8599,13,0
2026-05-08 04:00:00,4701.36,4719.4,4700.58,4712.59,11025,13,0
2026-05-08 04:30:00,4712.49,4725.42,4705.22,4722.88,10539,13,0
2026-05-08 05:00:00,4722.91,4732.76,4718.24,4721.54,9162,13,0
2026-05-08 05:30:00,4721.54,4723.57,4707.03,4713.4,11304,13,0
2026-05-08 06:00:00,4713.44,4722.74,4711.14,4720.42,8140,13,0
2026-05-08 06:30:00,4720.4,4731.04,4718.07,4719.66,7663,13,0
2026-05-08 07:00:00,4719.66,4723.32,4713.55,4717.43,6750,13,0
2026-05-08 07:30:00,4717.43,4718.43,4709.07,4711.09,6797,13,0
2026-05-08 08:00:00,4711.09,4720.17,4709.7,4719.43,6775,13,0
2026-05-08 08:30:00,4719.42,4731.37,4719.41,4727.58,10088,13,0
2026-05-08 09:00:00,4727.56,4734.6,4712.7,4733.64,11343,13,0
2026-05-08 09:30:00,4733.63,4734.39,4721.21,4725.72,9742,13,0
2026-05-08 10:00:00,4725.72,4726.52,4697.17,4706.8,11467,13,0
2026-05-08 10:30:00,4706.77,4713.62,4701.32,4707.95,10357,13,0
2026-05-08 11:00:00,4707.96,4722.59,4706.75,4717.0,9516,13,0
2026-05-08 11:30:00,4717.0,4723.58,4715.02,4715.81,8694,13,0
2026-05-08 12:00:00,4715.79,4722.86,4713.52,4718.06,8343,13,0
2026-05-08 12:30:00,4718.06,4718.78,4707.5,4711.93,8994,13,0
2026-05-08 13:00:00,4711.93,4723.98,4711.22,4720.54,7266,13,0
2026-05-08 13:30:00,4720.53,4727.91,4715.37,4719.79,8186,13,0
2026-05-08 14:00:00,4719.83,4727.38,4718.9,4724.12,8570,13,0
2026-05-08 14:30:00,4724.11,4725.85,4713.69,4717.76,7946,13,0
2026-05-08 15:00:00,4717.76,4719.86,4702.88,4710.46,10700,13,0
2026-05-08 15:30:00,4710.53,4732.05,4703.41,4724.45,13785,13,0
2026-05-08 16:00:00,4724.45,4729.02,4716.7,4727.24,12480,13,0
2026-05-08 16:30:00,4727.31,4748.04,4726.98,4748.04,14291,13,0
2026-05-08 17:00:00,4748.01,4749.4,4718.96,4719.14,14028,13,0
2026-05-08 17:30:00,4717.76,4725.61,4713.36,4716.0,12988,13,0
2026-05-08 18:00:00,4716.0,4720.89,4704.37,4713.39,12846,13,0
2026-05-08 18:30:00,4713.37,4715.02,4702.01,4707.07,12132,13,0
2026-05-08 19:00:00,4707.08,4717.66,4705.45,4717.65,9411,13,0
2026-05-08 19:30:00,4717.65,4720.28,4711.35,4712.47,9111,13,0
2026-05-08 20:00:00,4712.47,4722.1,4712.18,4720.72,8545,13,0
2026-05-08 20:30:00,4720.68,4722.71,4719.42,4720.9,6689,13,0
2026-05-08 21:00:00,4720.9,4729.01,4720.52,4725.69,7991,13,0
2026-05-08 21:30:00,4725.7,4726.5,4719.97,4721.95,6957,13,0
2026-05-08 22:00:00,4721.96,4725.66,4721.03,4723.78,5463,13,0
2026-05-08 22:30:00,4723.78,4726.83,4721.87,4724.07,7072,13,0
2026-05-08 23:00:00,4724.0,4724.33,4715.28,4717.4,4845,13,0
2026-05-08 23:30:00,4717.4,4719.13,4714.7,4715.72,4085,14,0
2026-05-11 01:00:00,4683.48,4700.44,4679.03,4694.58,9275,18,0
2026-05-11 01:30:00,4694.58,4694.58,4687.1,4691.91,6447,13,0
2026-05-11 02:00:00,4691.92,4697.19,4688.91,4694.72,6155,13,0
2026-05-11 02:30:00,4694.72,4698.59,4690.12,4691.76,5836,13,0
2026-05-11 03:00:00,4691.63,4691.63,4675.99,4683.57,10164,13,0
2026-05-11 03:30:00,4683.57,4693.34,4670.34,4683.6,10575,13,0
2026-05-11 04:00:00,4683.39,4705.5,4674.66,4698.94,13620,13,0
2026-05-11 04:30:00,4698.95,4701.76,4680.1,4685.72,12048,13,0
2026-05-11 05:00:00,4685.72,4693.09,4678.5,4688.51,9915,13,0
2026-05-11 05:30:00,4688.51,4700.22,4676.68,4681.74,10867,13,0
2026-05-11 06:00:00,4681.74,4690.45,4675.24,4689.5,9209,13,0
2026-05-11 06:30:00,4689.53,4690.42,4677.03,4678.69,7290,13,0
2026-05-11 07:00:00,4678.69,4679.82,4670.39,4671.8,7540,13,0
2026-05-11 07:30:00,4671.8,4676.0,4668.54,4672.1,6928,13,0
2026-05-11 08:00:00,4672.1,4676.04,4670.82,4670.83,6650,13,0
2026-05-11 08:30:00,4670.76,4680.66,4648.17,4652.34,11701,13,0
2026-05-11 09:00:00,4652.34,4670.8,4649.32,4667.48,11223,13,0
2026-05-11 09:30:00,4667.48,4680.46,4667.42,4678.48,9732,13,0
2026-05-11 10:00:00,4678.44,4680.35,4672.17,4675.86,9109,13,0
2026-05-11 10:30:00,4675.88,4678.05,4664.39,4667.8,7880,13,0
2026-05-11 11:00:00,4667.77,4678.83,4664.25,4671.81,9235,13,0
2026-05-11 11:30:00,4671.75,4675.3,4666.82,4667.55,7656,13,0
2026-05-11 12:00:00,4667.63,4670.03,4656.92,4657.55,7398,13,0
2026-05-11 12:30:00,4657.55,4664.95,4650.63,4656.79,8363,13,0
2026-05-11 13:00:00,4656.79,4665.96,4656.44,4663.4,6839,13,0
2026-05-11 13:30:00,4663.4,4667.51,4660.31,4663.91,7714,13,0
2026-05-11 14:00:00,4663.94,4672.49,4663.94,4671.96,7880,13,0
2026-05-11 14:30:00,4671.93,4677.33,4670.27,4674.55,8486,13,0
2026-05-11 15:00:00,4674.55,4695.44,4667.51,4690.66,10905,13,0
2026-05-11 15:30:00,4690.66,4701.02,4686.32,4700.05,12000,13,0
2026-05-11 16:00:00,4700.05,4735.68,4698.81,4728.42,13905,13,0
2026-05-11 16:30:00,4728.34,4748.52,4728.33,4736.17,14184,13,0
2026-05-11 17:00:00,4736.17,4738.54,4718.56,4725.06,13109,13,0
2026-05-11 17:30:00,4725.09,4734.02,4715.25,4725.67,12668,13,0
2026-05-11 18:00:00,4725.63,4738.29,4722.93,4732.96,11134,13,0
2026-05-11 18:30:00,4732.96,4734.83,4725.18,4732.21,10165,13,0
2026-05-11 19:00:00,4732.21,4733.52,4722.46,4723.97,8821,13,0
2026-05-11 19:30:00,4723.96,4726.04,4708.07,4716.53,10840,13,0
2026-05-11 20:00:00,4716.52,4721.76,4715.94,4718.17,9955,13,0
2026-05-11 20:30:00,4718.16,4724.64,4717.82,4723.71,7769,13,0
2026-05-11 21:00:00,4723.71,4727.53,4721.02,4727.21,8219,13,0
2026-05-11 21:30:00,4727.21,4729.4,4724.91,4724.91,7184,13,0
2026-05-11 22:00:00,4724.98,4728.51,4723.32,4724.29,7955,13,0
2026-05-11 22:30:00,4724.29,4736.19,4722.45,4733.63,8079,13,0
2026-05-11 23:00:00,4733.63,4737.92,4729.99,4735.39,4859,13,0
2026-05-11 23:30:00,4735.39,4738.58,4732.52,4735.15,3538,14,0
2026-05-12 01:00:00,4735.87,4743.72,4735.85,4739.82,5373,18,0
2026-05-12 01:30:00,4739.82,4755.12,4739.04,4750.91,5847,13,0
2026-05-12 02:00:00,4750.91,4754.66,4746.16,4752.91,6154,13,0
2026-05-12 02:30:00,4752.93,4769.55,4751.69,4767.47,7836,13,0
2026-05-12 03:00:00,4767.48,4773.54,4753.36,4762.33,10744,10,0
2026-05-12 03:30:00,4762.33,4763.86,4748.83,4749.35,9277,13,0
2026-05-12 04:00:00,4749.34,4755.57,4733.87,4735.2,12942,13,0
2026-05-12 04:30:00,4735.2,4738.9,4720.38,4727.19,12864,13,0
2026-05-12 05:00:00,4727.18,4733.96,4724.52,4727.12,10040,13,0
2026-05-12 05:30:00,4727.12,4733.44,4722.32,4730.11,11035,13,0
2026-05-12 06:00:00,4730.05,4733.29,4722.92,4723.88,9413,13,0
2026-05-12 06:30:00,4723.93,4728.0,4718.18,4720.25,6801,13,0
2026-05-12 07:00:00,4720.25,4730.41,4719.8,4722.56,7112,13,0
2026-05-12 07:30:00,4722.56,4726.44,4711.16,4714.23,7314,13,0
2026-05-12 08:00:00,4714.21,4718.71,4708.8,4715.35,8903,13,0
2026-05-12 08:30:00,4715.36,4722.15,4710.15,4714.37,11260,13,0
2026-05-12 09:00:00,4714.37,4714.45,4695.29,4696.08,11786,13,0
2026-05-12 09:30:00,4696.08,4704.82,4694.6,4697.19,11321,13,0
2026-05-12 10:00:00,4697.14,4699.63,4687.46,4697.88,10304,13,0
2026-05-12 10:30:00,4697.89,4703.85,4695.61,4699.89,8347,13,0
2026-05-12 11:00:00,4699.89,4706.82,4697.15,4703.0,8442,13,0
2026-05-12 11:30:00,4702.97,4706.67,4698.11,4703.43,8333,13,0
2026-05-12 12:00:00,4703.44,4703.44,4697.56,4699.58,8151,13,0
2026-05-12 12:30:00,4699.71,4705.28,4694.29,4699.51,8871,13,0
2026-05-12 13:00:00,4699.51,4708.5,4698.86,4700.21,7938,13,0
2026-05-12 13:30:00,4700.21,4700.33,4685.24,4694.41,9729,13,0
2026-05-12 14:00:00,4694.4,4700.26,4687.26,4700.14,9977,13,0
2026-05-12 14:30:00,4700.13,4709.2,4697.86,4706.62,9380,13,0
2026-05-12 15:00:00,4706.66,4708.35,4695.16,4697.22,10597,13,0
2026-05-12 15:30:00,4697.22,4711.61,4689.73,4705.77,13012,13,0
2026-05-12 16:00:00,4705.78,4708.99,4679.59,4690.91,13261,13,0
2026-05-12 16:30:00,4690.9,4701.69,4677.03,4678.75,14990,13,0
2026-05-12 17:00:00,4679.24,4695.14,4676.16,4683.23,14154,13,0
2026-05-12 17:30:00,4683.24,4687.97,4669.83,4672.92,14288,13,0
2026-05-12 18:00:00,4672.92,4676.18,4638.39,4656.01,14698,13,0
2026-05-12 18:30:00,4656.03,4670.17,4654.0,4666.15,13023,13,0
2026-05-12 19:00:00,4666.08,4675.09,4664.19,4668.3,11337,13,0
2026-05-12 19:30:00,4668.3,4674.36,4665.07,4671.2,11106,13,0
2026-05-12 20:00:00,4671.19,4682.45,4671.18,4679.42,10741,13,0
2026-05-12 20:30:00,4679.37,4680.7,4676.11,4678.91,9193,13,0
2026-05-12 21:00:00,4678.87,4687.68,4676.31,4685.32,10406,13,0
2026-05-12 21:30:00,4685.3,4698.17,4684.82,4695.98,10628,13,0
2026-05-12 22:00:00,4695.99,4704.55,4695.99,4703.52,9514,13,0
2026-05-12 22:30:00,4703.54,4715.69,4703.54,4715.67,9839,13,0
2026-05-12 23:00:00,4715.69,4719.35,4712.23,4713.27,6115,13,0
2026-05-12 23:30:00,4713.27,4715.81,4712.25,4715.08,4350,13,0
2026-05-13 01:00:00,4715.97,4721.41,4712.55,4717.16,6083,18,0
2026-05-13 01:30:00,4717.17,4722.49,4715.59,4717.03,5134,13,0
2026-05-13 02:00:00,4717.03,4723.93,4715.99,4720.29,7225,13,0
2026-05-13 02:30:00,4720.29,4723.53,4715.37,4717.03,8082,13,0
2026-05-13 03:00:00,4717.0,4726.89,4715.01,4722.62,10726,10,0
2026-05-13 03:30:00,4722.62,4725.28,4714.17,4714.55,9512,13,0
2026-05-13 04:00:00,4714.55,4717.08,4702.93,4704.54,12177,13,0
2026-05-13 04:30:00,4704.54,4710.78,4701.18,4702.55,10711,13,0
2026-05-13 05:00:00,4702.55,4707.64,4698.3,4700.27,8635,13,0
2026-05-13 05:30:00,4700.36,4700.46,4687.67,4691.87,10857,13,0
2026-05-13 06:00:00,4691.84,4700.76,4688.93,4700.68,8621,13,0
2026-05-13 06:30:00,4700.68,4705.93,4694.35,4696.04,6948,13,0
2026-05-13 07:00:00,4696.04,4703.43,4695.52,4701.38,6086,13,0
2026-05-13 07:30:00,4701.38,4703.35,4697.38,4699.63,6031,13,0
2026-05-13 08:00:00,4699.63,4707.35,4697.92,4698.11,7553,13,0
2026-05-13 08:30:00,4698.08,4705.4,4693.75,4704.01,10454,13,0
2026-05-13 09:00:00,4704.05,4715.44,4703.41,4708.75,10008,13,0
2026-05-13 09:30:00,4708.75,4713.74,4699.19,4701.57,9747,13,0
2026-05-13 10:00:00,4701.69,4708.8,4696.72,4707.62,9342,13,0
2026-05-13 10:30:00,4707.61,4707.89,4701.37,4702.87,7792,13,0
2026-05-13 11:00:00,4702.87,4704.32,4694.8,4697.11,8780,13,0
2026-05-13 11:30:00,4697.11,4702.85,4694.52,4700.66,7698,13,0
2026-05-13 12:00:00,4700.65,4701.8,4686.03,4688.91,8877,13,0
2026-05-13 12:30:00,4688.91,4701.06,4686.09,4700.94,8494,13,0
2026-05-13 13:00:00,4700.94,4710.53,4698.78,4699.69,9357,13,0
2026-05-13 13:30:00,4699.66,4699.92,4693.74,4694.17,8335,13,0
2026-05-13 14:00:00,4694.16,4700.61,4691.61,4698.53,9242,13,0
2026-05-13 14:30:00,4698.53,4705.43,4697.43,4697.43,9511,13,0
2026-05-13 15:00:00,4697.44,4701.65,4683.3,4684.77,10973,13,0
2026-05-13 15:30:00,4684.87,4687.55,4676.35,4683.88,13406,13,0
2026-05-13 16:00:00,4683.88,4694.67,4683.7,4688.74,12016,13,0
2026-05-13 16:30:00,4688.71,4690.83,4669.53,4679.44,14959,13,0
2026-05-13 17:00:00,4679.4,4685.5,4672.95,4684.31,13891,13,0
2026-05-13 17:30:00,4684.31,4691.0,4677.28,4679.79,13475,13,0
2026-05-13 18:00:00,4679.8,4691.79,4679.0,4691.26,12242,13,0
2026-05-13 18:30:00,4691.25,4699.88,4687.02,4695.5,11953,13,0
2026-05-13 19:00:00,4695.51,4709.95,4695.18,4706.98,11459,13,0
2026-05-13 19:30:00,4706.92,4707.74,4695.16,4695.71,10833,13,0
2026-05-13 20:00:00,4695.72,4701.3,4695.72,4698.43,9598,13,0
2026-05-13 20:30:00,4698.44,4698.51,4684.59,4685.61,10457,13,0
2026-05-13 21:00:00,4685.62,4694.07,4684.44,4692.01,9289,13,0
2026-05-13 21:30:00,4692.0,4692.77,4677.7,4684.97,9777,13,0
2026-05-13 22:00:00,4684.98,4690.55,4683.39,4687.22,8268,13,0
2026-05-13 22:30:00,4687.21,4689.45,4683.69,4688.28,8899,13,0
2026-05-13 23:00:00,4688.28,4693.47,4686.04,4691.36,5125,13,0
2026-05-13 23:30:00,4691.32,4692.84,4687.91,4688.68,3945,18,0
2026-05-14 01:00:00,4691.96,4697.33,4688.99,4697.05,5329,18,0
2026-05-14 01:30:00,4697.07,4700.62,4695.7,4700.17,4827,13,0
2026-05-14 02:00:00,4700.16,4702.19,4696.78,4697.41,4543,13,0
2026-05-14 02:30:00,4697.41,4697.55,4693.28,4696.62,5445,13,0
2026-05-14 03:00:00,4696.65,4705.4,4689.57,4701.14,9700,10,0
2026-05-14 03:30:00,4701.15,4706.89,4693.0,4705.12,8884,13,0
2026-05-14 04:00:00,4705.12,4707.02,4684.36,4692.7,13664,13,0
2026-05-14 04:30:00,4692.8,4695.11,4683.63,4688.76,12850,13,0
2026-05-14 05:00:00,4688.76,4694.18,4686.61,4693.62,9959,13,0
2026-05-14 05:30:00,4693.68,4699.69,4680.03,4686.36,11690,13,0
2026-05-14 06:00:00,4686.36,4693.43,4681.48,4691.42,11301,13,0
2026-05-14 06:30:00,4691.41,4691.52,4674.0,4675.07,9004,13,0
2026-05-14 07:00:00,4675.08,4707.46,4668.75,4702.37,9435,13,0
2026-05-14 07:30:00,4702.35,4712.71,4701.42,4702.5,8564,13,0
2026-05-14 08:00:00,4702.5,4704.3,4693.4,4693.7,8469,13,0
2026-05-14 08:30:00,4693.71,4703.35,4689.26,4689.75,11487,13,0
2026-05-14 09:00:00,4689.75,4694.82,4686.2,4691.35,11058,13,0
2026-05-14 09:30:00,4691.35,4702.44,4690.66,4700.24,10339,13,0
2026-05-14 10:00:00,4700.25,4706.91,4694.55,4705.56,10187,13,0
2026-05-14 10:30:00,4705.53,4718.89,4690.86,4693.25,10718,13,0
2026-05-14 11:00:00,4693.16,4704.88,4692.11,4703.07,10149,13,0
2026-05-14 11:30:00,4703.1,4706.69,4693.05,4693.31,9528,13,0
2026-05-14 12:00:00,4693.31,4698.11,4690.36,4690.77,8659,13,0
2026-05-14 12:30:00,4690.74,4702.63,4688.46,4699.61,9582,13,0
2026-05-14 13:00:00,4699.62,4705.55,4693.94,4697.57,9306,13,0
2026-05-14 13:30:00,4697.58,4698.04,4691.25,4697.07,8684,13,0
2026-05-14 14:00:00,4697.11,4698.83,4689.35,4691.96,8650,13,0
2026-05-14 14:30:00,4691.97,4704.86,4690.85,4694.39,9436,13,0
2026-05-14 15:00:00,4694.46,4707.57,4692.38,4702.87,10204,13,0
2026-05-14 15:30:00,4703.26,4710.11,4696.0,4704.92,10857,13,0
2026-05-14 16:00:00,4704.92,4707.81,4688.05,4688.3,12741,13,0
2026-05-14 16:30:00,4688.24,4691.14,4666.83,4679.63,15120,13,0
2026-05-14 17:00:00,4679.62,4700.94,4677.69,4691.48,14072,13,0
2026-05-14 17:30:00,4691.55,4692.43,4679.27,4679.52,12982,13,0
2026-05-14 18:00:00,4679.5,4689.44,4677.14,4685.85,11908,13,0
2026-05-14 18:30:00,4685.85,4689.02,4681.08,4685.95,10694,13,0
2026-05-14 19:00:00,4685.93,4686.99,4674.19,4677.3,11388,13,0
2026-05-14 19:30:00,4677.27,4679.02,4670.38,4678.59,10628,13,0
2026-05-14 20:00:00,4678.6,4683.08,4676.87,4677.41,10853,13,0
2026-05-14 20:30:00,4677.28,4681.8,4676.46,4678.15,9026,13,0
2026-05-14 21:00:00,4678.23,4678.42,4668.8,4673.54,9856,13,0
2026-05-14 21:30:00,4673.53,4674.93,4667.06,4671.67,7587,13,0
2026-05-14 22:00:00,4671.68,4671.88,4663.22,4663.5,7371,13,0
2026-05-14 22:30:00,4663.48,4665.05,4653.16,4654.22,10657,13,0
2026-05-14 23:00:00,4654.2,4656.97,4646.91,4648.17,6786,13,0
2026-05-14 23:30:00,4648.15,4652.82,4644.39,4651.19,5743,18,0
2026-05-15 01:00:00,4652.87,4659.38,4646.88,4658.85,7299,18,0
2026-05-15 01:30:00,4658.91,4662.71,4658.84,4662.48,4935,13,0
2026-05-15 02:00:00,4662.47,4664.32,4655.71,4663.91,6138,13,0
2026-05-15 02:30:00,4663.97,4665.36,4646.98,4652.15,8967,13,0
2026-05-15 03:00:00,4652.15,4658.21,4629.73,4629.88,12183,13,0
2026-05-15 03:30:00,4630.02,4630.7,4613.6,4630.18,13029,13,0
2026-05-15 04:00:00,4630.25,4631.56,4607.62,4609.0,15399,13,0
2026-05-15 04:30:00,4608.97,4624.46,4607.26,4613.89,14309,13,0
2026-05-15 05:00:00,4613.92,4619.07,4609.4,4612.6,12401,13,0
2026-05-15 05:30:00,4612.55,4623.49,4609.62,4618.16,12263,13,0
2026-05-15 06:00:00,4618.15,4622.33,4609.92,4612.81,11136,13,0
2026-05-15 06:30:00,4612.8,4617.38,4607.48,4615.48,8674,13,0
2026-05-15 07:00:00,4615.5,4621.61,4607.44,4610.92,8590,13,0
2026-05-15 07:30:00,4610.93,4614.97,4604.42,4605.9,8682,13,0
2026-05-15 08:00:00,4605.93,4606.56,4580.9,4588.93,12637,13,0
2026-05-15 08:30:00,4588.93,4589.92,4558.02,4559.0,15082,13,0
2026-05-15 09:00:00,4558.87,4578.34,4556.38,4575.1,14463,13,0
2026-05-15 09:30:00,4575.16,4580.49,4564.39,4569.78,13000,13,0
2026-05-15 10:00:00,4569.89,4588.72,4566.01,4581.81,12999,13,0
2026-05-15 10:30:00,4581.82,4582.56,4568.37,4570.89,10832,13,0
2026-05-15 11:00:00,4570.76,4571.95,4552.86,4558.32,12929,13,0
2026-05-15 11:30:00,4558.37,4563.65,4550.04,4554.33,12034,13,0
2026-05-15 12:00:00,4554.39,4563.75,4539.53,4553.44,12792,13,0
2026-05-15 12:30:00,4553.43,4555.63,4532.0,4545.78,12207,13,0
2026-05-15 13:00:00,4545.81,4563.32,4544.17,4551.82,12184,13,0
2026-05-15 13:30:00,4551.83,4572.55,4549.53,4566.19,12384,13,0
2026-05-15 14:00:00,4566.19,4570.26,4559.04,4562.34,11556,13,0
2026-05-15 14:30:00,4562.36,4562.62,4549.86,4552.02,11015,13,0
2026-05-15 15:00:00,4552.01,4558.74,4544.97,4555.04,12233,13,0
2026-05-15 15:30:00,4555.13,4555.63,4543.73,4545.95,12267,13,0
2026-05-15 16:00:00,4545.92,4557.58,4536.44,4548.78,13721,13,0
2026-05-15 16:30:00,4549.03,4551.24,4511.8,4533.51,16021,13,0
2026-05-15 17:00:00,4533.49,4562.8,4525.41,4555.63,15447,13,0
2026-05-15 17:30:00,4555.66,4566.48,4546.13,4562.81,14704,13,0
2026-05-15 18:00:00,4562.81,4563.75,4542.94,4547.03,13999,13,0
2026-05-15 18:30:00,4547.33,4550.43,4533.85,4539.69,13563,13,0
2026-05-15 19:00:00,4539.73,4542.42,4529.39,4540.89,12491,13,0
2026-05-15 19:30:00,4540.96,4548.08,4540.12,4544.45,11915,13,0
2026-05-15 20:00:00,4544.41,4564.54,4543.19,4557.8,11940,13,0
2026-05-15 20:30:00,4557.82,4563.66,4557.31,4559.58,10890,13,0
2026-05-15 21:00:00,4559.59,4563.05,4553.0,4558.21,11194,13,0
2026-05-15 21:30:00,4558.19,4562.87,4552.43,4559.32,9901,13,0
2026-05-15 22:00:00,4559.32,4560.21,4548.61,4550.2,9659,13,0
2026-05-15 22:30:00,4550.23,4555.31,4545.02,4545.93,10082,13,0
2026-05-15 23:00:00,4545.9,4546.41,4533.17,4539.09,8552,13,0
2026-05-15 23:30:00,4539.18,4543.97,4536.52,4538.63,6275,13,0
2026-05-18 01:00:00,4538.7,4555.05,4528.6,4541.1,9019,18,0
2026-05-18 01:30:00,4541.08,4554.68,4541.04,4546.22,8448,13,0
2026-05-18 02:00:00,4546.23,4548.04,4537.93,4538.01,7940,13,0
2026-05-18 02:30:00,4538.01,4544.16,4532.08,4537.17,10136,13,0
2026-05-18 03:00:00,4537.19,4542.65,4514.7,4515.86,14349,10,0
2026-05-18 03:30:00,4515.76,4518.8,4480.35,4516.09,14994,13,0
2026-05-18 04:00:00,4516.01,4516.03,4489.55,4504.04,15684,13,0
2026-05-18 04:30:00,4504.04,4535.61,4499.84,4525.44,14885,13,0
2026-05-18 05:00:00,4525.44,4540.66,4522.14,4533.57,12591,13,0
2026-05-18 05:30:00,4533.54,4542.89,4529.55,4533.73,12321,13,0
2026-05-18 06:00:00,4533.74,4538.42,4526.87,4536.02,11843,13,0
2026-05-18 06:30:00,4536.02,4548.04,4525.24,4541.19,12049,13,0
2026-05-18 07:00:00,4541.19,4549.7,4530.17,4532.75,10760,13,0
2026-05-18 07:30:00,4532.74,4545.73,4532.28,4540.75,10162,13,0
2026-05-18 08:00:00,4540.75,4550.65,4533.01,4548.8,11315,13,0
2026-05-18 08:30:00,4548.81,4551.89,4529.91,4530.97,12391,13,0
2026-05-18 09:00:00,4530.97,4548.13,4529.8,4537.51,12239,13,0
2026-05-18 09:30:00,4537.55,4547.89,4534.61,4546.8,11699,13,0
2026-05-18 10:00:00,4546.8,4551.39,4538.32,4550.63,10996,13,0
2026-05-18 10:30:00,4550.62,4559.99,4540.1,4546.27,11652,13,0
2026-05-18 11:00:00,4546.26,4551.49,4542.52,4547.93,10444,13,0
2026-05-18 11:30:00,4548.05,4557.01,4545.95,4550.02,10060,13,0
2026-05-18 12:00:00,4550.02,4552.0,4541.22,4545.03,8707,13,0
2026-05-18 12:30:00,4545.03,4546.53,4540.28,4542.98,9390,13,0
2026-05-18 13:00:00,4542.98,4545.06,4535.74,4539.7,9108,13,0
2026-05-18 13:30:00,4539.69,4547.73,4532.19,4540.27,9491,13,0
2026-05-18 14:00:00,4540.22,4541.8,4530.12,4536.37,9953,13,0
2026-05-18 14:30:00,4536.29,4566.99,4535.55,4550.72,13696,13,0
2026-05-18 15:00:00,4550.73,4556.62,4545.39,4550.68,11744,13,0
2026-05-18 15:30:00,4550.71,4574.89,4550.28,4571.37,13706,13,0
2026-05-18 16:00:00,4571.36,4576.85,4561.92,4571.98,12920,13,0
2026-05-18 16:30:00,4572.02,4584.25,4563.8,4575.69,15381,13,0
2026-05-18 17:00:00,4575.72,4575.75,4555.01,4561.72,14756,13,0
2026-05-18 17:30:00,4561.68,4563.04,4537.83,4546.52,14884,13,0
2026-05-18 18:00:00,4546.53,4547.98,4531.92,4534.73,14138,13,0
2026-05-18 18:30:00,4534.66,4546.95,4533.96,4543.57,12714,13,0
2026-05-18 19:00:00,4543.57,4550.74,4533.96,4537.14,12298,13,0
2026-05-18 19:30:00,4537.15,4554.57,4534.35,4550.22,12226,13,0
2026-05-18 20:00:00,4550.21,4558.3,4548.06,4553.95,10847,13,0
2026-05-18 20:30:00,4553.95,4554.22,4545.65,4547.05,9839,13,0
2026-05-18 21:00:00,4547.04,4547.82,4536.85,4541.97,10764,13,0
2026-05-18 21:30:00,4541.97,4544.01,4534.34,4535.79,10277,13,0
2026-05-18 22:00:00,4535.79,4565.09,4535.3,4551.64,13607,13,0
2026-05-18 22:30:00,4551.64,4562.99,4550.25,4558.57,11955,13,0
2026-05-18 23:00:00,4558.54,4566.7,4557.87,4563.25,6134,13,0
2026-05-18 23:30:00,4563.23,4566.61,4561.68,4566.18,4540,18,0
2026-05-19 01:00:00,4567.89,4574.45,4567.36,4572.9,5238,18,0
2026-05-19 01:30:00,4572.92,4578.4,4571.67,4573.94,4657,13,0
2026-05-19 02:00:00,4573.95,4588.96,4573.8,4585.81,6574,13,0
2026-05-19 02:30:00,4585.81,4587.86,4579.14,4581.85,6160,13,0
2026-05-19 03:00:00,4581.81,4589.27,4568.87,4573.65,11929,13,0
2026-05-19 03:30:00,4573.64,4576.11,4561.32,4563.35,10478,13,0
2026-05-19 04:00:00,4563.4,4569.33,4554.2,4559.23,12880,13,0
2026-05-19 04:30:00,4559.25,4572.35,4555.31,4563.91,11955,13,0
2026-05-19 05:00:00,4563.89,4563.9,4551.61,4559.66,11606,13,0
2026-05-19 05:30:00,4559.77,4559.92,4546.03,4547.16,11154,13,0
2026-05-19 06:00:00,4547.17,4553.03,4543.75,4549.18,9670,13,0
2026-05-19 06:30:00,4549.18,4555.06,4544.38,4545.06,8228,13,0
2026-05-19 07:00:00,4545.05,4545.72,4538.26,4540.38,8848,13,0
2026-05-19 07:30:00,4540.29,4543.8,4537.99,4542.49,7591,13,0
2026-05-19 08:00:00,4542.49,4546.58,4531.0,4538.53,9393,13,0
2026-05-19 08:30:00,4538.52,4544.2,4533.03,4540.9,12489,13,0
2026-05-19 09:00:00,4540.9,4553.97,4533.52,4547.82,12594,13,0
2026-05-19 09:30:00,4547.61,4552.9,4543.15,4548.08,10553,13,0
2026-05-19 10:00:00,4548.15,4555.33,4543.13,4548.31,10206,13,0
2026-05-19 10:30:00,4548.31,4559.37,4541.43,4557.25,10498,13,0
2026-05-19 11:00:00,4557.23,4559.18,4536.41,4538.35,10739,13,0
2026-05-19 11:30:00,4538.37,4548.67,4536.99,4542.77,8883,13,0
2026-05-19 12:00:00,4542.79,4546.78,4536.13,4540.67,9684,13,0
2026-05-19 12:30:00,4540.68,4544.76,4536.74,4541.86,9963,13,0
2026-05-19 13:00:00,4541.85,4542.38,4536.11,4539.91,8259,13,0
2026-05-19 13:30:00,4539.9,4544.72,4525.5,4544.7,11259,13,0
2026-05-19 14:00:00,4544.68,4547.96,4535.84,4539.36,10055,13,0
2026-05-19 14:30:00,4539.36,4543.16,4529.94,4530.77,9699,13,0
2026-05-19 15:00:00,4530.81,4546.68,4527.49,4543.64,10757,13,0
2026-05-19 15:30:00,4543.36,4547.16,4535.72,4537.18,10491,13,0
2026-05-19 16:00:00,4537.16,4537.44,4491.12,4492.14,14279,13,0
2026-05-19 16:30:00,4492.25,4511.14,4464.98,4504.29,16344,13,0
2026-05-19 17:00:00,4504.27,4514.13,4484.56,4490.17,15699,13,0
2026-05-19 17:30:00,4490.13,4498.72,4486.31,4494.18,14850,13,0
2026-05-19 18:00:00,4494.18,4505.07,4489.96,4498.91,13364,13,0
2026-05-19 18:30:00,4498.94,4509.31,4497.94,4508.46,12623,13,0
2026-05-19 19:00:00,4508.46,4512.0,4496.25,4508.75,11286,13,0
2026-05-19 19:30:00,4508.79,4512.48,4504.64,4507.77,10467,13,0
2026-05-19 20:00:00,4507.76,4511.09,4503.42,4507.05,9941,13,0
2026-05-19 20:30:00,4507.03,4508.38,4499.16,4500.87,9844,13,0
2026-05-19 21:00:00,4500.88,4503.69,4495.62,4496.08,9840,13,0
2026-05-19 21:30:00,4496.08,4500.86,4490.34,4493.64,10326,13,0
2026-05-19 22:00:00,4493.65,4497.58,4485.61,4487.01,10195,13,0
2026-05-19 22:30:00,4487.02,4489.93,4481.28,4483.42,10276,13,0
2026-05-19 23:00:00,4483.45,4488.22,4481.01,4486.25,6245,13,0
2026-05-19 23:30:00,4486.22,4486.34,4481.86,4481.95,4401,18,0
2026-05-20 01:00:00,4482.96,4485.85,4478.08,4479.38,4643,18,0
2026-05-20 01:30:00,4479.4,4485.85,4477.45,4484.39,6489,13,0
2026-05-20 02:00:00,4484.39,4488.71,4479.88,4486.25,5548,13,0
2026-05-20 02:30:00,4486.22,4496.43,4485.73,4489.36,7137,13,0
2026-05-20 03:00:00,4489.39,4502.04,4479.73,4502.04,12652,10,0
2026-05-20 03:30:00,4502.05,4508.86,4498.12,4500.97,12707,13,0
2026-05-20 04:00:00,4500.94,4506.13,4472.85,4473.63,14047,13,0
2026-05-20 04:30:00,4473.63,4488.52,4456.11,4481.35,14754,13,0
2026-05-20 05:00:00,4481.35,4487.0,4476.17,4481.53,12674,13,0
2026-05-20 05:30:00,4481.52,4483.48,4458.56,4465.32,13346,13,0
2026-05-20 06:00:00,4465.3,4467.18,4453.64,4461.07,11528,13,0
2026-05-20 06:30:00,4461.09,4466.14,4457.64,4463.71,9876,13,0
2026-05-20 07:00:00,4463.71,4470.71,4462.48,4465.15,9241,13,0
2026-05-20 07:30:00,4465.24,4465.94,4456.82,4462.04,8882,13,0
2026-05-20 08:00:00,4462.03,4475.35,4461.71,4468.37,9676,13,0
2026-05-20 08:30:00,4468.37,4478.99,4463.35,4472.8,11863,13,0
2026-05-20 09:00:00,4472.81,4478.43,4467.52,4471.96,12440,13,0
2026-05-20 09:30:00,4471.97,4478.47,4461.48,4474.4,11760,13,0
2026-05-20 10:00:00,4474.3,4485.28,4472.04,4482.8,11088,13,0
2026-05-20 10:30:00,4482.8,4486.03,4475.18,4478.65,10121,13,0
2026-05-20 11:00:00,4478.66,4486.52,4476.79,4486.1,10849,13,0
2026-05-20 11:30:00,4486.3,4490.2,4476.87,4484.15,10742,13,0
2026-05-20 12:00:00,4484.17,4486.17,4472.84,4474.23,9272,13,0
2026-05-20 12:30:00,4474.23,4491.12,4472.93,4484.98,9043,13,0
2026-05-20 13:00:00,4484.97,4492.67,4484.77,4489.01,7890,13,0
2026-05-20 13:30:00,4489.01,4497.06,4488.62,4494.72,8837,13,0
2026-05-20 14:00:00,4494.66,4501.15,4491.19,4500.07,8426,13,0
2026-05-20 14:30:00,4500.06,4500.37,4490.89,4499.19,9300,13,0
2026-05-20 15:00:00,4499.19,4501.15,4492.98,4499.46,9928,13,0
2026-05-20 15:30:00,4499.73,4505.47,4493.99,4496.25,10521,13,0
2026-05-20 16:00:00,4496.24,4506.25,4489.41,4489.41,12595,13,0
2026-05-20 16:30:00,4489.37,4493.09,4482.07,4483.08,14555,13,0
2026-05-20 17:00:00,4483.14,4510.92,4467.12,4506.92,15572,13,0
2026-05-20 17:30:00,4506.93,4537.33,4506.93,4531.36,15478,13,0
2026-05-20 18:00:00,4531.34,4552.75,4523.23,4529.44,14958,13,0
2026-05-20 18:30:00,4529.54,4539.45,4527.28,4529.17,13380,13,0
2026-05-20 19:00:00,4529.19,4535.27,4524.18,4525.96,11994,13,0
2026-05-20 19:30:00,4526.02,4535.45,4524.21,4534.49,11584,13,0
2026-05-20 20:00:00,4534.5,4538.23,4530.97,4532.44,11233,13,0
2026-05-20 20:30:00,4532.45,4536.52,4529.98,4531.52,9484,13,0
2026-05-20 21:00:00,4531.46,4536.67,4529.57,4535.04,9807,13,0
2026-05-20 21:30:00,4535.04,4545.1,4535.02,4542.41,9363,13,0
2026-05-20 22:00:00,4542.4,4546.06,4541.79,4545.13,8321,13,0
2026-05-20 22:30:00,4545.13,4550.1,4545.13,4545.82,9572,13,0
2026-05-20 23:00:00,4545.82,4550.42,4543.21,4545.72,7747,13,0
2026-05-20 23:30:00,4545.72,4546.35,4542.04,4543.83,6028,14,0
2026-05-21 01:00:00,4545.63,4548.73,4535.29,4538.89,7068,18,0
2026-05-21 01:30:00,4538.88,4544.69,4537.29,4539.95,6012,13,0
2026-05-21 02:00:00,4539.96,4543.18,4534.66,4538.47,5303,13,0
2026-05-21 02:30:00,4538.5,4547.33,4538.02,4546.56,6138,13,0
2026-05-21 03:00:00,4546.62,4553.25,4537.39,4543.73,11767,10,0
2026-05-21 03:30:00,4543.73,4548.8,4539.72,4545.36,8677,13,0
2026-05-21 04:00:00,4545.37,4567.82,4539.93,4567.2,12730,13,0
2026-05-21 04:30:00,4567.04,4570.73,4559.05,4561.04,11594,13,0
2026-05-21 05:00:00,4561.06,4564.94,4539.73,4540.34,10743,13,0
2026-05-21 05:30:00,4540.39,4542.35,4531.55,4533.33,11022,13,0
2026-05-21 06:00:00,4533.33,4540.3,4531.58,4535.81,9292,13,0
2026-05-21 06:30:00,4535.82,4537.33,4527.25,4528.38,7534,13,0
2026-05-21 07:00:00,4528.28,4540.17,4527.43,4539.8,6795,13,0
2026-05-21 07:30:00,4539.85,4540.31,4533.9,4538.5,6511,13,0
2026-05-21 08:00:00,4538.51,4540.35,4521.6,4522.89,9194,13,0
2026-05-21 08:30:00,4522.87,4530.0,4518.54,4527.96,11624,13,0
2026-05-21 09:00:00,4527.96,4539.94,4526.71,4533.14,11283,13,0
2026-05-21 09:30:00,4533.14,4535.09,4518.92,4521.59,11658,13,0
2026-05-21 10:00:00,4521.56,4524.42,4512.05,4512.93,11247,13,0
2026-05-21 10:30:00,4512.91,4523.36,4512.13,4519.7,9050,13,0
2026-05-21 11:00:00,4519.69,4536.82,4518.36,4535.82,11755,13,0
2026-05-21 11:30:00,4535.74,4535.74,4526.68,4532.6,10536,13,0
2026-05-21 12:00:00,4532.58,4542.59,4531.85,4536.96,10478,13,0
2026-05-21 12:30:00,4536.98,4542.99,4527.82,4530.68,9218,13,0
2026-05-21 13:00:00,4530.68,4535.29,4510.87,4518.04,10474,13,0
2026-05-21 13:30:00,4518.1,4518.44,4505.09,4511.55,13709,13,0
2026-05-21 14:00:00,4511.58,4521.28,4510.76,4514.12,11324,13,0
2026-05-21 14:30:00,4514.1,4517.38,4508.13,4514.11,9857,13,0
2026-05-21 15:00:00,4514.08,4519.3,4504.49,4507.17,11212,13,0
2026-05-21 15:30:00,4507.14,4518.13,4502.48,4504.14,12686,13,0
2026-05-21 16:00:00,4504.14,4512.75,4495.51,4500.45,13691,13,0
2026-05-21 16:30:00,4500.73,4521.12,4488.64,4513.31,15413,13,0
2026-05-21 17:00:00,4513.36,4515.44,4498.2,4507.46,14826,13,0
2026-05-21 17:30:00,4507.46,4511.34,4501.86,4508.92,14245,13,0
2026-05-21 18:00:00,4508.92,4515.06,4496.74,4503.35,14232,13,0
2026-05-21 18:30:00,4503.44,4512.72,4502.63,4511.95,11574,13,0
2026-05-21 19:00:00,4512.02,4520.78,4512.02,4516.59,12550,13,0
2026-05-21 19:30:00,4516.59,4520.28,4515.57,4519.51,10451,13,0
2026-05-21 20:00:00,4519.51,4546.35,4514.2,4541.78,14232,13,0
2026-05-21 20:30:00,4541.68,4559.36,4538.75,4551.53,13836,13,0
2026-05-21 21:00:00,4551.53,4556.16,4543.09,4548.3,13321,13,0
2026-05-21 21:30:00,4548.46,4549.5,4527.53,4531.98,12763,13,0
2026-05-21 22:00:00,4531.97,4542.12,4529.84,4538.88,11568,13,0
2026-05-21 22:30:00,4538.87,4543.8,4534.71,4543.07,10858,13,0
2026-05-21 23:00:00,4543.05,4544.83,4540.29,4541.36,6152,13,0
2026-05-21 23:30:00,4541.34,4542.74,4539.83,4542.62,3741,18,0
2026-05-22 01:00:00,4544.91,4546.04,4539.94,4541.17,5075,18,0
2026-05-22 01:30:00,4541.17,4543.73,4539.78,4543.4,3939,13,0
2026-05-22 02:00:00,4543.37,4545.14,4537.97,4540.62,4285,13,0
2026-05-22 02:30:00,4540.62,4540.62,4532.66,4535.5,5947,13,0
2026-05-22 03:00:00,4535.53,4537.36,4530.37,4536.34,9627,10,0
2026-05-22 03:30:00,4536.34,4541.1,4525.7,4526.78,9179,13,0
2026-05-22 04:00:00,4526.84,4536.32,4523.42,4529.29,11547,13,0
2026-05-22 04:30:00,4529.29,4531.95,4521.14,4526.4,11322,13,0
2026-05-22 05:00:00,4526.41,4529.44,4521.54,4524.67,9116,13,0
2026-05-22 05:30:00,4524.67,4527.13,4518.64,4523.25,9788,13,0
2026-05-22 06:00:00,4523.25,4525.26,4519.25,4521.79,8667,13,0
2026-05-22 06:30:00,4521.8,4529.97,4521.8,4529.51,6507,13,0
2026-05-22 07:00:00,4529.5,4533.02,4527.68,4532.32,6133,13,0
2026-05-22 07:30:00,4532.32,4532.8,4525.51,4527.29,5995,13,0
2026-05-22 08:00:00,4527.28,4529.66,4523.48,4526.12,6796,13,0
2026-05-22 08:30:00,4526.11,4534.28,4507.47,4511.27,10971,13,0
2026-05-22 09:00:00,4511.29,4526.1,4510.18,4525.27,12354,13,0
2026-05-22 09:30:00,4525.28,4528.95,4521.68,4526.89,10219,13,0
2026-05-22 10:00:00,4526.89,4527.43,4521.52,4525.9,9680,13,0
2026-05-22 10:30:00,4525.88,4525.92,4516.18,4521.89,9560,13,0
2026-05-22 11:00:00,4521.9,4531.22,4521.61,4526.6,10494,13,0
2026-05-22 11:30:00,4526.86,4527.32,4517.04,4521.91,9798,13,0
2026-05-22 12:00:00,4521.92,4525.61,4515.23,4517.82,9411,13,0
2026-05-22 12:30:00,4517.85,4536.04,4514.85,4532.23,9008,13,0
2026-05-22 13:00:00,4532.23,4536.88,4524.59,4524.86,8634,13,0
2026-05-22 13:30:00,4524.85,4525.56,4510.26,4514.73,9871,13,0
2026-05-22 14:00:00,4514.73,4517.32,4511.92,4512.11,8622,13,0
2026-05-22 14:30:00,4512.11,4525.11,4511.59,4520.69,9192,13,0
2026-05-22 15:00:00,4520.67,4535.91,4518.83,4521.78,11584,13,0
2026-05-22 15:30:00,4521.78,4528.45,4515.12,4528.32,10794,13,0
2026-05-22 16:00:00,4528.3,4534.35,4520.85,4522.05,12308,13,0
2026-05-22 16:30:00,4522.07,4527.17,4510.33,4513.73,13748,13,0
2026-05-22 17:00:00,4513.79,4513.94,4491.88,4499.07,14931,13,0
2026-05-22 17:30:00,4499.06,4507.36,4497.26,4500.62,12676,13,0
2026-05-22 18:00:00,4500.61,4519.3,4500.31,4519.28,12053,13,0
2026-05-22 18:30:00,4519.34,4522.34,4514.7,4520.18,11565,13,0
2026-05-22 19:00:00,4520.17,4524.21,4516.91,4523.82,10219,13,0
2026-05-22 19:30:00,4523.81,4526.89,4512.44,4514.94,10318,13,0
2026-05-22 20:00:00,4514.94,4525.97,4513.21,4525.37,10435,13,0
2026-05-22 20:30:00,4525.4,4527.81,4518.67,4519.2,10988,13,0
2026-05-22 21:00:00,4519.23,4519.45,4512.03,4515.34,9420,13,0
2026-05-22 21:30:00,4515.33,4520.12,4512.93,4515.04,8173,13,0
2026-05-22 22:00:00,4515.17,4515.85,4506.41,4507.14,9525,13,0
2026-05-22 22:30:00,4507.14,4510.83,4504.36,4508.36,9348,13,0
2026-05-22 23:00:00,4508.27,4510.49,4504.82,4510.29,5029,13,0
2026-05-22 23:30:00,4510.27,4510.47,4504.22,4508.01,5435,18,0
2026-05-25 01:00:00,4530.9,4557.75,4530.9,4552.04,11287,18,0
2026-05-25 01:30:00,4552.04,4565.58,4551.63,4565.04,7726,13,0
2026-05-25 02:00:00,4565.05,4578.35,4565.01,4575.05,7121,13,0
2026-05-25 02:30:00,4575.05,4579.94,4565.83,4567.08,7711,13,0
2026-05-25 03:00:00,4567.05,4575.77,4566.14,4572.33,9692,13,0
2026-05-25 03:30:00,4572.35,4579.6,4566.25,4569.63,9300,13,0
2026-05-25 04:00:00,4569.59,4576.34,4560.57,4573.94,12752,13,0
2026-05-25 04:30:00,4573.44,4574.81,4560.31,4562.89,10403,13,0
2026-05-25 05:00:00,4562.89,4568.34,4558.87,4562.91,8932,13,0
2026-05-25 05:30:00,4562.92,4570.23,4559.48,4561.3,9530,13,0
2026-05-25 06:00:00,4561.36,4564.53,4560.18,4560.71,8916,13,0
2026-05-25 06:30:00,4560.71,4564.12,4556.6,4559.81,7453,13,0
2026-05-25 07:00:00,4559.81,4565.85,4559.39,4565.19,6051,13,0
2026-05-25 07:30:00,4565.2,4565.72,4559.73,4564.88,5340,13,0
2026-05-25 08:00:00,4564.89,4566.0,4554.11,4554.25,6276,13,0
2026-05-25 08:30:00,4554.23,4561.04,4551.98,4553.35,9121,13,0
2026-05-25 09:00:00,4553.34,4557.37,4550.47,4554.22,9393,13,0
2026-05-25 09:30:00,4554.24,4563.28,4553.6,4562.5,9057,13,0
2026-05-25 10:00:00,4562.49,4564.77,4552.62,4554.48,9835,13,0
2026-05-25 10:30:00,4554.46,4565.09,4554.23,4564.85,8184,13,0
2026-05-25 11:00:00,4564.83,4565.08,4553.84,4555.0,7931,13,0
2026-05-25 11:30:00,4555.01,4558.11,4553.48,4556.13,6458,13,0
2026-05-25 12:00:00,4556.14,4559.02,4555.05,4558.95,5293,13,0
2026-05-25 12:30:00,4558.92,4569.13,4558.46,4567.65,6999,13,0
2026-05-25 13:00:00,4567.67,4573.71,4567.63,4570.94,6616,13,0
2026-05-25 13:30:00,4570.94,4573.27,4568.47,4568.67,5834,13,0
2026-05-25 14:00:00,4568.67,4575.25,4567.68,4571.7,5733,13,0
2026-05-25 14:30:00,4571.7,4577.02,4569.3,4569.47,6858,13,0
2026-05-25 15:00:00,4569.47,4569.47,4553.02,4560.55,9259,13,0
2026-05-25 15:30:00,4560.59,4570.25,4559.95,4567.77,7908,13,0
2026-05-25 16:00:00,4567.74,4571.42,4560.57,4561.86,9812,13,0
2026-05-25 16:30:00,4561.86,4565.62,4560.14,4563.15,8543,13,0
2026-05-25 17:00:00,4563.14,4570.62,4562.4,4567.92,7562,13,0
2026-05-25 17:30:00,4567.88,4569.0,4565.19,4566.83,6883,13,0
2026-05-25 18:00:00,4566.82,4574.68,4565.69,4573.36,8629,13,0
2026-05-25 18:30:00,4573.4,4573.51,4566.79,4570.89,5886,13,0
2026-05-25 19:00:00,4570.89,4571.06,4568.13,4568.23,4668,13,0
2026-05-25 19:30:00,4568.23,4574.65,4568.01,4573.63,5327,13,0
2026-05-25 20:00:00,4573.61,4577.8,4570.42,4571.47,4860,13,0
2026-05-25 20:30:00,4571.47,4571.54,4563.37,4565.17,3715,13,0
2026-05-25 21:00:00,4565.18,4571.51,4564.48,4570.86,3307,13,0
2026-05-26 01:00:00,4570.18,4575.5,4569.93,4573.21,5064,18,0
2026-05-26 01:30:00,4573.25,4576.6,4569.73,4575.01,5198,13,0
2026-05-26 02:00:00,4575.01,4580.16,4567.24,4568.22,6173,13,0
2026-05-26 02:30:00,4568.32,4568.59,4555.2,4559.68,8694,13,0
2026-05-26 03:00:00,4559.77,4560.07,4541.44,4549.33,11463,10,0
2026-05-26 03:30:00,4549.38,4553.02,4539.64,4549.66,9799,13,0
2026-05-26 04:00:00,4549.66,4550.24,4541.91,4543.86,12007,13,0
2026-05-26 04:30:00,4543.86,4544.33,4527.94,4537.04,12264,13,0
2026-05-26 05:00:00,4537.05,4539.59,4535.46,4536.86,7976,13,0
2026-05-26 05:30:00,4536.88,4538.58,4530.09,4532.3,8838,13,0
2026-05-26 06:00:00,4532.27,4543.69,4532.12,4542.29,7874,13,0
2026-05-26 06:30:00,4542.3,4545.43,4540.85,4542.39,5508,13,0
2026-05-26 07:00:00,4542.39,4543.22,4532.58,4532.59,5415,13,0
2026-05-26 07:30:00,4532.6,4533.24,4523.55,4525.5,6987,13,0
2026-05-26 08:00:00,4525.5,4531.52,4523.02,4531.32,6981,13,0
2026-05-26 08:30:00,4531.25,4535.1,4523.59,4527.3,10410,13,0
2026-05-26 09:00:00,4527.3,4536.22,4527.12,4530.45,9457,13,0
2026-05-26 09:30:00,4530.43,4534.06,4528.5,4531.05,9084,13,0
2026-05-26 10:00:00,4531.06,4533.95,4522.14,4529.71,10191,13,0
2026-05-26 10:30:00,4529.71,4539.02,4521.73,4538.25,10049,13,0
