time,open,high,low,close,tick_volume,spread,real_volume
2025-05-26 11:00:00,3337.45,3339.72,3331.11,3334.64,12391,7,0
2025-05-26 12:00:00,3334.69,3336.34,3323.67,3328.78,14084,7,0
2025-05-26 13:00:00,3328.78,3333.68,3328.77,3331.57,6151,7,0
2025-05-26 14:00:00,3331.57,3334.48,3329.24,3333.22,4789,7,0
2025-05-26 15:00:00,3333.22,3335.05,3326.45,3334.33,8757,7,0
2025-05-26 16:00:00,3334.33,3339.02,3331.44,3338.39,11803,7,0
2025-05-26 17:00:00,3338.39,3341.78,3335.59,3337.33,12277,7,0
2025-05-26 18:00:00,3337.33,3339.72,3336.95,3337.98,5953,7,0
2025-05-26 19:00:00,3337.98,3343.68,3337.59,3342.11,5477,7,0
2025-05-26 20:00:00,3342.11,3343.17,3340.55,3341.25,4786,7,0
2025-05-26 21:00:00,3341.25,3341.99,3341.02,3341.54,1079,7,0
2025-05-27 01:00:00,3343.0,3348.87,3342.94,3347.77,4612,7,0
2025-05-27 02:00:00,3347.77,3348.6,3344.52,3346.19,4148,7,0
2025-05-27 03:00:00,3346.19,3350.02,3342.49,3345.11,8059,7,0
2025-05-27 04:00:00,3345.11,3347.36,3331.83,3335.98,14192,7,0
2025-05-27 05:00:00,3335.98,3344.45,3335.18,3343.06,10519,7,0
2025-05-27 06:00:00,3343.08,3347.29,3340.94,3341.29,8080,7,0
2025-05-27 07:00:00,3341.29,3341.62,3330.75,3330.94,8657,7,0
2025-05-27 08:00:00,3330.94,3332.75,3316.1,3323.51,18351,7,0
2025-05-27 09:00:00,3323.51,3328.37,3305.16,3308.65,24718,7,0
2025-05-27 10:00:00,3308.64,3312.54,3292.66,3296.34,23383,7,0
2025-05-27 11:00:00,3296.34,3310.45,3296.19,3298.57,20275,7,0
2025-05-27 12:00:00,3298.57,3309.72,3294.6,3296.28,18562,7,0
2025-05-27 13:00:00,3296.25,3299.63,3290.61,3293.25,16819,7,0
2025-05-27 14:00:00,3293.25,3298.09,3287.77,3288.37,14778,7,0
2025-05-27 15:00:00,3288.37,3297.89,3288.06,3293.73,19085,7,0
2025-05-27 16:00:00,3293.75,3304.93,3292.24,3295.35,28043,7,0
2025-05-27 17:00:00,3295.35,3303.32,3285.28,3299.93,26606,7,0
2025-05-27 18:00:00,3299.93,3303.09,3289.75,3293.57,17971,7,0
2025-05-27 19:00:00,3293.57,3298.8,3293.11,3297.76,11445,7,0
2025-05-27 20:00:00,3297.76,3304.37,3296.78,3301.34,10392,7,0
2025-05-27 21:00:00,3301.34,3303.98,3299.14,3303.17,8001,7,0
2025-05-27 22:00:00,3303.17,3308.06,3303.03,3304.42,7258,7,0
2025-05-27 23:00:00,3304.42,3305.12,3299.59,3300.1,3296,7,0
2025-05-28 01:00:00,3301.63,3305.76,3300.04,3303.39,5291,7,0
2025-05-28 02:00:00,3303.4,3310.93,3297.14,3309.42,7185,7,0
2025-05-28 03:00:00,3309.42,3315.86,3308.28,3308.65,7237,7,0
2025-05-28 04:00:00,3308.65,3310.81,3298.58,3301.8,13678,7,0
2025-05-28 05:00:00,3301.8,3313.69,3300.38,3302.56,16367,7,0
2025-05-28 06:00:00,3302.56,3304.19,3291.62,3297.79,14740,7,0
2025-05-28 07:00:00,3297.79,3299.28,3294.4,3296.45,7293,7,0
2025-05-28 08:00:00,3296.45,3310.4,3296.02,3307.35,12407,7,0
2025-05-28 09:00:00,3307.35,3308.73,3298.6,3308.28,12985,7,0
2025-05-28 10:00:00,3308.28,3322.52,3307.27,3319.18,18718,7,0
2025-05-28 11:00:00,3319.18,3323.82,3315.22,3321.71,16467,7,0
2025-05-28 12:00:00,3321.71,3325.54,3320.23,3324.19,9218,7,0
2025-05-28 13:00:00,3324.19,3324.66,3311.8,3313.36,11289,7,0
2025-05-28 14:00:00,3313.36,3315.15,3307.44,3311.1,12599,7,0
2025-05-28 15:00:00,3311.1,3314.55,3305.45,3312.3,16775,7,0
2025-05-28 16:00:00,3312.3,3316.46,3297.53,3305.25,29830,7,0
2025-05-28 17:00:00,3305.25,3309.09,3300.57,3302.68,23734,7,0
2025-05-28 18:00:00,3302.68,3302.81,3292.6,3296.07,18979,7,0
2025-05-28 19:00:00,3296.07,3299.2,3288.63,3293.49,13514,7,0
2025-05-28 20:00:00,3293.49,3299.08,3291.37,3296.52,11633,7,0
2025-05-28 21:00:00,3296.52,3302.91,3296.48,3302.01,12090,7,0
2025-05-28 22:00:00,3302.02,3302.93,3293.92,3297.02,13062,7,0
2025-05-28 23:00:00,3297.02,3297.38,3276.15,3286.24,6884,7,0
2025-05-29 01:00:00,3286.2,3294.84,3282.1,3286.72,7001,7,0
2025-05-29 02:00:00,3286.72,3287.8,3250.02,3259.67,26550,7,0
2025-05-29 03:00:00,3259.67,3269.14,3253.97,3265.05,25812,7,0
2025-05-29 04:00:00,3265.05,3265.88,3245.55,3263.64,26225,7,0
2025-05-29 05:00:00,3263.64,3275.45,3261.12,3270.14,17587,7,0
2025-05-29 06:00:00,3270.14,3280.2,3268.16,3274.67,14150,7,0
2025-05-29 07:00:00,3274.67,3275.45,3269.13,3269.2,10052,7,0
2025-05-29 08:00:00,3269.2,3272.72,3266.11,3272.58,12037,7,0
2025-05-29 09:00:00,3272.58,3276.43,3268.11,3271.78,15043,7,0
2025-05-29 10:00:00,3271.78,3287.46,3271.77,3286.59,15393,7,0
2025-05-29 11:00:00,3286.51,3289.37,3278.28,3281.74,12213,7,0
2025-05-29 12:00:00,3281.74,3283.26,3276.28,3282.11,9771,7,0
2025-05-29 13:00:00,3282.11,3300.83,3281.93,3296.76,16042,7,0
2025-05-29 14:00:00,3296.76,3305.5,3295.44,3299.79,14231,7,0
2025-05-29 15:00:00,3299.79,3317.55,3298.69,3316.51,26121,7,0
2025-05-29 16:00:00,3316.51,3322.0,3310.31,3312.67,33416,7,0
2025-05-29 17:00:00,3312.67,3319.53,3304.82,3310.31,27266,7,0
2025-05-29 18:00:00,3310.31,3322.02,3309.81,3321.62,15457,7,0
2025-05-29 19:00:00,3321.69,3331.26,3319.83,3322.29,17546,7,0
2025-05-29 20:00:00,3322.29,3324.52,3318.22,3324.27,13164,7,0
2025-05-29 21:00:00,3324.27,3325.85,3317.68,3321.34,12082,7,0
2025-05-29 22:00:00,3321.34,3321.55,3315.57,3316.65,9632,7,0
2025-05-29 23:00:00,3316.65,3318.18,3315.29,3317.33,3500,7,0
2025-05-30 01:00:00,3318.76,3320.98,3313.59,3314.38,4596,7,0
2025-05-30 02:00:00,3314.38,3317.41,3312.93,3315.59,5412,7,0
2025-05-30 03:00:00,3315.59,3318.91,3309.63,3312.56,9428,7,0
2025-05-30 04:00:00,3312.56,3322.77,3308.2,3309.92,16671,7,0
2025-05-30 05:00:00,3309.92,3312.22,3295.08,3297.29,16262,7,0
2025-05-30 06:00:00,3297.29,3302.38,3291.35,3294.54,10991,7,0
2025-05-30 07:00:00,3294.54,3296.47,3291.51,3296.31,6675,7,0
2025-05-30 08:00:00,3296.31,3305.07,3290.3,3303.9,10972,7,0
2025-05-30 09:00:00,3303.9,3304.29,3290.55,3301.85,14929,7,0
2025-05-30 10:00:00,3301.85,3301.85,3287.56,3295.03,15929,7,0
2025-05-30 11:00:00,3295.03,3299.27,3291.65,3295.79,13215,7,0
2025-05-30 12:00:00,3295.8,3299.27,3292.61,3295.65,10276,7,0
2025-05-30 13:00:00,3295.65,3300.68,3292.57,3295.27,9156,7,0
2025-05-30 14:00:00,3295.27,3297.33,3288.41,3294.02,11727,7,0
2025-05-30 15:00:00,3294.02,3306.87,3282.93,3304.02,31384,7,0
2025-05-30 16:00:00,3304.02,3308.23,3275.31,3276.74,30731,7,0
2025-05-30 17:00:00,3276.74,3287.33,3271.48,3282.74,31962,7,0
2025-05-30 18:00:00,3282.74,3292.77,3276.06,3288.66,23411,7,0
2025-05-30 19:00:00,3288.66,3295.78,3284.01,3293.42,17516,7,0
2025-05-30 20:00:00,3293.36,3294.77,3289.79,3291.02,11343,7,0
2025-05-30 21:00:00,3291.02,3295.07,3291.02,3293.88,8021,7,0
2025-05-30 22:00:00,3293.88,3295.08,3291.67,3294.97,6166,7,0
2025-05-30 23:00:00,3294.97,3295.86,3288.48,3288.56,3468,7,0
2025-06-02 01:00:00,3298.89,3315.37,3295.88,3313.18,10150,7,0
2025-06-02 02:00:00,3313.18,3316.67,3309.25,3310.22,5790,7,0
2025-06-02 03:00:00,3310.22,3314.98,3303.36,3311.35,12013,7,0
2025-06-02 04:00:00,3311.35,3313.72,3301.48,3303.72,13541,7,0
2025-06-02 05:00:00,3303.72,3311.54,3303.5,3307.36,9293,7,0
2025-06-02 06:00:00,3307.36,3308.91,3303.36,3308.66,7684,7,0
2025-06-02 07:00:00,3308.66,3318.2,3308.66,3313.93,9094,7,0
2025-06-02 08:00:00,3313.93,3325.74,3313.88,3323.78,9968,7,0
2025-06-02 09:00:00,3323.78,3345.46,3323.78,3344.47,18143,7,0
2025-06-02 10:00:00,3344.47,3359.05,3343.19,3352.62,22699,7,0
2025-06-02 11:00:00,3352.62,3356.41,3350.13,3352.08,11571,7,0
2025-06-02 12:00:00,3352.08,3352.51,3344.53,3348.37,12942,7,0
2025-06-02 13:00:00,3348.37,3351.44,3344.62,3348.67,13591,7,0
2025-06-02 14:00:00,3348.67,3360.22,3346.11,3356.32,13818,7,0
2025-06-02 15:00:00,3356.32,3363.68,3353.99,3355.5,18348,7,0
2025-06-02 16:00:00,3355.5,3376.25,3350.39,3371.0,28199,7,0
2025-06-02 17:00:00,3371.0,3378.86,3367.73,3376.15,29963,7,0
2025-06-02 18:00:00,3376.11,3378.77,3369.86,3374.36,17987,7,0
2025-06-02 19:00:00,3374.33,3379.34,3369.36,3371.84,16364,7,0
2025-06-02 20:00:00,3371.79,3376.01,3371.35,3374.43,12399,7,0
2025-06-02 21:00:00,3374.43,3380.06,3370.83,3379.29,11291,7,0
2025-06-02 22:00:00,3379.29,3382.39,3377.95,3381.56,9764,7,0
2025-06-02 23:00:00,3381.56,3382.82,3378.46,3381.58,5327,7,0
2025-06-03 01:00:00,3383.24,3391.54,3382.15,3389.97,7039,7,0
2025-06-03 02:00:00,3389.97,3392.19,3383.18,3387.43,5940,7,0
2025-06-03 03:00:00,3387.43,3388.7,3373.88,3375.92,12911,7,0
2025-06-03 04:00:00,3375.92,3376.04,3363.26,3372.6,22657,7,0
2025-06-03 05:00:00,3372.6,3378.06,3364.46,3368.86,15123,7,0
2025-06-03 06:00:00,3368.86,3369.71,3359.82,3361.19,11658,7,0
2025-06-03 07:00:00,3361.19,3365.21,3359.26,3362.69,8539,7,0
2025-06-03 08:00:00,3362.69,3367.78,3356.41,3365.17,12189,7,0
2025-06-03 09:00:00,3365.17,3367.4,3351.19,3358.9,18540,7,0
2025-06-03 10:00:00,3358.9,3361.29,3352.56,3359.66,16622,7,0
2025-06-03 11:00:00,3359.66,3364.9,3359.66,3361.34,12448,7,0
2025-06-03 12:00:00,3361.34,3362.83,3355.02,3356.88,10506,7,0
2025-06-03 13:00:00,3356.88,3358.7,3355.0,3355.52,9760,7,0
2025-06-03 14:00:00,3355.52,3360.46,3353.43,3359.29,9263,7,0
2025-06-03 15:00:00,3359.29,3363.19,3349.01,3359.4,19151,7,0
2025-06-03 16:00:00,3359.4,3363.14,3340.96,3344.96,26105,7,0
2025-06-03 17:00:00,3344.96,3350.19,3333.1,3346.51,26803,7,0
2025-06-03 18:00:00,3346.5,3351.56,3344.09,3350.29,15708,7,0
2025-06-03 19:00:00,3350.29,3353.55,3344.65,3348.48,12049,7,0
2025-06-03 20:00:00,3348.48,3354.57,3347.36,3353.18,8933,7,0
2025-06-03 21:00:00,3353.18,3353.85,3350.52,3353.6,5754,7,0
2025-06-03 22:00:00,3353.6,3355.48,3351.31,3352.61,6029,7,0
2025-06-03 23:00:00,3352.61,3355.37,3352.6,3353.18,2863,7,0
2025-06-04 01:00:00,3354.05,3358.52,3354.05,3357.23,2500,7,0
2025-06-04 02:00:00,3357.23,3361.62,3355.41,3359.96,4354,7,0
2025-06-04 03:00:00,3359.96,3360.27,3349.8,3350.24,12405,7,0
2025-06-04 04:00:00,3350.24,3372.38,3346.45,3370.9,17985,7,0
2025-06-04 05:00:00,3370.88,3372.65,3362.9,3365.59,10755,7,0
2025-06-04 06:00:00,3365.59,3367.53,3358.34,3359.17,8374,7,0
2025-06-04 07:00:00,3359.17,3361.51,3352.4,3354.81,9384,7,0
2025-06-04 08:00:00,3354.81,3356.51,3348.01,3351.09,12172,7,0
2025-06-04 09:00:00,3351.09,3358.49,3349.09,3355.66,15608,7,0
2025-06-04 10:00:00,3355.66,3365.22,3353.68,3354.64,12999,7,0
2025-06-04 11:00:00,3354.64,3364.23,3351.77,3362.8,13292,7,0
2025-06-04 12:00:00,3362.8,3365.0,3359.42,3362.97,10471,7,0
2025-06-04 13:00:00,3362.97,3363.99,3347.29,3350.94,13822,7,0
2025-06-04 14:00:00,3350.94,3352.08,3343.81,3346.59,13520,7,0
2025-06-04 15:00:00,3346.62,3360.85,3344.46,3358.93,25163,7,0
2025-06-04 16:00:00,3358.94,3362.79,3350.93,3352.8,23817,7,0
2025-06-04 17:00:00,3352.8,3384.71,3351.09,3377.5,31318,7,0
2025-06-04 18:00:00,3377.5,3378.98,3369.81,3371.77,19194,7,0
2025-06-04 19:00:00,3371.77,3376.35,3370.9,3375.12,10594,7,0
2025-06-04 20:00:00,3375.12,3380.86,3373.04,3379.21,8966,7,0
2025-06-04 21:00:00,3379.21,3382.17,3375.01,3376.24,7319,7,0
2025-06-04 22:00:00,3376.19,3376.33,3371.93,3373.61,7498,7,0
2025-06-04 23:00:00,3373.61,3375.23,3370.74,3373.96,3899,7,0
2025-06-05 01:00:00,3373.35,3375.95,3372.24,3373.64,3012,7,0
2025-06-05 02:00:00,3373.64,3379.14,3372.52,3378.17,4184,7,0
2025-06-05 03:00:00,3378.19,3381.75,3372.46,3380.27,11476,7,0
2025-06-05 04:00:00,3380.27,3384.17,3370.72,3373.77,14972,7,0
2025-06-05 05:00:00,3373.77,3375.11,3368.28,3370.88,9744,7,0
2025-06-05 06:00:00,3370.88,3377.39,3369.37,3369.77,7608,7,0
2025-06-05 07:00:00,3369.77,3372.55,3363.92,3368.44,9293,7,0
2025-06-05 08:00:00,3368.44,3369.83,3361.23,3364.34,9916,7,0
2025-06-05 09:00:00,3364.34,3370.01,3363.87,3366.05,12537,7,0
2025-06-05 10:00:00,3366.06,3374.52,3365.36,3371.28,11749,7,0
2025-06-05 11:00:00,3371.28,3376.92,3369.79,3375.25,9549,7,0
2025-06-05 12:00:00,3375.25,3391.37,3374.11,3389.62,23933,7,0
2025-06-05 13:00:00,3389.61,3400.48,3388.33,3399.98,19399,7,0
2025-06-05 14:00:00,3399.98,3403.66,3391.73,3392.34,19433,7,0
2025-06-05 15:00:00,3392.34,3400.25,3377.71,3383.09,28439,7,0
2025-06-05 16:00:00,3383.09,3388.6,3371.21,3378.19,42712,7,0
2025-06-05 17:00:00,3378.19,3383.29,3363.91,3367.67,38694,7,0
2025-06-05 18:00:00,3367.66,3373.18,3339.5,3344.79,37711,7,0
2025-06-05 19:00:00,3344.79,3356.46,3339.88,3354.08,22020,7,0
2025-06-05 20:00:00,3354.08,3354.79,3348.95,3353.97,13961,7,0
2025-06-05 21:00:00,3353.97,3356.0,3350.51,3353.57,12188,7,0
2025-06-05 22:00:00,3353.57,3361.39,3352.89,3356.88,16040,7,0
2025-06-05 23:00:00,3356.77,3357.75,3351.92,3352.51,5334,7,0
2025-06-06 01:00:00,3354.28,3363.58,3353.15,3359.11,8146,7,0
2025-06-06 02:00:00,3359.11,3362.64,3357.27,3361.91,4779,7,0
2025-06-06 03:00:00,3361.91,3364.12,3357.47,3359.45,9046,7,0
2025-06-06 04:00:00,3359.45,3368.63,3356.01,3363.88,15368,7,0
2025-06-06 05:00:00,3363.88,3366.52,3362.11,3364.01,9940,7,0
2025-06-06 06:00:00,3364.01,3371.85,3359.26,3369.77,9178,7,0
2025-06-06 07:00:00,3369.77,3374.61,3369.07,3373.68,8034,7,0
2025-06-06 08:00:00,3373.68,3375.64,3362.24,3366.1,13538,7,0
2025-06-06 09:00:00,3366.08,3366.99,3356.15,3360.8,20868,7,0
2025-06-06 10:00:00,3360.8,3362.37,3352.78,3359.47,16403,7,0
2025-06-06 11:00:00,3359.47,3367.76,3358.45,3365.39,12332,7,0
2025-06-06 12:00:00,3365.39,3365.45,3352.86,3356.76,12737,7,0
2025-06-06 13:00:00,3356.76,3360.85,3355.93,3360.62,10385,7,0
2025-06-06 14:00:00,3360.62,3364.34,3358.19,3358.41,12244,7,0
2025-06-06 15:00:00,3358.41,3364.31,3343.54,3353.35,34782,7,0
2025-06-06 16:00:00,3353.33,3361.01,3342.65,3343.24,41990,7,0
2025-06-06 17:00:00,3343.26,3345.15,3316.53,3326.15,44258,7,0
2025-06-06 18:00:00,3326.16,3336.81,3323.38,3332.21,25488,7,0
2025-06-06 19:00:00,3332.21,3332.73,3320.93,3322.78,18657,7,0
2025-06-06 20:00:00,3322.78,3326.79,3321.41,3323.61,13233,7,0
2025-06-06 21:00:00,3323.61,3324.01,3313.72,3317.53,12865,7,0
2025-06-06 22:00:00,3317.53,3318.95,3311.31,3312.41,10406,7,0
2025-06-06 23:00:00,3312.41,3312.86,3307.14,3311.92,4893,7,0
2025-06-09 01:00:00,3311.09,3321.12,3309.24,3314.84,7338,7,0
2025-06-09 02:00:00,3314.84,3318.54,3313.44,3318.07,5968,7,0
2025-06-09 03:00:00,3318.07,3318.68,3298.14,3305.1,15951,7,0
2025-06-09 04:00:00,3305.1,3309.41,3295.02,3295.98,18184,7,0
2025-06-09 05:00:00,3296.11,3307.61,3293.29,3305.57,13274,7,0
2025-06-09 06:00:00,3305.57,3312.09,3303.23,3310.84,11598,7,0
2025-06-09 07:00:00,3310.84,3313.45,3309.27,3311.77,6904,7,0
2025-06-09 08:00:00,3311.77,3316.63,3309.6,3314.68,9917,7,0
2025-06-09 09:00:00,3314.68,3324.96,3312.52,3324.41,14488,7,0
2025-06-09 10:00:00,3324.41,3328.61,3321.56,3324.17,14890,7,0
2025-06-09 11:00:00,3324.17,3325.66,3319.81,3319.81,11858,7,0
2025-06-09 12:00:00,3319.81,3323.51,3316.86,3318.72,10518,7,0
2025-06-09 13:00:00,3318.72,3319.76,3312.16,3314.66,8853,7,0
2025-06-09 14:00:00,3314.66,3321.34,3313.71,3317.46,11350,7,0
2025-06-09 15:00:00,3317.46,3322.47,3313.1,3320.08,15379,7,0
2025-06-09 16:00:00,3320.08,3321.71,3310.75,3319.38,25310,7,0
2025-06-09 17:00:00,3319.38,3326.85,3316.18,3320.86,22288,7,0
2025-06-09 18:00:00,3320.86,3332.14,3320.44,3328.68,13183,7,0
2025-06-09 19:00:00,3328.68,3337.94,3327.57,3337.74,13897,7,0
2025-06-09 20:00:00,3337.74,3338.23,3332.94,3333.7,10724,7,0
2025-06-09 21:00:00,3333.7,3337.14,3332.76,3333.21,8518,7,0
2025-06-09 22:00:00,3333.21,3335.49,3325.95,3327.26,9580,7,0
2025-06-09 23:00:00,3327.26,3329.52,3324.77,3325.53,4484,7,0
2025-06-10 01:00:00,3325.95,3327.45,3321.64,3323.59,5049,7,0
2025-06-10 02:00:00,3323.59,3327.85,3323.59,3326.77,3482,7,0
2025-06-10 03:00:00,3326.77,3326.84,3314.63,3316.66,12644,7,0
2025-06-10 04:00:00,3316.66,3319.91,3302.92,3306.28,20072,7,0
2025-06-10 05:00:00,3306.28,3310.31,3301.68,3309.37,13109,7,0
2025-06-10 06:00:00,3309.37,3310.44,3305.15,3307.59,8256,7,0
2025-06-10 07:00:00,3307.59,3308.69,3302.85,3307.31,6669,7,0
2025-06-10 08:00:00,3307.31,3319.22,3306.8,3317.65,15044,7,0
2025-06-10 09:00:00,3317.71,3331.36,3315.59,3325.49,19132,7,0
2025-06-10 10:00:00,3325.49,3332.26,3324.09,3330.13,16368,7,0
2025-06-10 11:00:00,3330.13,3334.94,3326.24,3329.37,12481,7,0
2025-06-10 12:00:00,3329.37,3331.83,3327.18,3329.75,8423,7,0
2025-06-10 13:00:00,3329.75,3336.33,3328.46,3335.44,9301,7,0
2025-06-10 14:00:00,3335.44,3342.58,3332.32,3333.78,12436,7,0
2025-06-10 15:00:00,3333.78,3340.36,3328.26,3337.21,15055,7,0
2025-06-10 16:00:00,3337.21,3349.2,3335.54,3343.65,22301,7,0
2025-06-10 17:00:00,3343.65,3343.74,3325.5,3328.55,23765,7,0
2025-06-10 18:00:00,3328.55,3329.34,3323.26,3326.67,16566,7,0
2025-06-10 19:00:00,3326.67,3327.76,3320.04,3321.36,12185,7,0
2025-06-10 20:00:00,3321.36,3325.87,3320.46,3324.81,10025,7,0
2025-06-10 21:00:00,3324.81,3325.42,3319.43,3321.66,9509,7,0
2025-06-10 22:00:00,3321.66,3334.61,3321.49,3328.77,10603,7,0
2025-06-10 23:00:00,3328.77,3328.95,3322.47,3322.55,5500,7,0
2025-06-11 01:00:00,3322.53,3327.48,3320.78,3324.48,5228,7,0
2025-06-11 02:00:00,3324.48,3328.15,3315.51,3327.99,8541,7,0
2025-06-11 03:00:00,3327.99,3335.26,3325.05,3332.45,11503,7,0
2025-06-11 04:00:00,3332.45,3337.49,3327.66,3328.52,11687,7,0
2025-06-11 05:00:00,3328.52,3339.66,3327.15,3338.31,9788,7,0
2025-06-11 06:00:00,3338.31,3341.67,3336.48,3339.45,6701,7,0
2025-06-11 07:00:00,3339.45,3342.99,3336.97,3341.88,6720,7,0
2025-06-11 08:00:00,3341.88,3343.16,3335.56,3339.68,9752,7,0
2025-06-11 09:00:00,3339.68,3340.19,3332.53,3337.34,12628,7,0
2025-06-11 10:00:00,3337.34,3348.58,3335.21,3345.74,12420,7,0
2025-06-11 11:00:00,3345.74,3346.75,3342.54,3344.53,9902,7,0
2025-06-11 12:00:00,3344.53,3344.61,3331.37,3333.81,16154,7,0
2025-06-11 13:00:00,3333.81,3336.76,3328.57,3329.9,10412,7,0
2025-06-11 14:00:00,3329.9,3335.3,3326.18,3333.13,11972,7,0
2025-06-11 15:00:00,3333.13,3360.71,3327.28,3336.77,32058,7,0
2025-06-11 16:00:00,3336.77,3344.59,3328.05,3329.98,35947,7,0
2025-06-11 17:00:00,3329.98,3341.32,3328.62,3337.62,21861,7,0
2025-06-11 18:00:00,3337.62,3342.81,3329.62,3333.17,17056,7,0
2025-06-11 19:00:00,3333.17,3334.52,3328.19,3330.26,12584,7,0
2025-06-11 20:00:00,3330.26,3331.38,3319.27,3324.34,16884,7,0
2025-06-11 21:00:00,3324.34,3347.34,3323.86,3343.91,22793,7,0
2025-06-11 22:00:00,3343.91,3349.34,3342.4,3346.86,12365,7,0
2025-06-11 23:00:00,3346.86,3355.37,3346.68,3355.32,5942,7,0
2025-06-12 01:00:00,3356.41,3369.78,3356.3,3369.07,8502,7,0
2025-06-12 02:00:00,3369.07,3373.61,3357.5,3365.53,10574,7,0
2025-06-12 03:00:00,3365.53,3371.44,3362.26,3365.9,16977,7,0
2025-06-12 04:00:00,3365.9,3376.83,3362.56,3371.11,18561,7,0
2025-06-12 05:00:00,3371.11,3377.85,3369.0,3374.66,14009,7,0
2025-06-12 06:00:00,3374.66,3376.66,3371.73,3373.45,10422,7,0
2025-06-12 07:00:00,3373.45,3373.79,3369.52,3370.59,5673,7,0
2025-06-12 08:00:00,3370.59,3375.91,3367.8,3374.48,8271,7,0
2025-06-12 09:00:00,3374.48,3375.69,3365.27,3375.01,14903,7,0
2025-06-12 10:00:00,3375.01,3375.29,3338.61,3346.21,24262,7,0
2025-06-12 11:00:00,3346.21,3361.12,3346.21,3356.86,22481,7,0
2025-06-12 12:00:00,3356.86,3368.02,3355.39,3365.43,15030,7,0
2025-06-12 13:00:00,3365.43,3385.89,3362.58,3382.67,20194,7,0
2025-06-12 14:00:00,3382.67,3388.64,3373.22,3379.33,18412,7,0
2025-06-12 15:00:00,3379.33,3390.48,3376.41,3388.07,23639,7,0
2025-06-12 16:00:00,3388.07,3398.95,3379.15,3392.05,34863,7,0
2025-06-12 17:00:00,3392.05,3393.19,3383.03,3383.91,29545,7,0
2025-06-12 18:00:00,3383.91,3390.28,3377.86,3385.86,24192,7,0
2025-06-12 19:00:00,3385.86,3391.38,3380.99,3383.8,16161,7,0
2025-06-12 20:00:00,3383.8,3385.05,3378.13,3382.65,12581,7,0
2025-06-12 21:00:00,3382.65,3386.4,3381.96,3385.97,9482,7,0
2025-06-12 22:00:00,3385.97,3389.29,3384.8,3388.22,7909,7,0
2025-06-12 23:00:00,3388.22,3388.96,3384.86,3385.66,3183,7,0
2025-06-13 01:00:00,3386.42,3386.63,3379.6,3383.48,4216,7,0
2025-06-13 02:00:00,3383.48,3396.26,3382.64,3395.94,6226,7,0
2025-06-13 03:00:00,3395.83,3419.91,3391.82,3416.8,41754,7,0
2025-06-13 04:00:00,3416.79,3433.37,3413.9,3427.78,27902,7,0
2025-06-13 05:00:00,3427.78,3444.17,3424.97,3441.35,22053,7,0
2025-06-13 06:00:00,3441.35,3444.58,3423.89,3425.56,20809,7,0
2025-06-13 07:00:00,3425.56,3430.3,3422.8,3425.38,10327,7,0
2025-06-13 08:00:00,3425.38,3428.84,3418.02,3426.17,13797,7,0
2025-06-13 09:00:00,3426.17,3428.91,3408.53,3416.33,21469,7,0
2025-06-13 10:00:00,3416.37,3419.03,3407.95,3414.92,19513,7,0
2025-06-13 11:00:00,3414.92,3426.17,3414.36,3424.42,14102,7,0
2025-06-13 12:00:00,3424.42,3427.36,3420.18,3424.34,15440,7,0
2025-06-13 13:00:00,3424.34,3427.74,3411.6,3415.88,19004,7,0
2025-06-13 14:00:00,3415.88,3423.08,3412.6,3422.23,14316,7,0
2025-06-13 15:00:00,3422.23,3438.23,3421.81,3436.67,18754,7,0
2025-06-13 16:00:00,3436.67,3446.75,3433.99,3437.16,34006,7,0
2025-06-13 17:00:00,3437.16,3439.96,3423.75,3427.88,32535,7,0
2025-06-13 18:00:00,3427.88,3430.43,3421.12,3426.27,22684,7,0
2025-06-13 19:00:00,3426.27,3431.1,3419.24,3430.19,14602,7,0
2025-06-13 20:00:00,3430.19,3433.5,3427.38,3430.39,11992,7,0
2025-06-13 21:00:00,3430.39,3439.57,3428.77,3436.58,15195,7,0
2025-06-13 22:00:00,3436.59,3438.14,3431.79,3432.37,12290,7,0
2025-06-13 23:00:00,3432.37,3434.62,3429.09,3434.0,7143,7,0
2025-06-16 01:00:00,3451.58,3451.58,3427.2,3448.43,14223,7,0
2025-06-16 02:00:00,3448.43,3450.16,3439.59,3444.12,9548,7,0
2025-06-16 03:00:00,3444.12,3451.18,3434.36,3436.36,16527,7,0
2025-06-16 04:00:00,3436.39,3443.23,3433.3,3441.49,16813,7,0
2025-06-16 05:00:00,3441.49,3446.42,3437.91,3438.49,12342,7,0
2025-06-16 06:00:00,3438.49,3439.73,3429.34,3431.57,10982,7,0
2025-06-16 07:00:00,3431.57,3433.28,3426.88,3427.56,7710,7,0
2025-06-16 08:00:00,3427.56,3430.43,3417.77,3421.54,15826,7,0
2025-06-16 09:00:00,3421.54,3421.56,3413.04,3418.36,20126,7,0
2025-06-16 10:00:00,3418.36,3419.82,3409.55,3412.64,17093,7,0
2025-06-16 11:00:00,3412.64,3418.57,3409.81,3413.86,13777,7,0
2025-06-16 12:00:00,3413.86,3419.54,3411.98,3412.1,11875,7,0
2025-06-16 13:00:00,3412.1,3421.33,3410.76,3421.09,12232,7,0
2025-06-16 14:00:00,3421.09,3422.68,3410.84,3414.99,12458,7,0
2025-06-16 15:00:00,3414.99,3417.82,3411.15,3415.62,15867,7,0
2025-06-16 16:00:00,3415.62,3418.05,3382.88,3388.08,34047,7,0
2025-06-16 17:00:00,3388.17,3399.41,3387.47,3396.96,29214,7,0
2025-06-16 18:00:00,3396.96,3405.77,3396.96,3404.56,17727,7,0
2025-06-16 19:00:00,3404.56,3404.99,3397.45,3399.49,12005,7,0
2025-06-16 20:00:00,3399.49,3400.28,3391.21,3392.69,10917,7,0
2025-06-16 21:00:00,3392.69,3394.12,3384.07,3385.33,9622,7,0
2025-06-16 22:00:00,3385.33,3388.52,3382.9,3384.19,11044,7,0
2025-06-16 23:00:00,3384.2,3386.07,3383.38,3384.62,3375,7,0
2025-06-17 01:00:00,3386.8,3398.48,3385.49,3395.51,7205,7,0
2025-06-17 02:00:00,3395.51,3402.88,3393.1,3402.81,10066,7,0
2025-06-17 03:00:00,3402.81,3403.32,3391.61,3394.22,13113,7,0
2025-06-17 04:00:00,3394.22,3402.68,3393.37,3393.72,13086,7,0
2025-06-17 05:00:00,3393.72,3400.44,3388.44,3390.06,11990,7,0
2025-06-17 06:00:00,3390.06,3392.65,3373.92,3387.67,16102,7,0
2025-06-17 07:00:00,3387.67,3396.33,3387.13,3394.06,7412,7,0
2025-06-17 08:00:00,3394.06,3395.5,3390.74,3392.65,8531,7,0
2025-06-17 09:00:00,3392.65,3392.65,3381.07,3385.5,15267,7,0
2025-06-17 10:00:00,3385.48,3391.89,3383.17,3387.75,13414,7,0
2025-06-17 11:00:00,3387.75,3388.63,3377.87,3378.91,12798,7,0
2025-06-17 12:00:00,3378.91,3386.0,3375.62,3385.63,16415,7,0
2025-06-17 13:00:00,3385.63,3398.78,3385.38,3398.15,16809,7,0
2025-06-17 14:00:00,3398.15,3400.17,3388.19,3388.58,15889,7,0
2025-06-17 15:00:00,3388.58,3391.61,3383.54,3386.78,20426,7,0
2025-06-17 16:00:00,3386.78,3397.51,3385.96,3390.68,27072,7,0
2025-06-17 17:00:00,3390.68,3392.08,3366.16,3385.05,31433,7,0
2025-06-17 18:00:00,3385.05,3388.36,3372.62,3379.34,19406,7,0
2025-06-17 19:00:00,3379.34,3385.95,3376.71,3382.91,16138,7,0
2025-06-17 20:00:00,3382.91,3391.3,3381.33,3390.39,16221,7,0
2025-06-17 21:00:00,3390.39,3392.61,3382.52,3382.84,14076,7,0
2025-06-17 22:00:00,3382.84,3386.45,3382.45,3385.76,8755,7,0
2025-06-17 23:00:00,3385.76,3390.29,3383.64,3388.49,3389,7,0
2025-06-18 01:00:00,3390.73,3396.13,3388.86,3388.87,5671,7,0
2025-06-18 02:00:00,3388.87,3390.4,3385.06,3387.36,5083,7,0
2025-06-18 03:00:00,3387.36,3388.89,3383.02,3385.8,9036,7,0
2025-06-18 04:00:00,3385.8,3388.68,3378.77,3379.02,11137,7,0
2025-06-18 05:00:00,3379.02,3379.67,3370.69,3379.39,11057,7,0
2025-06-18 06:00:00,3379.39,3391.53,3379.34,3391.0,10057,7,0
2025-06-18 07:00:00,3391.0,3400.1,3389.48,3395.17,8398,7,0
2025-06-18 08:00:00,3395.17,3395.7,3384.32,3386.55,13941,7,0
2025-06-18 09:00:00,3386.55,3386.85,3379.47,3382.44,14733,7,0
2025-06-18 10:00:00,3382.44,3386.15,3377.12,3385.95,12573,7,0
2025-06-18 11:00:00,3385.95,3388.42,3382.61,3383.58,9505,7,0
2025-06-18 12:00:00,3383.58,3385.6,3375.55,3378.27,9510,7,0
2025-06-18 13:00:00,3378.27,3382.44,3375.78,3380.25,11555,7,0
2025-06-18 14:00:00,3380.25,3387.06,3379.05,3382.09,12772,7,0
2025-06-18 15:00:00,3382.09,3389.89,3381.7,3386.62,14226,7,0
2025-06-18 16:00:00,3386.62,3396.85,3385.63,3392.32,18739,7,0
2025-06-18 17:00:00,3392.32,3392.48,3373.78,3386.88,28945,7,0
2025-06-18 18:00:00,3386.88,3392.9,3381.27,3392.77,12973,7,0
2025-06-18 19:00:00,3392.77,3394.74,3390.02,3390.96,10344,7,0
2025-06-18 20:00:00,3390.96,3391.33,3384.52,3385.3,9680,7,0
2025-06-18 21:00:00,3385.23,3395.86,3378.4,3379.15,31707,7,0
2025-06-18 22:00:00,3379.15,3379.29,3363.01,3366.87,27332,7,0
2025-06-18 23:00:00,3366.87,3369.29,3362.62,3368.38,7725,7,0
2025-06-19 01:00:00,3369.19,3379.89,3369.05,3375.15,6525,7,0
2025-06-19 02:00:00,3375.15,3377.07,3370.74,3375.12,6240,7,0
2025-06-19 03:00:00,3375.12,3383.34,3374.79,3379.53,8695,7,0
2025-06-19 04:00:00,3379.53,3388.03,3374.64,3374.93,15330,7,0
2025-06-19 05:00:00,3374.93,3379.48,3374.14,3376.79,8209,7,0
2025-06-19 06:00:00,3376.79,3377.35,3369.71,3373.61,7151,7,0
2025-06-19 07:00:00,3373.61,3375.2,3371.63,3374.58,4067,7,0
2025-06-19 08:00:00,3374.58,3375.34,3360.24,3364.66,10840,7,0
2025-06-19 09:00:00,3364.66,3364.85,3347.54,3357.41,28732,7,0
2025-06-19 10:00:00,3357.41,3369.12,3350.71,3365.94,19988,7,0
2025-06-19 11:00:00,3365.94,3371.68,3362.36,3368.73,14411,7,0
2025-06-19 12:00:00,3368.73,3373.78,3363.74,3370.36,11588,7,0
2025-06-19 13:00:00,3370.36,3379.16,3369.13,3375.0,10505,7,0
2025-06-19 14:00:00,3375.0,3375.53,3370.45,3371.99,9160,7,0
2025-06-19 15:00:00,3371.99,3372.58,3363.78,3368.01,12149,7,0
2025-06-19 16:00:00,3368.01,3372.96,3361.57,3369.53,15449,7,0
2025-06-19 17:00:00,3369.53,3370.99,3361.66,3364.75,14065,7,0
2025-06-19 18:00:00,3364.75,3372.13,3362.35,3369.26,12648,7,0
2025-06-19 19:00:00,3369.26,3371.69,3366.18,3371.12,8335,7,0
2025-06-19 20:00:00,3371.12,3374.09,3370.99,3373.4,1933,7,0
2025-06-20 01:00:00,3369.96,3370.49,3362.03,3365.73,5893,7,0
2025-06-20 02:00:00,3365.73,3370.49,3363.69,3368.81,5758,7,0
2025-06-20 03:00:00,3368.81,3370.4,3364.71,3368.0,8387,7,0
2025-06-20 04:00:00,3368.0,3368.3,3356.22,3356.52,12301,7,0
2025-06-20 05:00:00,3356.52,3360.58,3351.69,3352.42,11211,7,0
2025-06-20 06:00:00,3352.42,3356.29,3344.73,3355.56,13267,7,0
2025-06-20 07:00:00,3355.56,3357.88,3352.57,3354.3,6723,7,0
2025-06-20 08:00:00,3354.3,3355.15,3342.68,3344.75,11429,7,0
2025-06-20 09:00:00,3344.75,3348.74,3340.36,3345.28,15223,7,0
2025-06-20 10:00:00,3345.28,3355.43,3343.36,3347.68,12888,7,0
2025-06-20 11:00:00,3347.68,3352.51,3346.77,3351.09,9735,7,0
2025-06-20 12:00:00,3351.09,3359.23,3349.3,3355.31,10761,7,0
2025-06-20 13:00:00,3355.31,3357.97,3355.05,3355.41,7549,7,0
2025-06-20 14:00:00,3355.41,3356.04,3346.61,3347.09,12502,7,0
2025-06-20 15:00:00,3347.09,3350.8,3341.95,3344.49,16646,7,0
2025-06-20 16:00:00,3344.49,3373.87,3343.03,3370.38,25852,7,0
2025-06-20 17:00:00,3370.38,3374.52,3365.27,3369.34,21847,7,0
2025-06-20 18:00:00,3369.34,3371.83,3365.89,3369.9,11341,7,0
2025-06-20 19:00:00,3369.9,3373.48,3367.84,3371.53,9416,7,0
2025-06-20 20:00:00,3371.53,3371.79,3366.59,3367.35,9787,7,0
2025-06-20 21:00:00,3367.35,3367.93,3364.59,3366.58,7922,7,0
2025-06-20 22:00:00,3366.58,3370.62,3364.9,3365.51,7695,7,0
2025-06-20 23:00:00,3365.51,3369.15,3364.72,3368.57,4683,7,0
2025-06-23 01:00:00,3389.68,3396.86,3372.38,3379.13,15055,7,0
2025-06-23 02:00:00,3379.13,3380.58,3371.25,3372.82,8283,7,0
2025-06-23 03:00:00,3372.82,3373.62,3358.67,3365.67,13992,7,0
2025-06-23 04:00:00,3365.66,3368.11,3351.97,3355.26,16738,7,0
2025-06-23 05:00:00,3355.26,3364.88,3354.77,3361.53,10206,7,0
2025-06-23 06:00:00,3361.53,3366.36,3360.41,3363.41,8243,7,0
2025-06-23 07:00:00,3363.41,3365.02,3356.87,3358.54,5388,7,0
2025-06-23 08:00:00,3358.54,3360.64,3347.05,3356.82,12024,7,0
2025-06-23 09:00:00,3356.82,3359.91,3352.67,3357.64,12392,7,0
2025-06-23 10:00:00,3357.64,3358.83,3351.63,3357.67,11630,7,0
2025-06-23 11:00:00,3357.67,3362.41,3357.67,3361.85,11270,7,0
2025-06-23 12:00:00,3361.85,3369.02,3361.63,3366.61,12679,7,0
2025-06-23 13:00:00,3366.61,3368.3,3364.02,3367.84,9016,7,0
2025-06-23 14:00:00,3367.84,3382.05,3367.84,3380.76,16537,7,0
2025-06-23 15:00:00,3380.76,3381.09,3355.91,3360.44,17224,7,0
2025-06-23 16:00:00,3360.44,3387.82,3359.87,3380.8,26740,7,0
2025-06-23 17:00:00,3380.8,3386.71,3369.93,3386.39,26569,7,0
2025-06-23 18:00:00,3386.39,3389.86,3384.54,3387.21,17042,7,0
2025-06-23 19:00:00,3387.21,3393.48,3380.46,3389.85,21333,7,0
2025-06-23 20:00:00,3389.85,3391.62,3375.66,3382.49,19538,7,0
2025-06-23 21:00:00,3382.49,3388.09,3376.87,3378.62,13314,7,0
2025-06-23 22:00:00,3378.62,3382.15,3375.65,3376.46,12087,7,0
2025-06-23 23:00:00,3376.46,3377.33,3367.3,3368.56,6649,7,0
2025-06-24 01:00:00,3368.38,3369.99,3350.44,3355.5,10941,7,0
2025-06-24 02:00:00,3355.5,3357.33,3341.52,3344.27,12951,7,0
2025-06-24 03:00:00,3344.32,3355.28,3333.16,3351.13,16930,7,0
2025-06-24 04:00:00,3351.13,3354.41,3342.22,3347.78,19068,7,0
2025-06-24 05:00:00,3347.78,3352.93,3345.95,3351.94,10277,7,0
2025-06-24 06:00:00,3351.94,3357.93,3351.61,3352.59,8164,7,0
2025-06-24 07:00:00,3352.59,3353.38,3347.09,3348.62,6415,7,0
2025-06-24 08:00:00,3348.62,3348.83,3326.71,3332.1,15509,7,0
2025-06-24 09:00:00,3332.1,3333.2,3316.1,3322.8,25362,7,0
2025-06-24 10:00:00,3322.8,3331.87,3316.61,3329.73,21109,7,0
2025-06-24 11:00:00,3329.73,3332.41,3324.72,3327.32,14246,7,0
2025-06-24 12:00:00,3327.32,3328.77,3317.95,3318.52,13353,7,0
2025-06-24 13:00:00,3318.54,3327.64,3318.52,3325.55,8601,7,0
2025-06-24 14:00:00,3325.55,3328.96,3317.93,3321.19,11881,7,0
2025-06-24 15:00:00,3321.19,3321.19,3304.46,3314.82,23821,7,0
2025-06-24 16:00:00,3314.82,3317.9,3295.42,3302.13,32589,7,0
2025-06-24 17:00:00,3302.13,3310.29,3298.63,3304.63,28308,7,0
2025-06-24 18:00:00,3304.63,3317.0,3299.85,3313.27,20073,7,0
2025-06-24 19:00:00,3313.27,3320.4,3311.36,3318.43,11728,7,0
2025-06-24 20:00:00,3318.43,3321.25,3317.93,3318.02,10414,7,0
2025-06-24 21:00:00,3318.02,3319.03,3315.71,3317.2,8931,7,0
2025-06-24 22:00:00,3317.2,3325.3,3316.07,3323.66,9616,7,0
2025-06-24 23:00:00,3323.66,3324.51,3321.24,3322.98,4317,7,0
2025-06-25 01:00:00,3324.5,3325.01,3320.82,3321.5,3498,7,0
2025-06-25 02:00:00,3321.5,3324.85,3321.5,3324.19,3091,7,0
2025-06-25 03:00:00,3324.19,3330.07,3323.64,3326.99,7184,7,0
2025-06-25 04:00:00,3326.99,3334.88,3326.47,3334.67,11983,7,0
2025-06-25 05:00:00,3334.67,3335.27,3327.81,3329.44,8208,7,0
2025-06-25 06:00:00,3329.44,3332.08,3327.23,3328.36,6425,7,0
2025-06-25 07:00:00,3328.36,3329.27,3325.82,3327.49,4217,7,0
2025-06-25 08:00:00,3327.49,3333.71,3326.73,3331.63,6413,7,0
2025-06-25 09:00:00,3331.63,3333.49,3329.0,3331.74,8866,7,0
2025-06-25 10:00:00,3331.79,3337.23,3326.77,3330.71,12802,7,0
2025-06-25 11:00:00,3330.71,3332.41,3326.5,3327.27,10833,7,0
2025-06-25 12:00:00,3327.27,3327.28,3321.51,3325.35,9887,7,0
2025-06-25 13:00:00,3325.35,3329.55,3324.25,3324.53,8856,7,0
2025-06-25 14:00:00,3324.53,3329.53,3322.19,3322.68,11032,7,0
2025-06-25 15:00:00,3322.68,3329.43,3318.2,3320.64,11696,7,0
2025-06-25 16:00:00,3320.64,3321.6,3311.99,3314.66,18935,7,0
2025-06-25 17:00:00,3314.66,3326.38,3311.93,3323.43,18898,7,0
2025-06-25 18:00:00,3323.43,3327.17,3321.64,3325.63,10790,7,0
2025-06-25 19:00:00,3325.64,3335.17,3324.25,3334.81,11400,7,0
2025-06-25 20:00:00,3334.81,3335.35,3324.83,3328.02,13430,7,0
2025-06-25 21:00:00,3328.02,3331.8,3326.26,3331.68,8785,7,0
2025-06-25 22:00:00,3331.68,3336.06,3330.44,3333.72,9415,7,0
2025-06-25 23:00:00,3333.72,3335.64,3331.46,3332.26,4862,7,0
2025-06-26 01:00:00,3332.27,3335.67,3330.89,3333.26,3278,7,0
2025-06-26 02:00:00,3333.26,3340.14,3332.91,3339.05,5558,7,0
2025-06-26 03:00:00,3339.05,3339.32,3332.19,3334.05,7736,7,0
2025-06-26 04:00:00,3334.05,3336.74,3329.35,3330.2,10849,7,0
2025-06-26 05:00:00,3330.2,3341.81,3329.33,3339.54,9326,7,0
2025-06-26 06:00:00,3339.54,3343.29,3336.46,3338.03,7587,7,0
2025-06-26 07:00:00,3338.03,3338.16,3333.41,3333.97,5161,7,0
2025-06-26 08:00:00,3333.97,3338.29,3332.5,3334.18,7997,7,0
2025-06-26 09:00:00,3334.18,3340.46,3331.02,3339.87,11961,7,0
2025-06-26 10:00:00,3339.87,3347.18,3339.68,3346.12,11041,7,0
2025-06-26 11:00:00,3346.12,3350.34,3344.44,3348.25,11921,7,0
2025-06-26 12:00:00,3348.2,3348.78,3338.83,3340.6,13477,7,0
2025-06-26 13:00:00,3340.6,3343.53,3338.01,3343.32,7389,7,0
2025-06-26 14:00:00,3343.32,3344.15,3331.57,3333.0,11090,7,0
2025-06-26 15:00:00,3333.0,3344.15,3321.75,3322.09,19168,7,0
2025-06-26 16:00:00,3322.09,3328.77,3309.91,3319.94,32385,7,0
2025-06-26 17:00:00,3319.94,3323.85,3311.94,3318.38,24733,7,0
2025-06-26 18:00:00,3318.38,3324.94,3318.38,3324.88,12118,7,0
2025-06-26 19:00:00,3324.88,3333.35,3323.82,3331.36,12128,7,0
2025-06-26 20:00:00,3331.36,3336.47,3331.27,3332.73,10819,7,0
2025-06-26 21:00:00,3332.73,3334.93,3331.28,3334.13,7643,7,0
2025-06-26 22:00:00,3334.13,3334.36,3328.27,3331.37,7829,7,0
2025-06-26 23:00:00,3331.37,3332.36,3327.81,3328.23,3489,7,0
2025-06-27 01:00:00,3327.5,3328.01,3318.93,3321.51,4457,7,0
2025-06-27 02:00:00,3321.51,3323.7,3316.31,3318.79,4935,7,0
2025-06-27 03:00:00,3318.8,3320.0,3313.22,3318.95,8468,7,0
2025-06-27 04:00:00,3318.95,3322.06,3314.84,3316.51,11153,7,0
2025-06-27 05:00:00,3316.51,3320.4,3308.59,3308.88,12286,7,0
2025-06-27 06:00:00,3308.88,3311.09,3292.63,3294.39,14981,7,0
2025-06-27 07:00:00,3294.39,3297.57,3291.2,3294.0,8943,7,0
2025-06-27 08:00:00,3294.0,3301.03,3289.19,3297.39,13272,7,0
2025-06-27 09:00:00,3297.39,3299.99,3286.92,3294.96,18210,7,0
2025-06-27 10:00:00,3294.99,3295.38,3283.5,3284.51,18403,7,0
2025-06-27 11:00:00,3284.51,3291.11,3281.88,3289.33,14945,7,0
2025-06-27 12:00:00,3289.33,3289.73,3282.22,3282.81,13542,7,0
2025-06-27 13:00:00,3282.81,3290.97,3279.76,3285.64,12124,7,0
2025-06-27 14:00:00,3285.64,3287.98,3276.1,3281.39,14035,7,0
2025-06-27 15:00:00,3281.39,3282.35,3269.6,3270.14,23480,7,0
2025-06-27 16:00:00,3270.14,3274.43,3255.86,3274.37,36262,7,0
2025-06-27 17:00:00,3274.37,3278.18,3263.75,3272.47,29446,7,0
2025-06-27 18:00:00,3272.47,3277.57,3271.08,3274.66,18211,7,0
2025-06-27 19:00:00,3274.66,3278.66,3273.43,3277.68,13510,7,0
2025-06-27 20:00:00,3277.68,3282.89,3272.87,3277.48,15235,7,0
2025-06-27 21:00:00,3277.48,3278.44,3270.56,3275.88,12780,7,0
2025-06-27 22:00:00,3275.88,3276.58,3268.45,3270.63,12489,7,0
2025-06-27 23:00:00,3270.63,3275.58,3270.39,3275.03,5247,7,0
2025-06-30 01:00:00,3273.06,3281.74,3247.74,3263.82,14365,7,0
2025-06-30 02:00:00,3263.82,3270.95,3262.93,3263.82,7713,7,0
2025-06-30 03:00:00,3263.82,3269.8,3262.71,3264.56,7776,7,0
2025-06-30 04:00:00,3264.56,3275.97,3259.42,3273.98,15580,7,0
2025-06-30 05:00:00,3273.98,3283.34,3273.69,3280.31,10356,7,0
2025-06-30 06:00:00,3280.31,3282.82,3277.96,3279.03,6451,7,0
2025-06-30 07:00:00,3279.03,3286.41,3277.02,3285.69,5249,7,0
2025-06-30 08:00:00,3285.69,3291.44,3284.76,3288.96,8061,7,0
2025-06-30 09:00:00,3288.96,3295.6,3287.96,3292.12,11431,7,0
2025-06-30 10:00:00,3292.12,3296.81,3290.84,3292.99,9910,7,0
2025-06-30 11:00:00,3292.99,3296.6,3288.17,3289.22,9339,7,0
2025-06-30 12:00:00,3289.22,3289.22,3277.56,3287.89,13587,7,0
2025-06-30 13:00:00,3287.89,3288.84,3282.54,3283.55,6208,7,0
2025-06-30 14:00:00,3283.55,3283.8,3274.6,3277.98,10955,7,0
2025-06-30 15:00:00,3277.98,3289.0,3277.98,3282.09,11509,7,0
2025-06-30 16:00:00,3282.09,3287.13,3278.03,3284.83,17940,7,0
2025-06-30 17:00:00,3284.83,3289.59,3279.26,3287.74,17309,7,0
2025-06-30 18:00:00,3287.74,3290.75,3283.75,3289.56,13857,7,0
2025-06-30 19:00:00,3289.56,3297.48,3288.82,3297.32,11079,7,0
2025-06-30 20:00:00,3297.32,3298.56,3292.1,3294.05,11212,7,0
2025-06-30 21:00:00,3294.05,3299.6,3292.65,3298.44,8777,7,0
2025-06-30 22:00:00,3298.44,3309.57,3298.08,3308.72,10039,7,0
2025-06-30 23:00:00,3308.73,3309.29,3302.25,3303.13,4745,7,0
2025-07-01 01:00:00,3303.69,3314.5,3302.43,3311.51,6064,7,0
2025-07-01 02:00:00,3311.51,3312.54,3308.64,3312.52,6185,7,0
2025-07-01 03:00:00,3312.52,3314.91,3310.02,3314.8,6926,7,0
2025-07-01 04:00:00,3314.8,3321.08,3314.01,3317.86,12571,7,0
2025-07-01 05:00:00,3317.86,3319.41,3314.49,3316.2,9451,7,0
2025-07-01 06:00:00,3316.2,3322.68,3315.91,3321.19,7301,7,0
2025-07-01 07:00:00,3321.19,3323.15,3319.0,3322.95,5131,7,0
2025-07-01 08:00:00,3322.95,3332.35,3322.91,3328.76,9292,7,0
2025-07-01 09:00:00,3328.76,3334.55,3325.1,3331.41,13525,7,0
2025-07-01 10:00:00,3331.41,3339.9,3330.83,3339.55,15144,7,0
2025-07-01 11:00:00,3339.55,3342.49,3336.82,3339.62,10855,7,0
2025-07-01 12:00:00,3339.62,3348.11,3338.3,3345.78,14045,7,0
2025-07-01 13:00:00,3345.78,3349.71,3344.45,3348.69,9447,7,0
2025-07-01 14:00:00,3348.69,3352.93,3347.1,3349.07,12160,7,0
2025-07-01 15:00:00,3349.07,3358.06,3348.36,3354.6,18079,7,0
2025-07-01 16:00:00,3354.61,3355.69,3344.51,3351.88,25817,7,0
2025-07-01 17:00:00,3351.88,3354.46,3343.67,3345.75,23283,7,0
2025-07-01 18:00:00,3345.75,3346.7,3337.07,3340.24,19854,7,0
2025-07-01 19:00:00,3340.24,3343.51,3337.61,3341.78,13498,7,0
2025-07-01 20:00:00,3341.78,3342.2,3337.01,3339.78,11963,7,0
2025-07-01 21:00:00,3339.78,3339.91,3336.96,3338.0,7215,7,0
2025-07-01 22:00:00,3338.03,3340.13,3336.93,3338.11,8465,7,0
2025-07-01 23:00:00,3338.11,3340.3,3336.95,3338.9,3712,7,0
2025-07-02 01:00:00,3338.75,3343.81,3336.62,3341.6,5276,7,0
2025-07-02 02:00:00,3341.6,3341.89,3336.75,3338.14,4653,7,0
2025-07-02 03:00:00,3338.14,3345.02,3334.66,3338.88,10935,7,0
2025-07-02 04:00:00,3338.88,3342.89,3330.99,3332.25,12480,7,0
2025-07-02 05:00:00,3332.25,3338.22,3328.64,3336.73,9348,7,0
2025-07-02 06:00:00,3336.73,3342.13,3334.94,3339.96,7047,7,0
2025-07-02 07:00:00,3339.96,3342.02,3339.56,3340.05,4550,7,0
2025-07-02 08:00:00,3340.05,3343.82,3336.6,3338.79,7655,7,0
2025-07-02 09:00:00,3338.81,3339.37,3329.93,3333.5,10160,7,0
2025-07-02 10:00:00,3333.46,3336.89,3327.62,3334.8,12248,7,0
2025-07-02 11:00:00,3334.8,3338.05,3332.97,3333.59,8842,7,0
2025-07-02 12:00:00,3333.59,3342.34,3333.15,3341.7,10290,7,0
2025-07-02 13:00:00,3341.7,3345.73,3340.6,3344.42,6819,7,0
2025-07-02 14:00:00,3344.42,3347.78,3339.76,3342.28,9448,7,0
2025-07-02 15:00:00,3342.28,3351.25,3337.79,3346.7,19254,7,0
2025-07-02 16:00:00,3346.7,3346.71,3335.0,3337.41,21164,7,0
2025-07-02 17:00:00,3337.41,3343.55,3333.97,3343.01,15414,7,0
2025-07-02 18:00:00,3343.01,3343.8,3338.77,3341.03,12466,7,0
2025-07-02 19:00:00,3341.03,3349.24,3340.96,3348.67,9859,7,0
2025-07-02 20:00:00,3348.67,3350.6,3347.46,3349.75,6250,7,0
2025-07-02 21:00:00,3349.75,3355.19,3348.56,3354.95,5203,7,0
2025-07-02 22:00:00,3354.95,3359.76,3354.64,3358.23,8371,7,0
2025-07-02 23:00:00,3358.23,3360.09,3355.46,3357.09,2441,7,0
2025-07-03 01:00:00,3357.31,3365.76,3357.31,3361.95,4496,7,0
2025-07-03 02:00:00,3361.95,3362.27,3348.82,3349.37,8863,7,0
2025-07-03 03:00:00,3349.37,3349.87,3343.57,3344.78,7627,7,0
2025-07-03 04:00:00,3344.78,3348.29,3342.02,3346.08,7887,7,0
2025-07-03 05:00:00,3346.08,3351.45,3345.83,3351.03,7147,7,0
2025-07-03 06:00:00,3351.03,3351.47,3345.53,3347.55,5076,7,0
2025-07-03 07:00:00,3347.55,3351.78,3347.47,3350.78,4050,7,0
2025-07-03 08:00:00,3350.78,3360.44,3350.2,3359.42,8710,7,0
2025-07-03 09:00:00,3359.42,3363.76,3356.65,3361.87,9681,7,0
2025-07-03 10:00:00,3361.87,3363.09,3352.57,3353.12,8943,7,0
2025-07-03 11:00:00,3353.12,3358.34,3351.71,3356.17,6818,7,0
2025-07-03 12:00:00,3356.17,3356.34,3343.9,3345.73,9801,7,0
2025-07-03 13:00:00,3345.73,3355.52,3344.81,3353.2,7362,7,0
2025-07-03 14:00:00,3353.2,3353.81,3343.14,3346.04,9298,7,0
2025-07-03 15:00:00,3346.04,3352.35,3311.62,3324.51,31648,7,0
2025-07-03 16:00:00,3324.51,3338.52,3322.17,3332.3,28333,7,0
2025-07-03 17:00:00,3332.29,3334.7,3323.52,3324.63,21960,7,0
2025-07-03 18:00:00,3324.63,3331.47,3323.12,3328.02,12423,7,0
2025-07-03 19:00:00,3328.02,3334.69,3325.72,3333.99,8845,7,0
2025-07-03 20:00:00,3333.96,3334.88,3328.9,3329.13,4875,7,0
2025-07-03 21:00:00,3329.13,3330.26,3327.95,3329.12,2117,7,0
2025-07-03 22:00:00,3329.12,3329.57,3327.06,3328.82,2092,7,0
2025-07-03 23:00:00,3328.82,3329.0,3325.07,3326.49,1221,7,0
2025-07-04 01:00:00,3325.71,3329.66,3323.62,3329.15,1928,7,0
2025-07-04 02:00:00,3329.15,3332.03,3328.47,3330.92,3936,7,0
2025-07-04 03:00:00,3330.92,3331.2,3325.9,3328.98,4660,7,0
2025-07-04 04:00:00,3328.88,3334.4,3326.55,3330.11,6679,7,0
2025-07-04 05:00:00,3330.11,3332.37,3327.17,3327.36,5105,7,0
2025-07-04 06:00:00,3327.36,3338.99,3326.18,3338.35,6211,7,0
2025-07-04 07:00:00,3338.35,3342.27,3338.02,3340.86,5050,7,0
2025-07-04 08:00:00,3340.86,3342.26,3338.49,3339.58,5244,7,0
2025-07-04 09:00:00,3339.58,3345.13,3339.32,3342.64,8747,7,0
2025-07-04 10:00:00,3342.65,3343.76,3336.44,3342.94,8598,7,0
2025-07-04 11:00:00,3342.94,3344.2,3340.92,3342.86,6464,7,0
2025-07-04 12:00:00,3342.86,3343.08,3333.03,3334.56,7439,7,0
2025-07-04 13:00:00,3334.56,3338.16,3331.59,3336.87,6338,7,0
2025-07-04 14:00:00,3336.87,3337.92,3334.53,3334.76,5047,7,0
2025-07-04 15:00:00,3334.76,3337.92,3331.47,3333.94,8016,7,0
2025-07-04 16:00:00,3333.94,3338.05,3332.29,3333.92,8335,7,0
2025-07-04 17:00:00,3333.92,3334.26,3330.92,3333.29,6841,7,0
2025-07-04 18:00:00,3333.29,3334.07,3330.88,3332.48,3720,7,0
2025-07-04 19:00:00,3332.48,3335.95,3332.33,3335.01,1853,7,0
2025-07-07 01:00:00,3334.45,3342.84,3332.5,3333.46,4929,7,0
2025-07-07 02:00:00,3333.46,3334.6,3326.17,3328.9,5360,7,0
2025-07-07 03:00:00,3328.9,3329.77,3321.74,3326.53,8873,7,0
2025-07-07 04:00:00,3326.53,3327.71,3306.74,3316.62,17916,7,0
2025-07-07 05:00:00,3316.62,3317.75,3306.07,3308.9,9798,7,0
2025-07-07 06:00:00,3308.9,3315.31,3307.16,3310.91,9112,7,0
2025-07-07 07:00:00,3310.91,3312.36,3305.31,3307.84,8816,7,0
2025-07-07 08:00:00,3307.84,3315.27,3307.12,3313.37,9997,7,0
2025-07-07 09:00:00,3313.37,3315.26,3308.38,3310.03,10656,7,0
2025-07-07 10:00:00,3310.03,3313.3,3300.71,3302.26,10389,7,0
2025-07-07 11:00:00,3302.26,3312.8,3301.27,3310.27,10567,7,0
2025-07-07 12:00:00,3310.27,3311.99,3306.23,3309.03,9620,7,0
2025-07-07 13:00:00,3309.03,3310.79,3296.35,3302.09,12912,7,0
2025-07-07 14:00:00,3302.09,3307.57,3299.78,3301.97,14948,7,0
2025-07-07 15:00:00,3301.97,3312.75,3300.52,3309.61,19162,7,0
2025-07-07 16:00:00,3309.61,3317.14,3306.24,3316.51,20051,7,0
2025-07-07 17:00:00,3316.6,3321.36,3313.31,3318.0,16075,7,0
2025-07-07 18:00:00,3318.0,3322.03,3316.19,3320.88,8671,7,0
2025-07-07 19:00:00,3320.88,3328.1,3320.16,3327.49,13839,7,0
2025-07-07 20:00:00,3327.49,3335.9,3327.45,3332.04,12316,7,0
2025-07-07 21:00:00,3332.04,3335.8,3328.59,3334.41,7527,7,0
2025-07-07 22:00:00,3334.41,3340.41,3334.37,3337.06,7228,7,0
2025-07-07 23:00:00,3337.06,3337.75,3335.45,3336.23,2743,7,0
2025-07-08 01:00:00,3339.16,3345.89,3338.94,3339.84,4183,7,0
2025-07-08 02:00:00,3339.84,3340.18,3333.91,3334.6,4333,7,0
2025-07-08 03:00:00,3334.6,3337.29,3331.05,3334.25,9098,7,0
2025-07-08 04:00:00,3334.25,3337.02,3329.73,3334.75,11293,7,0
2025-07-08 05:00:00,3334.75,3338.08,3332.81,3334.51,8279,7,0
2025-07-08 06:00:00,3334.51,3335.57,3329.67,3331.57,4982,7,0
2025-07-08 07:00:00,3331.57,3332.81,3327.42,3329.64,4640,7,0
2025-07-08 08:00:00,3329.61,3336.6,3329.55,3334.15,6710,7,0
2025-07-08 09:00:00,3334.15,3336.07,3330.8,3335.8,6713,7,0
2025-07-08 10:00:00,3335.8,3339.56,3330.57,3334.02,8576,7,0
2025-07-08 11:00:00,3334.02,3334.02,3323.37,3323.71,12036,7,0
2025-07-08 12:00:00,3323.71,3326.77,3321.18,3322.12,7989,7,0
2025-07-08 13:00:00,3322.12,3327.08,3320.54,3324.71,5902,7,0
2025-07-08 14:00:00,3324.71,3327.56,3320.12,3325.04,8187,7,0
2025-07-08 15:00:00,3325.04,3329.87,3324.67,3328.2,10598,7,0
2025-07-08 16:00:00,3328.2,3328.69,3314.81,3315.29,21710,7,0
2025-07-08 17:00:00,3315.29,3315.91,3294.41,3296.62,30626,7,0
2025-07-08 18:00:00,3296.62,3300.36,3287.14,3298.21,21501,7,0
2025-07-08 19:00:00,3298.21,3301.57,3295.94,3300.45,15600,7,0
2025-07-08 20:00:00,3300.5,3310.41,3299.39,3306.41,19005,7,0
2025-07-08 21:00:00,3306.41,3308.2,3300.67,3305.43,10017,7,0
2025-07-08 22:00:00,3305.43,3306.17,3302.45,3302.96,7396,7,0
2025-07-08 23:00:00,3302.96,3303.81,3299.29,3301.45,2935,7,0
2025-07-09 01:00:00,3302.09,3304.09,3300.4,3301.59,3814,7,0
2025-07-09 02:00:00,3301.59,3303.95,3297.27,3302.3,5042,7,0
2025-07-09 03:00:00,3302.3,3308.06,3301.85,3307.07,5657,7,0
2025-07-09 04:00:00,3307.07,3307.26,3299.29,3301.83,10602,7,0
2025-07-09 05:00:00,3301.83,3303.05,3286.56,3288.57,11681,7,0
2025-07-09 06:00:00,3288.57,3294.77,3285.02,3293.38,9550,7,0
2025-07-09 07:00:00,3293.38,3296.43,3291.23,3294.0,4684,7,0
2025-07-09 08:00:00,3294.0,3297.91,3289.03,3289.43,8000,7,0
2025-07-09 09:00:00,3289.43,3292.84,3285.64,3292.38,9606,7,0
2025-07-09 10:00:00,3292.38,3296.03,3288.34,3291.9,10419,7,0
2025-07-09 11:00:00,3291.9,3292.68,3282.7,3285.05,10211,7,0
2025-07-09 12:00:00,3285.05,3290.48,3284.44,3289.24,6594,7,0
2025-07-09 13:00:00,3289.24,3295.98,3288.32,3295.55,6137,7,0
2025-07-09 14:00:00,3295.55,3296.03,3283.26,3284.98,7903,7,0
2025-07-09 15:00:00,3284.98,3297.57,3284.98,3296.47,13077,7,0
2025-07-09 16:00:00,3296.47,3305.27,3291.93,3300.31,20667,7,0
2025-07-09 17:00:00,3300.31,3312.96,3299.72,3312.36,17987,7,0
2025-07-09 18:00:00,3312.36,3312.92,3306.4,3309.64,10742,7,0
2025-07-09 19:00:00,3309.64,3313.34,3307.97,3311.91,6981,7,0
2025-07-09 20:00:00,3311.91,3314.74,3308.21,3309.6,8639,7,0
2025-07-09 21:00:00,3309.6,3313.77,3308.16,3311.47,7898,7,0
2025-07-09 22:00:00,3311.47,3316.88,3311.01,3315.71,7838,7,0
2025-07-09 23:00:00,3315.71,3315.91,3311.56,3313.68,2802,7,0
2025-07-10 01:00:00,3314.05,3321.22,3312.83,3319.6,3456,7,0
2025-07-10 02:00:00,3319.6,3319.74,3315.78,3317.67,4257,7,0
2025-07-10 03:00:00,3317.68,3321.99,3316.68,3317.73,7490,7,0
2025-07-10 04:00:00,3317.73,3326.32,3316.45,3322.23,9378,7,0
2025-07-10 05:00:00,3322.23,3323.62,3318.24,3319.23,5101,7,0
2025-07-10 06:00:00,3319.23,3320.21,3315.43,3315.74,5244,7,0
2025-07-10 07:00:00,3315.74,3322.58,3314.88,3322.22,4001,7,0
2025-07-10 08:00:00,3322.22,3325.07,3320.63,3321.17,6178,7,0
2025-07-10 09:00:00,3321.17,3328.56,3320.93,3325.31,7894,7,0
2025-07-10 10:00:00,3325.31,3329.51,3319.92,3321.13,7520,7,0
2025-07-10 11:00:00,3321.13,3330.19,3320.05,3328.68,5717,7,0
2025-07-10 12:00:00,3328.68,3330.33,3323.3,3326.47,6741,7,0
2025-07-10 13:00:00,3326.49,3328.79,3322.32,3325.28,7623,7,0
2025-07-10 14:00:00,3325.28,3330.29,3318.34,3320.47,10835,7,0
2025-07-10 15:00:00,3320.47,3326.09,3317.99,3323.81,11995,7,0
2025-07-10 16:00:00,3323.83,3329.46,3312.03,3312.89,22030,7,0
2025-07-10 17:00:00,3312.89,3321.66,3310.13,3314.96,19693,7,0
2025-07-10 18:00:00,3314.96,3321.56,3314.64,3319.67,10342,7,0
2025-07-10 19:00:00,3319.67,3319.98,3312.2,3315.1,9592,7,0
2025-07-10 20:00:00,3315.1,3318.65,3314.72,3317.37,7612,7,0
2025-07-10 21:00:00,3317.37,3321.92,3316.49,3321.52,6501,7,0
2025-07-10 22:00:00,3321.52,3326.0,3321.46,3324.91,8486,7,0
2025-07-10 23:00:00,3324.91,3325.36,3323.42,3324.35,2128,7,0
2025-07-11 01:00:00,3324.43,3326.48,3321.88,3323.37,4440,7,0
2025-07-11 02:00:00,3323.37,3326.42,3323.02,3323.79,2825,7,0
2025-07-11 03:00:00,3323.79,3336.2,3323.57,3330.68,10865,7,0
2025-07-11 04:00:00,3330.68,3331.6,3325.31,3329.62,12856,7,0
2025-07-11 05:00:00,3329.62,3335.13,3327.17,3332.47,7835,7,0
2025-07-11 06:00:00,3332.47,3336.07,3332.12,3333.74,5176,7,0
2025-07-11 07:00:00,3333.74,3335.4,3329.71,3332.03,4570,7,0
2025-07-11 08:00:00,3332.03,3341.71,3331.98,3334.17,11956,7,0
2025-07-11 09:00:00,3334.17,3343.95,3332.17,3332.56,11978,7,0
2025-07-11 10:00:00,3332.43,3342.27,3331.19,3342.03,10551,7,0
2025-07-11 11:00:00,3342.03,3343.81,3332.96,3333.13,11813,7,0
2025-07-11 12:00:00,3333.13,3340.02,3332.77,3339.47,8552,7,0
2025-07-11 13:00:00,3339.47,3348.31,3339.47,3345.02,9103,7,0
2025-07-11 14:00:00,3345.02,3350.28,3342.12,3347.5,10066,7,0
2025-07-11 15:00:00,3347.5,3357.23,3344.24,3355.21,16656,7,0
2025-07-11 16:00:00,3355.21,3359.27,3350.17,3351.89,23401,7,0
2025-07-11 17:00:00,3351.89,3363.81,3350.36,3361.28,20745,7,0
2025-07-11 18:00:00,3361.28,3368.8,3357.02,3358.95,17976,7,0
2025-07-11 19:00:00,3358.95,3359.8,3352.89,3353.89,11548,7,0
2025-07-11 20:00:00,3353.89,3354.26,3349.32,3353.44,9842,7,0
2025-07-11 21:00:00,3353.44,3358.53,3353.4,3356.15,7730,7,0
2025-07-11 22:00:00,3356.15,3359.85,3355.67,3356.33,8135,7,0
2025-07-11 23:00:00,3356.33,3358.01,3353.56,3355.11,2332,7,0
2025-07-14 01:00:00,3362.76,3371.05,3359.34,3369.56,8839,7,0
2025-07-14 02:00:00,3369.56,3374.06,3366.42,3367.82,5682,7,0
2025-07-14 03:00:00,3367.82,3373.34,3364.88,3367.62,8853,7,0
2025-07-14 04:00:00,3367.62,3370.18,3357.09,3358.66,12272,7,0
2025-07-14 05:00:00,3358.66,3359.53,3353.78,3357.48,8341,7,0
2025-07-14 06:00:00,3357.48,3359.71,3355.5,3357.04,6157,7,0
2025-07-14 07:00:00,3357.04,3361.72,3353.78,3359.8,7365,7,0
2025-07-14 08:00:00,3359.8,3360.46,3352.72,3357.62,8711,7,0
2025-07-14 09:00:00,3357.62,3369.71,3356.64,3368.96,10534,7,0
2025-07-14 10:00:00,3368.96,3375.0,3366.64,3372.04,11138,7,0
2025-07-14 11:00:00,3372.04,3372.7,3365.47,3366.0,7423,7,0
2025-07-14 12:00:00,3366.0,3370.41,3364.09,3370.27,4991,7,0
2025-07-14 13:00:00,3370.27,3374.66,3369.79,3372.07,7648,7,0
2025-07-14 14:00:00,3372.07,3373.1,3364.05,3364.26,8041,7,0
2025-07-14 15:00:00,3364.26,3366.7,3349.45,3350.08,17480,7,0
2025-07-14 16:00:00,3350.08,3359.07,3347.25,3355.28,18843,7,0
2025-07-14 17:00:00,3355.28,3356.35,3341.08,3343.13,21232,7,0
2025-07-14 18:00:00,3343.13,3349.69,3342.51,3345.08,14066,7,0
2025-07-14 19:00:00,3345.08,3349.22,3343.13,3347.79,10334,7,0
2025-07-14 20:00:00,3347.79,3351.8,3347.42,3351.06,8385,7,0
2025-07-14 21:00:00,3351.06,3351.24,3347.97,3349.0,5902,7,0
2025-07-14 22:00:00,3349.0,3350.56,3343.2,3344.16,11061,7,0
2025-07-14 23:00:00,3344.16,3345.65,3341.15,3342.33,3069,7,0
2025-07-15 01:00:00,3344.01,3345.84,3341.33,3345.84,2086,7,0
2025-07-15 02:00:00,3345.84,3346.61,3344.01,3345.34,2954,7,0
2025-07-15 03:00:00,3345.34,3349.37,3344.82,3347.73,4556,7,0
2025-07-15 04:00:00,3347.73,3350.65,3346.08,3346.55,5919,7,0
2025-07-15 05:00:00,3346.55,3352.11,3345.89,3350.98,5995,7,0
2025-07-15 06:00:00,3350.98,3358.34,3350.8,3357.95,6095,7,0
2025-07-15 07:00:00,3357.95,3361.41,3357.65,3360.21,5206,7,0
2025-07-15 08:00:00,3360.21,3365.21,3360.2,3362.22,5549,7,0
2025-07-15 09:00:00,3362.22,3364.19,3357.73,3358.24,7852,7,0
2025-07-15 10:00:00,3358.24,3365.18,3357.44,3364.32,6650,7,0
2025-07-15 11:00:00,3364.32,3365.63,3356.67,3361.09,9276,7,0
2025-07-15 12:00:00,3361.09,3364.77,3358.7,3363.48,7097,7,0
2025-07-15 13:00:00,3363.48,3366.46,3361.24,3361.4,5824,7,0
2025-07-15 14:00:00,3361.4,3362.07,3354.23,3354.91,8156,7,0
2025-07-15 15:00:00,3354.91,3359.63,3346.43,3348.93,17870,7,0
2025-07-15 16:00:00,3348.93,3352.49,3334.4,3346.59,28781,7,0
2025-07-15 17:00:00,3346.59,3352.16,3342.5,3347.97,19250,7,0
2025-07-15 18:00:00,3347.97,3349.9,3325.38,3328.97,22729,7,0
2025-07-15 19:00:00,3328.97,3330.39,3320.25,3329.35,14745,7,0
2025-07-15 20:00:00,3329.35,3331.35,3325.86,3328.19,9821,7,0
2025-07-15 21:00:00,3328.19,3331.97,3325.88,3328.87,7114,7,0
2025-07-15 22:00:00,3328.87,3331.3,3326.57,3330.47,6090,7,0
2025-07-15 23:00:00,3330.47,3331.04,3324.72,3325.08,2642,7,0
2025-07-16 01:00:00,3324.79,3327.66,3323.81,3326.63,2039,7,0
2025-07-16 02:00:00,3326.63,3331.78,3326.29,3331.11,2485,7,0
2025-07-16 03:00:00,3331.11,3332.64,3328.98,3330.49,4676,7,0
2025-07-16 04:00:00,3330.49,3335.11,3328.96,3330.94,8302,7,0
2025-07-16 05:00:00,3330.94,3331.57,3325.12,3326.22,6795,7,0
2025-07-16 06:00:00,3326.22,3335.11,3325.94,3334.39,6506,7,0
2025-07-16 07:00:00,3334.39,3338.72,3332.84,3338.38,5637,7,0
2025-07-16 08:00:00,3338.38,3339.92,3335.66,3338.21,4995,7,0
2025-07-16 09:00:00,3338.21,3342.1,3337.77,3339.27,6993,7,0
2025-07-16 10:00:00,3339.27,3340.18,3336.01,3337.89,6229,7,0
2025-07-16 11:00:00,3337.89,3342.68,3337.79,3342.04,6802,7,0
2025-07-16 12:00:00,3342.04,3343.04,3339.14,3340.04,5613,7,0
2025-07-16 13:00:00,3340.04,3340.44,3333.98,3335.0,6011,7,0
2025-07-16 14:00:00,3335.0,3340.27,3333.87,3339.32,7930,7,0
2025-07-16 15:00:00,3339.32,3340.97,3331.02,3334.66,15455,7,0
2025-07-16 16:00:00,3334.66,3339.47,3322.05,3326.89,23030,7,0
2025-07-16 17:00:00,3326.89,3342.67,3319.73,3338.14,28333,7,0
2025-07-16 18:00:00,3338.14,3377.61,3336.08,3343.67,74941,7,0
2025-07-16 19:00:00,3343.67,3355.23,3339.19,3349.14,32013,7,0
2025-07-16 20:00:00,3349.14,3357.28,3348.88,3354.85,14234,7,0
2025-07-16 21:00:00,3354.85,3357.5,3349.14,3350.35,9940,7,0
2025-07-16 22:00:00,3350.35,3350.63,3346.12,3347.15,11748,7,0
2025-07-16 23:00:00,3347.17,3349.47,3346.37,3347.47,3318,7,0
2025-07-17 01:00:00,3347.65,3352.25,3347.57,3349.67,3447,7,0
2025-07-17 02:00:00,3349.67,3350.29,3345.25,3346.5,2680,7,0
2025-07-17 03:00:00,3346.5,3347.36,3339.77,3340.79,6621,7,0
2025-07-17 04:00:00,3340.79,3344.54,3337.11,3344.08,9546,7,0
2025-07-17 05:00:00,3344.08,3344.8,3337.86,3341.42,7000,7,0
2025-07-17 06:00:00,3341.42,3342.37,3336.34,3341.54,5817,7,0
2025-07-17 07:00:00,3341.54,3344.8,3338.38,3342.72,4088,7,0
2025-07-17 08:00:00,3342.72,3342.94,3335.91,3339.43,5637,7,0
2025-07-17 09:00:00,3339.43,3339.93,3328.38,3335.45,12127,7,0
2025-07-17 10:00:00,3335.46,3336.2,3325.16,3325.8,10619,7,0
2025-07-17 11:00:00,3325.8,3332.15,3325.59,3328.82,7683,7,0
2025-07-17 12:00:00,3328.82,3332.42,3324.79,3325.68,6961,7,0
2025-07-17 13:00:00,3325.68,3331.19,3324.99,3325.88,7389,7,0
2025-07-17 14:00:00,3325.88,3328.61,3322.39,3324.27,7944,7,0
2025-07-17 15:00:00,3324.27,3328.56,3309.82,3313.09,23587,7,0
2025-07-17 16:00:00,3313.09,3321.85,3311.23,3319.12,24301,7,0
2025-07-17 17:00:00,3319.12,3335.24,3318.37,3334.17,19929,7,0
2025-07-17 18:00:00,3334.17,3338.5,3331.34,3336.78,14573,7,0
2025-07-17 19:00:00,3336.78,3340.07,3335.51,3338.88,9299,7,0
2025-07-17 20:00:00,3338.88,3341.07,3336.35,3337.48,8593,7,0
2025-07-17 21:00:00,3337.48,3339.0,3335.73,3338.61,5915,7,0
2025-07-17 22:00:00,3338.61,3340.85,3338.3,3339.83,6804,7,0
2025-07-17 23:00:00,3339.83,3340.33,3336.76,3338.6,3194,7,0
2025-07-18 01:00:00,3340.44,3343.97,3338.19,3343.31,5275,7,0
2025-07-18 02:00:00,3343.31,3343.45,3339.49,3340.31,2645,7,0
2025-07-18 03:00:00,3340.31,3341.52,3338.07,3339.94,3554,7,0
2025-07-18 04:00:00,3339.94,3343.16,3335.37,3337.75,8121,7,0
2025-07-18 05:00:00,3337.75,3344.26,3336.87,3337.8,7462,7,0
2025-07-18 06:00:00,3337.8,3338.53,3334.14,3334.68,4197,7,0
2025-07-18 07:00:00,3334.68,3337.2,3333.9,3337.2,4103,7,0
2025-07-18 08:00:00,3337.2,3340.22,3333.39,3333.52,6309,7,0
2025-07-18 09:00:00,3333.52,3342.76,3331.81,3342.08,8506,7,0
2025-07-18 10:00:00,3342.08,3350.16,3340.76,3349.94,7944,7,0
2025-07-18 11:00:00,3349.94,3350.43,3346.28,3347.58,6488,7,0
2025-07-18 12:00:00,3347.58,3354.97,3347.48,3352.45,6418,7,0
2025-07-18 13:00:00,3352.45,3352.79,3347.91,3351.48,7669,7,0
2025-07-18 14:00:00,3351.48,3357.7,3350.84,3354.46,7554,7,0
2025-07-18 15:00:00,3354.46,3361.23,3354.26,3360.01,11337,7,0
2025-07-18 16:00:00,3360.01,3360.35,3352.27,3355.59,18632,7,0
2025-07-18 17:00:00,3355.59,3359.17,3351.24,3354.75,18814,7,0
2025-07-18 18:00:00,3354.75,3356.41,3352.41,3353.69,12565,7,0
2025-07-18 19:00:00,3353.69,3357.52,3351.26,3353.68,10872,7,0
2025-07-18 20:00:00,3353.68,3353.78,3350.59,3352.26,7469,7,0
2025-07-18 21:00:00,3352.26,3353.43,3350.28,3351.39,5947,7,0
2025-07-18 22:00:00,3351.39,3352.8,3347.7,3348.33,7290,7,0
2025-07-18 23:00:00,3348.33,3351.84,3347.88,3350.06,2511,7,0
2025-07-21 01:00:00,3349.11,3350.28,3344.98,3347.84,3937,7,0
2025-07-21 02:00:00,3347.84,3349.57,3345.49,3349.19,2619,7,0
2025-07-21 03:00:00,3349.19,3354.55,3347.72,3352.32,5040,7,0
2025-07-21 04:00:00,3352.32,3358.6,3351.96,3356.49,7776,7,0
2025-07-21 05:00:00,3356.49,3357.47,3352.39,3354.2,4455,7,0
2025-07-21 06:00:00,3354.2,3356.99,3351.16,3351.34,3817,7,0
2025-07-21 07:00:00,3351.34,3358.74,3350.7,3357.81,3218,7,0
2025-07-21 08:00:00,3357.81,3369.72,3357.62,3366.65,10613,7,0
2025-07-21 09:00:00,3366.65,3370.74,3365.41,3368.35,8603,7,0
2025-07-21 10:00:00,3368.35,3370.51,3363.99,3364.76,8141,7,0
2025-07-21 11:00:00,3364.76,3366.82,3363.13,3365.97,7474,7,0
2025-07-21 12:00:00,3365.97,3366.52,3362.83,3366.17,5417,7,0
2025-07-21 13:00:00,3366.17,3368.16,3362.91,3366.2,5479,7,0
2025-07-21 14:00:00,3366.2,3375.71,3365.36,3375.46,9900,7,0
2025-07-21 15:00:00,3375.45,3388.67,3374.6,3387.22,16935,7,0
2025-07-21 16:00:00,3387.22,3395.28,3383.61,3388.56,23471,7,0
2025-07-21 17:00:00,3388.56,3401.54,3386.18,3400.39,28152,7,0
2025-07-21 18:00:00,3400.39,3400.96,3395.6,3397.99,19539,7,0
2025-07-21 19:00:00,3397.99,3399.08,3393.86,3395.68,11495,7,0
2025-07-21 20:00:00,3395.68,3395.82,3391.42,3393.33,8973,7,0
2025-07-21 21:00:00,3393.33,3395.91,3393.17,3395.44,8427,7,0
2025-07-21 22:00:00,3395.44,3399.79,3395.16,3398.91,14646,7,0
2025-07-21 23:00:00,3398.91,3399.38,3396.63,3397.5,4253,7,0
2025-07-22 01:00:00,3396.81,3400.9,3396.8,3399.38,2285,7,0
2025-07-22 02:00:00,3399.38,3402.61,3393.37,3396.62,3923,7,0
2025-07-22 03:00:00,3396.62,3397.63,3390.64,3394.4,6618,7,0
2025-07-22 04:00:00,3394.4,3395.89,3385.16,3386.01,10702,7,0
2025-07-22 05:00:00,3386.01,3392.02,3385.38,3391.6,6996,7,0
2025-07-22 06:00:00,3391.6,3393.83,3388.88,3392.67,4485,7,0
2025-07-22 07:00:00,3392.67,3392.67,3388.1,3391.1,4141,7,0
2025-07-22 08:00:00,3391.1,3391.93,3384.77,3385.57,7764,7,0
2025-07-22 09:00:00,3385.57,3388.06,3384.51,3384.8,8288,7,0
2025-07-22 10:00:00,3384.8,3387.56,3383.37,3387.56,6693,7,0
2025-07-22 11:00:00,3387.56,3390.18,3386.2,3389.02,8349,7,0
2025-07-22 12:00:00,3389.02,3390.64,3384.68,3386.21,8130,7,0
2025-07-22 13:00:00,3386.21,3388.72,3385.93,3387.14,5244,7,0
2025-07-22 14:00:00,3387.14,3391.7,3386.76,3391.39,7201,7,0
2025-07-22 15:00:00,3391.39,3407.97,3391.04,3407.62,16104,7,0
2025-07-22 16:00:00,3407.62,3420.23,3406.5,3412.48,29575,7,0
2025-07-22 17:00:00,3412.48,3427.82,3405.11,3426.44,32495,7,0
2025-07-22 18:00:00,3426.45,3430.62,3423.66,3426.54,19188,7,0
2025-07-22 19:00:00,3426.54,3432.86,3426.29,3432.25,12999,7,0
2025-07-22 20:00:00,3432.25,3433.51,3426.61,3429.38,14765,7,0
2025-07-22 21:00:00,3429.38,3431.09,3427.89,3429.73,9897,7,0
2025-07-22 22:00:00,3429.73,3432.57,3429.05,3431.63,9696,7,0
2025-07-22 23:00:00,3431.62,3432.76,3427.52,3430.82,6093,7,0
2025-07-23 01:00:00,3431.59,3433.03,3427.6,3427.98,2616,7,0
2025-07-23 02:00:00,3427.98,3433.34,3426.39,3427.51,5494,7,0
2025-07-23 03:00:00,3427.51,3438.85,3427.14,3428.78,11710,7,0
2025-07-23 04:00:00,3428.78,3430.77,3420.96,3421.14,15012,7,0
2025-07-23 05:00:00,3421.14,3424.97,3419.33,3423.14,9497,7,0
2025-07-23 06:00:00,3423.14,3428.72,3422.92,3423.05,8878,7,0
2025-07-23 07:00:00,3423.05,3425.33,3422.04,3423.65,6011,7,0
2025-07-23 08:00:00,3423.65,3423.87,3416.4,3420.43,9977,7,0
2025-07-23 09:00:00,3420.43,3425.28,3419.57,3425.06,10960,7,0
2025-07-23 10:00:00,3425.06,3429.7,3420.01,3420.7,9962,7,0
2025-07-23 11:00:00,3420.7,3428.77,3420.6,3428.49,8885,7,0
2025-07-23 12:00:00,3428.49,3433.85,3428.36,3431.19,7619,7,0
2025-07-23 13:00:00,3431.19,3431.41,3421.17,3422.8,9902,7,0
2025-07-23 14:00:00,3422.8,3429.79,3420.46,3428.25,9453,7,0
2025-07-23 15:00:00,3428.25,3429.91,3419.98,3420.05,14867,7,0
2025-07-23 16:00:00,3420.05,3420.72,3405.67,3413.45,27285,7,0
2025-07-23 17:00:00,3413.45,3419.91,3410.77,3413.54,19332,7,0
2025-07-23 18:00:00,3413.54,3415.91,3398.26,3398.3,18745,7,0
2025-07-23 19:00:00,3398.3,3398.3,3381.55,3387.5,38363,7,0
2025-07-23 20:00:00,3387.5,3394.85,3385.69,3393.27,18679,7,0
2025-07-23 21:00:00,3393.27,3395.99,3392.09,3393.64,9618,7,0
2025-07-23 22:00:00,3393.64,3395.93,3388.62,3390.1,10291,7,0
2025-07-23 23:00:00,3390.1,3390.46,3385.63,3386.58,3880,7,0
2025-07-24 01:00:00,3388.31,3392.47,3386.78,3386.81,2939,7,0
2025-07-24 02:00:00,3386.81,3391.5,3386.51,3390.03,2953,7,0
2025-07-24 03:00:00,3390.03,3393.24,3388.69,3391.53,4350,7,0
2025-07-24 04:00:00,3391.53,3393.42,3384.09,3387.66,14009,7,0
2025-07-24 05:00:00,3387.66,3388.99,3380.68,3383.88,11858,7,0
2025-07-24 06:00:00,3383.88,3386.04,3374.63,3383.76,9544,7,0
2025-07-24 07:00:00,3383.76,3385.39,3381.06,3382.65,4663,7,0
2025-07-24 08:00:00,3382.65,3382.96,3374.52,3379.24,8320,7,0
2025-07-24 09:00:00,3379.24,3379.78,3370.05,3375.95,12343,7,0
2025-07-24 10:00:00,3375.95,3377.56,3366.11,3367.68,11056,7,0
2025-07-24 11:00:00,3367.68,3374.66,3365.84,3369.75,10892,7,0
2025-07-24 12:00:00,3369.75,3370.13,3362.03,3363.74,9076,7,0
2025-07-24 13:00:00,3363.74,3367.3,3362.22,3364.4,6538,7,0
2025-07-24 14:00:00,3364.4,3366.53,3361.29,3362.21,8027,7,0
2025-07-24 15:00:00,3362.21,3365.57,3352.71,3353.55,17854,7,0
2025-07-24 16:00:00,3353.55,3372.21,3351.43,3366.82,28278,7,0
2025-07-24 17:00:00,3366.82,3377.43,3365.9,3373.64,22520,7,0
2025-07-24 18:00:00,3373.64,3375.33,3370.39,3372.57,16992,7,0
2025-07-24 19:00:00,3372.57,3373.79,3366.93,3366.97,9409,7,0
2025-07-24 20:00:00,3366.97,3371.88,3366.3,3370.04,9166,7,0
2025-07-24 21:00:00,3370.04,3373.48,3367.52,3372.04,8505,7,0
2025-07-24 22:00:00,3372.04,3373.15,3370.12,3370.5,9263,7,0
2025-07-24 23:00:00,3370.5,3371.14,3367.18,3368.17,4051,7,0
2025-07-25 01:00:00,3368.46,3369.99,3365.23,3368.79,4129,7,0
2025-07-25 02:00:00,3368.79,3371.43,3366.77,3369.49,3597,7,0
2025-07-25 03:00:00,3369.49,3373.55,3368.41,3372.22,4106,7,0
2025-07-25 04:00:00,3372.22,3372.76,3366.43,3370.53,8297,7,0
2025-07-25 05:00:00,3370.51,3370.63,3362.38,3363.12,5951,7,0
2025-07-25 06:00:00,3363.12,3363.51,3358.64,3359.14,4655,7,0
2025-07-25 07:00:00,3359.14,3363.53,3357.93,3360.99,4764,7,0
2025-07-25 08:00:00,3360.99,3362.42,3355.37,3358.72,4982,7,0
2025-07-25 09:00:00,3358.72,3359.78,3354.76,3359.38,7561,7,0
2025-07-25 10:00:00,3359.38,3360.18,3352.7,3354.07,6683,7,0
2025-07-25 11:00:00,3354.07,3355.33,3344.5,3345.53,8026,7,0
2025-07-25 12:00:00,3345.53,3349.0,3343.19,3345.89,5849,7,0
2025-07-25 13:00:00,3345.89,3348.1,3341.03,3342.89,5771,7,0
2025-07-25 14:00:00,3342.89,3345.19,3338.74,3341.07,7751,7,0
2025-07-25 15:00:00,3341.07,3344.19,3336.39,3340.8,11898,7,0
2025-07-25 16:00:00,3340.8,3347.56,3336.84,3343.95,21269,7,0
2025-07-25 17:00:00,3343.95,3344.96,3330.61,3332.0,26145,7,0
2025-07-25 18:00:00,3331.98,3335.94,3325.05,3327.9,22707,7,0
2025-07-25 19:00:00,3327.89,3331.44,3326.29,3329.7,11955,7,0
2025-07-25 20:00:00,3329.7,3336.88,3329.64,3335.97,10880,7,0
2025-07-25 21:00:00,3335.97,3339.4,3335.88,3338.83,7960,7,0
2025-07-25 22:00:00,3338.83,3340.3,3337.22,3337.68,7972,7,0
2025-07-25 23:00:00,3337.68,3339.13,3335.63,3336.59,2728,7,0
2025-07-28 01:00:00,3318.94,3335.48,3318.94,3329.73,9392,7,0
2025-07-28 02:00:00,3329.73,3337.45,3329.47,3333.7,6707,7,0
2025-07-28 03:00:00,3333.7,3336.13,3327.72,3333.36,7330,7,0
2025-07-28 04:00:00,3333.36,3338.81,3329.92,3332.0,11293,7,0
2025-07-28 05:00:00,3332.0,3336.61,3330.59,3335.62,6355,7,0
2025-07-28 06:00:00,3335.62,3343.28,3334.48,3343.27,4857,7,0
2025-07-28 07:00:00,3343.27,3344.03,3339.47,3339.67,4579,7,0
2025-07-28 08:00:00,3339.67,3344.23,3338.09,3343.37,6446,7,0
2025-07-28 09:00:00,3343.37,3345.36,3335.85,3340.22,9518,7,0
2025-07-28 10:00:00,3340.22,3342.0,3333.99,3335.0,8954,7,0
2025-07-28 11:00:00,3335.0,3338.86,3332.41,3336.15,8683,7,0
2025-07-28 12:00:00,3336.15,3340.83,3336.0,3337.83,8109,7,0
2025-07-28 13:00:00,3337.83,3338.87,3334.26,3335.93,8163,7,0
2025-07-28 14:00:00,3335.93,3338.39,3334.44,3336.57,6679,7,0
2025-07-28 15:00:00,3336.57,3338.4,3325.5,3328.47,14870,7,0
2025-07-28 16:00:00,3328.47,3330.68,3301.74,3302.28,24290,7,0
2025-07-28 17:00:00,3302.28,3314.87,3301.83,3308.01,24047,7,0
2025-07-28 18:00:00,3308.02,3317.25,3306.52,3314.8,14620,7,0
2025-07-28 19:00:00,3314.8,3315.02,3311.47,3312.21,9095,7,0
2025-07-28 20:00:00,3312.21,3313.19,3308.83,3310.81,9368,7,0
2025-07-28 21:00:00,3310.81,3315.66,3310.25,3313.68,7328,7,0
2025-07-28 22:00:00,3313.68,3318.87,3313.07,3317.15,10777,7,0
2025-07-28 23:00:00,3317.15,3318.49,3314.36,3314.78,3621,7,0
2025-07-29 01:00:00,3315.02,3315.52,3312.02,3314.76,5039,7,0
2025-07-29 02:00:00,3314.76,3314.79,3310.53,3312.65,3329,7,0
2025-07-29 03:00:00,3312.65,3315.84,3308.08,3311.69,7561,7,0
2025-07-29 04:00:00,3311.69,3320.99,3308.65,3319.01,10542,7,0
2025-07-29 05:00:00,3319.01,3320.36,3317.55,3318.93,7098,7,0
2025-07-29 06:00:00,3318.93,3318.98,3311.28,3312.62,6671,7,0
2025-07-29 07:00:00,3312.62,3317.49,3309.01,3316.55,5433,7,0
2025-07-29 08:00:00,3316.55,3320.24,3314.28,3319.99,7346,7,0
2025-07-29 09:00:00,3319.99,3322.41,3316.35,3317.11,14591,7,0
2025-07-29 10:00:00,3317.11,3318.73,3311.29,3317.11,11610,7,0
2025-07-29 11:00:00,3317.11,3329.99,3316.72,3326.4,11310,7,0
2025-07-29 12:00:00,3326.4,3328.29,3320.92,3324.6,11782,7,0
2025-07-29 13:00:00,3324.6,3326.39,3322.07,3322.21,6459,7,0
2025-07-29 14:00:00,3322.21,3322.36,3314.94,3315.27,10440,7,0
2025-07-29 15:00:00,3315.27,3324.58,3315.25,3323.38,13787,7,0
2025-07-29 16:00:00,3323.38,3324.44,3312.84,3318.03,22653,7,0
2025-07-29 17:00:00,3318.03,3329.63,3312.01,3328.94,21720,7,0
2025-07-29 18:00:00,3328.94,3334.18,3319.67,3320.75,17705,7,0
2025-07-29 19:00:00,3320.75,3324.79,3319.1,3323.25,9648,7,0
2025-07-29 20:00:00,3323.25,3329.33,3323.03,3328.3,10275,7,0
2025-07-29 21:00:00,3328.3,3330.88,3325.43,3325.88,7253,7,0
2025-07-29 22:00:00,3325.88,3328.78,3322.68,3325.03,9962,7,0
2025-07-29 23:00:00,3325.02,3326.64,3324.78,3326.3,3916,7,0
2025-07-30 01:00:00,3326.66,3329.23,3326.03,3327.75,1719,7,0
2025-07-30 02:00:00,3327.75,3328.38,3326.26,3327.69,1615,7,0
2025-07-30 03:00:00,3327.69,3333.63,3327.32,3330.29,4737,7,0
2025-07-30 04:00:00,3330.29,3333.33,3321.85,3323.37,8362,7,0
2025-07-30 05:00:00,3323.35,3332.39,3323.33,3329.4,7735,7,0
2025-07-30 06:00:00,3329.4,3329.89,3326.29,3328.41,4189,7,0
2025-07-30 07:00:00,3328.41,3329.84,3325.89,3327.2,3032,7,0
2025-07-30 08:00:00,3327.2,3330.73,3324.54,3325.0,5948,7,0
2025-07-30 09:00:00,3325.02,3327.59,3323.15,3327.26,8010,7,0
2025-07-30 10:00:00,3327.26,3332.18,3325.64,3327.77,7445,7,0
2025-07-30 11:00:00,3327.77,3333.46,3327.55,3332.23,6211,7,0
2025-07-30 12:00:00,3332.23,3334.05,3329.43,3331.35,5544,7,0
2025-07-30 13:00:00,3331.35,3333.07,3326.72,3328.53,9588,7,0
2025-07-30 14:00:00,3328.53,3331.65,3324.03,3330.84,9251,7,0
2025-07-30 15:00:00,3330.84,3331.91,3310.56,3313.36,17339,7,0
2025-07-30 16:00:00,3313.36,3316.25,3298.41,3303.13,26375,7,0
2025-07-30 17:00:00,3303.13,3308.44,3301.34,3302.22,15418,7,0
2025-07-30 18:00:00,3302.22,3303.41,3288.63,3290.41,16761,7,0
2025-07-30 19:00:00,3290.41,3298.57,3289.95,3298.08,10159,7,0
2025-07-30 20:00:00,3298.08,3302.3,3297.74,3301.88,7913,7,0
2025-07-30 21:00:00,3301.88,3305.02,3279.58,3280.24,34479,7,0
2025-07-30 22:00:00,3280.24,3282.72,3268.11,3269.31,32207,7,0
2025-07-30 23:00:00,3269.31,3276.26,3268.96,3275.08,7096,7,0
2025-07-31 01:00:00,3276.65,3280.18,3273.85,3278.98,4908,7,0
2025-07-31 02:00:00,3278.98,3285.81,3277.8,3285.33,3835,7,0
2025-07-31 03:00:00,3285.33,3288.47,3282.75,3286.59,8009,7,0
2025-07-31 04:00:00,3286.59,3294.0,3285.03,3293.8,11786,7,0
2025-07-31 05:00:00,3293.8,3297.54,3290.56,3297.3,8058,7,0
2025-07-31 06:00:00,3297.3,3298.56,3293.46,3295.03,7064,7,0
2025-07-31 07:00:00,3295.03,3298.43,3293.71,3298.13,4947,7,0
2025-07-31 08:00:00,3298.18,3301.6,3294.76,3299.68,5041,7,0
2025-07-31 09:00:00,3299.68,3304.81,3298.14,3299.14,10103,7,0
2025-07-31 10:00:00,3299.14,3309.78,3298.13,3304.76,9624,7,0
2025-07-31 11:00:00,3304.76,3314.87,3303.72,3309.93,9064,7,0
2025-07-31 12:00:00,3309.93,3313.15,3304.89,3306.68,8668,7,0
2025-07-31 13:00:00,3306.68,3308.11,3293.9,3296.29,9577,7,0
2025-07-31 14:00:00,3296.29,3307.79,3295.22,3306.24,12290,7,0
2025-07-31 15:00:00,3306.24,3311.12,3304.07,3307.67,14143,7,0
2025-07-31 16:00:00,3307.67,3310.46,3300.62,3301.42,24778,7,0
2025-07-31 17:00:00,3301.42,3303.21,3291.44,3296.27,23177,7,0
2025-07-31 18:00:00,3296.27,3299.12,3291.35,3295.53,17691,7,0
2025-07-31 19:00:00,3295.53,3297.36,3289.75,3295.06,15101,7,0
2025-07-31 20:00:00,3295.06,3298.42,3294.04,3294.97,11642,7,0
2025-07-31 21:00:00,3294.97,3297.11,3292.81,3295.77,6417,7,0
2025-07-31 22:00:00,3295.77,3296.4,3290.55,3291.01,9684,7,0
2025-07-31 23:00:00,3291.02,3293.74,3289.74,3290.12,3976,7,0
2025-08-01 01:00:00,3290.31,3295.13,3288.78,3295.04,2969,7,0
2025-08-01 02:00:00,3295.04,3295.14,3288.13,3288.7,5859,7,0
2025-08-01 03:00:00,3288.7,3293.9,3286.57,3290.41,8467,7,0
2025-08-01 04:00:00,3290.41,3293.62,3281.62,3283.78,10152,7,0
2025-08-01 05:00:00,3283.78,3292.51,3283.41,3291.8,10681,7,0
2025-08-01 06:00:00,3291.8,3297.2,3290.63,3291.46,6933,7,0
2025-08-01 07:00:00,3291.46,3295.55,3290.08,3292.2,5959,7,0
2025-08-01 08:00:00,3292.2,3300.48,3291.79,3296.67,7047,7,0
2025-08-01 09:00:00,3296.67,3297.64,3290.61,3292.35,10702,7,0
2025-08-01 10:00:00,3292.35,3293.45,3285.27,3286.76,10402,7,0
2025-08-01 11:00:00,3286.76,3294.49,3285.26,3294.31,9083,7,0
2025-08-01 12:00:00,3294.31,3296.41,3292.75,3294.47,8477,7,0
2025-08-01 13:00:00,3294.47,3303.16,3293.37,3298.4,8079,7,0
2025-08-01 14:00:00,3298.4,3301.49,3296.93,3300.4,8993,7,0
2025-08-01 15:00:00,3300.4,3345.24,3297.49,3341.26,37746,7,0
2025-08-01 16:00:00,3341.26,3354.82,3338.87,3342.11,45196,7,0
2025-08-01 17:00:00,3342.11,3355.12,3341.34,3345.9,39303,7,0
2025-08-01 18:00:00,3345.9,3351.17,3341.64,3348.6,22457,7,0
2025-08-01 19:00:00,3348.6,3349.48,3340.57,3347.33,15531,7,0
2025-08-01 20:00:00,3347.33,3349.5,3345.63,3348.28,11518,7,0
2025-08-01 21:00:00,3348.21,3351.31,3345.9,3347.63,10066,7,0
2025-08-01 22:00:00,3347.63,3361.33,3347.63,3357.22,16531,7,0
2025-08-01 23:00:00,3357.22,3363.31,3357.06,3362.28,5236,7,0
2025-08-04 01:00:00,3365.73,3369.15,3357.67,3359.21,6786,7,0
2025-08-04 02:00:00,3359.21,3362.11,3354.65,3362.06,4463,7,0
2025-08-04 03:00:00,3362.06,3362.36,3350.24,3352.15,9755,7,0
2025-08-04 04:00:00,3352.2,3353.67,3345.1,3352.28,12854,7,0
2025-08-04 05:00:00,3352.28,3355.27,3350.31,3354.35,6811,7,0
2025-08-04 06:00:00,3354.35,3360.86,3354.34,3360.34,8153,7,0
2025-08-04 07:00:00,3360.34,3362.16,3358.77,3358.96,5275,7,0
2025-08-04 08:00:00,3358.96,3361.03,3355.5,3357.55,6937,7,0
2025-08-04 09:00:00,3357.55,3362.61,3353.56,3362.58,10952,7,0
2025-08-04 10:00:00,3362.58,3362.6,3351.73,3355.93,12142,7,0
2025-08-04 11:00:00,3355.93,3359.93,3354.14,3358.52,9669,7,0
2025-08-04 12:00:00,3358.52,3361.88,3356.93,3358.06,7999,7,0
2025-08-04 13:00:00,3358.06,3358.92,3352.96,3357.92,8038,7,0
2025-08-04 14:00:00,3357.92,3370.77,3357.62,3370.37,11599,7,0
2025-08-04 15:00:00,3370.37,3371.58,3361.1,3367.82,14976,7,0
2025-08-04 16:00:00,3367.82,3385.49,3367.13,3383.41,24528,7,0
2025-08-04 17:00:00,3383.41,3384.67,3371.93,3374.06,21396,7,0
2025-08-04 18:00:00,3374.06,3376.17,3370.72,3374.38,15754,7,0
2025-08-04 19:00:00,3374.38,3378.19,3370.59,3371.07,11302,7,0
2025-08-04 20:00:00,3371.07,3374.4,3370.71,3374.11,8283,7,0
2025-08-04 21:00:00,3374.11,3376.92,3373.24,3375.86,6007,7,0
2025-08-04 22:00:00,3375.86,3377.21,3374.53,3376.09,6938,7,0
2025-08-04 23:00:00,3376.09,3377.15,3373.33,3373.48,2842,7,0
2025-08-05 01:00:00,3374.55,3376.52,3373.81,3374.8,1854,7,0
2025-08-05 02:00:00,3374.8,3379.67,3374.78,3377.49,3304,7,0
2025-08-05 03:00:00,3377.49,3381.36,3375.98,3379.82,4786,7,0
2025-08-05 04:00:00,3379.82,3382.49,3377.92,3379.19,5931,7,0
2025-08-05 05:00:00,3379.19,3381.42,3373.74,3373.74,7288,7,0
2025-08-05 06:00:00,3373.73,3375.44,3372.16,3372.17,6648,7,0
2025-08-05 07:00:00,3372.16,3373.19,3371.02,3371.19,5211,7,0
2025-08-05 08:00:00,3371.19,3374.12,3367.72,3374.05,8429,7,0
2025-08-05 09:00:00,3374.05,3374.21,3365.78,3366.3,8750,7,0
2025-08-05 10:00:00,3366.28,3375.52,3366.16,3373.73,11094,7,0
2025-08-05 11:00:00,3373.73,3374.72,3366.12,3366.18,9652,7,0
2025-08-05 12:00:00,3366.17,3366.39,3358.88,3359.68,8974,7,0
2025-08-05 13:00:00,3359.68,3361.78,3352.9,3353.12,9653,7,0
2025-08-05 14:00:00,3353.12,3354.38,3349.99,3351.46,9111,7,0
2025-08-05 15:00:00,3351.46,3367.06,3350.0,3366.16,15199,7,0
2025-08-05 16:00:00,3366.16,3379.65,3365.92,3373.34,20503,7,0
2025-08-05 17:00:00,3373.34,3386.63,3370.59,3385.31,30992,7,0
2025-08-05 18:00:00,3385.31,3390.16,3382.29,3389.62,15308,7,0
2025-08-05 19:00:00,3389.62,3390.49,3376.97,3382.11,11920,7,0
2025-08-05 20:00:00,3382.11,3382.85,3379.1,3380.14,7774,7,0
2025-08-05 21:00:00,3380.14,3381.22,3378.48,3380.02,7480,7,0
2025-08-05 22:00:00,3380.02,3381.42,3378.18,3379.07,5375,7,0
2025-08-05 23:00:00,3379.07,3380.81,3378.52,3380.81,2191,7,0
2025-08-06 01:00:00,3380.95,3382.01,3378.14,3379.78,1960,7,0
2025-08-06 02:00:00,3379.78,3384.04,3379.08,3383.27,3335,7,0
2025-08-06 03:00:00,3383.27,3385.39,3380.97,3383.49,6509,7,0
2025-08-06 04:00:00,3383.49,3383.67,3373.2,3376.15,9889,7,0
2025-08-06 05:00:00,3376.15,3377.88,3374.21,3376.38,5949,7,0
2025-08-06 06:00:00,3376.38,3378.37,3373.57,3374.58,4644,7,0
2025-08-06 07:00:00,3374.58,3376.51,3372.29,3372.48,3297,7,0
2025-08-06 08:00:00,3372.48,3374.69,3370.7,3374.31,5855,7,0
2025-08-06 09:00:00,3374.31,3378.8,3373.23,3375.2,6333,7,0
2025-08-06 10:00:00,3375.2,3377.2,3369.08,3373.55,8462,7,0
2025-08-06 11:00:00,3373.55,3374.74,3364.9,3365.17,9200,7,0
2025-08-06 12:00:00,3365.17,3367.79,3358.24,3358.87,9563,7,0
2025-08-06 13:00:00,3358.87,3365.61,3358.25,3363.66,9373,7,0
2025-08-06 14:00:00,3363.66,3367.05,3360.75,3365.14,6678,7,0
2025-08-06 15:00:00,3365.14,3369.34,3360.22,3367.55,13424,7,0
2025-08-06 16:00:00,3367.55,3373.6,3365.2,3371.74,22198,7,0
2025-08-06 17:00:00,3371.74,3379.38,3369.51,3379.38,17215,7,0
2025-08-06 18:00:00,3379.38,3379.97,3370.15,3377.51,17035,7,0
2025-08-06 19:00:00,3377.51,3379.53,3372.91,3376.14,11027,7,0
2025-08-06 20:00:00,3376.14,3377.69,3370.9,3374.56,11120,7,0
2025-08-06 21:00:00,3374.53,3374.6,3369.03,3371.61,10407,7,0
2025-08-06 22:00:00,3371.61,3373.2,3370.42,3371.76,9635,7,0
2025-08-06 23:00:00,3371.76,3372.24,3367.06,3368.88,4285,7,0
2025-08-07 01:00:00,3369.06,3374.93,3369.06,3372.05,4787,7,0
2025-08-07 02:00:00,3372.05,3372.06,3367.84,3370.17,4987,7,0
2025-08-07 03:00:00,3370.17,3374.86,3365.42,3372.2,12650,7,0
2025-08-07 04:00:00,3372.2,3382.62,3370.09,3382.37,15921,7,0
2025-08-07 05:00:00,3382.37,3383.97,3378.29,3379.67,9482,7,0
2025-08-07 06:00:00,3379.67,3380.51,3376.58,3379.77,6595,7,0
2025-08-07 07:00:00,3379.77,3380.73,3376.94,3377.67,5635,7,0
2025-08-07 08:00:00,3377.67,3380.97,3371.67,3375.6,11220,7,0
2025-08-07 09:00:00,3375.6,3387.88,3375.15,3387.76,14660,7,0
2025-08-07 10:00:00,3387.76,3397.33,3386.31,3396.02,16717,7,0
2025-08-07 11:00:00,3396.02,3396.52,3372.48,3378.3,24192,7,0
2025-08-07 12:00:00,3378.3,3381.39,3373.35,3376.71,17206,7,0
2025-08-07 13:00:00,3376.71,3378.91,3371.71,3373.04,12543,7,0
2025-08-07 14:00:00,3373.04,3383.3,3371.79,3378.26,18086,7,0
2025-08-07 15:00:00,3378.28,3389.86,3375.4,3380.84,19158,7,0
2025-08-07 16:00:00,3380.84,3393.81,3380.09,3385.08,31579,7,0
2025-08-07 17:00:00,3385.08,3390.34,3373.82,3387.86,41793,7,0
2025-08-07 18:00:00,3387.86,3390.93,3384.3,3390.17,15557,7,0
2025-08-07 19:00:00,3390.17,3392.7,3387.17,3388.82,9736,7,0
2025-08-07 20:00:00,3388.82,3393.07,3384.33,3392.33,14696,7,0
2025-08-07 21:00:00,3392.33,3394.01,3387.64,3388.25,8683,7,0
2025-08-07 22:00:00,3388.25,3400.8,3387.34,3399.86,18274,7,0
2025-08-07 23:00:00,3399.86,3402.11,3391.95,3395.96,12654,7,0
2025-08-08 01:00:00,3403.13,3408.52,3388.11,3404.85,15680,7,0
2025-08-08 02:00:00,3404.85,3407.51,3393.36,3400.51,6508,7,0
2025-08-08 03:00:00,3400.51,3402.52,3387.05,3390.09,31774,7,0
2025-08-08 04:00:00,3390.07,3390.88,3381.14,3383.48,30739,7,0
2025-08-08 05:00:00,3383.48,3389.93,3383.21,3388.37,15939,7,0
2025-08-08 06:00:00,3388.37,3397.83,3382.73,3395.98,20431,7,0
2025-08-08 07:00:00,3395.98,3399.38,3393.28,3394.44,14936,7,0
2025-08-08 08:00:00,3394.44,3396.0,3389.96,3392.29,13538,7,0
2025-08-08 09:00:00,3392.29,3397.77,3388.8,3393.51,19610,7,0
2025-08-08 10:00:00,3393.51,3404.22,3391.49,3402.15,29203,7,0
2025-08-08 11:00:00,3402.2,3402.71,3394.13,3394.32,23408,7,0
2025-08-08 12:00:00,3394.32,3401.56,3393.95,3400.8,21213,7,0
2025-08-08 13:00:00,3400.8,3400.99,3384.36,3385.17,26081,7,0
2025-08-08 14:00:00,3385.17,3388.5,3380.6,3386.12,28796,7,0
2025-08-08 15:00:00,3386.1,3401.91,3384.96,3391.48,45493,7,0
2025-08-08 16:00:00,3391.48,3401.68,3387.49,3400.24,43942,7,0
2025-08-08 17:00:00,3400.24,3401.21,3381.21,3390.68,39104,7,0
2025-08-08 18:00:00,3390.68,3395.35,3388.78,3395.24,24618,7,0
2025-08-08 19:00:00,3395.24,3400.81,3393.58,3397.69,21472,7,0
2025-08-08 20:00:00,3397.69,3399.64,3382.01,3382.01,19569,7,0
2025-08-08 21:00:00,3381.72,3403.9,3375.45,3395.54,46612,7,0
2025-08-08 22:00:00,3395.54,3400.92,3392.34,3398.68,26463,7,0
2025-08-08 23:00:00,3398.68,3398.96,3392.21,3396.62,7062,7,0
2025-08-11 01:00:00,3397.88,3405.19,3390.29,3395.35,5845,7,0
2025-08-11 02:00:00,3395.35,3397.01,3390.18,3391.4,3895,7,0
2025-08-11 03:00:00,3391.4,3391.74,3381.42,3381.57,10550,7,0
2025-08-11 04:00:00,3381.57,3383.94,3367.83,3377.62,17937,7,0
2025-08-11 05:00:00,3377.62,3380.05,3369.78,3377.18,12558,7,0
2025-08-11 06:00:00,3377.18,3380.27,3374.14,3378.32,7963,7,0
2025-08-11 07:00:00,3378.32,3379.95,3375.62,3375.99,5899,7,0
2025-08-11 08:00:00,3375.99,3380.2,3373.99,3377.15,8979,7,0
2025-08-11 09:00:00,3377.15,3377.22,3363.76,3365.81,16624,7,0
2025-08-11 10:00:00,3365.81,3366.46,3357.15,3360.24,20594,7,0
2025-08-11 11:00:00,3360.24,3365.98,3358.9,3362.0,13735,7,0
2025-08-11 12:00:00,3362.0,3363.84,3353.0,3353.43,14361,7,0
2025-08-11 13:00:00,3353.4,3363.99,3353.24,3358.59,11844,7,0
2025-08-11 14:00:00,3358.59,3358.93,3349.91,3355.4,15188,7,0
2025-08-11 15:00:00,3355.4,3357.55,3344.26,3356.84,20695,7,0
2025-08-11 16:00:00,3356.84,3362.93,3348.46,3358.69,24692,7,0
2025-08-11 17:00:00,3358.69,3359.45,3341.55,3346.32,23972,7,0
2025-08-11 18:00:00,3346.32,3352.26,3344.87,3349.46,15010,7,0
2025-08-11 19:00:00,3349.46,3350.29,3342.57,3344.22,14088,7,0
2025-08-11 20:00:00,3344.22,3358.85,3341.17,3357.66,22554,7,0
2025-08-11 21:00:00,3357.66,3358.74,3352.36,3356.21,11799,7,0
2025-08-11 22:00:00,3356.21,3356.9,3350.53,3351.59,8022,7,0
2025-08-11 23:00:00,3351.59,3351.85,3341.83,3342.45,6720,7,0
2025-08-12 01:00:00,3343.1,3347.21,3342.27,3347.08,4345,7,0
2025-08-12 02:00:00,3347.08,3349.62,3346.33,3349.03,3028,7,0
2025-08-12 03:00:00,3349.03,3355.73,3347.49,3354.51,8126,7,0
2025-08-12 04:00:00,3354.51,3357.44,3346.3,3349.83,12057,7,0
2025-08-12 05:00:00,3349.84,3354.41,3349.71,3353.08,5908,7,0
2025-08-12 06:00:00,3353.08,3355.39,3348.16,3349.41,5756,7,0
2025-08-12 07:00:00,3349.41,3355.75,3348.61,3354.51,4907,7,0
2025-08-12 08:00:00,3354.51,3355.76,3350.53,3354.65,5723,7,0
2025-08-12 09:00:00,3354.65,3354.99,3342.32,3345.49,11547,7,0
2025-08-12 10:00:00,3345.49,3358.18,3343.87,3355.69,9278,7,0
2025-08-12 11:00:00,3355.69,3355.87,3345.57,3348.02,7954,7,0
2025-08-12 12:00:00,3348.02,3351.83,3344.6,3345.55,6567,7,0
2025-08-12 13:00:00,3345.55,3350.62,3344.03,3344.68,9387,7,0
2025-08-12 14:00:00,3344.68,3348.35,3336.13,3347.54,12912,7,0
2025-08-12 15:00:00,3347.54,3358.1,3338.65,3349.96,30160,7,0
2025-08-12 16:00:00,3349.96,3357.26,3340.1,3345.53,39523,7,0
2025-08-12 17:00:00,3345.53,3346.58,3330.95,3337.5,32793,7,0
2025-08-12 18:00:00,3337.5,3359.31,3336.99,3349.87,28056,7,0
2025-08-12 19:00:00,3349.87,3351.25,3345.95,3349.49,16290,7,0
2025-08-12 20:00:00,3349.49,3350.66,3346.5,3349.04,11518,7,0
2025-08-12 21:00:00,3349.04,3350.89,3347.48,3349.06,8772,7,0
2025-08-12 22:00:00,3349.06,3349.44,3345.64,3347.69,7954,7,0
2025-08-12 23:00:00,3347.69,3350.02,3346.02,3347.98,4284,7,0
2025-08-13 01:00:00,3349.13,3353.71,3349.07,3350.6,3146,7,0
2025-08-13 02:00:00,3350.6,3352.12,3349.75,3350.6,3247,7,0
2025-08-13 03:00:00,3350.6,3350.8,3342.75,3343.65,8512,7,0
2025-08-13 04:00:00,3343.65,3352.15,3342.73,3350.9,11795,7,0
2025-08-13 05:00:00,3350.9,3354.42,3346.7,3351.8,9488,7,0
2025-08-13 06:00:00,3351.8,3352.99,3348.55,3349.69,5866,7,0
2025-08-13 07:00:00,3349.69,3352.43,3348.24,3351.81,3938,7,0
2025-08-13 08:00:00,3351.81,3352.06,3345.67,3349.28,6095,7,0
2025-08-13 09:00:00,3349.28,3357.65,3348.98,3357.21,10061,7,0
2025-08-13 10:00:00,3357.21,3360.97,3354.02,3354.77,10045,7,0
2025-08-13 11:00:00,3354.77,3363.49,3352.86,3360.3,11044,7,0
2025-08-13 12:00:00,3360.3,3366.64,3358.74,3364.74,9501,7,0
2025-08-13 13:00:00,3364.74,3366.99,3363.18,3366.19,7028,7,0
2025-08-13 14:00:00,3366.19,3367.17,3358.89,3362.31,10527,7,0
2025-08-13 15:00:00,3362.31,3363.81,3355.54,3358.14,14773,7,0
2025-08-13 16:00:00,3358.14,3365.93,3354.23,3365.12,19265,7,0
2025-08-13 17:00:00,3365.12,3370.81,3361.1,3363.17,18875,7,0
2025-08-13 18:00:00,3363.17,3363.78,3354.41,3357.73,12901,7,0
2025-08-13 19:00:00,3357.73,3360.92,3357.09,3357.97,8055,7,0
2025-08-13 20:00:00,3357.97,3359.47,3352.73,3353.66,7304,7,0
2025-08-13 21:00:00,3353.66,3354.47,3350.0,3353.78,6112,7,0
2025-08-13 22:00:00,3353.78,3358.85,3352.72,3357.89,6073,7,0
2025-08-13 23:00:00,3357.89,3358.3,3355.5,3355.72,2504,7,0
2025-08-14 01:00:00,3357.12,3359.11,3356.62,3357.7,2515,7,0
2025-08-14 02:00:00,3357.7,3363.51,3357.53,3362.8,3891,7,0
2025-08-14 03:00:00,3362.8,3374.74,3362.8,3369.64,10395,7,0
2025-08-14 04:00:00,3369.64,3370.96,3365.19,3367.44,12885,7,0
2025-08-14 05:00:00,3367.44,3369.3,3362.83,3362.91,8700,7,0
2025-08-14 06:00:00,3362.91,3364.11,3355.53,3360.45,11007,7,0
2025-08-14 07:00:00,3360.45,3361.81,3358.63,3360.53,4741,7,0
2025-08-14 08:00:00,3360.53,3361.94,3356.25,3358.9,6850,7,0
2025-08-14 09:00:00,3358.9,3362.32,3356.02,3362.05,11525,7,0
2025-08-14 10:00:00,3362.05,3366.48,3343.72,3346.05,16001,7,0
2025-08-14 11:00:00,3346.05,3350.37,3341.51,3346.25,15139,7,0
2025-08-14 12:00:00,3346.25,3359.19,3345.14,3356.54,12856,7,0
2025-08-14 13:00:00,3356.53,3359.05,3352.1,3355.06,7186,7,0
2025-08-14 14:00:00,3355.06,3357.18,3352.54,3355.5,8165,7,0
2025-08-14 15:00:00,3355.51,3358.49,3342.09,3350.66,25516,7,0
2025-08-14 16:00:00,3350.66,3356.07,3343.83,3344.17,30416,7,0
2025-08-14 17:00:00,3344.17,3346.68,3334.27,3340.68,28885,7,0
2025-08-14 18:00:00,3340.68,3342.89,3335.49,3341.82,15813,7,0
2025-08-14 19:00:00,3341.82,3342.09,3329.85,3334.43,16889,7,0
2025-08-14 20:00:00,3334.43,3338.59,3331.9,3337.87,10661,7,0
2025-08-14 21:00:00,3337.87,3339.4,3336.11,3338.33,7546,7,0
2025-08-14 22:00:00,3338.33,3341.08,3337.96,3337.98,6418,7,0
2025-08-14 23:00:00,3337.98,3338.55,3334.54,3335.15,3121,7,0
2025-08-15 01:00:00,3336.27,3337.75,3332.52,3333.35,3720,7,0
2025-08-15 02:00:00,3333.35,3336.65,3332.26,3335.65,2903,7,0
2025-08-15 03:00:00,3335.65,3338.8,3332.43,3337.07,6020,7,0
2025-08-15 04:00:00,3337.07,3340.29,3333.38,3339.61,9486,7,0
2025-08-15 05:00:00,3339.61,3340.84,3336.71,3340.52,6807,7,0
2025-08-15 06:00:00,3340.52,3344.81,3340.07,3343.46,5660,7,0
2025-08-15 07:00:00,3343.46,3346.76,3343.34,3345.45,6047,7,0
2025-08-15 08:00:00,3345.45,3348.79,3342.03,3343.84,6806,7,0
2025-08-15 09:00:00,3343.84,3344.14,3340.2,3340.43,7294,7,0
2025-08-15 10:00:00,3340.43,3346.65,3340.12,3346.27,9302,7,0
2025-08-15 11:00:00,3346.27,3348.26,3338.39,3341.3,9317,7,0
2025-08-15 12:00:00,3341.3,3345.03,3338.56,3342.78,8845,7,0
2025-08-15 13:00:00,3342.78,3342.79,3336.25,3337.81,7690,7,0
2025-08-15 14:00:00,3337.72,3344.13,3337.15,3342.38,8396,7,0
2025-08-15 15:00:00,3342.38,3343.92,3333.68,3342.73,18197,7,0
2025-08-15 16:00:00,3342.73,3345.97,3333.02,3335.68,21609,7,0
2025-08-15 17:00:00,3335.68,3343.67,3335.14,3341.83,17576,7,0
2025-08-15 18:00:00,3341.83,3345.2,3341.4,3342.41,10307,7,0
2025-08-15 19:00:00,3342.41,3342.51,3335.79,3338.22,8657,7,0
2025-08-15 20:00:00,3338.23,3338.98,3335.08,3336.08,6971,7,0
2025-08-15 21:00:00,3336.08,3338.33,3334.73,3336.02,6129,7,0
2025-08-15 22:00:00,3336.02,3339.68,3334.5,3339.21,7980,7,0
2025-08-15 23:00:00,3339.21,3339.48,3335.21,3335.74,3301,7,0
2025-08-18 01:00:00,3336.65,3339.13,3332.76,3334.35,3908,7,0
2025-08-18 02:00:00,3334.35,3334.45,3323.55,3327.06,6776,7,0
2025-08-18 03:00:00,3327.06,3342.88,3326.77,3340.64,12282,7,0
2025-08-18 04:00:00,3340.64,3347.42,3339.58,3346.84,11911,7,0
2025-08-18 05:00:00,3346.84,3347.61,3342.42,3343.39,7100,7,0
2025-08-18 06:00:00,3343.39,3351.9,3343.32,3347.06,7611,7,0
2025-08-18 07:00:00,3347.04,3358.15,3346.81,3357.51,7857,7,0
2025-08-18 08:00:00,3357.51,3358.45,3346.65,3349.57,10832,7,0
2025-08-18 09:00:00,3349.57,3351.25,3346.22,3349.54,9072,7,0
2025-08-18 10:00:00,3349.54,3355.71,3347.29,3349.05,10500,7,0
2025-08-18 11:00:00,3349.05,3349.9,3344.67,3348.72,8726,7,0
2025-08-18 12:00:00,3348.72,3351.75,3347.64,3348.2,6558,7,0
2025-08-18 13:00:00,3348.2,3351.44,3346.54,3346.65,5636,7,0
2025-08-18 14:00:00,3346.65,3348.81,3344.62,3345.44,4860,7,0
2025-08-18 15:00:00,3345.44,3348.76,3343.22,3344.76,8825,7,0
2025-08-18 16:00:00,3344.76,3344.99,3335.73,3336.7,14726,7,0
2025-08-18 17:00:00,3336.7,3338.73,3332.49,3334.37,13975,7,0
2025-08-18 18:00:00,3334.37,3336.86,3332.29,3335.66,9226,7,0
2025-08-18 19:00:00,3335.66,3335.95,3331.79,3334.27,7036,7,0
2025-08-18 20:00:00,3334.27,3334.88,3331.74,3333.66,5774,7,0
2025-08-18 21:00:00,3333.65,3333.84,3331.58,3331.99,2944,7,0
2025-08-18 22:00:00,3331.99,3334.32,3330.29,3333.6,4058,7,0
2025-08-18 23:00:00,3333.6,3334.29,3332.43,3332.61,2110,7,0
2025-08-19 01:00:00,3333.79,3334.73,3332.94,3334.46,2171,7,0
2025-08-19 02:00:00,3334.46,3334.73,3330.47,3330.94,2727,7,0
2025-08-19 03:00:00,3330.94,3339.18,3326.1,3335.22,8618,7,0
2025-08-19 04:00:00,3335.22,3335.73,3330.33,3332.98,10164,7,0
2025-08-19 05:00:00,3332.98,3338.16,3329.48,3338.03,6920,7,0
2025-08-19 06:00:00,3338.03,3341.63,3337.13,3337.8,6634,7,0
2025-08-19 07:00:00,3337.8,3338.18,3334.49,3337.69,4423,7,0
2025-08-19 08:00:00,3337.69,3340.68,3335.82,3336.23,5608,7,0
2025-08-19 09:00:00,3336.23,3338.87,3334.49,3336.09,6279,7,0
2025-08-19 10:00:00,3336.09,3341.79,3335.01,3340.84,8241,7,0
2025-08-19 11:00:00,3340.84,3340.94,3336.57,3337.95,5469,7,0
2025-08-19 12:00:00,3337.95,3339.73,3336.91,3339.35,4760,7,0
2025-08-19 13:00:00,3339.35,3345.32,3339.29,3343.61,6264,7,0
2025-08-19 14:00:00,3343.61,3344.87,3339.34,3339.78,5500,7,0
2025-08-19 15:00:00,3339.78,3340.63,3334.32,3334.79,9799,7,0
2025-08-19 16:00:00,3334.79,3339.44,3325.7,3333.96,19457,7,0
2025-08-19 17:00:00,3333.97,3337.03,3320.85,3325.36,18839,7,0
2025-08-19 18:00:00,3325.36,3326.79,3321.58,3322.68,11881,7,0
2025-08-19 19:00:00,3322.68,3324.44,3317.01,3317.46,8721,7,0
2025-08-19 20:00:00,3317.46,3320.19,3314.97,3317.51,8799,7,0
2025-08-19 21:00:00,3317.51,3320.22,3316.88,3318.41,5371,7,0
2025-08-19 22:00:00,3318.41,3318.86,3315.57,3315.95,9430,7,0
2025-08-19 23:00:00,3315.95,3317.55,3314.98,3315.32,3264,7,0
2025-08-20 01:00:00,3316.27,3317.62,3315.64,3316.82,2147,7,0
2025-08-20 02:00:00,3316.82,3316.82,3312.94,3314.28,3655,7,0
2025-08-20 03:00:00,3314.28,3316.93,3312.9,3316.03,6484,7,0
2025-08-20 04:00:00,3316.03,3317.85,3311.55,3315.38,11149,7,0
2025-08-20 05:00:00,3315.38,3317.1,3312.42,3314.07,7962,7,0
2025-08-20 06:00:00,3314.07,3318.67,3314.03,3317.61,5945,7,0
2025-08-20 07:00:00,3317.61,3321.08,3317.22,3318.69,4118,7,0
2025-08-20 08:00:00,3318.69,3323.89,3318.15,3323.44,5219,7,0
2025-08-20 09:00:00,3323.45,3326.03,3322.3,3323.07,8039,7,0
2025-08-20 10:00:00,3323.07,3327.54,3321.6,3324.88,6630,7,0
2025-08-20 11:00:00,3324.88,3325.75,3320.96,3325.06,6554,7,0
2025-08-20 12:00:00,3325.06,3327.46,3323.63,3326.19,6014,7,0
2025-08-20 13:00:00,3326.19,3327.92,3323.96,3326.47,6063,7,0
2025-08-20 14:00:00,3326.47,3333.0,3325.8,3332.37,9532,7,0
2025-08-20 15:00:00,3332.37,3344.86,3332.15,3342.91,15207,7,0
2025-08-20 16:00:00,3342.91,3348.41,3338.94,3344.94,17512,7,0
2025-08-20 17:00:00,3344.94,3350.27,3340.06,3346.94,16045,7,0
2025-08-20 18:00:00,3346.94,3347.03,3338.95,3340.74,10094,7,0
2025-08-20 19:00:00,3340.74,3346.09,3340.7,3345.23,7035,7,0
2025-08-20 20:00:00,3345.23,3348.1,3344.12,3346.82,7782,7,0
2025-08-20 21:00:00,3346.82,3347.21,3344.03,3345.74,7932,7,0
2025-08-20 22:00:00,3345.74,3349.32,3345.11,3348.81,8049,7,0
2025-08-20 23:00:00,3348.83,3349.32,3347.35,3348.01,2828,7,0
2025-08-21 01:00:00,3349.45,3352.28,3348.79,3349.72,3296,7,0
2025-08-21 02:00:00,3349.72,3349.72,3346.4,3346.98,2920,7,0
2025-08-21 03:00:00,3346.98,3346.98,3341.59,3342.35,4957,7,0
2025-08-21 04:00:00,3342.35,3346.36,3340.75,3342.85,6587,7,0
2025-08-21 05:00:00,3342.85,3345.03,3340.48,3344.63,5372,7,0
2025-08-21 06:00:00,3344.63,3344.86,3339.69,3340.0,4020,7,0
2025-08-21 07:00:00,3340.0,3341.11,3338.03,3338.33,2730,7,0
2025-08-21 08:00:00,3338.33,3340.72,3337.09,3338.83,4622,7,0
2025-08-21 09:00:00,3338.83,3339.94,3334.32,3336.66,7672,7,0
2025-08-21 10:00:00,3336.66,3341.61,3335.48,3339.73,6367,7,0
2025-08-21 11:00:00,3339.73,3341.39,3337.83,3339.7,5280,7,0
2025-08-21 12:00:00,3339.7,3342.25,3338.07,3340.76,5354,7,0
2025-08-21 13:00:00,3340.76,3341.7,3327.54,3328.49,8859,7,0
2025-08-21 14:00:00,3328.49,3334.43,3325.23,3333.67,10267,7,0
2025-08-21 15:00:00,3333.67,3345.15,3333.65,3341.91,16497,7,0
2025-08-21 16:00:00,3341.91,3347.69,3336.09,3339.43,21412,7,0
2025-08-21 17:00:00,3339.43,3348.17,3337.97,3344.23,20527,7,0
2025-08-21 18:00:00,3344.23,3346.22,3337.57,3343.67,14778,7,0
2025-08-21 19:00:00,3343.67,3343.95,3338.35,3339.8,7702,7,0
2025-08-21 20:00:00,3339.8,3342.12,3336.98,3337.12,6145,7,0
2025-08-21 21:00:00,3337.12,3339.62,3336.64,3339.39,4941,7,0
2025-08-21 22:00:00,3339.39,3342.04,3338.04,3338.82,5181,7,0
2025-08-21 23:00:00,3338.82,3339.23,3337.87,3338.78,1968,7,0
2025-08-22 01:00:00,3339.19,3340.68,3338.01,3339.04,2517,7,0
2025-08-22 02:00:00,3339.04,3339.6,3337.46,3338.47,1634,7,0
2025-08-22 03:00:00,3338.47,3339.81,3335.08,3339.61,4744,7,0
2025-08-22 04:00:00,3339.61,3340.32,3333.7,3334.14,6215,7,0
2025-08-22 05:00:00,3334.14,3336.29,3332.84,3334.08,5885,7,0
2025-08-22 06:00:00,3334.08,3335.4,3331.75,3331.97,4904,7,0
2025-08-22 07:00:00,3331.97,3332.73,3328.03,3328.4,3526,7,0
2025-08-22 08:00:00,3328.4,3331.46,3327.21,3330.18,5182,7,0
2025-08-22 09:00:00,3330.18,3330.44,3325.73,3329.51,7142,7,0
2025-08-22 10:00:00,3329.51,3335.12,3325.82,3327.46,8836,7,0
2025-08-22 11:00:00,3327.46,3330.7,3325.41,3328.85,7915,7,0
2025-08-22 12:00:00,3328.85,3331.68,3328.21,3330.17,4984,7,0
2025-08-22 13:00:00,3330.17,3331.73,3328.99,3331.01,4240,7,0
2025-08-22 14:00:00,3331.01,3331.12,3327.72,3329.36,5955,7,0
2025-08-22 15:00:00,3329.36,3329.95,3321.53,3323.55,15521,7,0
2025-08-22 16:00:00,3323.55,3336.32,3323.23,3333.82,16723,7,0
2025-08-22 17:00:00,3333.82,3376.86,3333.8,3373.86,54648,7,0
2025-08-22 18:00:00,3373.86,3378.8,3367.44,3367.97,22417,7,0
2025-08-22 19:00:00,3367.97,3374.35,3367.84,3370.62,11451,7,0
2025-08-22 20:00:00,3370.62,3375.51,3370.51,3374.26,6990,7,0
2025-08-22 21:00:00,3374.23,3375.11,3371.05,3372.73,6050,7,0
2025-08-22 22:00:00,3372.73,3373.65,3368.88,3373.27,8757,7,0
2025-08-22 23:00:00,3373.27,3373.67,3370.11,3371.19,3078,7,0
2025-08-25 01:00:00,3371.87,3372.24,3365.94,3367.31,3184,7,0
2025-08-25 02:00:00,3367.31,3371.06,3366.45,3369.17,2982,7,0
2025-08-25 03:00:00,3369.17,3369.72,3363.4,3364.91,4611,7,0
2025-08-25 04:00:00,3364.91,3367.84,3360.72,3362.89,8233,7,0
2025-08-25 05:00:00,3362.89,3365.19,3359.78,3364.49,5250,7,0
2025-08-25 06:00:00,3364.49,3368.14,3364.21,3367.3,3965,7,0
2025-08-25 07:00:00,3367.3,3367.68,3363.85,3366.08,2781,7,0
2025-08-25 08:00:00,3366.08,3366.13,3363.11,3364.65,2992,7,0
2025-08-25 09:00:00,3364.65,3369.57,3364.55,3368.92,5569,7,0
2025-08-25 10:00:00,3368.92,3369.93,3366.07,3366.22,4339,7,0
2025-08-25 11:00:00,3366.22,3366.85,3363.52,3363.96,4342,7,0
2025-08-25 12:00:00,3363.96,3368.07,3361.99,3367.4,4469,7,0
2025-08-25 13:00:00,3367.4,3368.5,3365.17,3366.02,4516,7,0
2025-08-25 14:00:00,3366.02,3371.55,3365.72,3370.62,5047,7,0
2025-08-25 15:00:00,3370.62,3371.24,3364.26,3364.53,7040,7,0
2025-08-25 16:00:00,3364.53,3371.37,3362.21,3370.81,12613,7,0
2025-08-25 17:00:00,3370.81,3375.48,3369.27,3374.39,14287,7,0
2025-08-25 18:00:00,3374.39,3376.32,3371.94,3374.1,9491,7,0
2025-08-25 19:00:00,3374.1,3374.39,3371.78,3373.88,6321,7,0
2025-08-25 20:00:00,3373.88,3374.85,3370.93,3371.13,6179,7,0
2025-08-25 21:00:00,3371.13,3373.32,3369.87,3370.57,5332,7,0
2025-08-25 22:00:00,3370.57,3370.93,3365.29,3365.48,6479,7,0
2025-08-25 23:00:00,3365.48,3366.13,3364.33,3365.45,3015,7,0
2025-08-26 01:00:00,3365.6,3367.17,3363.75,3364.34,2828,7,0
2025-08-26 02:00:00,3364.34,3364.34,3351.67,3354.99,7598,7,0
2025-08-26 03:00:00,3354.99,3386.48,3351.3,3383.16,26010,7,0
2025-08-26 04:00:00,3383.16,3385.11,3371.8,3376.86,15452,7,0
2025-08-26 05:00:00,3376.86,3379.08,3372.89,3375.43,9033,7,0
2025-08-26 06:00:00,3375.43,3375.51,3369.89,3372.24,6728,7,0
2025-08-26 07:00:00,3372.24,3378.96,3372.14,3377.39,4892,7,0
2025-08-26 08:00:00,3377.39,3379.1,3372.56,3376.69,6862,7,0
2025-08-26 09:00:00,3376.69,3377.74,3372.5,3376.28,7876,7,0
2025-08-26 10:00:00,3376.28,3379.19,3367.23,3376.75,11738,7,0
2025-08-26 11:00:00,3376.75,3379.88,3375.62,3376.78,8583,7,0
2025-08-26 12:00:00,3376.77,3378.66,3369.63,3372.1,9225,7,0
2025-08-26 13:00:00,3372.1,3375.18,3367.25,3372.03,6666,7,0
2025-08-26 14:00:00,3372.03,3380.41,3370.72,3377.58,10372,7,0
2025-08-26 15:00:00,3377.58,3379.86,3371.06,3372.06,12036,7,0
2025-08-26 16:00:00,3372.04,3378.23,3370.56,3375.79,20229,7,0
2025-08-26 17:00:00,3375.79,3379.61,3370.34,3379.36,18514,7,0
2025-08-26 18:00:00,3379.36,3389.41,3378.68,3386.73,16100,7,0
2025-08-26 19:00:00,3386.73,3387.75,3382.55,3383.07,10410,7,0
2025-08-26 20:00:00,3383.07,3385.94,3381.62,3381.78,8126,7,0
2025-08-26 21:00:00,3381.78,3385.77,3380.25,3385.67,7350,7,0
2025-08-26 22:00:00,3385.67,3390.94,3385.22,3389.78,9616,7,0
2025-08-26 23:00:00,3389.77,3393.59,3389.27,3393.4,3313,7,0
2025-08-27 01:00:00,3393.5,3394.24,3388.86,3391.01,3808,7,0
2025-08-27 02:00:00,3391.01,3393.03,3390.01,3390.96,2903,7,0
2025-08-27 03:00:00,3390.96,3393.6,3389.04,3389.61,6222,7,0
2025-08-27 04:00:00,3389.61,3390.12,3383.38,3386.27,8940,7,0
2025-08-27 05:00:00,3386.27,3387.03,3382.23,3384.17,5157,7,0
2025-08-27 06:00:00,3384.17,3384.49,3380.6,3380.61,4233,7,0
2025-08-27 07:00:00,3380.61,3381.32,3373.95,3375.06,6177,7,0
2025-08-27 08:00:00,3375.06,3379.01,3374.16,3377.23,7068,7,0
2025-08-27 09:00:00,3377.23,3381.97,3376.32,3377.5,7955,7,0
2025-08-27 10:00:00,3377.5,3381.62,3373.78,3381.49,8196,7,0
2025-08-27 11:00:00,3381.49,3385.03,3381.02,3384.56,8917,7,0
2025-08-27 12:00:00,3384.56,3385.48,3377.63,3378.21,8161,7,0
2025-08-27 13:00:00,3378.21,3379.31,3374.82,3375.68,11381,7,0
2025-08-27 14:00:00,3375.68,3378.25,3373.77,3376.81,8857,7,0
2025-08-27 15:00:00,3376.81,3382.9,3374.32,3381.17,12153,7,0
2025-08-27 16:00:00,3381.17,3384.83,3375.57,3377.88,17423,7,0
2025-08-27 17:00:00,3377.88,3386.96,3376.11,3386.53,16135,7,0
2025-08-27 18:00:00,3386.53,3390.51,3385.19,3388.08,15015,7,0
2025-08-27 19:00:00,3388.08,3398.87,3387.58,3395.57,14402,7,0
2025-08-27 20:00:00,3395.57,3397.5,3394.91,3395.18,10544,7,0
2025-08-27 21:00:00,3395.18,3396.33,3392.36,3394.58,7547,7,0
2025-08-27 22:00:00,3394.58,3396.42,3393.78,3396.32,9047,7,0
2025-08-27 23:00:00,3396.32,3397.85,3394.2,3396.97,4122,7,0
2025-08-28 01:00:00,3398.13,3399.11,3394.92,3395.86,2969,7,0
2025-08-28 02:00:00,3395.86,3399.31,3395.18,3395.76,3486,7,0
2025-08-28 03:00:00,3395.76,3398.09,3391.24,3392.06,5870,7,0
2025-08-28 04:00:00,3392.06,3392.93,3385.55,3385.95,10839,7,0
2025-08-28 05:00:00,3385.95,3391.47,3384.61,3391.47,7282,7,0
2025-08-28 06:00:00,3391.47,3392.49,3388.93,3390.22,5276,7,0
2025-08-28 07:00:00,3390.22,3392.29,3388.75,3390.35,3449,7,0
2025-08-28 08:00:00,3390.35,3390.89,3387.74,3389.19,5554,7,0
2025-08-28 09:00:00,3389.19,3395.7,3388.82,3395.34,9537,7,0
2025-08-28 10:00:00,3395.34,3397.74,3393.68,3395.84,8598,7,0
2025-08-28 11:00:00,3395.84,3401.07,3393.96,3400.7,9449,7,0
2025-08-28 12:00:00,3400.7,3401.72,3398.49,3399.21,6229,7,0
2025-08-28 13:00:00,3399.21,3399.27,3393.87,3397.1,9710,7,0
2025-08-28 14:00:00,3397.1,3407.71,3396.31,3404.08,10937,7,0
2025-08-28 15:00:00,3404.08,3408.83,3396.88,3397.25,18861,7,0
2025-08-28 16:00:00,3397.27,3410.55,3394.05,3407.41,26533,7,0
2025-08-28 17:00:00,3407.41,3413.5,3406.54,3412.27,20710,7,0
2025-08-28 18:00:00,3412.27,3413.2,3404.56,3411.0,14831,7,0
2025-08-28 19:00:00,3411.0,3417.8,3409.93,3415.57,15614,7,0
2025-08-28 20:00:00,3415.57,3418.85,3414.58,3418.04,13103,7,0
2025-08-28 21:00:00,3418.04,3420.45,3417.36,3420.11,10246,7,0
2025-08-28 22:00:00,3420.11,3423.21,3417.98,3422.08,11940,7,0
2025-08-28 23:00:00,3422.08,3422.39,3416.32,3416.93,4226,7,0
2025-08-29 01:00:00,3416.61,3418.16,3415.48,3416.87,2209,7,0
2025-08-29 02:00:00,3416.87,3416.87,3414.77,3414.8,2026,7,0
2025-08-29 03:00:00,3414.8,3417.93,3413.06,3413.55,7394,7,0
2025-08-29 04:00:00,3413.55,3413.61,3407.93,3410.0,10780,7,0
2025-08-29 05:00:00,3410.0,3414.07,3409.9,3411.32,6823,7,0
2025-08-29 06:00:00,3411.32,3413.6,3409.99,3410.83,4801,7,0
2025-08-29 07:00:00,3410.83,3411.39,3407.57,3408.99,5261,7,0
2025-08-29 08:00:00,3408.99,3410.86,3407.04,3410.46,5594,7,0
2025-08-29 09:00:00,3410.46,3412.77,3407.92,3410.27,6882,7,0
2025-08-29 10:00:00,3410.27,3412.77,3406.54,3412.16,10297,7,0
2025-08-29 11:00:00,3412.16,3414.83,3409.78,3410.37,9175,7,0
2025-08-29 12:00:00,3410.37,3411.11,3406.97,3407.49,10048,7,0
2025-08-29 13:00:00,3407.49,3408.89,3404.67,3405.53,8110,7,0
2025-08-29 14:00:00,3405.53,3411.32,3404.27,3410.76,9055,7,0
2025-08-29 15:00:00,3410.76,3416.87,3406.7,3416.5,17068,7,0
2025-08-29 16:00:00,3416.5,3429.07,3413.62,3428.31,25195,7,0
2025-08-29 17:00:00,3428.31,3441.23,3428.31,3441.2,36654,7,0
2025-08-29 18:00:00,3441.19,3447.77,3439.03,3445.71,29860,7,0
2025-08-29 19:00:00,3445.71,3449.43,3442.26,3449.25,19194,7,0
2025-08-29 20:00:00,3449.25,3450.2,3441.08,3443.74,14730,7,0
2025-08-29 21:00:00,3443.74,3445.76,3441.0,3442.97,11913,7,0
2025-08-29 22:00:00,3442.97,3454.02,3441.64,3452.59,15658,7,0
2025-08-29 23:00:00,3452.59,3452.7,3445.63,3448.7,7675,7,0
2025-09-01 01:00:00,3446.31,3452.57,3442.35,3450.27,6073,7,0
2025-09-01 02:00:00,3450.27,3450.97,3444.81,3448.1,3203,7,0
2025-09-01 03:00:00,3448.1,3448.1,3442.6,3444.16,6528,7,0
2025-09-01 04:00:00,3444.16,3459.45,3437.12,3457.3,15513,7,0
2025-09-01 05:00:00,3457.3,3484.87,3455.25,3483.76,33974,7,0
2025-09-01 06:00:00,3483.76,3486.2,3469.71,3474.63,19026,7,0
2025-09-01 07:00:00,3474.63,3479.55,3472.17,3475.07,9777,7,0
2025-09-01 08:00:00,3475.07,3482.93,3474.38,3477.33,16445,7,0
2025-09-01 09:00:00,3477.33,3489.91,3476.86,3479.27,18754,7,0
2025-09-01 10:00:00,3479.27,3480.89,3467.81,3477.9,17987,7,0
2025-09-01 11:00:00,3477.9,3479.92,3474.53,3476.94,12516,7,0
2025-09-01 12:00:00,3476.94,3477.1,3467.31,3469.51,12091,7,0
2025-09-01 13:00:00,3469.51,3474.11,3466.41,3470.57,12324,7,0
2025-09-01 14:00:00,3470.6,3473.5,3467.69,3470.16,11080,7,0
2025-09-01 15:00:00,3470.16,3471.65,3467.16,3469.37,11554,7,0
2025-09-01 16:00:00,3469.37,3479.04,3468.84,3475.36,14329,7,0
2025-09-01 17:00:00,3475.36,3481.46,3473.69,3475.75,11740,7,0
2025-09-01 18:00:00,3475.75,3479.12,3473.55,3474.23,7354,7,0
2025-09-01 19:00:00,3474.23,3477.66,3472.34,3477.33,3918,7,0
2025-09-01 20:00:00,3477.33,3478.96,3476.16,3477.96,3483,7,0
2025-09-01 21:00:00,3477.96,3478.01,3476.23,3476.64,1031,7,0
2025-09-02 01:00:00,3478.1,3479.77,3474.42,3475.35,5977,7,0
2025-09-02 02:00:00,3475.35,3481.46,3474.55,3479.35,4080,7,0
2025-09-02 03:00:00,3479.35,3485.15,3478.27,3479.21,13870,7,0
2025-09-02 04:00:00,3479.21,3508.8,3477.04,3497.83,30627,7,0
2025-09-02 05:00:00,3497.83,3500.66,3491.45,3496.27,19700,7,0
2025-09-02 06:00:00,3496.27,3496.27,3490.19,3495.16,11094,7,0
2025-09-02 07:00:00,3495.14,3498.3,3493.42,3496.79,8205,7,0
2025-09-02 08:00:00,3496.79,3497.8,3492.05,3493.05,11085,7,0
2025-09-02 09:00:00,3493.05,3495.72,3483.27,3485.62,19606,7,0
2025-09-02 10:00:00,3485.64,3488.23,3472.2,3476.94,23911,7,0
2025-09-02 11:00:00,3476.94,3481.44,3470.11,3477.63,21109,7,0
2025-09-02 12:00:00,3477.63,3480.43,3476.11,3476.81,14079,7,0
2025-09-02 13:00:00,3476.81,3485.73,3475.79,3485.57,15621,7,0
2025-09-02 14:00:00,3485.57,3490.09,3478.57,3489.87,16939,7,0
2025-09-02 15:00:00,3489.87,3494.23,3474.42,3482.07,32653,7,0
2025-09-02 16:00:00,3482.07,3493.67,3478.24,3489.74,39125,7,0
2025-09-02 17:00:00,3489.74,3514.18,3488.09,3511.25,49379,7,0
2025-09-02 18:00:00,3511.25,3520.5,3509.63,3520.48,30672,7,0
2025-09-02 19:00:00,3520.48,3528.86,3518.2,3527.86,23625,7,0
2025-09-02 20:00:00,3527.86,3530.23,3521.92,3529.4,16901,7,0
2025-09-02 21:00:00,3529.4,3532.18,3525.28,3528.48,12999,7,0
2025-09-02 22:00:00,3528.48,3540.08,3528.48,3537.14,20422,7,0
2025-09-02 23:00:00,3537.14,3537.78,3533.47,3533.99,5755,7,0
2025-09-03 01:00:00,3533.3,3535.01,3529.23,3529.44,3987,7,0
2025-09-03 02:00:00,3529.44,3533.11,3526.29,3530.17,5321,7,0
2025-09-03 03:00:00,3530.17,3546.8,3528.07,3536.12,17850,7,0
2025-09-03 04:00:00,3536.12,3541.75,3531.92,3538.8,19516,7,0
2025-09-03 05:00:00,3538.8,3545.94,3531.36,3531.86,15032,7,0
2025-09-03 06:00:00,3531.86,3533.51,3529.39,3530.83,12687,7,0
2025-09-03 07:00:00,3530.83,3538.35,3530.77,3536.93,10310,7,0
2025-09-03 08:00:00,3536.93,3537.96,3526.93,3529.94,12146,7,0
2025-09-03 09:00:00,3529.94,3537.41,3529.88,3535.38,13943,7,0
2025-09-03 10:00:00,3535.36,3537.01,3529.22,3533.91,14598,7,0
2025-09-03 11:00:00,3533.91,3541.2,3533.78,3540.1,14279,7,0
2025-09-03 12:00:00,3540.1,3541.93,3533.93,3534.28,12116,7,0
2025-09-03 13:00:00,3534.28,3541.89,3532.35,3540.09,10967,7,0
2025-09-03 14:00:00,3540.09,3549.71,3539.81,3547.63,16536,7,0
2025-09-03 15:00:00,3547.63,3551.56,3541.41,3550.54,23435,7,0
2025-09-03 16:00:00,3550.54,3561.47,3549.41,3553.77,35739,7,0
2025-09-03 17:00:00,3553.77,3565.82,3551.6,3558.46,43341,7,0
2025-09-03 18:00:00,3558.46,3567.42,3557.51,3563.99,23027,7,0
2025-09-03 19:00:00,3563.99,3572.68,3562.23,3572.53,17004,7,0
2025-09-03 20:00:00,3572.53,3576.03,3570.33,3574.45,14310,7,0
2025-09-03 21:00:00,3574.45,3578.55,3565.53,3570.47,25009,7,0
2025-09-03 22:00:00,3570.47,3571.73,3561.28,3563.81,21324,7,0
2025-09-03 23:00:00,3563.81,3566.06,3558.85,3559.73,7466,7,0
2025-09-04 01:00:00,3560.64,3564.12,3558.67,3561.95,7706,7,0
2025-09-04 02:00:00,3561.95,3561.95,3554.44,3560.41,9576,7,0
2025-09-04 03:00:00,3560.41,3562.5,3551.99,3561.56,12471,7,0
2025-09-04 04:00:00,3561.56,3563.22,3543.75,3546.37,22159,7,0
2025-09-04 05:00:00,3546.37,3550.72,3526.53,3530.9,24074,7,0
2025-09-04 06:00:00,3530.9,3531.85,3511.56,3529.12,20703,7,0
2025-09-04 07:00:00,3529.12,3534.35,3528.75,3533.04,7016,7,0
2025-09-04 08:00:00,3533.04,3534.08,3525.43,3527.48,13314,7,0
2025-09-04 09:00:00,3527.48,3541.79,3524.51,3536.07,17097,7,0
2025-09-04 10:00:00,3536.07,3541.24,3532.73,3541.11,12834,7,0
2025-09-04 11:00:00,3541.1,3545.61,3537.37,3541.3,12618,7,0
2025-09-04 12:00:00,3541.3,3544.92,3536.71,3538.75,10593,7,0
2025-09-04 13:00:00,3538.75,3547.09,3538.44,3540.95,10683,7,0
2025-09-04 14:00:00,3540.95,3549.91,3536.66,3545.55,12896,7,0
2025-09-04 15:00:00,3545.55,3553.03,3541.3,3548.4,22232,7,0
2025-09-04 16:00:00,3548.4,3558.87,3539.97,3547.02,32429,7,0
2025-09-04 17:00:00,3547.02,3547.02,3535.17,3545.91,37855,7,0
2025-09-04 18:00:00,3545.91,3553.36,3542.41,3552.86,18734,7,0
2025-09-04 19:00:00,3552.86,3556.28,3549.27,3552.5,14226,7,0
2025-09-04 20:00:00,3552.5,3555.52,3542.64,3542.89,13729,7,0
2025-09-04 21:00:00,3542.89,3548.39,3542.78,3546.37,9833,7,0
2025-09-04 22:00:00,3546.37,3551.14,3545.66,3549.99,10385,7,0
2025-09-04 23:00:00,3549.97,3550.64,3544.38,3545.68,3618,7,0
2025-09-05 01:00:00,3547.57,3547.57,3540.17,3541.1,3438,7,0
2025-09-05 02:00:00,3541.1,3554.61,3540.96,3552.64,6390,7,0
2025-09-05 03:00:00,3552.64,3556.47,3549.05,3552.25,12810,7,0
2025-09-05 04:00:00,3552.25,3556.63,3550.1,3552.53,14807,7,0
2025-09-05 05:00:00,3552.53,3555.45,3546.05,3550.84,12327,7,0
2025-09-05 06:00:00,3550.84,3559.14,3548.72,3558.38,9076,7,0
2025-09-05 07:00:00,3558.38,3559.12,3556.3,3558.48,6389,7,0
2025-09-05 08:00:00,3558.48,3561.16,3555.81,3557.85,9260,7,0
2025-09-05 09:00:00,3557.85,3558.16,3548.37,3552.57,14892,7,0
2025-09-05 10:00:00,3552.57,3554.34,3546.62,3548.2,12850,7,0
2025-09-05 11:00:00,3548.2,3549.91,3544.86,3546.07,10338,7,0
2025-09-05 12:00:00,3546.07,3553.87,3545.96,3552.44,8764,7,0
2025-09-05 13:00:00,3552.44,3552.99,3549.44,3551.89,7975,7,0
2025-09-05 14:00:00,3551.89,3555.18,3547.82,3553.29,10170,7,0
2025-09-05 15:00:00,3553.29,3586.86,3548.84,3580.31,46965,7,0
2025-09-05 16:00:00,3580.31,3595.3,3573.18,3594.43,47812,7,0
2025-09-05 17:00:00,3594.59,3598.03,3573.23,3590.31,49429,7,0
2025-09-05 18:00:00,3590.31,3595.55,3581.85,3591.94,31727,7,0
2025-09-05 19:00:00,3591.92,3600.16,3591.15,3595.26,24425,7,0
2025-09-05 20:00:00,3595.26,3597.51,3590.44,3596.5,19323,7,0
2025-09-05 21:00:00,3596.5,3597.35,3592.58,3595.58,15716,7,0
2025-09-05 22:00:00,3595.58,3596.18,3592.68,3594.76,17822,7,0
2025-09-05 23:00:00,3594.76,3595.51,3586.22,3586.58,7747,7,0
2025-09-08 01:00:00,3581.17,3596.89,3577.78,3592.23,21789,7,0
2025-09-08 02:00:00,3592.23,3594.05,3587.85,3591.23,8540,7,0
2025-09-08 03:00:00,3591.23,3594.4,3587.04,3594.36,13203,7,0
2025-09-08 04:00:00,3594.36,3597.17,3585.0,3589.68,24607,7,0
2025-09-08 05:00:00,3589.68,3594.42,3586.43,3590.68,17314,7,0
2025-09-08 06:00:00,3590.68,3592.38,3583.02,3583.63,10154,7,0
2025-09-08 07:00:00,3583.63,3584.85,3579.58,3581.6,5945,7,0
2025-09-08 08:00:00,3581.61,3591.79,3581.17,3591.26,9423,7,0
2025-09-08 09:00:00,3591.24,3598.82,3589.43,3598.1,13236,7,0
2025-09-08 10:00:00,3598.1,3613.62,3596.41,3609.61,16573,7,0
2025-09-08 11:00:00,3609.52,3617.3,3607.22,3611.23,12154,7,0
2025-09-08 12:00:00,3611.23,3615.01,3608.67,3613.83,10485,7,0
2025-09-08 13:00:00,3613.83,3622.51,3613.54,3617.03,10783,7,0
2025-09-08 14:00:00,3617.03,3620.02,3612.91,3619.85,9350,7,0
2025-09-08 15:00:00,3619.85,3626.05,3614.76,3624.27,14924,7,0
2025-09-08 16:00:00,3624.27,3636.94,3620.27,3633.38,34925,7,0
2025-09-08 17:00:00,3633.38,3640.92,3628.96,3640.75,31746,7,0
2025-09-08 18:00:00,3640.75,3646.49,3633.22,3639.32,26804,7,0
2025-09-08 19:00:00,3639.32,3641.78,3635.89,3640.7,15506,7,0
2025-09-08 20:00:00,3640.7,3641.18,3632.54,3633.4,16050,7,0
2025-09-08 21:00:00,3633.4,3636.66,3631.9,3636.06,13376,7,0
2025-09-08 22:00:00,3636.06,3637.72,3632.55,3636.68,13188,7,0
2025-09-08 23:00:00,3636.68,3638.04,3634.57,3635.29,4066,7,0
2025-09-09 01:00:00,3636.34,3636.99,3628.92,3629.48,3787,7,0
2025-09-09 02:00:00,3629.48,3636.12,3628.21,3634.89,4796,7,0
2025-09-09 03:00:00,3634.89,3640.93,3633.42,3638.56,10874,7,0
2025-09-09 04:00:00,3638.56,3647.49,3636.08,3646.42,17572,7,0
2025-09-09 05:00:00,3646.42,3654.54,3644.82,3647.61,19024,7,0
2025-09-09 06:00:00,3647.61,3652.01,3642.74,3646.01,12463,7,0
2025-09-09 07:00:00,3646.01,3657.15,3645.82,3654.99,6925,7,0
2025-09-09 08:00:00,3654.99,3659.31,3652.78,3655.3,10651,7,0
2025-09-09 09:00:00,3655.3,3656.38,3636.54,3647.61,24523,7,0
2025-09-09 10:00:00,3647.61,3651.08,3641.7,3644.31,12311,7,0
2025-09-09 11:00:00,3644.31,3651.08,3642.01,3648.15,15515,7,0
2025-09-09 12:00:00,3648.15,3656.64,3647.78,3653.65,9552,7,0
2025-09-09 13:00:00,3653.65,3656.04,3648.85,3651.93,7811,7,0
2025-09-09 14:00:00,3651.93,3654.26,3646.89,3648.06,8943,7,0
2025-09-09 15:00:00,3648.06,3655.44,3643.75,3647.52,22345,7,0
2025-09-09 16:00:00,3647.49,3668.27,3646.41,3666.21,36036,7,0
2025-09-09 17:00:00,3666.16,3675.08,3636.12,3645.05,67153,7,0
2025-09-09 18:00:00,3645.05,3646.55,3626.97,3645.61,37833,7,0
2025-09-09 19:00:00,3645.61,3649.5,3644.23,3645.14,20773,7,0
2025-09-09 20:00:00,3645.14,3646.56,3641.32,3642.86,15088,7,0
2025-09-09 21:00:00,3642.86,3645.16,3639.85,3640.43,11444,7,0
2025-09-09 22:00:00,3640.43,3641.35,3628.57,3629.44,17609,7,0
2025-09-09 23:00:00,3629.44,3632.92,3626.64,3626.84,5487,7,0
2025-09-10 01:00:00,3620.67,3635.85,3619.25,3635.46,8234,7,0
2025-09-10 02:00:00,3635.46,3640.86,3633.4,3633.56,6250,7,0
2025-09-10 03:00:00,3633.56,3634.46,3621.5,3624.0,12556,7,0
2025-09-10 04:00:00,3624.0,3632.82,3620.34,3630.77,19316,7,0
2025-09-10 05:00:00,3630.77,3638.32,3630.16,3636.32,12035,7,0
2025-09-10 06:00:00,3636.32,3637.12,3633.17,3636.61,7135,7,0
2025-09-10 07:00:00,3636.61,3643.28,3636.55,3642.92,5169,7,0
2025-09-10 08:00:00,3642.92,3645.36,3639.91,3642.98,7105,7,0
2025-09-10 09:00:00,3642.98,3647.7,3640.84,3643.79,13118,7,0
2025-09-10 10:00:00,3643.8,3648.46,3641.23,3644.02,13215,7,0
2025-09-10 11:00:00,3644.02,3647.7,3642.04,3645.85,10985,7,0
2025-09-10 12:00:00,3645.85,3656.06,3644.96,3655.22,8167,7,0
2025-09-10 13:00:00,3655.22,3657.65,3651.61,3655.35,10631,7,0
2025-09-10 14:00:00,3655.35,3656.44,3648.55,3649.35,12455,7,0
2025-09-10 15:00:00,3649.35,3657.6,3640.43,3644.14,29142,7,0
2025-09-10 16:00:00,3644.14,3654.12,3642.27,3651.27,30089,7,0
2025-09-10 17:00:00,3651.27,3655.46,3643.97,3647.71,26808,7,0
2025-09-10 18:00:00,3647.71,3648.7,3638.67,3644.46,20535,7,0
2025-09-10 19:00:00,3644.46,3646.88,3639.93,3642.87,14704,7,0
2025-09-10 20:00:00,3642.87,3647.67,3641.7,3647.51,11692,7,0
2025-09-10 21:00:00,3647.51,3649.69,3644.62,3645.43,9892,7,0
2025-09-10 22:00:00,3645.43,3646.31,3635.23,3642.03,13381,7,0
2025-09-10 23:00:00,3642.03,3642.89,3638.12,3640.0,3983,7,0
2025-09-11 01:00:00,3642.42,3644.5,3637.96,3639.8,3676,7,0
2025-09-11 02:00:00,3639.8,3645.54,3638.6,3644.94,3491,7,0
2025-09-11 03:00:00,3644.94,3647.11,3642.66,3643.95,9359,7,0
2025-09-11 04:00:00,3643.95,3649.06,3639.83,3641.1,10528,7,0
2025-09-11 05:00:00,3641.1,3643.52,3634.4,3637.38,8905,7,0
2025-09-11 06:00:00,3637.35,3637.39,3629.82,3631.96,8294,7,0
2025-09-11 07:00:00,3631.96,3634.35,3630.2,3630.74,4620,7,0
2025-09-11 08:00:00,3630.74,3633.43,3623.43,3625.19,14912,7,0
2025-09-11 09:00:00,3625.19,3638.06,3622.88,3633.28,12918,7,0
2025-09-11 10:00:00,3633.28,3633.38,3623.91,3629.88,13503,7,0
2025-09-11 11:00:00,3629.88,3631.91,3625.49,3626.25,8631,7,0
2025-09-11 12:00:00,3626.25,3626.25,3614.23,3621.9,14393,7,0
2025-09-11 13:00:00,3621.9,3624.98,3619.77,3621.95,8574,7,0
2025-09-11 14:00:00,3621.95,3622.22,3615.44,3616.84,10854,7,0
2025-09-11 15:00:00,3616.84,3644.01,3612.53,3628.99,38193,7,0
2025-09-11 16:00:00,3628.99,3637.13,3618.39,3630.25,43888,7,0
2025-09-11 17:00:00,3630.25,3637.87,3626.15,3629.58,30186,7,0
2025-09-11 18:00:00,3629.58,3639.07,3629.58,3633.19,18413,7,0
2025-09-11 19:00:00,3633.19,3642.0,3633.15,3636.21,17863,7,0
2025-09-11 20:00:00,3636.21,3636.74,3631.89,3635.08,12956,7,0
2025-09-11 21:00:00,3635.08,3637.16,3630.42,3632.34,10801,7,0
2025-09-11 22:00:00,3632.34,3637.54,3632.21,3637.02,10942,7,0
2025-09-11 23:00:00,3637.02,3637.7,3633.21,3633.59,2715,7,0
2025-09-12 01:00:00,3634.05,3638.31,3633.18,3634.89,2092,7,0
2025-09-12 02:00:00,3634.89,3636.16,3631.58,3631.92,2644,7,0
2025-09-12 03:00:00,3631.92,3638.01,3630.56,3636.54,7587,7,0
2025-09-12 04:00:00,3636.54,3647.57,3636.54,3646.37,19023,7,0
2025-09-12 05:00:00,3646.37,3650.94,3644.93,3649.01,11749,7,0
2025-09-12 06:00:00,3649.01,3653.26,3646.61,3652.96,8729,7,0
2025-09-12 07:00:00,3652.96,3656.16,3651.53,3654.95,5472,7,0
2025-09-12 08:00:00,3654.95,3656.69,3652.04,3653.15,8414,7,0
2025-09-12 09:00:00,3653.15,3654.17,3648.32,3650.56,10145,7,0
2025-09-12 10:00:00,3650.56,3653.88,3647.86,3648.42,9772,7,0
2025-09-12 11:00:00,3648.42,3651.29,3639.71,3641.09,14946,7,0
2025-09-12 12:00:00,3641.09,3647.06,3637.7,3646.56,12216,7,0
2025-09-12 13:00:00,3646.56,3652.17,3646.31,3651.22,8231,7,0
2025-09-12 14:00:00,3651.22,3652.07,3646.85,3647.05,8875,7,0
2025-09-12 15:00:00,3647.05,3649.0,3638.31,3645.44,18828,7,0
2025-09-12 16:00:00,3645.44,3652.6,3643.3,3650.5,22506,7,0
2025-09-12 17:00:00,3650.52,3654.3,3647.42,3648.03,18196,7,0
2025-09-12 18:00:00,3648.03,3648.31,3641.85,3644.46,13547,7,0
2025-09-12 19:00:00,3644.46,3649.65,3642.55,3649.22,7645,7,0
2025-09-12 20:00:00,3649.23,3650.74,3647.53,3648.79,7314,7,0
2025-09-12 21:00:00,3648.79,3649.53,3647.04,3648.45,5910,7,0
2025-09-12 22:00:00,3648.45,3648.51,3643.66,3644.25,7243,7,0
2025-09-12 23:00:00,3644.25,3645.55,3641.34,3642.37,5615,7,0
2025-09-15 01:00:00,3644.22,3646.31,3639.9,3642.22,5022,7,0
2025-09-15 02:00:00,3642.22,3642.25,3636.91,3638.2,4154,7,0
2025-09-15 03:00:00,3638.2,3642.6,3632.09,3633.42,9552,7,0
2025-09-15 04:00:00,3633.42,3634.86,3626.51,3634.48,15790,7,0
2025-09-15 05:00:00,3634.48,3645.38,3634.37,3641.07,10084,7,0
2025-09-15 06:00:00,3641.07,3646.48,3640.15,3646.03,7524,7,0
2025-09-15 07:00:00,3646.03,3646.99,3643.63,3645.79,4038,7,0
2025-09-15 08:00:00,3645.79,3646.23,3642.37,3643.79,6097,7,0
2025-09-15 09:00:00,3643.79,3644.05,3636.66,3636.67,10567,7,0
2025-09-15 10:00:00,3636.67,3644.99,3633.72,3643.86,11421,7,0
2025-09-15 11:00:00,3643.86,3645.76,3640.92,3645.48,9506,7,0
2025-09-15 12:00:00,3645.48,3645.98,3635.73,3641.28,10305,7,0
2025-09-15 13:00:00,3641.28,3646.45,3639.18,3639.99,10554,7,0
2025-09-15 14:00:00,3639.99,3646.81,3639.1,3642.68,10377,7,0
2025-09-15 15:00:00,3642.68,3651.0,3636.94,3650.36,18146,7,0
2025-09-15 16:00:00,3650.36,3664.29,3646.94,3657.16,22414,7,0
2025-09-15 17:00:00,3657.16,3663.92,3653.99,3663.53,17631,7,0
2025-09-15 18:00:00,3663.53,3681.9,3663.0,3680.49,17816,7,0
2025-09-15 19:00:00,3680.49,3685.65,3674.83,3679.23,16354,7,0
2025-09-15 20:00:00,3679.23,3682.66,3678.65,3681.7,10266,7,0
2025-09-15 21:00:00,3681.7,3682.11,3675.86,3676.94,8368,7,0
2025-09-15 22:00:00,3676.94,3682.76,3676.7,3681.04,9800,7,0
2025-09-15 23:00:00,3681.02,3682.03,3678.75,3678.98,4500,7,0
2025-09-16 01:00:00,3681.96,3681.96,3676.47,3678.97,4078,7,0
2025-09-16 02:00:00,3678.97,3680.5,3676.25,3676.99,3580,7,0
2025-09-16 03:00:00,3676.99,3687.11,3676.37,3686.42,9956,7,0
2025-09-16 04:00:00,3686.42,3689.61,3677.13,3679.45,16101,7,0
2025-09-16 05:00:00,3679.45,3682.77,3674.63,3677.74,13391,7,0
2025-09-16 06:00:00,3677.74,3683.15,3677.05,3681.08,8320,7,0
2025-09-16 07:00:00,3681.08,3685.39,3680.21,3684.32,4863,7,0
2025-09-16 08:00:00,3684.32,3684.59,3680.32,3682.75,6703,7,0
2025-09-16 09:00:00,3682.75,3694.21,3681.72,3693.44,12462,7,0
2025-09-16 10:00:00,3693.44,3694.13,3686.33,3686.57,12130,7,0
2025-09-16 11:00:00,3686.57,3697.23,3686.28,3694.36,10293,7,0
2025-09-16 12:00:00,3694.36,3698.96,3693.04,3698.38,9163,7,0
2025-09-16 13:00:00,3698.38,3698.79,3692.86,3693.23,8655,7,0
2025-09-16 14:00:00,3693.23,3699.5,3690.55,3697.14,12899,7,0
2025-09-16 15:00:00,3697.14,3697.48,3686.53,3689.28,21541,7,0
2025-09-16 16:00:00,3689.28,3698.6,3685.2,3695.75,28553,7,0
2025-09-16 17:00:00,3695.75,3703.19,3685.74,3686.37,37189,7,0
2025-09-16 18:00:00,3686.42,3688.98,3678.91,3686.3,28680,7,0
2025-09-16 19:00:00,3686.3,3691.28,3684.71,3689.76,16831,7,0
2025-09-16 20:00:00,3689.76,3691.04,3686.35,3687.74,16307,7,0
2025-09-16 21:00:00,3687.74,3691.01,3686.48,3690.7,12077,7,0
2025-09-16 22:00:00,3690.7,3691.09,3687.78,3689.67,8920,7,0
2025-09-16 23:00:00,3689.67,3693.79,3689.5,3690.12,3208,7,0
2025-09-17 01:00:00,3690.79,3692.86,3688.88,3691.98,2346,7,0
2025-09-17 02:00:00,3691.98,3695.21,3691.81,3694.28,3804,7,0
2025-09-17 03:00:00,3694.28,3695.35,3691.17,3691.26,6051,7,0
2025-09-17 04:00:00,3691.26,3692.04,3676.1,3679.55,20611,7,0
2025-09-17 05:00:00,3679.55,3683.84,3674.24,3682.15,16860,7,0
2025-09-17 06:00:00,3682.15,3683.56,3679.88,3681.78,6432,7,0
2025-09-17 07:00:00,3681.78,3682.56,3680.43,3680.76,3249,7,0
2025-09-17 08:00:00,3680.76,3685.89,3675.86,3679.21,11810,7,0
2025-09-17 09:00:00,3679.21,3680.08,3670.47,3675.08,14442,7,0
2025-09-17 10:00:00,3675.08,3677.32,3666.62,3667.13,14433,7,0
2025-09-17 11:00:00,3667.13,3667.95,3662.69,3664.87,14074,7,0
2025-09-17 12:00:00,3664.87,3670.93,3663.93,3667.91,11248,7,0
2025-09-17 13:00:00,3667.91,3669.8,3660.42,3661.48,16485,7,0
2025-09-17 14:00:00,3661.48,3669.92,3660.04,3665.98,17267,7,0
2025-09-17 15:00:00,3665.98,3679.35,3665.69,3678.7,17771,7,0
2025-09-17 16:00:00,3678.7,3682.66,3672.87,3678.83,26954,7,0
2025-09-17 17:00:00,3678.83,3686.16,3676.84,3684.32,22477,7,0
2025-09-17 18:00:00,3684.32,3687.19,3682.86,3684.25,15386,7,0
2025-09-17 19:00:00,3684.25,3688.62,3684.09,3684.77,9844,7,0
2025-09-17 20:00:00,3684.77,3687.83,3678.68,3686.62,13578,7,0
2025-09-17 21:00:00,3686.62,3707.58,3646.1,3650.37,102615,7,0
2025-09-17 22:00:00,3650.39,3666.96,3646.14,3661.9,59004,7,0
2025-09-17 23:00:00,3661.9,3661.93,3656.36,3659.57,7548,7,0
2025-09-18 01:00:00,3659.07,3665.47,3653.83,3662.95,6672,7,0
2025-09-18 02:00:00,3662.95,3672.08,3662.2,3669.19,7022,7,0
2025-09-18 03:00:00,3669.19,3670.05,3658.18,3665.27,12764,7,0
2025-09-18 04:00:00,3665.27,3668.81,3651.88,3657.15,26382,7,0
2025-09-18 05:00:00,3657.15,3665.85,3655.49,3664.81,12060,7,0
2025-09-18 06:00:00,3664.81,3666.1,3657.77,3658.46,7033,7,0
2025-09-18 07:00:00,3658.46,3659.31,3653.5,3653.71,7061,7,0
2025-09-18 08:00:00,3653.71,3659.2,3649.55,3651.56,14502,7,0
2025-09-18 09:00:00,3651.54,3652.02,3633.88,3637.51,28690,7,0
2025-09-18 10:00:00,3637.51,3659.9,3635.57,3658.95,19287,7,0
2025-09-18 11:00:00,3658.95,3665.77,3653.74,3665.53,14005,7,0
2025-09-18 12:00:00,3665.53,3673.04,3664.58,3671.79,14906,7,0
2025-09-18 13:00:00,3671.79,3672.54,3665.63,3667.18,10467,7,0
2025-09-18 14:00:00,3667.18,3670.98,3664.45,3667.19,11066,7,0
2025-09-18 15:00:00,3667.19,3672.32,3663.02,3663.38,11935,7,0
2025-09-18 16:00:00,3663.34,3664.21,3628.08,3642.24,19062,7,0
2025-09-18 17:00:00,3642.24,3646.47,3634.47,3638.46,17256,7,0
2025-09-18 18:00:00,3638.46,3642.34,3636.91,3641.42,9819,7,0
2025-09-18 19:00:00,3641.42,3647.29,3640.89,3646.23,7582,7,0
2025-09-18 20:00:00,3646.23,3646.83,3643.39,3643.56,6765,7,0
2025-09-18 21:00:00,3643.56,3643.61,3640.52,3641.47,5355,7,0
2025-09-18 22:00:00,3641.46,3647.13,3640.73,3646.71,5993,7,0
2025-09-18 23:00:00,3646.71,3647.22,3643.83,3643.97,2017,7,0
2025-09-19 01:00:00,3641.27,3644.33,3639.44,3640.26,1861,7,0
2025-09-19 02:00:00,3640.26,3641.88,3637.8,3640.19,2672,7,0
2025-09-19 03:00:00,3640.19,3642.79,3636.27,3640.13,5481,7,0
2025-09-19 04:00:00,3640.13,3651.3,3632.34,3639.86,10976,7,0
2025-09-19 05:00:00,3639.86,3650.16,3638.96,3647.3,9176,7,0
2025-09-19 06:00:00,3647.3,3656.27,3645.33,3653.7,7520,7,0
2025-09-19 07:00:00,3653.68,3660.04,3653.68,3658.85,5958,7,0
2025-09-19 08:00:00,3658.84,3661.22,3651.57,3652.53,7289,7,0
2025-09-19 09:00:00,3652.53,3654.2,3643.34,3647.04,9573,7,0
2025-09-19 10:00:00,3647.08,3657.61,3644.51,3654.06,7924,7,0
2025-09-19 11:00:00,3653.99,3656.63,3649.64,3655.77,6942,7,0
2025-09-19 12:00:00,3655.77,3658.8,3655.26,3658.58,5014,7,0
2025-09-19 13:00:00,3658.58,3659.21,3655.15,3655.95,4065,7,0
2025-09-19 14:00:00,3655.95,3655.95,3645.75,3648.48,7641,7,0
2025-09-19 15:00:00,3648.48,3651.89,3644.57,3649.29,9003,7,0
2025-09-19 16:00:00,3649.29,3664.44,3643.67,3663.41,13837,7,0
2025-09-19 17:00:00,3663.41,3669.37,3656.4,3666.96,14489,7,0
2025-09-19 18:00:00,3666.96,3675.88,3665.33,3670.76,11805,7,0
2025-09-19 19:00:00,3670.73,3673.33,3666.43,3668.26,7318,7,0
2025-09-19 20:00:00,3668.26,3679.45,3668.06,3678.62,7510,7,0
2025-09-19 21:00:00,3678.62,3684.1,3678.16,3683.63,7398,7,0
2025-09-19 22:00:00,3683.63,3685.3,3681.36,3684.43,6735,7,0
2025-09-19 23:00:00,3684.38,3685.21,3680.82,3685.1,3094,7,0
2025-09-22 01:00:00,3685.21,3692.22,3683.77,3688.37,5758,7,0
2025-09-22 02:00:00,3688.37,3690.47,3685.82,3686.27,5557,7,0
2025-09-22 03:00:00,3686.25,3691.01,3685.75,3690.87,8400,7,0
2025-09-22 04:00:00,3690.87,3696.84,3686.76,3689.35,13872,7,0
2025-09-22 05:00:00,3689.29,3693.34,3685.63,3686.5,10718,7,0
2025-09-22 06:00:00,3686.48,3697.45,3686.08,3695.51,9695,7,0
2025-09-22 07:00:00,3695.51,3695.9,3690.16,3692.22,6862,7,0
2025-09-22 08:00:00,3692.24,3700.24,3691.98,3697.08,9469,7,0
2025-09-22 09:00:00,3697.09,3719.88,3695.59,3714.34,13722,7,0
2025-09-22 10:00:00,3714.43,3716.33,3708.68,3713.23,11856,7,0
2025-09-22 11:00:00,3713.14,3722.54,3712.48,3720.37,10373,7,0
2025-09-22 12:00:00,3720.35,3726.62,3719.33,3723.31,10032,7,0
2025-09-22 13:00:00,3723.31,3728.37,3721.11,3727.47,9750,7,0
2025-09-22 14:00:00,3727.48,3728.29,3721.31,3724.7,10239,7,0
2025-09-22 15:00:00,3724.69,3725.51,3712.22,3721.66,13872,7,0
2025-09-22 16:00:00,3721.69,3725.53,3713.78,3722.38,16868,7,0
2025-09-22 17:00:00,3722.39,3726.36,3716.93,3725.91,16168,7,0
2025-09-22 18:00:00,3725.92,3736.39,3723.59,3736.15,14148,7,0
2025-09-22 19:00:00,3736.14,3739.6,3735.29,3737.13,12273,7,0
2025-09-22 20:00:00,3737.15,3747.27,3737.15,3746.69,12071,7,0
2025-09-22 21:00:00,3746.69,3748.08,3744.68,3747.7,9444,7,0
2025-09-22 22:00:00,3747.7,3748.81,3742.47,3747.76,10560,7,0
2025-09-22 23:00:00,3747.74,3748.61,3745.58,3747.05,4939,7,0
2025-09-23 01:00:00,3745.41,3747.71,3738.28,3740.03,4286,7,0
2025-09-23 02:00:00,3740.06,3749.2,3739.08,3747.82,6524,7,0
2025-09-23 03:00:00,3747.92,3750.69,3744.94,3747.29,9188,7,0
2025-09-23 04:00:00,3747.31,3759.22,3745.77,3754.61,14388,7,0
2025-09-23 05:00:00,3754.62,3755.45,3736.78,3741.94,14424,7,0
2025-09-23 06:00:00,3741.89,3747.21,3739.13,3746.65,10139,7,0
2025-09-23 07:00:00,3746.65,3747.55,3743.24,3744.79,7052,7,0
2025-09-23 08:00:00,3744.68,3758.79,3743.33,3753.25,10610,7,0
2025-09-23 09:00:00,3753.26,3757.37,3751.4,3753.95,11988,7,0
2025-09-23 10:00:00,3753.93,3757.41,3749.05,3753.4,11931,7,0
2025-09-23 11:00:00,3753.42,3775.21,3753.14,3774.39,12400,7,0
2025-09-23 12:00:00,3774.37,3791.13,3774.27,3784.86,13962,7,0
2025-09-23 13:00:00,3784.85,3787.92,3780.9,3782.98,10424,7,0
2025-09-23 14:00:00,3782.99,3788.85,3779.8,3783.51,12115,7,0
2025-09-23 15:00:00,3783.56,3785.39,3777.58,3784.25,13589,7,0
2025-09-23 16:00:00,3784.29,3788.73,3774.25,3783.83,16820,7,0
2025-09-23 17:00:00,3783.86,3784.96,3767.77,3774.08,16823,7,0
2025-09-23 18:00:00,3774.11,3782.05,3772.89,3779.38,13013,7,0
2025-09-23 19:00:00,3779.39,3782.06,3765.18,3779.3,14369,7,0
2025-09-23 20:00:00,3779.3,3785.73,3775.85,3777.45,13553,7,0
2025-09-23 21:00:00,3777.46,3781.49,3756.24,3756.76,12043,7,0
2025-09-23 22:00:00,3756.73,3768.18,3752.07,3764.38,15348,7,0
2025-09-23 23:00:00,3764.4,3767.48,3762.56,3763.96,6090,7,0
2025-09-24 01:00:00,3767.86,3768.78,3761.72,3765.5,3983,7,0
2025-09-24 02:00:00,3765.46,3770.18,3761.98,3763.84,6685,7,0
2025-09-24 03:00:00,3763.8,3765.57,3758.94,3765.2,9404,7,0
2025-09-24 04:00:00,3765.4,3771.78,3755.1,3756.59,13667,7,0
2025-09-24 05:00:00,3756.59,3759.36,3750.65,3757.07,11036,7,0
2025-09-24 06:00:00,3757.05,3766.54,3752.36,3765.44,10241,7,0
2025-09-24 07:00:00,3765.46,3768.32,3763.25,3768.25,7030,7,0
2025-09-24 08:00:00,3768.25,3776.99,3768.02,3774.9,10147,7,0
2025-09-24 09:00:00,3774.92,3776.14,3769.26,3771.19,10327,7,0
2025-09-24 10:00:00,3771.25,3779.28,3770.67,3777.43,9590,7,0
2025-09-24 11:00:00,3777.46,3777.8,3767.08,3770.13,9021,7,0
2025-09-24 12:00:00,3770.1,3771.77,3763.25,3768.5,8565,7,0
2025-09-24 13:00:00,3768.51,3768.73,3759.92,3762.14,8630,7,0
2025-09-24 14:00:00,3762.18,3769.6,3759.72,3769.01,9490,7,0
2025-09-24 15:00:00,3769.08,3771.47,3764.07,3768.07,13184,7,0
2025-09-24 16:00:00,3768.06,3772.96,3759.14,3761.23,15384,7,0
2025-09-24 17:00:00,3761.22,3765.13,3749.65,3752.71,16773,7,0
2025-09-24 18:00:00,3752.71,3756.64,3739.8,3741.16,14287,7,0
2025-09-24 19:00:00,3741.13,3745.32,3732.29,3735.8,13825,7,0
2025-09-24 20:00:00,3735.78,3738.83,3732.41,3733.21,10273,7,0
2025-09-24 21:00:00,3733.22,3733.97,3722.87,3724.09,11330,7,0
2025-09-24 22:00:00,3724.21,3731.82,3717.58,3730.12,12458,7,0
2025-09-24 23:00:00,3730.12,3737.53,3730.04,3736.46,5384,7,0
2025-09-25 01:00:00,3727.06,3745.27,3727.06,3741.11,5523,7,0
2025-09-25 02:00:00,3741.11,3745.36,3739.12,3743.04,5287,7,0
2025-09-25 03:00:00,3743.05,3751.53,3741.48,3749.05,9923,7,0
2025-09-25 04:00:00,3749.04,3750.59,3733.03,3736.02,13140,7,0
2025-09-25 05:00:00,3736.06,3742.47,3729.66,3739.57,10940,7,0
2025-09-25 06:00:00,3739.58,3739.7,3734.48,3736.63,8042,7,0
2025-09-25 07:00:00,3736.65,3740.79,3731.91,3738.16,6530,7,0
2025-09-25 08:00:00,3738.2,3741.33,3734.15,3738.7,8288,7,0
2025-09-25 09:00:00,3738.66,3748.24,3737.83,3741.06,10443,7,0
2025-09-25 10:00:00,3741.03,3755.02,3740.03,3752.29,11365,7,0
2025-09-25 11:00:00,3752.3,3761.56,3751.23,3756.45,12599,7,0
2025-09-25 12:00:00,3756.45,3761.17,3750.36,3757.02,10911,7,0
2025-09-25 13:00:00,3757.04,3760.89,3755.66,3757.15,9399,7,0
2025-09-25 14:00:00,3757.16,3757.6,3741.2,3753.09,12552,7,0
2025-09-25 15:00:00,3752.95,3755.88,3730.66,3738.79,15594,7,0
2025-09-25 16:00:00,3738.81,3745.56,3722.15,3733.73,18181,7,0
2025-09-25 17:00:00,3733.74,3736.46,3723.71,3731.53,17195,7,0
2025-09-25 18:00:00,3731.52,3738.83,3728.13,3735.93,14313,7,0
2025-09-25 19:00:00,3735.9,3742.75,3732.74,3733.74,12278,7,0
2025-09-25 20:00:00,3733.74,3744.28,3732.41,3741.79,12077,7,0
2025-09-25 21:00:00,3741.82,3758.3,3736.69,3755.28,13707,7,0
2025-09-25 22:00:00,3755.26,3756.75,3744.7,3746.66,12314,7,0
2025-09-25 23:00:00,3746.66,3752.53,3746.16,3749.58,5608,7,0
2025-09-26 01:00:00,3748.45,3751.62,3746.44,3748.85,4174,7,0
2025-09-26 02:00:00,3748.86,3749.94,3738.05,3744.72,7344,7,0
2025-09-26 03:00:00,3744.8,3749.62,3740.25,3749.59,9834,7,0
2025-09-26 04:00:00,3749.61,3753.33,3737.81,3739.12,13417,7,0
2025-09-26 05:00:00,3739.08,3742.88,3737.74,3738.48,9519,7,0
2025-09-26 06:00:00,3738.46,3746.07,3734.58,3745.57,8491,7,0
2025-09-26 07:00:00,3745.62,3747.76,3744.73,3747.72,6145,7,0
2025-09-26 08:00:00,3747.72,3749.64,3741.86,3742.02,7241,7,0
2025-09-26 09:00:00,3742.02,3754.09,3741.5,3743.6,12786,7,0
2025-09-26 10:00:00,3743.52,3749.6,3739.25,3748.04,10988,7,0
2025-09-26 11:00:00,3748.03,3755.18,3747.12,3752.97,9362,7,0
2025-09-26 12:00:00,3752.96,3754.49,3747.26,3751.54,8536,7,0
2025-09-26 13:00:00,3751.53,3755.02,3743.02,3744.66,10900,7,0
2025-09-26 14:00:00,3744.67,3752.93,3744.48,3748.64,11549,7,0
2025-09-26 15:00:00,3748.62,3757.42,3746.74,3752.11,16228,7,0
2025-09-26 16:00:00,3752.09,3766.29,3751.32,3761.88,21736,7,0
2025-09-26 17:00:00,3761.93,3783.79,3761.76,3778.92,21842,7,0
2025-09-26 18:00:00,3778.92,3781.0,3773.15,3780.46,17464,7,0
2025-09-26 19:00:00,3780.46,3781.22,3771.49,3774.24,15974,7,0
2025-09-26 20:00:00,3774.24,3783.15,3774.16,3782.95,13163,7,0
2025-09-26 21:00:00,3782.97,3783.21,3774.72,3778.61,11795,7,0
2025-09-26 22:00:00,3778.61,3778.61,3764.71,3766.84,14312,7,0
2025-09-26 23:00:00,3766.84,3769.53,3760.16,3760.75,8376,7,0
2025-09-29 01:00:00,3759.61,3771.03,3756.76,3770.51,7559,7,0
2025-09-29 02:00:00,3770.49,3772.5,3766.48,3766.97,6953,7,0
2025-09-29 03:00:00,3766.98,3787.53,3764.02,3787.11,12403,7,0
2025-09-29 04:00:00,3787.12,3788.81,3767.9,3778.71,19316,7,0
2025-09-29 05:00:00,3778.64,3798.71,3777.69,3792.89,15792,7,0
2025-09-29 06:00:00,3792.91,3799.41,3792.28,3794.43,13546,7,0
2025-09-29 07:00:00,3794.42,3809.0,3792.56,3805.17,12032,7,0
2025-09-29 08:00:00,3805.18,3814.56,3801.32,3813.64,14659,7,0
2025-09-29 09:00:00,3813.65,3819.81,3811.01,3817.48,15911,7,0
2025-09-29 10:00:00,3817.45,3819.38,3805.12,3806.29,14699,7,0
2025-09-29 11:00:00,3806.33,3819.52,3806.33,3818.83,12792,7,0
2025-09-29 12:00:00,3818.8,3819.72,3806.98,3807.62,11374,7,0
2025-09-29 13:00:00,3807.56,3818.57,3806.52,3817.92,12074,7,0
2025-09-29 14:00:00,3817.92,3831.43,3816.5,3829.01,13156,7,0
2025-09-29 15:00:00,3829.0,3830.49,3811.79,3813.65,17370,7,0
2025-09-29 16:00:00,3813.68,3828.1,3809.33,3821.39,19231,7,0
2025-09-29 17:00:00,3821.4,3830.59,3816.76,3828.21,18587,7,0
2025-09-29 18:00:00,3828.24,3833.24,3821.21,3830.39,15791,7,0
2025-09-29 19:00:00,3830.42,3833.57,3828.26,3830.36,11932,7,0
2025-09-29 20:00:00,3830.39,3832.88,3824.15,3828.94,12942,7,0
2025-09-29 21:00:00,3828.93,3830.66,3823.41,3824.54,11078,7,0
2025-09-29 22:00:00,3824.53,3829.78,3822.65,3828.8,12037,7,0
2025-09-29 23:00:00,3828.77,3834.04,3827.75,3833.97,6397,7,0
2025-09-30 01:00:00,3833.51,3833.54,3825.68,3830.73,4324,7,0
2025-09-30 02:00:00,3830.77,3833.41,3828.13,3832.91,4951,7,0
2025-09-30 03:00:00,3832.89,3840.7,3831.18,3839.1,11738,7,0
2025-09-30 04:00:00,3839.09,3850.87,3838.06,3848.07,14925,7,0
2025-09-30 05:00:00,3848.08,3852.01,3842.64,3848.05,13199,7,0
2025-09-30 06:00:00,3848.01,3867.25,3845.9,3864.75,12964,7,0
2025-09-30 07:00:00,3864.73,3867.09,3862.06,3867.09,8882,7,0
2025-09-30 08:00:00,3867.09,3870.39,3862.69,3869.75,12322,7,0
2025-09-30 09:00:00,3869.73,3871.7,3854.84,3855.88,14677,7,0
2025-09-30 10:00:00,3855.87,3859.41,3839.59,3843.77,15541,7,0
2025-09-30 11:00:00,3843.78,3847.18,3807.73,3816.36,18914,7,0
2025-09-30 12:00:00,3816.35,3821.49,3793.21,3798.8,17399,7,0
2025-09-30 13:00:00,3798.79,3814.64,3798.2,3812.18,13804,7,0
2025-09-30 14:00:00,3812.18,3817.78,3804.52,3815.35,13204,7,0
2025-09-30 15:00:00,3815.35,3821.68,3809.03,3819.36,15139,7,0
2025-09-30 16:00:00,3819.35,3829.95,3811.71,3824.27,17500,7,0
2025-09-30 17:00:00,3824.18,3854.46,3820.48,3854.13,19478,7,0
2025-09-30 18:00:00,3854.1,3854.2,3831.34,3839.1,18342,7,0
2025-09-30 19:00:00,3839.14,3847.99,3838.01,3845.98,13619,7,0
2025-09-30 20:00:00,3846.0,3849.33,3842.73,3844.07,11745,7,0
2025-09-30 21:00:00,3844.04,3849.06,3839.81,3848.01,10890,7,0
2025-09-30 22:00:00,3848.02,3860.81,3847.16,3859.07,11810,7,0
2025-09-30 23:00:00,3859.07,3860.12,3850.74,3858.96,8423,7,0
2025-10-01 01:00:00,3861.1,3861.43,3854.72,3860.06,6534,7,0
2025-10-01 02:00:00,3860.08,3863.07,3860.08,3862.89,5059,7,0
2025-10-01 03:00:00,3863.05,3865.36,3858.74,3860.96,9336,7,0
2025-10-01 04:00:00,3860.96,3868.98,3859.2,3868.95,10134,7,0
2025-10-01 05:00:00,3868.97,3875.48,3858.37,3863.46,13336,7,0
2025-10-01 06:00:00,3863.44,3866.48,3855.66,3862.06,11391,7,0
2025-10-01 07:00:00,3862.06,3865.03,3857.55,3864.92,8988,7,0
2025-10-01 08:00:00,3864.92,3869.93,3862.19,3863.47,10022,7,0
2025-10-01 09:00:00,3863.46,3864.89,3853.47,3859.19,12700,7,0
2025-10-01 10:00:00,3859.2,3879.65,3859.01,3879.22,14606,7,0
2025-10-01 11:00:00,3879.22,3895.32,3879.08,3892.97,14752,7,0
2025-10-01 12:00:00,3893.02,3895.12,3883.8,3889.02,12586,7,0
2025-10-01 13:00:00,3889.06,3889.64,3885.25,3887.57,10832,7,0
2025-10-01 14:00:00,3887.57,3888.54,3878.13,3883.67,11125,7,0
2025-10-01 15:00:00,3883.66,3891.15,3864.6,3870.39,18522,7,0
2025-10-01 16:00:00,3870.39,3877.01,3863.79,3873.03,18302,7,0
2025-10-01 17:00:00,3873.0,3878.69,3856.46,3873.08,19469,7,0
2025-10-01 18:00:00,3873.08,3876.87,3858.09,3868.6,18498,7,0
2025-10-01 19:00:00,3868.55,3871.61,3860.82,3870.9,13531,7,0
2025-10-01 20:00:00,3870.91,3871.94,3860.66,3860.88,12056,7,0
2025-10-01 21:00:00,3860.87,3866.36,3855.08,3862.18,14097,7,0
2025-10-01 22:00:00,3862.2,3871.0,3861.4,3867.85,12084,7,0
2025-10-01 23:00:00,3867.86,3867.9,3860.38,3864.59,7145,7,0
2025-10-02 01:00:00,3869.24,3870.5,3858.69,3862.1,5282,7,0
2025-10-02 02:00:00,3862.16,3866.62,3857.7,3863.46,7402,7,0
2025-10-02 03:00:00,3863.44,3863.78,3856.11,3856.16,10484,7,0
2025-10-02 04:00:00,3856.16,3865.22,3852.99,3865.07,10881,7,0
2025-10-02 05:00:00,3865.04,3870.05,3861.62,3866.2,9368,7,0
2025-10-02 06:00:00,3866.16,3869.44,3864.05,3866.57,7395,7,0
2025-10-02 07:00:00,3866.6,3867.68,3861.91,3864.29,5466,7,0
2025-10-02 08:00:00,3864.29,3871.31,3864.29,3867.91,7825,7,0
2025-10-02 09:00:00,3867.89,3874.29,3862.04,3864.15,10527,7,0
2025-10-02 10:00:00,3864.21,3874.79,3861.84,3868.63,13482,7,0
2025-10-02 11:00:00,3868.63,3878.7,3864.7,3874.56,10753,7,0
2025-10-02 12:00:00,3874.56,3879.81,3873.35,3879.15,10183,7,0
2025-10-02 13:00:00,3879.15,3883.87,3875.87,3881.89,9420,7,0
2025-10-02 14:00:00,3881.83,3886.72,3879.83,3886.36,10269,7,0
2025-10-02 15:00:00,3886.34,3892.08,3880.2,3884.41,15261,7,0
2025-10-02 16:00:00,3884.44,3896.81,3873.61,3875.22,18421,7,0
2025-10-02 17:00:00,3875.2,3876.77,3825.43,3839.97,22370,7,0
2025-10-02 18:00:00,3839.92,3844.8,3819.48,3828.3,20939,7,0
2025-10-02 19:00:00,3828.33,3845.31,3827.31,3844.94,16941,7,0
2025-10-02 20:00:00,3844.93,3847.79,3840.69,3844.34,13210,7,0
2025-10-02 21:00:00,3844.36,3851.51,3843.54,3850.93,9809,7,0
2025-10-02 22:00:00,3850.95,3859.1,3850.72,3855.63,11550,7,0
2025-10-02 23:00:00,3855.6,3859.32,3853.61,3855.37,5179,7,0
2025-10-03 01:00:00,3856.48,3858.73,3852.17,3857.19,4443,7,0
2025-10-03 02:00:00,3857.19,3863.74,3856.89,3862.5,5517,7,0
2025-10-03 03:00:00,3862.27,3862.63,3856.47,3856.98,8804,7,0
2025-10-03 04:00:00,3856.98,3862.66,3847.43,3858.57,12726,7,0
2025-10-03 05:00:00,3858.56,3859.13,3847.7,3848.19,9408,7,0
2025-10-03 06:00:00,3848.2,3851.0,3838.06,3842.76,11322,7,0
2025-10-03 07:00:00,3842.73,3848.29,3841.66,3844.06,7881,7,0
2025-10-03 08:00:00,3844.06,3859.2,3843.96,3855.14,10130,7,0
2025-10-03 09:00:00,3855.14,3861.0,3851.03,3859.22,9639,7,0
2025-10-03 10:00:00,3859.24,3865.26,3857.08,3864.27,9816,7,0
2025-10-03 11:00:00,3864.27,3865.69,3860.2,3864.84,8791,7,0
2025-10-03 12:00:00,3864.83,3864.91,3857.05,3864.34,8680,7,0
2025-10-03 13:00:00,3864.35,3867.7,3862.16,3865.76,9907,7,0
2025-10-03 14:00:00,3865.77,3867.16,3854.88,3862.14,12551,7,0
2025-10-03 15:00:00,3862.12,3875.01,3860.65,3873.91,13862,7,0
2025-10-03 16:00:00,3873.9,3890.62,3870.16,3882.75,18863,7,0
2025-10-03 17:00:00,3882.83,3885.82,3866.37,3879.72,20948,7,0
2025-10-03 18:00:00,3879.7,3891.67,3873.9,3889.44,16906,7,0
2025-10-03 19:00:00,3889.52,3889.8,3880.64,3883.96,14787,7,0
2025-10-03 20:00:00,3883.8,3886.03,3876.97,3881.89,15410,7,0
2025-10-03 21:00:00,3881.88,3889.28,3880.11,3886.15,13158,7,0
2025-10-03 22:00:00,3886.12,3889.19,3883.58,3885.77,12063,7,0
2025-10-03 23:00:00,3885.67,3887.2,3882.98,3886.75,6260,7,0
2025-10-06 01:00:00,3888.65,3902.48,3884.17,3899.3,10333,7,0
2025-10-06 02:00:00,3899.53,3920.55,3898.21,3909.62,14674,7,0
2025-10-06 03:00:00,3909.7,3910.04,3899.11,3900.54,17237,7,0
2025-10-06 04:00:00,3900.51,3918.36,3899.82,3918.04,14395,7,0
2025-10-06 05:00:00,3918.01,3924.65,3917.61,3921.07,12844,7,0
2025-10-06 06:00:00,3921.07,3931.99,3920.01,3929.57,13422,7,0
2025-10-06 07:00:00,3929.57,3940.33,3928.84,3938.72,13764,7,0
2025-10-06 08:00:00,3938.8,3945.14,3927.41,3932.6,15130,7,0
2025-10-06 09:00:00,3932.62,3934.83,3922.51,3934.37,15502,7,0
2025-10-06 10:00:00,3934.31,3943.93,3929.36,3941.56,17269,7,0
2025-10-06 11:00:00,3941.65,3949.56,3935.45,3942.55,16781,7,0
2025-10-06 12:00:00,3942.55,3944.91,3936.69,3942.4,12231,7,0
2025-10-06 13:00:00,3942.36,3946.68,3932.67,3942.24,12984,7,0
2025-10-06 14:00:00,3942.25,3942.83,3931.23,3938.39,15844,7,0
2025-10-06 15:00:00,3938.27,3941.28,3926.59,3934.12,19594,7,0
2025-10-06 16:00:00,3934.19,3947.1,3927.29,3944.75,20105,7,0
2025-10-06 17:00:00,3944.69,3958.8,3940.41,3955.11,20968,7,0
2025-10-06 18:00:00,3955.07,3964.08,3948.28,3962.54,18780,7,0
2025-10-06 19:00:00,3962.53,3970.1,3945.94,3954.1,18547,7,0
2025-10-06 20:00:00,3954.11,3959.05,3951.28,3957.91,15427,7,0
2025-10-06 21:00:00,3957.91,3960.66,3955.94,3958.33,12253,7,0
2025-10-06 22:00:00,3958.39,3965.0,3958.26,3959.48,12151,7,0
2025-10-06 23:00:00,3959.42,3962.48,3957.45,3961.15,6177,7,0
2025-10-07 01:00:00,3959.79,3976.22,3958.47,3963.41,12244,7,0
2025-10-07 02:00:00,3963.47,3972.7,3961.74,3969.56,10494,7,0
2025-10-07 03:00:00,3969.49,3977.44,3961.56,3962.76,16045,7,0
2025-10-07 04:00:00,3962.78,3963.81,3955.98,3958.2,14608,7,0
2025-10-07 05:00:00,3958.2,3967.02,3957.46,3964.93,10436,7,0
2025-10-07 06:00:00,3964.96,3974.71,3960.96,3973.32,12300,7,0
2025-10-07 07:00:00,3973.36,3977.01,3971.54,3976.08,10388,7,0
2025-10-07 08:00:00,3975.93,3976.86,3960.29,3964.83,14812,7,0
2025-10-07 09:00:00,3964.84,3966.31,3953.94,3955.12,14421,7,0
2025-10-07 10:00:00,3955.13,3956.23,3943.49,3946.03,19915,7,0
2025-10-07 11:00:00,3945.98,3953.92,3940.93,3951.36,15569,7,0
2025-10-07 12:00:00,3951.32,3963.52,3951.15,3955.23,13688,7,0
2025-10-07 13:00:00,3955.25,3962.78,3954.13,3960.11,11322,7,0
2025-10-07 14:00:00,3960.11,3969.07,3956.38,3967.05,12242,7,0
2025-10-07 15:00:00,3966.95,3980.04,3964.41,3979.5,17290,7,0
2025-10-07 16:00:00,3979.5,3985.65,3970.48,3979.28,21066,7,0
2025-10-07 17:00:00,3979.31,3986.72,3969.08,3985.6,22057,7,0
2025-10-07 18:00:00,3985.62,3991.05,3961.85,3966.12,23046,7,0
2025-10-07 19:00:00,3966.12,3979.61,3963.15,3976.68,20951,7,0
2025-10-07 20:00:00,3976.68,3987.74,3976.5,3980.9,17603,7,0
2025-10-07 21:00:00,3980.9,3983.91,3974.31,3981.12,16836,7,0
2025-10-07 22:00:00,3981.11,3983.38,3978.64,3980.24,14125,7,0
2025-10-07 23:00:00,3980.23,3986.54,3980.18,3984.5,6403,7,0
2025-10-08 01:00:00,3985.19,3990.69,3983.26,3989.61,6147,7,0
2025-10-08 02:00:00,3989.62,3996.01,3988.4,3994.39,8189,7,0
2025-10-08 03:00:00,3994.36,3999.33,3989.55,3992.47,13467,7,0
2025-10-08 04:00:00,3992.41,4000.79,3984.54,4000.79,16166,7,0
2025-10-08 05:00:00,4000.69,4011.74,3995.69,4011.69,13785,7,0
2025-10-08 06:00:00,4011.6,4016.54,4008.93,4014.73,12308,7,0
2025-10-08 07:00:00,4014.77,4027.23,4014.73,4026.79,13111,7,0
2025-10-08 08:00:00,4026.62,4037.11,4024.64,4029.2,14714,7,0
2025-10-08 09:00:00,4029.19,4033.12,4021.44,4031.63,15886,7,0
2025-10-08 10:00:00,4031.63,4039.08,4030.15,4034.31,15541,7,0
2025-10-08 11:00:00,4034.29,4040.49,4033.27,4036.38,13223,7,0
2025-10-08 12:00:00,4036.38,4049.6,4030.82,4049.36,13589,7,0
2025-10-08 13:00:00,4049.35,4049.58,4033.59,4037.14,14486,7,0
2025-10-08 14:00:00,4037.13,4038.16,4032.11,4038.11,13655,7,0
2025-10-08 15:00:00,4038.05,4046.46,4031.16,4040.04,17994,7,0
2025-10-08 16:00:00,4040.05,4049.48,4026.42,4038.39,21266,7,0
2025-10-08 17:00:00,4038.19,4049.18,4035.68,4048.17,20232,7,0
2025-10-08 18:00:00,4048.19,4050.62,4037.25,4045.72,19315,7,0
2025-10-08 19:00:00,4045.69,4059.23,4044.39,4056.63,17708,7,0
2025-10-08 20:00:00,4056.59,4058.01,4043.07,4051.22,16500,7,0
2025-10-08 21:00:00,4051.25,4053.31,4038.66,4049.98,17421,7,0
2025-10-08 22:00:00,4049.98,4054.66,4032.07,4045.21,19854,7,0
2025-10-08 23:00:00,4045.07,4046.65,4038.73,4041.62,8950,7,0
2025-10-09 01:00:00,4042.93,4044.71,4015.6,4021.35,10652,7,0
2025-10-09 02:00:00,4021.36,4022.0,4001.42,4011.8,15858,7,0
2025-10-09 03:00:00,4011.79,4028.14,4008.86,4023.08,17077,7,0
2025-10-09 04:00:00,4023.01,4036.41,4008.35,4019.82,22376,7,0
2025-10-09 05:00:00,4019.8,4021.34,4002.66,4018.68,18247,7,0
2025-10-09 06:00:00,4018.68,4029.53,4017.28,4026.8,13612,7,0
2025-10-09 07:00:00,4026.82,4041.12,4026.8,4039.01,11363,7,0
2025-10-09 08:00:00,4038.97,4043.74,4034.42,4039.76,14502,7,0
2025-10-09 09:00:00,4039.79,4041.02,4022.79,4026.04,17617,7,0
2025-10-09 10:00:00,4026.12,4032.82,4024.87,4031.55,16378,7,0
2025-10-09 11:00:00,4031.55,4040.38,4030.25,4038.2,12932,7,0
2025-10-09 12:00:00,4038.21,4042.09,4034.28,4037.52,12715,7,0
2025-10-09 13:00:00,4037.53,4044.29,4036.39,4044.27,9855,7,0
2025-10-09 14:00:00,4044.28,4046.69,4033.6,4044.46,14145,7,0
2025-10-09 15:00:00,4044.48,4053.73,4037.49,4053.46,17179,7,0
2025-10-09 16:00:00,4053.48,4057.96,4017.26,4017.26,24653,7,0
2025-10-09 17:00:00,4017.37,4029.19,4004.15,4024.25,26171,7,0
2025-10-09 18:00:00,4024.17,4028.69,4006.54,4014.66,23919,7,0
2025-10-09 19:00:00,4014.63,4021.69,3963.98,3968.37,23627,7,0
2025-10-09 20:00:00,3968.56,3974.28,3944.91,3950.26,24633,7,0
2025-10-09 21:00:00,3950.2,3968.76,3949.59,3957.3,20106,7,0
2025-10-09 22:00:00,3957.32,3982.1,3955.27,3973.17,19088,7,0
2025-10-09 23:00:00,3973.12,3979.03,3973.12,3976.19,9245,7,0
2025-10-10 01:00:00,3962.81,3981.4,3958.69,3975.33,8077,7,0
2025-10-10 02:00:00,3975.36,3990.93,3974.49,3989.85,9968,7,0
2025-10-10 03:00:00,3989.76,3994.47,3985.58,3991.0,12997,7,0
2025-10-10 04:00:00,3991.01,3992.48,3969.98,3973.28,18894,7,0
2025-10-10 05:00:00,3973.31,3986.79,3973.31,3978.59,14418,7,0
2025-10-10 06:00:00,3978.56,3979.32,3960.95,3961.99,15543,7,0
2025-10-10 07:00:00,3961.97,3966.81,3947.12,3966.36,14887,7,0
2025-10-10 08:00:00,3966.31,3977.79,3965.67,3974.82,16825,7,0
2025-10-10 09:00:00,3974.83,3976.14,3962.71,3968.36,17140,7,0
2025-10-10 10:00:00,3968.37,3976.24,3952.55,3972.09,18233,7,0
2025-10-10 11:00:00,3972.11,3994.67,3970.27,3992.06,16778,7,0
2025-10-10 12:00:00,3992.13,4006.76,3990.37,3995.76,17793,7,0
2025-10-10 13:00:00,3995.77,4000.13,3990.86,3993.84,15402,7,0
2025-10-10 14:00:00,3993.77,3999.83,3983.73,3987.14,15849,7,0
2025-10-10 15:00:00,3987.17,3993.5,3980.23,3985.66,18186,7,0
2025-10-10 16:00:00,3985.63,3998.1,3975.58,3980.48,22730,7,0
2025-10-10 17:00:00,3980.63,3994.16,3970.75,3990.14,22755,7,0
2025-10-10 18:00:00,3990.12,4022.84,3988.09,3998.05,25689,7,0
2025-10-10 19:00:00,3998.01,3998.85,3977.59,3983.45,23544,7,0
2025-10-10 20:00:00,3983.45,3992.06,3975.16,3989.84,21055,7,0
2025-10-10 21:00:00,3989.92,4009.16,3984.25,3999.08,19433,7,0
2025-10-10 22:00:00,3999.1,4021.48,3996.03,4011.36,19684,7,0
2025-10-10 23:00:00,4011.25,4020.61,4005.74,4012.06,12334,7,0
2025-10-13 01:00:00,4001.29,4045.24,3995.51,4042.42,13755,7,0
2025-10-13 02:00:00,4042.33,4059.99,4032.21,4035.12,16503,7,0
2025-10-13 03:00:00,4035.17,4059.63,4024.59,4044.01,19450,7,0
2025-10-13 04:00:00,4043.9,4054.97,4035.77,4053.13,18819,7,0
2025-10-13 05:00:00,4053.07,4055.88,4041.71,4048.03,14773,7,0
2025-10-13 06:00:00,4048.1,4056.35,4046.37,4052.0,13019,7,0
2025-10-13 07:00:00,4052.04,4059.42,4051.13,4056.31,10066,7,0
2025-10-13 08:00:00,4056.3,4078.18,4055.25,4063.59,16639,7,0
2025-10-13 09:00:00,4063.68,4073.64,4059.61,4069.53,16580,7,0
2025-10-13 10:00:00,4069.44,4077.49,4066.73,4071.17,14652,7,0
2025-10-13 11:00:00,4071.15,4079.18,4069.12,4077.89,14409,7,0
2025-10-13 12:00:00,4077.82,4079.81,4070.4,4077.38,12637,7,0
2025-10-13 13:00:00,4077.38,4084.99,4071.36,4081.04,12853,7,0
2025-10-13 14:00:00,4080.99,4084.67,4073.7,4073.99,13438,7,0
2025-10-13 15:00:00,4074.02,4086.04,4073.3,4079.63,16299,7,0
2025-10-13 16:00:00,4079.65,4095.73,4078.25,4094.11,19368,7,0
2025-10-13 17:00:00,4094.1,4103.84,4090.73,4097.5,19410,7,0
2025-10-13 18:00:00,4097.42,4107.37,4091.79,4104.95,17273,7,0
2025-10-13 19:00:00,4104.94,4117.01,4103.92,4105.74,17875,7,0
2025-10-13 20:00:00,4105.71,4115.41,4100.26,4103.73,17062,7,0
2025-10-13 21:00:00,4103.75,4107.6,4099.37,4101.69,14572,7,0
2025-10-13 22:00:00,4101.69,4110.96,4090.78,4108.61,15495,7,0
2025-10-13 23:00:00,4108.69,4112.74,4106.09,4111.42,6723,7,0
2025-10-14 01:00:00,4111.11,4115.79,4106.71,4114.96,7323,7,0
2025-10-14 02:00:00,4114.78,4132.01,4112.91,4127.97,12373,7,0
2025-10-14 03:00:00,4127.91,4130.19,4119.74,4124.58,15367,7,0
2025-10-14 04:00:00,4124.54,4149.85,4123.42,4137.16,20915,7,0
2025-10-14 05:00:00,4137.19,4149.86,4136.95,4146.02,16270,7,0
2025-10-14 06:00:00,4146.03,4166.37,4145.26,4163.33,17217,7,0
2025-10-14 07:00:00,4163.35,4169.96,4156.06,4168.1,14846,7,0
2025-10-14 08:00:00,4168.18,4179.67,4111.18,4121.25,20856,7,0
2025-10-14 09:00:00,4121.19,4134.08,4090.55,4112.38,23578,7,0
2025-10-14 10:00:00,4112.3,4127.92,4102.6,4126.53,19401,7,0
2025-10-14 11:00:00,4126.5,4145.1,4124.72,4144.02,17890,7,0
2025-10-14 12:00:00,4144.0,4144.27,4121.98,4127.47,17327,7,0
2025-10-14 13:00:00,4127.47,4144.32,4125.09,4131.89,16592,7,0
2025-10-14 14:00:00,4131.85,4137.89,4125.83,4130.52,15249,7,0
2025-10-14 15:00:00,4130.52,4134.49,4103.55,4106.57,19247,7,0
2025-10-14 16:00:00,4106.64,4129.56,4097.81,4124.16,22857,7,0
2025-10-14 17:00:00,4124.08,4137.54,4121.39,4129.22,21265,7,0
2025-10-14 18:00:00,4129.23,4142.65,4126.25,4138.13,19672,7,0
2025-10-14 19:00:00,4138.08,4155.25,4127.98,4140.46,20030,7,0
2025-10-14 20:00:00,4140.4,4153.0,4137.33,4148.25,18450,7,0
2025-10-14 21:00:00,4148.15,4152.56,4143.11,4148.27,15564,7,0
2025-10-14 22:00:00,4148.32,4150.64,4134.48,4141.68,16490,7,0
2025-10-14 23:00:00,4141.65,4146.11,4139.38,4143.71,8230,7,0
2025-10-15 01:00:00,4143.55,4163.68,4140.68,4158.42,9541,7,0
2025-10-15 02:00:00,4158.42,4167.16,4157.2,4161.58,9469,7,0
2025-10-15 03:00:00,4161.52,4169.67,4153.87,4162.5,14072,7,0
2025-10-15 04:00:00,4162.52,4186.72,4162.13,4181.74,19094,7,0
2025-10-15 05:00:00,4181.69,4184.54,4167.09,4176.54,15890,7,0
2025-10-15 06:00:00,4176.55,4190.67,4176.17,4187.04,12844,7,0
2025-10-15 07:00:00,4187.1,4187.5,4173.4,4179.74,10290,7,0
2025-10-15 08:00:00,4179.75,4193.68,4176.88,4186.0,14213,7,0
2025-10-15 09:00:00,4185.99,4200.37,4184.31,4199.47,14247,7,0
2025-10-15 10:00:00,4199.47,4209.83,4194.62,4207.75,13373,7,0
2025-10-15 11:00:00,4207.75,4218.21,4207.29,4208.26,14273,7,0
2025-10-15 12:00:00,4208.23,4212.09,4164.6,4192.58,18067,8,0
2025-10-15 13:00:00,4192.58,4206.28,4190.65,4202.78,14234,8,0
2025-10-15 14:00:00,4202.68,4204.24,4193.68,4198.73,13070,8,0
2025-10-15 15:00:00,4198.72,4202.81,4176.52,4190.74,18484,8,0
2025-10-15 16:00:00,4190.74,4198.73,4182.9,4192.2,20786,8,0
2025-10-15 17:00:00,4192.12,4212.4,4191.67,4200.06,20106,8,0
2025-10-15 18:00:00,4200.04,4203.09,4179.78,4190.57,20485,8,0
2025-10-15 19:00:00,4190.57,4199.91,4186.38,4199.01,17610,8,0
2025-10-15 20:00:00,4199.02,4199.68,4182.7,4197.88,18483,8,0
2025-10-15 21:00:00,4197.87,4204.76,4195.37,4200.85,16729,8,0
2025-10-15 22:00:00,4200.81,4213.46,4200.54,4210.47,16316,8,0
2025-10-15 23:00:00,4210.46,4212.87,4206.12,4208.29,9187,8,0
2025-10-16 01:00:00,4209.57,4215.6,4199.72,4213.31,9721,8,0
2025-10-16 02:00:00,4213.19,4215.84,4206.27,4209.57,9929,8,0
2025-10-16 03:00:00,4209.57,4227.27,4205.01,4210.6,15494,8,0
2025-10-16 04:00:00,4210.6,4233.02,4210.55,4230.24,18530,8,0
2025-10-16 05:00:00,4230.19,4239.64,4226.12,4239.59,14706,8,0
2025-10-16 06:00:00,4239.62,4242.1,4229.18,4233.83,14821,8,0
2025-10-16 07:00:00,4233.79,4239.4,4228.11,4233.42,11711,8,0
2025-10-16 08:00:00,4233.59,4234.79,4203.65,4204.88,18773,8,0
2025-10-16 09:00:00,4204.88,4227.28,4203.62,4222.8,18161,8,0
2025-10-16 10:00:00,4222.79,4234.03,4222.24,4230.66,13763,8,0
2025-10-16 11:00:00,4230.61,4236.03,4228.7,4232.9,12036,8,0
2025-10-16 12:00:00,4232.92,4241.94,4222.09,4239.61,13238,8,0
2025-10-16 13:00:00,4239.57,4246.12,4234.4,4242.79,12525,8,0
2025-10-16 14:00:00,4242.78,4247.58,4239.65,4240.63,12991,8,0
2025-10-16 15:00:00,4240.63,4251.09,4227.79,4236.02,17524,8,0
2025-10-16 16:00:00,4236.07,4258.78,4235.01,4246.73,20847,8,0
2025-10-16 17:00:00,4246.32,4267.64,4245.44,4263.34,20545,8,0
2025-10-16 18:00:00,4263.34,4275.98,4261.0,4273.57,18713,8,0
2025-10-16 19:00:00,4273.61,4291.93,4261.47,4282.71,21449,8,0
2025-10-16 20:00:00,4282.71,4298.78,4280.18,4293.89,19533,8,0
2025-10-16 21:00:00,4293.9,4295.01,4273.4,4291.05,19343,8,0
2025-10-16 22:00:00,4291.0,4312.91,4287.94,4307.32,18585,8,0
2025-10-16 23:00:00,4307.44,4330.74,4307.43,4329.17,12275,8,0
2025-10-17 01:00:00,4339.51,4379.43,4327.3,4346.78,17562,8,0
2025-10-17 02:00:00,4346.78,4379.18,4341.7,4365.73,16733,8,0
2025-10-17 03:00:00,4365.68,4371.72,4353.59,4358.3,17997,8,0
2025-10-17 04:00:00,4358.29,4362.31,4279.15,4314.02,24091,8,0
2025-10-17 05:00:00,4313.98,4348.55,4312.52,4342.45,20763,8,0
2025-10-17 06:00:00,4342.45,4366.76,4338.75,4366.73,17558,8,0
2025-10-17 07:00:00,4366.74,4377.09,4355.33,4376.39,15984,8,0
2025-10-17 08:00:00,4376.44,4378.65,4342.37,4365.53,18753,8,0
2025-10-17 09:00:00,4365.58,4369.64,4346.8,4360.43,19522,8,0
2025-10-17 10:00:00,4360.17,4361.83,4314.35,4342.3,20694,8,0
2025-10-17 11:00:00,4342.41,4349.84,4321.23,4347.83,19732,8,0
2025-10-17 12:00:00,4347.83,4348.55,4332.31,4340.2,16427,8,0
2025-10-17 13:00:00,4340.22,4342.16,4319.69,4327.82,16789,8,0
2025-10-17 14:00:00,4327.74,4335.89,4286.79,4287.25,20451,8,0
2025-10-17 15:00:00,4287.2,4320.05,4283.59,4314.57,21811,8,0
2025-10-17 16:00:00,4314.69,4317.88,4258.67,4273.86,23167,8,0
2025-10-17 17:00:00,4273.93,4274.49,4217.07,4248.91,24550,8,0
2025-10-17 18:00:00,4249.02,4259.47,4231.08,4237.37,22228,9,0
2025-10-17 19:00:00,4237.4,4244.97,4200.77,4204.74,23089,9,0
2025-10-17 20:00:00,4204.89,4228.54,4186.37,4221.19,22457,9,0
2025-10-17 21:00:00,4221.19,4244.65,4218.18,4235.4,19387,9,0
2025-10-17 22:00:00,4235.52,4237.82,4212.68,4225.9,19634,9,0
2025-10-17 23:00:00,4225.84,4252.92,4220.02,4252.69,13786,9,0
2025-10-20 01:00:00,4253.57,4273.26,4240.0,4255.74,14385,9,0
2025-10-20 02:00:00,4255.72,4256.2,4234.06,4237.92,14708,9,0
2025-10-20 03:00:00,4237.92,4250.78,4219.06,4249.86,19481,9,0
2025-10-20 04:00:00,4249.65,4268.93,4229.53,4262.39,20665,9,0
2025-10-20 05:00:00,4262.52,4271.14,4253.45,4255.75,17236,9,0
2025-10-20 06:00:00,4255.7,4265.25,4248.73,4264.72,15188,9,0
2025-10-20 07:00:00,4264.73,4268.28,4260.37,4266.33,10869,9,0
2025-10-20 08:00:00,4266.32,4266.74,4239.66,4239.82,17280,9,0
2025-10-20 09:00:00,4239.82,4245.84,4221.52,4236.2,19396,9,0
2025-10-20 10:00:00,4236.3,4260.83,4234.89,4255.15,16256,9,0
2025-10-20 11:00:00,4255.2,4266.17,4252.43,4258.76,14600,9,0
2025-10-20 12:00:00,4258.75,4263.73,4250.43,4260.79,13769,9,0
2025-10-20 13:00:00,4260.79,4260.96,4245.71,4254.77,16167,9,0
2025-10-20 14:00:00,4254.73,4279.58,4251.01,4279.26,14682,9,0
2025-10-20 15:00:00,4279.21,4327.28,4272.74,4323.44,21604,9,0
2025-10-20 16:00:00,4323.4,4325.01,4299.51,4300.96,22363,9,0
2025-10-20 17:00:00,4300.87,4334.71,4292.67,4332.39,21764,9,0
2025-10-20 18:00:00,4332.42,4355.72,4332.4,4349.22,20449,9,0
2025-10-20 19:00:00,4349.17,4350.86,4342.75,4347.86,17029,9,0
2025-10-20 20:00:00,4347.83,4351.12,4337.4,4347.5,17076,9,0
2025-10-20 21:00:00,4347.54,4364.63,4344.69,4359.47,15769,9,0
2025-10-20 22:00:00,4359.47,4381.44,4359.3,4377.83,17488,9,0
2025-10-20 23:00:00,4377.92,4380.11,4346.49,4355.94,14464,9,0
2025-10-21 01:00:00,4360.83,4375.46,4353.3,4367.35,12000,9,0
2025-10-21 02:00:00,4367.45,4371.67,4356.87,4360.4,11182,9,0
2025-10-21 03:00:00,4360.38,4371.15,4356.39,4368.88,15261,9,0
2025-10-21 04:00:00,4368.77,4372.29,4332.84,4350.9,20478,9,0
2025-10-21 05:00:00,4350.9,4355.43,4335.26,4338.94,17942,9,0
2025-10-21 06:00:00,4338.74,4350.86,4337.94,4346.61,12977,9,0
2025-10-21 07:00:00,4346.6,4347.04,4337.08,4342.04,10310,9,0
2025-10-21 08:00:00,4342.03,4344.25,4317.34,4323.29,17404,9,0
2025-10-21 09:00:00,4323.29,4344.25,4317.23,4343.18,17518,9,0
2025-10-21 10:00:00,4343.19,4343.22,4293.39,4298.39,20166,9,0
2025-10-21 11:00:00,4298.54,4301.77,4244.68,4273.95,22640,9,0
2025-10-21 12:00:00,4273.94,4278.0,4254.61,4265.09,18812,9,0
2025-10-21 13:00:00,4265.11,4266.52,4249.55,4253.76,17724,9,0
2025-10-21 14:00:00,4253.74,4272.45,4245.66,4253.3,16729,9,0
2025-10-21 15:00:00,4253.32,4257.59,4205.9,4211.4,22565,9,0
2025-10-21 16:00:00,4211.16,4225.46,4167.65,4174.08,24136,9,0
2025-10-21 17:00:00,4174.06,4188.34,4081.93,4138.98,24601,9,0
2025-10-21 18:00:00,4138.86,4150.39,4119.97,4138.57,22475,9,0
2025-10-21 19:00:00,4138.65,4143.81,4102.42,4113.49,21748,9,0
2025-10-21 20:00:00,4113.43,4120.23,4094.2,4111.24,21082,9,0
2025-10-21 21:00:00,4111.25,4125.78,4106.43,4114.92,18574,9,0
2025-10-21 22:00:00,4114.86,4122.17,4100.78,4108.9,19479,9,0
2025-10-21 23:00:00,4108.77,4130.93,4106.21,4125.47,12833,9,0
2025-10-22 01:00:00,4123.24,4132.2,4113.98,4123.22,10343,9,0
2025-10-22 02:00:00,4123.18,4128.01,4090.3,4093.13,12636,9,0
2025-10-22 03:00:00,4093.14,4094.08,4004.55,4075.13,22956,9,0
2025-10-22 04:00:00,4075.14,4120.76,4064.44,4087.12,20810,9,0
2025-10-22 05:00:00,4087.19,4117.76,4087.19,4115.12,15746,9,0
2025-10-22 06:00:00,4115.01,4143.27,4107.34,4128.81,14268,9,0
2025-10-22 07:00:00,4128.8,4133.46,4107.45,4128.21,14157,9,0
2025-10-22 08:00:00,4128.27,4147.03,4126.49,4135.07,15716,9,0
2025-10-22 09:00:00,4135.05,4161.33,4127.8,4155.96,17312,9,0
2025-10-22 10:00:00,4155.82,4156.43,4129.58,4133.01,19819,9,0
2025-10-22 11:00:00,4133.01,4135.81,4059.18,4070.54,22795,9,0
2025-10-22 12:00:00,4070.52,4101.57,4061.68,4069.64,20339,7,0
2025-10-22 13:00:00,4069.64,4090.8,4024.09,4035.06,19864,7,0
2025-10-22 14:00:00,4035.18,4045.04,4015.21,4027.7,20949,7,0
2025-10-22 15:00:00,4027.81,4053.47,4023.32,4033.86,21494,7,0
2025-10-22 16:00:00,4033.91,4085.27,4033.71,4075.96,23173,7,0
2025-10-22 17:00:00,4075.96,4078.41,4011.33,4015.19,23061,7,0
2025-10-22 18:00:00,4015.21,4047.07,4014.93,4037.13,22079,7,0
2025-10-22 19:00:00,4037.07,4064.16,4023.41,4059.22,20543,7,0
2025-10-22 20:00:00,4059.22,4071.34,4044.13,4070.2,18749,7,0
2025-10-22 21:00:00,4070.2,4081.59,4066.87,4076.76,13486,7,0
2025-10-22 22:00:00,4076.91,4113.5,4076.69,4102.38,17279,7,0
2025-10-22 23:00:00,4102.07,4107.3,4088.75,4098.16,8682,7,0
2025-10-23 01:00:00,4094.64,4116.43,4092.56,4102.18,8676,7,0
2025-10-23 02:00:00,4102.18,4105.12,4080.77,4087.69,10415,7,0
2025-10-23 03:00:00,4087.69,4096.93,4066.06,4081.87,16069,7,0
2025-10-23 04:00:00,4082.04,4092.81,4071.95,4073.35,17076,7,0
2025-10-23 05:00:00,4073.35,4085.52,4072.18,4082.51,11865,7,0
2025-10-23 06:00:00,4082.69,4100.82,4077.98,4091.19,10078,7,0
2025-10-23 07:00:00,4091.19,4092.87,4079.83,4089.61,8255,7,0
2025-10-23 08:00:00,4089.59,4110.3,4083.97,4110.25,10395,7,0
2025-10-23 09:00:00,4110.25,4138.07,4110.18,4113.63,19337,7,0
2025-10-23 10:00:00,4113.63,4121.15,4092.14,4094.18,14877,7,0
2025-10-23 11:00:00,4094.34,4118.98,4094.34,4116.37,12803,7,0
2025-10-23 12:00:00,4116.37,4125.47,4111.17,4124.47,11271,7,0
2025-10-23 13:00:00,4124.44,4125.28,4101.76,4109.12,12786,7,0
2025-10-23 14:00:00,4109.12,4121.01,4107.87,4109.62,13342,7,0
2025-10-23 15:00:00,4109.62,4129.31,4100.14,4127.35,15627,7,0
2025-10-23 16:00:00,4127.09,4151.09,4125.91,4144.97,22491,7,0
2025-10-23 17:00:00,4144.97,4154.76,4136.01,4148.32,19972,7,0
2025-10-23 18:00:00,4148.32,4151.76,4137.24,4141.91,14931,7,0
2025-10-23 19:00:00,4141.91,4148.57,4125.7,4133.02,13080,7,0
2025-10-23 20:00:00,4133.02,4139.4,4125.09,4137.72,11856,7,0
2025-10-23 21:00:00,4137.72,4143.49,4133.19,4136.0,8885,7,0
2025-10-23 22:00:00,4136.19,4138.22,4116.48,4118.27,11159,7,0
2025-10-23 23:00:00,4118.27,4126.11,4107.27,4125.69,7773,7,0
2025-10-24 01:00:00,4129.58,4132.97,4111.49,4116.02,4440,7,0
2025-10-24 02:00:00,4116.02,4123.0,4106.01,4121.75,5272,7,0
2025-10-24 03:00:00,4121.75,4133.69,4117.99,4132.69,8007,7,0
2025-10-24 04:00:00,4132.69,4144.49,4112.17,4118.82,13654,7,0
2025-10-24 05:00:00,4118.79,4119.05,4109.43,4109.63,10508,7,0
2025-10-24 06:00:00,4109.63,4123.45,4107.51,4122.34,7875,7,0
2025-10-24 07:00:00,4122.34,4123.39,4102.95,4111.7,8542,7,0
2025-10-24 08:00:00,4111.7,4117.99,4103.08,4104.61,6839,7,0
2025-10-24 09:00:00,4104.62,4104.98,4081.55,4092.23,13723,7,0
2025-10-24 10:00:00,4092.23,4095.82,4069.77,4074.38,12526,7,0
2025-10-24 11:00:00,4074.38,4077.84,4047.47,4065.22,16335,7,0
2025-10-24 12:00:00,4065.22,4073.47,4054.61,4060.86,12015,7,0
2025-10-24 13:00:00,4060.86,4070.94,4053.58,4054.8,10051,7,0
2025-10-24 14:00:00,4054.66,4065.56,4044.22,4061.46,13080,7,0
2025-10-24 15:00:00,4061.44,4092.8,4059.94,4082.1,18119,7,0
2025-10-24 16:00:00,4082.1,4122.25,4079.17,4105.67,23714,7,0
2025-10-24 17:00:00,4106.76,4135.13,4102.18,4117.59,21994,7,0
2025-10-24 18:00:00,4117.53,4131.89,4113.43,4130.52,16036,7,0
2025-10-24 19:00:00,4130.52,4138.73,4121.82,4129.35,13506,7,0
2025-10-24 20:00:00,4129.35,4134.41,4105.83,4107.64,13297,7,0
2025-10-24 21:00:00,4107.64,4113.78,4101.82,4110.27,12925,7,0
2025-10-24 22:00:00,4110.27,4117.63,4102.16,4104.23,11159,7,0
2025-10-24 23:00:00,4104.23,4114.28,4096.66,4112.65,5253,7,0
2025-10-27 01:00:00,4078.8,4109.24,4062.82,4081.91,12522,7,0
2025-10-27 02:00:00,4081.94,4088.59,4061.84,4064.54,10373,7,0
2025-10-27 03:00:00,4064.54,4084.16,4058.33,4081.46,11405,7,0
2025-10-27 04:00:00,4081.53,4097.63,4075.38,4081.94,16505,7,0
2025-10-27 05:00:00,4081.93,4082.09,4070.4,4071.72,11640,7,0
2025-10-27 06:00:00,4071.72,4081.91,4065.58,4069.55,9589,7,0
2025-10-27 07:00:00,4069.58,4071.54,4053.92,4068.83,12104,7,0
2025-10-27 08:00:00,4068.83,4084.63,4068.64,4079.64,9915,7,0
2025-10-27 09:00:00,4079.64,4084.93,4074.01,4078.29,12034,7,0
2025-10-27 10:00:00,4078.29,4079.87,4064.12,4068.84,10302,7,0
2025-10-27 11:00:00,4068.85,4070.52,4024.64,4043.36,15038,7,0
2025-10-27 12:00:00,4043.36,4050.35,4030.04,4039.8,15382,7,0
2025-10-27 13:00:00,4039.8,4047.79,4029.11,4037.33,11812,7,0
2025-10-27 14:00:00,4037.33,4041.47,4015.42,4024.05,14914,7,0
2025-10-27 15:00:00,4024.05,4046.44,4022.3,4045.75,14796,7,0
2025-10-27 16:00:00,4045.81,4050.35,4013.47,4022.13,21059,7,0
2025-10-27 17:00:00,4022.13,4023.41,3983.14,3987.92,25564,7,0
2025-10-27 18:00:00,3987.97,3993.47,3971.61,3989.9,21426,7,0
2025-10-27 19:00:00,3989.89,4000.46,3984.23,3999.31,14693,7,0
2025-10-27 20:00:00,3999.31,4009.03,3990.92,4006.5,13448,7,0
2025-10-27 21:00:00,4006.5,4010.26,3997.97,3999.35,11830,7,0
2025-10-27 22:00:00,3999.63,4005.64,3985.76,3989.93,15016,7,0
2025-10-27 23:00:00,3989.92,4000.32,3978.83,3982.49,7885,7,0
2025-10-28 01:00:00,3985.56,3996.49,3979.77,3990.07,5683,7,0
2025-10-28 02:00:00,3990.07,4004.62,3983.16,3998.48,8049,7,0
2025-10-28 03:00:00,3998.48,4009.57,3972.24,4006.87,11253,7,0
2025-10-28 04:00:00,4006.88,4019.71,4004.6,4011.04,14301,7,0
2025-10-28 05:00:00,4011.04,4013.9,3980.79,3983.95,12879,7,0
2025-10-28 06:00:00,3983.95,3994.37,3983.24,3992.87,8078,7,0
2025-10-28 07:00:00,3992.87,3994.2,3963.91,3973.52,11740,7,0
2025-10-28 08:00:00,3973.52,3980.22,3959.22,3966.65,12686,7,0
2025-10-28 09:00:00,3966.65,3968.76,3938.67,3942.54,13970,7,0
2025-10-28 10:00:00,3942.54,3948.58,3922.15,3932.57,14065,7,0
2025-10-28 11:00:00,3932.56,3935.9,3896.56,3897.43,18457,7,0
2025-10-28 12:00:00,3897.53,3911.13,3886.65,3904.84,15810,7,0
2025-10-28 13:00:00,3904.8,3931.0,3899.9,3926.59,13335,7,0
2025-10-28 14:00:00,3926.59,3930.0,3910.98,3923.34,13172,7,0
2025-10-28 15:00:00,3923.34,3929.84,3905.73,3912.84,14990,7,0
2025-10-28 16:00:00,3912.84,3940.29,3912.36,3939.14,21013,7,0
2025-10-28 17:00:00,3939.14,3953.84,3934.97,3949.87,18652,7,0
2025-10-28 18:00:00,3949.87,3969.62,3947.24,3964.81,16085,7,0
2025-10-28 19:00:00,3964.81,3965.5,3951.01,3958.56,16131,7,0
2025-10-28 20:00:00,3958.56,3970.43,3955.25,3962.46,13796,7,0
2025-10-28 21:00:00,3962.46,3964.17,3945.34,3956.48,11680,7,0
2025-10-28 22:00:00,3956.54,3962.8,3950.84,3960.05,11990,7,0
2025-10-28 23:00:00,3960.17,3960.97,3949.51,3952.21,4634,7,0
2025-10-29 01:00:00,3949.33,3960.95,3917.77,3933.96,7813,7,0
2025-10-29 02:00:00,3933.96,3967.97,3933.96,3965.07,7365,7,0
2025-10-29 03:00:00,3965.07,3982.4,3959.27,3975.25,11878,7,0
2025-10-29 04:00:00,3975.32,3979.71,3966.0,3973.67,14655,7,0
2025-10-29 05:00:00,3973.67,3974.29,3944.32,3961.1,12628,7,0
2025-10-29 06:00:00,3961.09,3972.12,3958.43,3963.51,10764,7,0
2025-10-29 07:00:00,3963.53,3964.91,3951.2,3951.91,10176,7,0
2025-10-29 08:00:00,3951.91,3966.17,3951.04,3962.45,10817,7,0
2025-10-29 09:00:00,3962.45,3984.71,3959.87,3978.31,12019,7,0
2025-10-29 10:00:00,3978.31,4001.42,3975.1,4001.36,14401,7,0
2025-10-29 11:00:00,4001.45,4018.36,4000.44,4016.85,13290,7,0
2025-10-29 12:00:00,4016.85,4029.65,4013.42,4024.05,12804,7,0
2025-10-29 13:00:00,4024.05,4029.62,4017.35,4023.47,12745,7,0
2025-10-29 14:00:00,4023.47,4028.5,4013.52,4016.66,12379,7,0
2025-10-29 15:00:00,4016.68,4030.19,4013.78,4025.71,15700,7,0
2025-10-29 16:00:00,4025.56,4025.68,4002.43,4012.39,19907,7,0
2025-10-29 17:00:00,4012.39,4022.53,4007.45,4008.44,18239,7,0
2025-10-29 18:00:00,4008.44,4011.98,3989.52,3993.04,18958,7,0
2025-10-29 19:00:00,3993.04,4001.09,3991.52,3992.81,12410,7,0
2025-10-29 20:00:00,3992.81,3997.79,3985.99,3994.84,11615,7,0
2025-10-29 21:00:00,3994.84,4007.55,3943.03,3969.3,27455,7,0
2025-10-29 22:00:00,3969.31,3979.88,3927.79,3945.55,24891,7,0
2025-10-29 23:00:00,3945.53,3953.92,3927.8,3928.71,9501,7,0
2025-10-30 01:00:00,3926.23,3948.68,3914.34,3941.5,9747,7,0
2025-10-30 02:00:00,3941.5,3954.06,3939.73,3952.88,5948,7,0
2025-10-30 03:00:00,3952.88,3964.33,3937.99,3950.22,11284,7,0
2025-10-30 04:00:00,3950.22,3966.49,3944.89,3947.94,15498,7,0
2025-10-30 05:00:00,3947.94,3948.28,3922.11,3922.2,15785,7,0
2025-10-30 06:00:00,3922.2,3938.09,3915.53,3937.99,11722,7,0
2025-10-30 07:00:00,3937.99,3982.47,3934.9,3972.6,18139,7,0
2025-10-30 08:00:00,3972.6,3978.43,3947.19,3963.65,18919,7,0
2025-10-30 09:00:00,3963.65,3977.4,3956.53,3977.07,15808,7,0
2025-10-30 10:00:00,3977.1,3977.57,3955.9,3961.34,14403,7,0
2025-10-30 11:00:00,3961.39,3976.77,3960.33,3976.44,13581,7,0
2025-10-30 12:00:00,3976.45,4012.0,3976.02,3999.02,18358,7,0
2025-10-30 13:00:00,3998.42,4001.17,3973.7,3984.2,14263,7,0
2025-10-30 14:00:00,3984.2,3985.14,3964.41,3974.39,11936,7,0
2025-10-30 15:00:00,3974.39,3985.62,3961.23,3961.33,17891,7,0
2025-10-30 16:00:00,3961.33,3995.46,3960.49,3995.46,19211,7,0
2025-10-30 17:00:00,3995.46,4014.84,3986.89,3996.53,21482,7,0
2025-10-30 18:00:00,3996.45,4008.68,3988.39,4001.97,16826,7,0
2025-10-30 19:00:00,4001.95,4004.2,3991.39,4001.56,14333,7,0
2025-10-30 20:00:00,4001.58,4017.95,3994.53,4004.61,13233,7,0
2025-10-30 21:00:00,4004.62,4017.72,4000.25,4016.18,12416,7,0
2025-10-30 22:00:00,4016.16,4025.84,4015.46,4023.49,15567,7,0
2025-10-30 23:00:00,4023.5,4027.19,4016.45,4024.84,6332,7,0
2025-10-31 01:00:00,4022.83,4046.24,4012.23,4037.8,7498,7,0
2025-10-31 02:00:00,4037.8,4043.07,4019.11,4036.52,11503,7,0
2025-10-31 03:00:00,4036.52,4036.82,4024.12,4025.26,13323,7,0
2025-10-31 04:00:00,4025.28,4039.26,4013.17,4018.82,16378,7,0
2025-10-31 05:00:00,4018.82,4019.14,4001.56,4011.06,17061,7,0
2025-10-31 06:00:00,4011.06,4013.96,3991.41,3996.37,14254,7,0
2025-10-31 07:00:00,3996.37,4010.68,3989.14,4005.85,9484,7,0
2025-10-31 08:00:00,4005.85,4011.23,3994.2,4005.09,12689,7,0
2025-10-31 09:00:00,4005.11,4015.07,4002.34,4013.27,12772,7,0
2025-10-31 10:00:00,4013.27,4025.54,4007.69,4021.07,12318,7,0
2025-10-31 11:00:00,4021.07,4026.68,4006.87,4010.38,10949,7,0
2025-10-31 12:00:00,4010.38,4014.29,3998.6,4008.45,10876,7,0
2025-10-31 13:00:00,4008.45,4016.85,4003.65,4007.41,9473,7,0
2025-10-31 14:00:00,4007.41,4011.24,4001.79,4010.5,7843,7,0
2025-10-31 15:00:00,4010.49,4036.16,4009.1,4023.15,13406,7,0
2025-10-31 16:00:00,4023.16,4035.49,4010.35,4016.55,19260,7,0
2025-10-31 17:00:00,4016.62,4027.28,4011.12,4020.79,18212,7,0
2025-10-31 18:00:00,4020.73,4022.84,4009.67,4012.93,18077,7,0
2025-10-31 19:00:00,4012.71,4015.21,3972.25,3980.79,21297,7,0
2025-10-31 20:00:00,3980.8,4003.61,3980.56,3997.74,16728,7,0
2025-10-31 21:00:00,3997.74,4009.99,3995.44,4000.08,11363,7,0
2025-10-31 22:00:00,4000.08,4005.57,3991.5,4001.15,12093,7,0
2025-10-31 23:00:00,4001.13,4006.49,3996.16,4001.61,3432,7,0
2025-11-03 01:00:00,3989.51,3998.92,3977.8,3979.93,9279,7,0
2025-11-03 02:00:00,3979.9,3987.91,3962.64,3970.85,11253,7,0
2025-11-03 03:00:00,3970.86,4001.85,3965.74,3996.01,16620,7,0
2025-11-03 04:00:00,3996.01,4006.56,3990.4,4003.94,10884,7,0
2025-11-03 05:00:00,4003.94,4015.38,4002.28,4011.45,9846,7,0
2025-11-03 06:00:00,4011.45,4014.26,4001.9,4003.87,8439,7,0
2025-11-03 07:00:00,4003.87,4018.55,3998.01,4013.98,8909,7,0
2025-11-03 08:00:00,4013.98,4018.77,4010.16,4017.65,8653,7,0
2025-11-03 09:00:00,4017.65,4026.01,4013.56,4025.34,10002,7,0
2025-11-03 10:00:00,4025.34,4027.98,4011.1,4019.61,10741,7,0
2025-11-03 11:00:00,4019.61,4026.07,3993.33,4000.56,13262,7,0
2025-11-03 12:00:00,4000.56,4004.88,3994.5,3998.81,9842,7,0
2025-11-03 13:00:00,3998.81,4008.58,3994.56,4007.62,9415,7,0
2025-11-03 14:00:00,4007.62,4013.58,4002.05,4013.43,8863,7,0
2025-11-03 15:00:00,4013.43,4020.5,4010.86,4016.06,15243,7,0
2025-11-03 16:00:00,4016.1,4026.11,4001.68,4022.76,18239,7,0
2025-11-03 17:00:00,4022.71,4030.61,4003.51,4008.61,21417,7,0
2025-11-03 18:00:00,4008.43,4013.52,3995.44,4008.29,16270,7,0
2025-11-03 19:00:00,4008.29,4012.17,4003.5,4006.2,11023,7,0
2025-11-03 20:00:00,4006.2,4009.59,3999.55,4006.43,9978,7,0
2025-11-03 21:00:00,4006.37,4008.1,3995.4,4004.79,10701,7,0
2025-11-03 22:00:00,4004.69,4014.93,4004.69,4010.32,9699,7,0
2025-11-03 23:00:00,4010.18,4010.18,3999.65,4000.63,3491,7,0
2025-11-04 01:00:00,4002.27,4005.81,3982.01,3997.39,6261,7,0
2025-11-04 02:00:00,3997.39,3999.14,3978.58,3986.53,10622,7,0
2025-11-04 03:00:00,3986.53,3994.66,3979.62,3987.28,13123,7,0
2025-11-04 04:00:00,3987.28,3987.29,3975.9,3986.78,12831,7,0
2025-11-04 05:00:00,3986.75,3999.26,3981.81,3994.65,9768,7,0
2025-11-04 06:00:00,3994.65,3995.23,3984.02,3985.66,7756,7,0
2025-11-04 07:00:00,3985.66,3987.11,3972.68,3973.16,12311,7,0
2025-11-04 08:00:00,3973.16,3988.22,3966.64,3985.06,13107,7,0
2025-11-04 09:00:00,3985.06,3996.34,3982.41,3994.0,10383,7,0
2025-11-04 10:00:00,3994.0,4000.77,3990.82,3996.11,11514,7,0
2025-11-04 11:00:00,3996.11,3999.47,3990.5,3991.15,10063,7,0
2025-11-04 12:00:00,3991.15,3997.71,3985.92,3993.84,9002,7,0
2025-11-04 13:00:00,3993.87,4000.08,3991.69,3995.08,6085,7,0
2025-11-04 14:00:00,3995.07,3997.57,3983.76,3984.79,9185,7,0
2025-11-04 15:00:00,3984.76,3996.03,3971.86,3975.71,15414,7,0
2025-11-04 16:00:00,3975.63,3977.75,3928.77,3957.37,21528,7,0
2025-11-04 17:00:00,3957.39,3968.16,3941.19,3956.83,18518,7,0
2025-11-04 18:00:00,3956.92,3975.49,3956.76,3969.05,14973,7,0
2025-11-04 19:00:00,3969.05,3971.07,3952.49,3955.09,13272,7,0
2025-11-04 20:00:00,3955.09,3956.76,3932.29,3937.97,14742,7,0
2025-11-04 21:00:00,3937.97,3944.21,3934.65,3937.46,11729,7,0
2025-11-04 22:00:00,3937.55,3942.16,3931.57,3938.76,11007,7,0
2025-11-04 23:00:00,3938.76,3939.03,3930.55,3932.04,4099,7,0
2025-11-05 01:00:00,3934.12,3940.62,3930.99,3934.89,5517,7,0
2025-11-05 02:00:00,3934.89,3943.06,3929.54,3940.0,10246,7,0
2025-11-05 03:00:00,3940.0,3949.46,3934.54,3937.09,13276,7,0
2025-11-05 04:00:00,3937.09,3951.08,3935.64,3948.51,11625,7,0
2025-11-05 05:00:00,3948.45,3965.28,3947.46,3960.89,7697,7,0
2025-11-05 06:00:00,3960.89,3973.73,3959.94,3970.39,7901,7,0
2025-11-05 07:00:00,3970.39,3978.69,3961.98,3964.83,8876,7,0
2025-11-05 08:00:00,3964.84,3973.69,3961.91,3966.54,8427,7,0
2025-11-05 09:00:00,3966.56,3974.91,3963.84,3972.17,8522,7,0
2025-11-05 10:00:00,3972.17,3987.13,3972.14,3979.99,10695,7,0
2025-11-05 11:00:00,3979.99,3981.38,3963.71,3971.9,8559,7,0
2025-11-05 12:00:00,3971.9,3971.9,3956.13,3964.48,8861,7,0
2025-11-05 13:00:00,3964.48,3968.9,3957.73,3966.97,7711,7,0
2025-11-05 14:00:00,3966.95,3969.88,3962.27,3969.67,6860,7,0
2025-11-05 15:00:00,3969.71,3979.44,3964.92,3975.99,12062,7,0
2025-11-05 16:00:00,3975.99,3985.6,3969.66,3973.57,15406,7,0
2025-11-05 17:00:00,3973.52,3984.48,3964.07,3978.48,18512,7,0
2025-11-05 18:00:00,3978.49,3990.55,3974.99,3986.9,12591,7,0
2025-11-05 19:00:00,3986.83,3989.57,3978.68,3982.12,8653,7,0
2025-11-05 20:00:00,3982.12,3986.1,3979.05,3982.54,7302,7,0
2025-11-05 21:00:00,3982.54,3988.88,3979.21,3987.86,7307,7,0
2025-11-05 22:00:00,3987.96,3990.27,3981.53,3984.41,8246,7,0
2025-11-05 23:00:00,3984.41,3984.97,3978.0,3979.15,3374,7,0
2025-11-06 01:00:00,3976.88,3980.11,3965.95,3973.68,6107,7,0
2025-11-06 02:00:00,3973.68,3976.23,3969.64,3976.23,5471,7,0
2025-11-06 03:00:00,3976.23,3977.5,3964.59,3976.7,8297,7,0
2025-11-06 04:00:00,3976.7,3985.22,3974.24,3983.43,7567,7,0
2025-11-06 05:00:00,3983.43,3990.37,3979.56,3987.58,6763,7,0
2025-11-06 06:00:00,3987.58,3989.74,3984.55,3988.82,4428,7,0
2025-11-06 07:00:00,3988.82,3990.78,3985.79,3987.74,6466,7,0
2025-11-06 08:00:00,3987.82,3992.89,3982.34,3991.65,7373,7,0
2025-11-06 09:00:00,3991.65,4009.41,3991.24,4005.91,9955,7,0
2025-11-06 10:00:00,4005.91,4016.84,4004.77,4014.95,9747,7,0
2025-11-06 11:00:00,4014.95,4015.27,4009.32,4011.0,6818,7,0
2025-11-06 12:00:00,4011.0,4011.15,4004.5,4008.51,7222,7,0
2025-11-06 13:00:00,4008.51,4019.45,4007.14,4018.26,7490,7,0
2025-11-06 14:00:00,4018.26,4019.61,4003.08,4005.29,7799,7,0
2025-11-06 15:00:00,4005.29,4016.19,4003.78,4012.16,9680,7,0
2025-11-06 16:00:00,4012.16,4013.87,3989.14,3993.36,17187,7,0
2025-11-06 17:00:00,3993.36,3993.69,3975.31,3980.23,20730,7,0
2025-11-06 18:00:00,3980.23,3986.33,3976.31,3980.88,16650,7,0
2025-11-06 19:00:00,3980.88,3988.14,3965.74,3986.22,15435,7,0
2025-11-06 20:00:00,3986.22,3990.9,3980.22,3987.83,11557,7,0
2025-11-06 21:00:00,3987.83,3995.31,3983.25,3985.4,9586,7,0
2025-11-06 22:00:00,3985.37,3987.26,3979.38,3980.69,11792,7,0
2025-11-06 23:00:00,3980.84,3982.39,3976.49,3977.17,3316,7,0
2025-11-07 01:00:00,3981.36,3989.71,3974.48,3989.2,3878,7,0
2025-11-07 02:00:00,3989.2,3994.4,3984.57,3988.66,5010,7,0
2025-11-07 03:00:00,3988.67,4002.86,3987.32,4001.81,8651,7,0
2025-11-07 04:00:00,4001.82,4003.25,3991.63,3995.49,7742,7,0
2025-11-07 05:00:00,3995.49,3996.61,3988.28,3990.51,5318,7,0
2025-11-07 06:00:00,3990.51,3998.61,3985.59,3998.47,4681,7,0
2025-11-07 07:00:00,3998.47,3998.87,3991.99,3995.1,5784,7,0
2025-11-07 08:00:00,3995.1,4008.52,3992.37,4006.81,6974,7,0
2025-11-07 09:00:00,4006.82,4009.81,4003.0,4007.79,6568,7,0
2025-11-07 10:00:00,4007.79,4010.54,4003.66,4009.9,6465,7,0
2025-11-07 11:00:00,4009.9,4014.32,4004.29,4006.7,7305,7,0
2025-11-07 12:00:00,4006.7,4009.52,4003.22,4007.92,5774,7,0
2025-11-07 13:00:00,4007.92,4011.96,3993.86,4002.92,9804,7,0
2025-11-07 14:00:00,4002.96,4008.54,3991.76,3995.92,9484,7,0
2025-11-07 15:00:00,3995.92,4001.98,3991.8,3997.68,10934,7,0
2025-11-07 16:00:00,3997.68,4007.42,3984.44,3993.37,15863,7,0
2025-11-07 17:00:00,3993.37,3999.21,3983.97,3990.86,16440,7,0
2025-11-07 18:00:00,3990.86,4027.53,3990.03,4007.82,17119,7,0
2025-11-07 19:00:00,4007.82,4009.9,3992.54,4005.45,15496,7,0
2025-11-07 20:00:00,4005.45,4009.05,3999.64,4005.52,12006,7,0
2025-11-07 21:00:00,4005.52,4009.08,4001.8,4006.84,10311,7,0
2025-11-07 22:00:00,4006.82,4007.07,3994.39,4004.0,13905,7,0
2025-11-07 23:00:00,4004.03,4005.32,3998.58,4000.25,2609,7,0
2025-11-10 01:00:00,3998.73,4012.23,3996.64,4011.92,6448,7,0
2025-11-10 02:00:00,4011.92,4023.83,4011.22,4020.47,6803,7,0
2025-11-10 03:00:00,4020.47,4053.35,4019.3,4044.29,15656,7,0
2025-11-10 04:00:00,4044.29,4049.19,4037.89,4048.27,10643,7,0
2025-11-10 05:00:00,4048.27,4052.8,4044.98,4050.29,6831,7,0
2025-11-10 06:00:00,4050.17,4056.84,4049.92,4054.22,6533,7,0
2025-11-10 07:00:00,4054.22,4069.94,4050.14,4069.4,7919,7,0
2025-11-10 08:00:00,4069.4,4078.43,4066.8,4075.16,9387,7,0
2025-11-10 09:00:00,4075.16,4079.07,4072.28,4075.32,8046,7,0
2025-11-10 10:00:00,4075.32,4085.12,4075.08,4082.2,9766,7,0
2025-11-10 11:00:00,4082.22,4086.43,4071.67,4076.66,9630,7,0
2025-11-10 12:00:00,4076.66,4083.53,4076.08,4080.93,6762,7,0
2025-11-10 13:00:00,4080.93,4085.49,4075.81,4085.4,6751,7,0
2025-11-10 14:00:00,4085.4,4100.07,4084.38,4097.65,10375,7,0
2025-11-10 15:00:00,4097.65,4105.98,4090.35,4091.74,16829,7,0
2025-11-10 16:00:00,4091.73,4094.2,4074.38,4083.58,19335,7,0
2025-11-10 17:00:00,4083.48,4094.38,4077.86,4084.36,18966,7,0
2025-11-10 18:00:00,4084.31,4095.78,4082.04,4094.97,13937,7,0
2025-11-10 19:00:00,4095.0,4102.7,4093.49,4102.6,12702,7,0
2025-11-10 20:00:00,4102.58,4115.93,4101.68,4110.16,13575,7,0
2025-11-10 21:00:00,4110.19,4115.48,4108.01,4113.3,9852,7,0
2025-11-10 22:00:00,4113.3,4114.65,4106.8,4111.61,10876,7,0
2025-11-10 23:00:00,4111.59,4116.6,4110.48,4115.58,2998,7,0
2025-11-11 01:00:00,4114.52,4122.77,4113.66,4119.97,5656,7,0
2025-11-11 02:00:00,4119.97,4133.76,4116.29,4131.04,8354,7,0
2025-11-11 03:00:00,4131.04,4141.2,4128.05,4136.31,13459,7,0
2025-11-11 04:00:00,4136.31,4139.57,4129.37,4138.11,10203,7,0
2025-11-11 05:00:00,4138.11,4148.06,4137.15,4146.91,8025,7,0
2025-11-11 06:00:00,4146.91,4149.02,4142.03,4143.23,6451,7,0
2025-11-11 07:00:00,4143.23,4144.4,4124.78,4131.15,11497,7,0
2025-11-11 08:00:00,4131.14,4137.85,4126.87,4129.95,9061,7,0
2025-11-11 09:00:00,4129.95,4133.07,4125.06,4129.58,8640,7,0
2025-11-11 10:00:00,4129.58,4137.72,4128.81,4135.66,9482,7,0
2025-11-11 11:00:00,4135.71,4145.95,4134.46,4141.93,7177,7,0
2025-11-11 12:00:00,4141.93,4144.18,4136.88,4141.83,7786,7,0
2025-11-11 13:00:00,4141.83,4144.55,4139.17,4142.97,6764,7,0
2025-11-11 14:00:00,4142.97,4143.98,4133.18,4134.37,8291,7,0
2025-11-11 15:00:00,4134.37,4146.71,4133.95,4142.66,12061,7,0
2025-11-11 16:00:00,4142.66,4143.2,4120.11,4125.07,18049,7,0
2025-11-11 17:00:00,4125.07,4126.11,4097.14,4106.71,20109,7,0
2025-11-11 18:00:00,4106.7,4115.79,4105.16,4113.29,13536,7,0
2025-11-11 19:00:00,4113.26,4117.82,4110.64,4114.39,9688,7,0
2025-11-11 20:00:00,4114.4,4116.32,4106.75,4113.88,9694,7,0
2025-11-11 21:00:00,4113.9,4126.16,4112.0,4123.1,7866,7,0
2025-11-11 22:00:00,4123.1,4131.89,4122.54,4129.6,9290,7,0
2025-11-11 23:00:00,4129.6,4131.52,4125.76,4126.29,2975,7,0
2025-11-12 01:00:00,4127.49,4144.83,4126.93,4142.78,7722,7,0
2025-11-12 02:00:00,4142.73,4145.52,4132.26,4133.05,7337,7,0
2025-11-12 03:00:00,4133.05,4137.36,4126.54,4131.57,13048,7,0
2025-11-12 04:00:00,4131.61,4135.57,4118.95,4124.06,9812,7,0
2025-11-12 05:00:00,4124.06,4125.35,4111.81,4111.94,8721,7,0
2025-11-12 06:00:00,4111.94,4113.13,4103.79,4110.54,9326,7,0
2025-11-12 07:00:00,4110.56,4111.09,4098.91,4104.68,9279,7,0
2025-11-12 08:00:00,4104.68,4119.03,4103.18,4118.51,11636,7,0
2025-11-12 09:00:00,4118.51,4125.36,4113.42,4117.05,8881,7,0
2025-11-12 10:00:00,4117.05,4132.75,4112.26,4131.34,10722,7,0
2025-11-12 11:00:00,4131.3,4133.64,4120.63,4124.7,10340,7,0
2025-11-12 12:00:00,4124.7,4129.38,4118.09,4127.81,9379,7,0
2025-11-12 13:00:00,4127.81,4131.25,4123.19,4126.12,8851,7,0
2025-11-12 14:00:00,4126.12,4139.5,4125.04,4130.28,12212,7,0
2025-11-12 15:00:00,4130.3,4132.71,4122.85,4127.11,14491,7,0
2025-11-12 16:00:00,4127.14,4140.13,4124.99,4136.71,19051,7,0
2025-11-12 17:00:00,4136.71,4185.63,4134.68,4181.43,23197,7,0
2025-11-12 18:00:00,4181.42,4197.77,4180.23,4196.46,20326,7,0
2025-11-12 19:00:00,4196.46,4206.56,4192.39,4199.43,19410,7,0
2025-11-12 20:00:00,4199.46,4211.75,4190.69,4206.89,17171,7,0
2025-11-12 21:00:00,4206.89,4210.22,4192.18,4197.43,16765,7,0
2025-11-12 22:00:00,4197.41,4199.6,4190.7,4195.97,14184,7,0
2025-11-12 23:00:00,4195.96,4202.1,4191.09,4194.28,4365,7,0
2025-11-13 01:00:00,4196.18,4208.61,4187.25,4191.05,7030,7,0
2025-11-13 02:00:00,4191.05,4208.8,4186.3,4205.88,11574,7,0
2025-11-13 03:00:00,4205.86,4209.2,4180.12,4192.36,18641,7,0
2025-11-13 04:00:00,4192.36,4196.03,4183.49,4190.22,12458,7,0
2025-11-13 05:00:00,4190.22,4213.24,4190.15,4213.0,11305,7,0
2025-11-13 06:00:00,4213.0,4219.48,4203.44,4209.39,11409,7,0
2025-11-13 07:00:00,4209.39,4217.63,4207.46,4212.09,13160,7,0
2025-11-13 08:00:00,4212.06,4212.09,4203.4,4210.43,11307,7,0
2025-11-13 09:00:00,4210.48,4220.11,4208.42,4219.97,10331,7,0
2025-11-13 10:00:00,4219.97,4239.5,4219.16,4232.93,12757,7,0
2025-11-13 11:00:00,4232.93,4239.47,4225.09,4233.19,10365,7,0
2025-11-13 12:00:00,4233.19,4240.06,4221.91,4225.56,10483,7,0
2025-11-13 13:00:00,4225.55,4232.28,4219.41,4230.55,11331,7,0
2025-11-13 14:00:00,4230.55,4245.05,4230.09,4242.56,10271,7,0
2025-11-13 15:00:00,4242.64,4243.9,4220.35,4231.87,18155,7,0
2025-11-13 16:00:00,4231.87,4232.46,4184.54,4195.71,22722,7,0
2025-11-13 17:00:00,4195.56,4205.1,4186.79,4202.65,22175,7,0
2025-11-13 18:00:00,4202.65,4210.83,4195.85,4206.89,19034,7,0
2025-11-13 19:00:00,4206.68,4208.43,4193.32,4201.81,18833,7,0
2025-11-13 20:00:00,4201.87,4203.34,4145.45,4157.94,20701,7,0
2025-11-13 21:00:00,4157.94,4170.59,4145.8,4163.91,17517,7,0
2025-11-13 22:00:00,4163.91,4170.77,4160.39,4164.03,14738,7,0
2025-11-13 23:00:00,4164.03,4181.12,4161.25,4171.19,5708,7,0
2025-11-14 01:00:00,4171.97,4186.79,4170.18,4185.87,7506,7,0
2025-11-14 02:00:00,4185.97,4189.85,4178.34,4183.91,10265,7,0
2025-11-14 03:00:00,4183.91,4193.84,4173.7,4190.02,16222,7,0
2025-11-14 04:00:00,4190.04,4210.36,4188.55,4207.03,13497,7,0
2025-11-14 05:00:00,4207.23,4211.27,4201.43,4204.45,11034,7,0
2025-11-14 06:00:00,4204.45,4205.86,4197.07,4203.32,8071,7,0
2025-11-14 07:00:00,4203.32,4203.69,4184.07,4189.9,12639,7,0
2025-11-14 08:00:00,4189.94,4193.46,4169.74,4175.26,12719,7,0
2025-11-14 09:00:00,4175.2,4182.34,4159.06,4181.09,14356,7,0
2025-11-14 10:00:00,4181.09,4186.96,4170.13,4176.05,14762,7,0
2025-11-14 11:00:00,4176.07,4180.5,4166.62,4169.31,13812,7,0
2025-11-14 12:00:00,4169.28,4170.9,4159.19,4167.96,11093,7,0
2025-11-14 13:00:00,4167.96,4170.06,4130.96,4133.02,16130,7,0
2025-11-14 14:00:00,4132.99,4140.61,4107.84,4116.08,20786,7,0
2025-11-14 15:00:00,4116.08,4119.05,4041.49,4055.89,25711,7,0
2025-11-14 16:00:00,4055.89,4084.0,4032.29,4082.83,25258,7,0
2025-11-14 17:00:00,4082.8,4096.54,4068.26,4093.54,24943,7,0
2025-11-14 18:00:00,4093.56,4111.26,4081.12,4105.17,19453,7,0
2025-11-14 19:00:00,4105.12,4110.57,4094.21,4099.93,16954,7,0
2025-11-14 20:00:00,4099.93,4103.66,4080.94,4098.17,16421,7,0
2025-11-14 21:00:00,4098.17,4100.17,4087.79,4090.03,12812,7,0
2025-11-14 22:00:00,4090.03,4092.44,4075.5,4087.17,13617,7,0
2025-11-14 23:00:00,4087.15,4087.15,4077.35,4084.64,4333,7,0
2025-11-17 01:00:00,4084.61,4106.72,4076.95,4096.73,9238,7,0
2025-11-17 02:00:00,4096.73,4098.56,4080.7,4083.15,11824,7,0
2025-11-17 03:00:00,4083.29,4101.92,4082.75,4091.35,15043,7,0
2025-11-17 04:00:00,4091.38,4093.75,4080.82,4082.04,12697,7,0
2025-11-17 05:00:00,4082.03,4085.74,4070.12,4082.9,11640,7,0
2025-11-17 06:00:00,4082.9,4088.0,4076.96,4078.63,7568,7,0
2025-11-17 07:00:00,4078.63,4078.74,4049.79,4058.37,13543,7,0
2025-11-17 08:00:00,4058.37,4071.96,4054.84,4066.02,11751,7,0
2025-11-17 09:00:00,4066.02,4089.09,4065.2,4088.22,9192,7,0
2025-11-17 10:00:00,4088.22,4095.98,4072.14,4077.43,12286,7,0
2025-11-17 11:00:00,4077.43,4088.68,4072.22,4082.09,10688,7,0
2025-11-17 12:00:00,4082.15,4089.53,4068.52,4070.3,9691,7,0
2025-11-17 13:00:00,4070.3,4085.91,4061.12,4078.53,10869,7,0
2025-11-17 14:00:00,4078.53,4085.23,4074.7,4077.2,9086,7,0
2025-11-17 15:00:00,4077.2,4092.25,4061.06,4065.36,15162,7,0
2025-11-17 16:00:00,4065.36,4082.03,4060.85,4076.3,17870,7,0
2025-11-17 17:00:00,4076.32,4077.59,4060.77,4064.32,20940,7,0
2025-11-17 18:00:00,4064.19,4073.76,4052.23,4069.98,16564,7,0
2025-11-17 19:00:00,4070.1,4080.94,4069.7,4073.43,12281,7,0
2025-11-17 20:00:00,4073.48,4076.17,4062.34,4062.64,12380,7,0
2025-11-17 21:00:00,4062.64,4065.1,4010.94,4011.22,19122,7,0
2025-11-17 22:00:00,4011.19,4044.08,4006.95,4040.98,16363,7,0
2025-11-17 23:00:00,4040.93,4046.07,4038.88,4045.66,3798,7,0
2025-11-18 01:00:00,4048.02,4055.45,4028.77,4036.86,8009,7,0
2025-11-18 02:00:00,4036.86,4041.37,4027.37,4040.28,10180,7,0
2025-11-18 03:00:00,4040.29,4045.23,4022.66,4024.91,14354,7,0
2025-11-18 04:00:00,4024.89,4035.82,4015.29,4017.61,11894,7,0
2025-11-18 05:00:00,4017.61,4026.4,4008.56,4013.22,11860,7,0
2025-11-18 06:00:00,4013.22,4018.21,4004.68,4010.53,11356,7,0
2025-11-18 07:00:00,4010.53,4025.19,4008.3,4019.01,10303,7,0
2025-11-18 08:00:00,4019.12,4020.49,4007.61,4009.01,11523,7,0
2025-11-18 09:00:00,4008.98,4017.45,3998.08,4013.69,12391,7,0
2025-11-18 10:00:00,4013.69,4042.71,4010.72,4036.83,13380,7,0
2025-11-18 11:00:00,4036.83,4047.25,4030.27,4040.25,10740,7,0
2025-11-18 12:00:00,4040.25,4050.51,4037.59,4044.24,10456,7,0
2025-11-18 13:00:00,4044.24,4050.38,4036.99,4039.51,8552,7,0
2025-11-18 14:00:00,4039.47,4045.04,4029.3,4032.42,12392,7,0
2025-11-18 15:00:00,4032.42,4070.26,4031.28,4065.29,17102,7,0
2025-11-18 16:00:00,4065.24,4081.97,4058.32,4065.87,21136,7,0
2025-11-18 17:00:00,4065.86,4072.45,4049.16,4052.93,22723,7,0
2025-11-18 18:00:00,4052.93,4069.29,4040.43,4066.9,18185,7,0
2025-11-18 19:00:00,4066.9,4075.86,4059.51,4071.42,15051,7,0
2025-11-18 20:00:00,4071.54,4074.74,4063.18,4072.77,12652,7,0
2025-11-18 21:00:00,4072.77,4082.1,4072.72,4081.16,12790,7,0
2025-11-18 22:00:00,4081.17,4082.37,4067.44,4069.56,13518,7,0
2025-11-18 23:00:00,4069.63,4072.36,4064.98,4067.37,3854,7,0
2025-11-19 01:00:00,4066.79,4077.84,4066.0,4076.69,4373,7,0
2025-11-19 02:00:00,4076.66,4078.28,4067.64,4069.44,6753,7,0
2025-11-19 03:00:00,4069.44,4070.44,4056.51,4059.12,11402,7,0
2025-11-19 04:00:00,4059.12,4080.67,4055.7,4075.72,12502,7,0
2025-11-19 05:00:00,4075.72,4078.65,4066.13,4066.94,9345,7,0
2025-11-19 06:00:00,4066.94,4076.99,4064.53,4075.19,7877,7,0
2025-11-19 07:00:00,4075.19,4097.52,4074.36,4095.55,12660,7,0
2025-11-19 08:00:00,4095.55,4098.59,4089.26,4091.07,10414,7,0
2025-11-19 09:00:00,4091.07,4096.96,4084.93,4086.97,9192,7,0
2025-11-19 10:00:00,4086.98,4088.74,4078.33,4083.5,10896,7,0
2025-11-19 11:00:00,4083.23,4116.3,4081.17,4113.43,12497,7,0
2025-11-19 12:00:00,4113.43,4119.09,4107.09,4108.98,12302,7,0
2025-11-19 13:00:00,4108.98,4117.56,4106.57,4112.88,9022,7,0
2025-11-19 14:00:00,4112.88,4119.84,4112.24,4114.59,9015,7,0
2025-11-19 15:00:00,4114.59,4117.77,4100.9,4110.65,17004,7,0
2025-11-19 16:00:00,4110.67,4129.02,4102.17,4128.02,18859,7,0
2025-11-19 17:00:00,4128.02,4132.82,4090.17,4096.57,21773,7,0
2025-11-19 18:00:00,4096.66,4098.59,4067.92,4074.65,23454,7,0
2025-11-19 19:00:00,4074.65,4081.24,4055.67,4078.98,21581,7,0
2025-11-19 20:00:00,4078.98,4091.16,4075.78,4087.32,16535,7,0
2025-11-19 21:00:00,4087.32,4087.36,4069.18,4073.67,16304,7,0
2025-11-19 22:00:00,4073.67,4082.13,4072.31,4076.36,11805,7,0
2025-11-19 23:00:00,4076.36,4084.78,4065.72,4077.93,6332,7,0
2025-11-20 01:00:00,4076.7,4108.32,4076.7,4104.5,7473,7,0
2025-11-20 02:00:00,4104.5,4110.26,4100.47,4103.13,8721,7,0
2025-11-20 03:00:00,4103.13,4109.13,4081.17,4081.46,14493,7,0
2025-11-20 04:00:00,4081.46,4081.56,4039.46,4067.07,16911,7,0
2025-11-20 05:00:00,4067.07,4085.57,4064.85,4072.4,12188,7,0
2025-11-20 06:00:00,4072.46,4080.42,4068.38,4075.68,7621,7,0
2025-11-20 07:00:00,4075.68,4076.03,4064.61,4066.83,10795,7,0
2025-11-20 08:00:00,4066.83,4077.71,4058.73,4068.43,12106,7,0
2025-11-20 09:00:00,4068.32,4076.64,4054.29,4060.1,10567,7,0
2025-11-20 10:00:00,4060.1,4069.47,4038.98,4063.52,15522,7,0
2025-11-20 11:00:00,4063.53,4072.84,4055.6,4064.16,12655,7,0
2025-11-20 12:00:00,4064.18,4068.3,4058.19,4060.07,8053,7,0
2025-11-20 13:00:00,4060.07,4068.31,4051.19,4060.78,9572,7,0
2025-11-20 14:00:00,4060.75,4082.09,4060.14,4081.86,10070,7,0
2025-11-20 15:00:00,4081.86,4096.41,4066.79,4080.51,20222,7,0
2025-11-20 16:00:00,4080.31,4107.22,4072.23,4093.21,20880,7,0
2025-11-20 17:00:00,4093.21,4098.86,4070.27,4070.27,20999,7,0
2025-11-20 18:00:00,4070.33,4082.71,4044.89,4049.22,24176,7,0
2025-11-20 19:00:00,4049.2,4068.46,4043.78,4066.22,24617,7,0
2025-11-20 20:00:00,4066.22,4072.62,4056.3,4060.66,20103,7,0
2025-11-20 21:00:00,4060.64,4087.18,4059.14,4084.68,18004,7,0
2025-11-20 22:00:00,4084.68,4085.12,4073.41,4077.23,14939,7,0
2025-11-20 23:00:00,4077.23,4080.91,4074.33,4077.08,4116,7,0
2025-11-21 01:00:00,4074.71,4088.86,4072.92,4078.94,7271,7,0
2025-11-21 02:00:00,4079.22,4081.24,4071.67,4073.94,6638,7,0
2025-11-21 03:00:00,4073.94,4074.57,4060.63,4068.54,13670,7,0
2025-11-21 04:00:00,4068.56,4079.97,4056.8,4057.34,11194,7,0
2025-11-21 05:00:00,4057.34,4059.47,4049.41,4056.25,12654,7,0
2025-11-21 06:00:00,4056.21,4062.51,4047.96,4052.11,9741,7,0
2025-11-21 07:00:00,4052.11,4059.73,4040.08,4058.54,12070,7,0
2025-11-21 08:00:00,4058.54,4065.04,4029.43,4032.86,13372,7,0
2025-11-21 09:00:00,4032.86,4039.8,4025.02,4031.67,11979,7,0
2025-11-21 10:00:00,4031.67,4048.06,4022.55,4041.09,14093,7,0
2025-11-21 11:00:00,4041.09,4063.5,4040.3,4050.68,13823,7,0
2025-11-21 12:00:00,4050.66,4052.79,4032.5,4037.26,15678,7,0
2025-11-21 13:00:00,4037.26,4046.88,4031.04,4036.72,11227,7,0
2025-11-21 14:00:00,4036.72,4071.87,4034.81,4065.96,18019,7,0
2025-11-21 15:00:00,4065.96,4081.2,4059.35,4079.63,17501,7,0
2025-11-21 16:00:00,4079.63,4083.97,4061.67,4071.84,20580,7,0
2025-11-21 17:00:00,4071.81,4077.01,4055.02,4069.73,23767,7,0
2025-11-21 18:00:00,4069.73,4100.71,4062.97,4099.93,20752,7,0
2025-11-21 19:00:00,4099.92,4101.06,4079.17,4085.59,18488,7,0
2025-11-21 20:00:00,4085.59,4088.39,4076.46,4082.91,16917,7,0
2025-11-21 21:00:00,4082.93,4092.21,4082.78,4087.66,13216,7,0
2025-11-21 22:00:00,4087.66,4088.8,4055.25,4067.61,17265,7,0
2025-11-21 23:00:00,4067.36,4069.14,4054.6,4065.01,5339,7,0
2025-11-24 01:00:00,4069.15,4077.89,4065.77,4075.21,6578,7,0
2025-11-24 02:00:00,4075.21,4076.15,4058.38,4067.39,6868,7,0
2025-11-24 03:00:00,4067.39,4073.21,4042.79,4044.29,14491,7,0
2025-11-24 04:00:00,4044.21,4051.67,4040.72,4043.68,9248,7,0
2025-11-24 05:00:00,4043.68,4058.18,4043.63,4050.13,10263,7,0
2025-11-24 06:00:00,4050.38,4061.19,4042.38,4044.03,9433,7,0
2025-11-24 07:00:00,4044.1,4049.36,4040.09,4046.27,10380,7,0
2025-11-24 08:00:00,4046.27,4058.16,4045.57,4053.43,9790,7,0
2025-11-24 09:00:00,4053.43,4067.65,4051.56,4060.01,9593,7,0
2025-11-24 10:00:00,4060.01,4067.02,4059.68,4063.52,9283,7,0
2025-11-24 11:00:00,4063.52,4074.22,4063.06,4071.86,10863,7,0
2025-11-24 12:00:00,4071.93,4077.2,4063.35,4063.95,8818,7,0
2025-11-24 13:00:00,4063.95,4071.69,4063.19,4070.05,6993,7,0
2025-11-24 14:00:00,4070.05,4084.08,4065.78,4080.27,9644,7,0
2025-11-24 15:00:00,4080.42,4086.01,4073.81,4077.77,13395,7,0
2025-11-24 16:00:00,4077.77,4086.07,4068.45,4081.4,17428,7,0
2025-11-24 17:00:00,4081.4,4093.93,4081.2,4091.8,18578,7,0
2025-11-24 18:00:00,4091.8,4098.93,4089.8,4097.4,13037,7,0
2025-11-24 19:00:00,4097.4,4100.48,4088.99,4093.05,11367,7,0
2025-11-24 20:00:00,4093.05,4125.83,4088.16,4120.56,13352,7,0
2025-11-24 21:00:00,4120.58,4124.21,4113.98,4118.54,10278,7,0
2025-11-24 22:00:00,4118.54,4133.56,4118.04,4132.74,10814,7,0
2025-11-24 23:00:00,4132.72,4140.03,4130.14,4133.95,4313,7,0
2025-11-25 01:00:00,4133.01,4144.29,4125.16,4143.84,6923,7,0
2025-11-25 02:00:00,4143.71,4144.32,4127.67,4129.43,9419,7,0
2025-11-25 03:00:00,4129.43,4139.24,4122.74,4134.79,14958,7,0
2025-11-25 04:00:00,4134.79,4155.87,4132.87,4150.69,12346,7,0
2025-11-25 05:00:00,4150.79,4150.94,4139.63,4143.3,11027,7,0
2025-11-25 06:00:00,4143.3,4148.43,4139.59,4140.77,8094,7,0
2025-11-25 07:00:00,4140.77,4151.98,4140.77,4151.04,8894,7,0
2025-11-25 08:00:00,4151.04,4152.05,4138.83,4141.69,10942,7,0
2025-11-25 09:00:00,4141.68,4146.11,4130.01,4132.5,11908,7,0
2025-11-25 10:00:00,4132.66,4139.45,4109.69,4116.13,11742,7,0
2025-11-25 11:00:00,4116.13,4131.45,4114.13,4128.45,10608,7,0
2025-11-25 12:00:00,4128.45,4138.72,4127.49,4131.27,8299,7,0
2025-11-25 13:00:00,4131.27,4137.39,4127.79,4133.49,8097,7,0
2025-11-25 14:00:00,4133.49,4138.69,4116.1,4129.88,13275,7,0
2025-11-25 15:00:00,4129.88,4150.83,4129.46,4147.85,15321,7,0
2025-11-25 16:00:00,4147.86,4148.74,4111.02,4125.41,19260,7,0
2025-11-25 17:00:00,4125.42,4133.9,4117.85,4123.05,18133,7,0
2025-11-25 18:00:00,4123.05,4141.47,4122.23,4136.38,14036,7,0
2025-11-25 19:00:00,4136.3,4159.33,4136.04,4146.14,17449,7,0
2025-11-25 20:00:00,4146.14,4150.84,4132.69,4134.41,13180,7,0
2025-11-25 21:00:00,4134.32,4140.43,4128.53,4133.76,12404,7,0
2025-11-25 22:00:00,4133.76,4138.48,4130.66,4132.35,9977,7,0
2025-11-25 23:00:00,4132.34,4132.5,4127.55,4130.37,4099,7,0
2025-11-26 01:00:00,4134.61,4136.99,4129.83,4133.77,3415,7,0
2025-11-26 02:00:00,4133.77,4144.33,4132.72,4142.85,5748,7,0
2025-11-26 03:00:00,4142.87,4152.94,4138.61,4148.46,9258,7,0
2025-11-26 04:00:00,4148.46,4166.62,4147.38,4161.64,11308,7,0
2025-11-26 05:00:00,4161.88,4169.33,4160.35,4166.16,7927,7,0
2025-11-26 06:00:00,4166.16,4167.21,4156.48,4162.04,5896,7,0
2025-11-26 07:00:00,4162.04,4168.74,4160.28,4162.43,8488,7,0
2025-11-26 08:00:00,4162.43,4162.92,4146.88,4150.11,9636,7,0
2025-11-26 09:00:00,4150.11,4161.54,4149.26,4157.52,7438,7,0
2025-11-26 10:00:00,4157.52,4168.62,4154.94,4161.24,9642,7,0
2025-11-26 11:00:00,4161.24,4164.69,4156.63,4162.79,7777,7,0
2025-11-26 12:00:00,4162.81,4165.14,4156.13,4160.1,8793,7,0
2025-11-26 13:00:00,4160.1,4173.11,4157.86,4171.59,8227,7,0
2025-11-26 14:00:00,4171.59,4173.44,4148.8,4155.2,11753,7,0
2025-11-26 15:00:00,4155.2,4166.69,4149.21,4153.36,14304,7,0
2025-11-26 16:00:00,4153.36,4156.93,4140.2,4141.97,17219,7,0
2025-11-26 17:00:00,4141.95,4165.76,4136.57,4165.43,17708,7,0
2025-11-26 18:00:00,4165.43,4168.47,4160.73,4167.18,13029,7,0
2025-11-26 19:00:00,4167.18,4169.88,4165.13,4167.18,9026,7,0
2025-11-26 20:00:00,4167.18,4171.69,4158.21,4164.85,11534,7,0
2025-11-26 21:00:00,4164.81,4169.77,4162.53,4163.3,8904,7,0
2025-11-26 22:00:00,4163.3,4167.46,4161.36,4164.01,12033,7,0
2025-11-26 23:00:00,4164.15,4167.52,4162.23,4163.93,4273,7,0
2025-11-27 01:00:00,4163.32,4168.75,4162.25,4164.8,4046,7,0
2025-11-27 02:00:00,4164.8,4167.15,4161.93,4164.57,4852,7,0
2025-11-27 03:00:00,4164.57,4165.47,4148.81,4154.25,13949,7,0
2025-11-27 04:00:00,4154.27,4156.24,4144.64,4145.4,9958,7,0
2025-11-27 05:00:00,4145.4,4150.66,4144.33,4147.46,7946,7,0
2025-11-27 06:00:00,4147.46,4154.74,4142.71,4150.89,7372,7,0
2025-11-27 07:00:00,4150.89,4154.71,4144.88,4147.16,8140,7,0
2025-11-27 08:00:00,4147.16,4159.32,4147.13,4157.58,10547,7,0
2025-11-27 09:00:00,4157.58,4162.53,4155.55,4160.2,9461,7,0
2025-11-27 10:00:00,4160.2,4167.13,4159.62,4165.86,9108,7,0
2025-11-27 11:00:00,4165.86,4165.95,4148.46,4158.62,10380,7,0
2025-11-27 12:00:00,4158.62,4160.53,4152.55,4156.53,8548,7,0
2025-11-27 13:00:00,4156.53,4162.55,4155.94,4157.35,6292,7,0
2025-11-27 14:00:00,4157.35,4159.25,4153.57,4154.03,4717,7,0
2025-11-27 15:00:00,4154.03,4158.06,4149.26,4154.96,10838,7,0
2025-11-27 16:00:00,4154.96,4160.73,4153.05,4153.37,8895,7,0
2025-11-27 17:00:00,4153.37,4161.76,4153.19,4158.01,5803,7,0
2025-11-27 18:00:00,4158.01,4158.42,4151.52,4156.48,4677,7,0
2025-11-27 19:00:00,4156.48,4159.23,4154.91,4157.79,2509,7,0
2025-11-27 20:00:00,4157.79,4159.91,4155.8,4159.26,2469,7,0
2025-11-27 21:00:00,4159.26,4160.52,4156.89,4157.35,1430,7,0
2025-11-28 01:00:00,4155.55,4163.95,4155.55,4163.44,1842,7,0
2025-11-28 02:00:00,4163.44,4182.87,4163.12,4180.69,7641,7,0
2025-11-28 03:00:00,4180.69,4193.08,4180.61,4191.15,11420,7,0
2025-11-28 04:00:00,4191.15,4192.25,4186.0,4189.11,7238,7,0
2025-11-28 05:00:00,4189.3,4191.93,4182.72,4184.25,1477,7,0
2025-11-28 06:00:00,4184.25,4188.82,4175.67,4188.67,2699,7,0
2025-11-28 07:00:00,4188.67,4188.79,4179.45,4182.54,3201,7,0
2025-11-28 08:00:00,4182.54,4188.98,4180.64,4187.61,2096,7,0
2025-11-28 09:00:00,4187.61,4188.15,4173.02,4174.85,1493,7,0
2025-11-28 10:00:00,4174.85,4177.29,4158.09,4165.05,1203,7,0
2025-11-28 14:00:00,4168.22,4176.93,4167.46,4175.57,4884,200,0
2025-11-28 15:00:00,4175.62,4182.08,4167.67,4181.65,7305,200,0
2025-11-28 16:00:00,4181.65,4208.64,4181.65,4197.83,18522,100,0
2025-11-28 17:00:00,4197.78,4203.6,4185.25,4203.36,17542,80,0
2025-11-28 18:00:00,4203.43,4210.57,4197.58,4205.99,16402,50,0
2025-11-28 19:00:00,4206.19,4216.79,4204.32,4216.79,16310,50,0
2025-11-28 20:00:00,4216.76,4226.63,4210.87,4220.19,14002,50,0
2025-11-28 21:00:00,4220.18,4221.63,4216.07,4219.05,7958,50,0
2025-12-01 01:00:00,4220.13,4230.56,4205.52,4221.93,15385,37,0
2025-12-01 02:00:00,4221.73,4233.68,4218.32,4230.83,15866,7,0
2025-12-01 03:00:00,4230.8,4256.33,4219.92,4255.58,22248,7,0
2025-12-01 04:00:00,4255.57,4256.34,4234.53,4242.81,19446,7,0
2025-12-01 05:00:00,4242.81,4243.93,4232.58,4239.34,17111,7,0
2025-12-01 06:00:00,4239.35,4246.97,4236.53,4245.67,13228,7,0
2025-12-01 07:00:00,4245.72,4246.69,4215.51,4229.68,18789,7,0
2025-12-01 08:00:00,4229.67,4240.58,4226.4,4237.0,16567,7,0
2025-12-01 09:00:00,4237.17,4246.64,4231.74,4245.37,14996,7,0
2025-12-01 10:00:00,4245.4,4253.67,4238.51,4244.72,16040,7,0
2025-12-01 11:00:00,4244.73,4251.87,4243.8,4250.06,14400,7,0
2025-12-01 12:00:00,4250.06,4262.35,4249.18,4255.63,15254,7,0
2025-12-01 13:00:00,4255.63,4258.51,4248.31,4254.6,14704,7,0
2025-12-01 14:00:00,4254.62,4256.62,4244.32,4246.56,16932,7,0
2025-12-01 15:00:00,4246.57,4264.55,4245.83,4247.44,19817,7,0
2025-12-01 16:00:00,4247.45,4249.32,4219.65,4240.24,23382,7,0
2025-12-01 17:00:00,4240.21,4245.02,4219.58,4232.57,24077,7,0
2025-12-01 18:00:00,4232.55,4242.39,4225.26,4226.15,23203,7,0
2025-12-01 19:00:00,4226.21,4240.13,4223.4,4232.38,19947,7,0
2025-12-01 20:00:00,4232.53,4244.66,4232.49,4240.3,18046,7,0
2025-12-01 21:00:00,4240.3,4243.77,4229.38,4237.04,18080,7,0
2025-12-01 22:00:00,4237.03,4241.62,4234.45,4237.42,15503,7,0
2025-12-01 23:00:00,4237.47,4240.54,4230.15,4232.08,8228,7,0
2025-12-02 01:00:00,4231.53,4236.03,4224.44,4227.62,9523,7,0
2025-12-02 02:00:00,4227.74,4229.72,4221.65,4226.84,12782,7,0
2025-12-02 03:00:00,4226.84,4227.21,4198.71,4219.69,20316,7,0
2025-12-02 04:00:00,4219.69,4224.51,4214.66,4221.47,14717,7,0
2025-12-02 05:00:00,4221.54,4226.37,4215.86,4216.84,13391,7,0
2025-12-02 06:00:00,4216.86,4220.6,4214.1,4218.78,10678,7,0
2025-12-02 07:00:00,4218.78,4225.37,4215.28,4225.13,13047,7,0
2025-12-02 08:00:00,4225.12,4226.29,4203.49,4212.9,15959,7,0
2025-12-02 09:00:00,4212.93,4219.35,4209.7,4213.35,11198,7,0
2025-12-02 10:00:00,4213.38,4217.22,4207.17,4210.28,12747,7,0
2025-12-02 11:00:00,4210.28,4213.16,4181.24,4192.05,15056,7,0
2025-12-02 12:00:00,4192.05,4192.36,4182.44,4185.74,12643,7,0
2025-12-02 13:00:00,4185.73,4205.99,4184.95,4205.38,11911,7,0
2025-12-02 14:00:00,4205.42,4209.62,4201.06,4208.69,11127,7,0
2025-12-02 15:00:00,4208.81,4215.34,4202.16,4212.51,17962,7,0
2025-12-02 16:00:00,4212.49,4230.65,4212.35,4219.1,22699,7,0
2025-12-02 17:00:00,4219.02,4219.64,4163.76,4169.4,24638,7,0
2025-12-02 18:00:00,4169.46,4190.31,4167.13,4184.78,21709,7,0
2025-12-02 19:00:00,4184.75,4196.88,4184.66,4193.88,16766,7,0
2025-12-02 20:00:00,4193.87,4196.85,4183.33,4190.89,16823,7,0
2025-12-02 21:00:00,4190.91,4200.54,4190.91,4196.62,14072,7,0
2025-12-02 22:00:00,4196.61,4212.43,4194.95,4210.32,14402,7,0
2025-12-02 23:00:00,4210.22,4211.87,4205.28,4205.72,6847,7,0
2025-12-03 01:00:00,4206.69,4216.17,4202.8,4212.74,10168,7,0
2025-12-03 02:00:00,4212.77,4212.87,4204.55,4211.84,13489,7,0
2025-12-03 03:00:00,4211.89,4221.17,4211.69,4214.5,18395,7,0
2025-12-03 04:00:00,4214.51,4228.86,4214.28,4226.69,15563,7,0
2025-12-03 05:00:00,4226.67,4227.54,4220.17,4221.14,12464,7,0
2025-12-03 06:00:00,4221.13,4225.3,4217.38,4222.37,9540,7,0
2025-12-03 07:00:00,4222.38,4224.01,4203.66,4207.79,16238,7,0
2025-12-03 08:00:00,4207.84,4211.87,4204.95,4208.24,15340,7,0
2025-12-03 09:00:00,4208.23,4210.38,4200.27,4206.43,12812,7,0
2025-12-03 10:00:00,4206.41,4210.14,4203.88,4206.47,13923,7,0
2025-12-03 11:00:00,4206.46,4207.6,4197.16,4202.19,12713,7,0
2025-12-03 12:00:00,4202.19,4204.87,4194.56,4200.64,14305,7,0
2025-12-03 13:00:00,4200.61,4209.2,4197.12,4208.75,12108,7,0
2025-12-03 14:00:00,4208.79,4214.37,4205.29,4213.53,13649,7,0
2025-12-03 15:00:00,4213.55,4238.42,4211.47,4237.32,19823,7,0
2025-12-03 16:00:00,4237.24,4241.67,4205.24,4212.52,24326,7,0
2025-12-03 17:00:00,4212.58,4229.44,4206.05,4216.41,21853,7,0
2025-12-03 18:00:00,4216.4,4225.2,4195.85,4200.91,20813,7,0
2025-12-03 19:00:00,4200.85,4215.39,4200.38,4211.2,18518,7,0
2025-12-03 20:00:00,4211.2,4211.57,4195.35,4197.0,18283,7,0
2025-12-03 21:00:00,4197.0,4209.99,4196.99,4207.93,14894,7,0
2025-12-03 22:00:00,4207.93,4212.76,4203.81,4206.36,14683,7,0
2025-12-03 23:00:00,4206.36,4210.11,4202.75,4202.82,7792,7,0
2025-12-04 01:00:00,4220.28,4220.28,4202.71,4207.22,6669,7,0
2025-12-04 02:00:00,4207.4,4215.8,4204.54,4211.69,11118,7,0
2025-12-04 03:00:00,4211.67,4216.85,4205.86,4209.32,19121,7,0
2025-12-04 04:00:00,4209.35,4209.35,4199.03,4200.63,16857,7,0
2025-12-04 05:00:00,4200.6,4201.67,4187.6,4195.87,16034,7,0
2025-12-04 06:00:00,4195.89,4199.18,4192.84,4196.97,11752,7,0
2025-12-04 07:00:00,4196.99,4199.09,4175.21,4181.17,16878,7,0
2025-12-04 08:00:00,4181.21,4190.32,4178.74,4190.23,18133,7,0
2025-12-04 09:00:00,4190.52,4195.06,4186.65,4193.71,12735,7,0
2025-12-04 10:00:00,4193.72,4196.4,4184.94,4184.94,17063,7,0
2025-12-04 11:00:00,4185.01,4202.31,4183.56,4199.99,16704,7,0
2025-12-04 12:00:00,4200.03,4202.7,4196.68,4197.34,14562,7,0
2025-12-04 13:00:00,4197.4,4206.57,4197.26,4198.65,13857,7,0
2025-12-04 14:00:00,4198.62,4201.84,4188.71,4190.52,16324,7,0
2025-12-04 15:00:00,4190.51,4198.48,4185.66,4198.33,20835,7,0
2025-12-04 16:00:00,4198.29,4213.35,4193.66,4201.37,22724,7,0
2025-12-04 17:00:00,4201.41,4210.22,4191.49,4207.55,22633,7,0
2025-12-04 18:00:00,4207.5,4219.33,4206.76,4215.75,20229,7,0
2025-12-04 19:00:00,4215.75,4217.61,4208.85,4216.54,16877,7,0
2025-12-04 20:00:00,4216.49,4217.48,4207.39,4207.98,17474,7,0
2025-12-04 21:00:00,4208.04,4210.23,4199.69,4208.94,17702,7,0
2025-12-04 22:00:00,4208.99,4210.41,4205.48,4209.96,16062,7,0
2025-12-04 23:00:00,4209.97,4210.34,4207.89,4208.65,7049,7,0
2025-12-05 01:00:00,4207.48,4209.79,4203.84,4206.07,7848,7,0
2025-12-05 02:00:00,4206.1,4210.45,4201.35,4201.88,11409,7,0
2025-12-05 03:00:00,4201.86,4204.49,4194.84,4203.16,18339,7,0
2025-12-05 04:00:00,4203.14,4208.52,4196.82,4207.33,15925,7,0
2025-12-05 05:00:00,4207.34,4211.01,4201.88,4209.55,14428,7,0
2025-12-05 06:00:00,4209.58,4217.47,4208.07,4216.8,12040,7,0
2025-12-05 07:00:00,4216.81,4221.21,4214.39,4220.45,14329,7,0
2025-12-05 08:00:00,4220.39,4229.25,4218.7,4224.48,16755,7,0
2025-12-05 09:00:00,4224.54,4230.83,4222.53,4224.52,12650,7,0
2025-12-05 10:00:00,4224.51,4227.13,4220.59,4220.59,13862,7,0
2025-12-05 11:00:00,4220.59,4225.14,4215.98,4223.42,12245,7,0
2025-12-05 12:00:00,4223.4,4227.54,4222.53,4222.84,10710,7,0
2025-12-05 13:00:00,4222.87,4225.77,4220.01,4223.67,10444,7,0
2025-12-05 14:00:00,4223.7,4229.71,4222.9,4228.83,14139,7,0
2025-12-05 15:00:00,4228.81,4239.0,4221.62,4234.57,20152,7,0
2025-12-05 16:00:00,4234.6,4245.6,4228.55,4242.01,21338,7,0
2025-12-05 17:00:00,4242.19,4259.35,4234.28,4243.74,22619,7,0
2025-12-05 18:00:00,4243.73,4245.84,4198.76,4214.35,24572,7,0
2025-12-05 19:00:00,4214.2,4219.76,4206.66,4217.64,19922,7,0
2025-12-05 20:00:00,4217.57,4219.22,4206.76,4208.88,18427,7,0
2025-12-05 21:00:00,4208.89,4210.87,4202.41,4207.63,16193,7,0
2025-12-05 22:00:00,4207.63,4207.84,4199.4,4202.18,18365,7,0
2025-12-05 23:00:00,4202.15,4202.48,4192.05,4199.12,11774,7,0
2025-12-08 01:00:00,4196.01,4208.7,4195.45,4201.44,9782,7,0
2025-12-08 02:00:00,4201.36,4211.69,4199.51,4210.9,14453,7,0
2025-12-08 03:00:00,4210.9,4211.83,4197.55,4201.2,23708,7,0
2025-12-08 04:00:00,4201.18,4212.47,4198.5,4208.51,19657,7,0
2025-12-08 05:00:00,4208.48,4213.12,4206.74,4210.09,16015,7,0
2025-12-08 06:00:00,4210.09,4213.23,4207.03,4208.54,11928,7,0
2025-12-08 07:00:00,4208.55,4217.17,4204.65,4217.1,15480,7,0
2025-12-08 08:00:00,4217.1,4219.0,4212.3,4217.05,17247,7,0
2025-12-08 09:00:00,4217.05,4217.42,4206.35,4206.91,15895,7,0
2025-12-08 10:00:00,4206.95,4216.62,4203.18,4209.76,16699,7,0
2025-12-08 11:00:00,4209.76,4212.8,4204.36,4208.09,16078,7,0
2025-12-08 12:00:00,4208.07,4210.36,4201.21,4203.57,13814,7,0
2025-12-08 13:00:00,4203.55,4214.25,4199.69,4208.59,14071,7,0
2025-12-08 14:00:00,4208.59,4215.47,4208.52,4213.81,13644,7,0
2025-12-08 15:00:00,4213.85,4214.72,4197.93,4201.74,23109,7,0
2025-12-08 16:00:00,4201.76,4211.59,4195.66,4196.5,24031,7,0
2025-12-08 17:00:00,4196.58,4196.77,4176.39,4182.93,25522,7,0
2025-12-08 18:00:00,4182.93,4197.78,4177.09,4191.6,22417,7,0
2025-12-08 19:00:00,4191.57,4195.71,4185.6,4194.95,18933,7,0
2025-12-08 20:00:00,4194.94,4195.67,4184.51,4187.23,18589,7,0
2025-12-08 21:00:00,4187.22,4188.94,4184.21,4187.05,16549,7,0
2025-12-08 22:00:00,4187.12,4195.62,4184.95,4191.6,17861,7,0
2025-12-08 23:00:00,4191.56,4193.26,4188.34,4190.65,7766,7,0
2025-12-09 01:00:00,4190.17,4195.36,4189.67,4194.76,6477,7,0
2025-12-09 02:00:00,4194.74,4195.67,4189.99,4190.54,9990,7,0
2025-12-09 03:00:00,4190.47,4197.34,4188.91,4196.28,18608,7,0
2025-12-09 04:00:00,4196.25,4197.26,4186.08,4189.97,16433,7,0
2025-12-09 05:00:00,4189.94,4198.77,4189.94,4194.59,14477,7,0
2025-12-09 06:00:00,4194.59,4195.72,4184.75,4186.94,13757,7,0
2025-12-09 07:00:00,4186.93,4187.34,4178.23,4179.83,17863,7,0
2025-12-09 08:00:00,4179.83,4184.12,4170.13,4182.03,19622,7,0
2025-12-09 09:00:00,4182.07,4185.82,4176.02,4182.47,17151,7,0
2025-12-09 10:00:00,4182.43,4191.9,4182.43,4191.77,15703,7,0
2025-12-09 11:00:00,4191.75,4212.89,4190.86,4202.93,21508,7,0
2025-12-09 12:00:00,4202.92,4208.38,4201.31,4203.97,17156,7,0
2025-12-09 13:00:00,4203.96,4206.5,4201.25,4203.12,13740,7,0
2025-12-09 14:00:00,4203.11,4207.56,4198.56,4204.29,14300,7,0
2025-12-09 15:00:00,4204.28,4208.24,4195.8,4201.41,22951,7,0
2025-12-09 16:00:00,4201.39,4210.36,4189.58,4204.84,24977,7,0
2025-12-09 17:00:00,4204.93,4216.38,4190.07,4212.57,27305,7,0
2025-12-09 18:00:00,4212.63,4221.3,4210.19,4212.33,25230,7,0
2025-12-09 19:00:00,4212.31,4216.29,4201.69,4203.1,21901,7,0
2025-12-09 20:00:00,4203.08,4209.77,4201.41,4209.04,19609,7,0
2025-12-09 21:00:00,4209.04,4214.46,4207.25,4212.58,17571,7,0
2025-12-09 22:00:00,4212.6,4216.08,4209.03,4212.19,18503,7,0
2025-12-09 23:00:00,4212.22,4213.01,4207.29,4208.47,11817,7,0
2025-12-10 01:00:00,4207.45,4213.07,4205.62,4210.8,7154,7,0
2025-12-10 02:00:00,4210.92,4212.66,4207.13,4208.45,9566,7,0
2025-12-10 03:00:00,4208.45,4218.08,4207.0,4213.86,21427,7,0
2025-12-10 04:00:00,4213.86,4218.86,4211.61,4217.12,16015,7,0
2025-12-10 05:00:00,4217.1,4217.2,4203.79,4206.41,16032,7,0
2025-12-10 06:00:00,4206.41,4209.72,4205.51,4207.07,9026,7,0
2025-12-10 07:00:00,4207.07,4214.51,4201.82,4211.44,15187,7,0
2025-12-10 08:00:00,4211.44,4211.77,4203.15,4207.45,17604,7,0
2025-12-10 09:00:00,4207.45,4209.33,4203.25,4203.34,14214,7,0
2025-12-10 10:00:00,4203.34,4206.56,4197.14,4198.01,16779,7,0
2025-12-10 11:00:00,4198.01,4200.59,4192.73,4194.37,17718,7,0
2025-12-10 12:00:00,4194.35,4196.36,4187.84,4193.31,17889,7,0
2025-12-10 13:00:00,4193.31,4197.84,4192.6,4197.28,14154,7,0
2025-12-10 14:00:00,4197.34,4202.24,4195.39,4196.43,15113,7,0
2025-12-10 15:00:00,4196.43,4205.12,4193.12,4200.76,22311,7,0
2025-12-10 16:00:00,4200.76,4207.0,4191.52,4192.54,24786,7,0
2025-12-10 17:00:00,4192.54,4201.26,4188.96,4193.79,24399,7,0
2025-12-10 18:00:00,4193.79,4205.09,4193.06,4204.77,20038,7,0
2025-12-10 19:00:00,4204.77,4204.82,4197.03,4199.79,18576,7,0
2025-12-10 20:00:00,4199.74,4200.77,4192.1,4194.59,17585,7,0
2025-12-10 21:00:00,4194.52,4219.85,4181.87,4216.64,30233,7,0
2025-12-10 22:00:00,4216.61,4238.79,4211.18,4229.97,27379,7,0
2025-12-10 23:00:00,4229.89,4232.56,4221.31,4228.58,11942,7,0
2025-12-11 01:00:00,4228.2,4234.08,4224.06,4232.41,9565,7,0
2025-12-11 02:00:00,4232.48,4245.18,4231.43,4237.21,15356,7,0
2025-12-11 03:00:00,4237.21,4247.76,4233.08,4238.35,22400,7,0
2025-12-11 04:00:00,4238.37,4240.84,4220.67,4222.36,19618,7,0
2025-12-11 05:00:00,4222.36,4225.03,4209.43,4216.8,19748,7,0
2025-12-11 06:00:00,4216.8,4218.38,4208.61,4213.57,14389,7,0
2025-12-11 07:00:00,4213.57,4216.32,4206.17,4207.52,15532,7,0
2025-12-11 08:00:00,4207.51,4215.46,4204.26,4214.51,17507,7,0
2025-12-11 09:00:00,4214.51,4218.5,4210.67,4216.02,13319,7,0
2025-12-11 10:00:00,4216.03,4219.72,4212.94,4216.61,15268,7,0
2025-12-11 11:00:00,4216.65,4221.58,4210.49,4218.51,15059,7,0
2025-12-11 12:00:00,4218.51,4225.98,4211.71,4217.01,15238,7,0
2025-12-11 13:00:00,4217.01,4219.08,4209.86,4211.37,11951,7,0
2025-12-11 14:00:00,4211.3,4220.52,4208.78,4220.49,14890,7,0
2025-12-11 15:00:00,4220.49,4223.38,4205.29,4220.98,22453,7,0
2025-12-11 16:00:00,4220.98,4244.56,4217.98,4230.18,25735,7,0
2025-12-11 17:00:00,4230.18,4261.6,4226.25,4255.93,26647,7,0
2025-12-11 18:00:00,4256.0,4279.04,4250.22,4273.69,25279,7,0
2025-12-11 19:00:00,4273.77,4281.87,4272.23,4278.75,22970,7,0
2025-12-11 20:00:00,4278.75,4285.9,4266.77,4268.24,20727,7,0
2025-12-11 21:00:00,4268.26,4277.71,4263.21,4273.61,19285,7,0
2025-12-11 22:00:00,4273.62,4276.44,4264.37,4276.35,19249,7,0
2025-12-11 23:00:00,4276.3,4283.7,4272.72,4280.08,8785,7,0
2025-12-12 01:00:00,4280.53,4283.56,4272.66,4276.43,9689,7,0
2025-12-12 02:00:00,4276.37,4280.18,4268.88,4269.47,12864,7,0
2025-12-12 03:00:00,4269.47,4276.23,4264.67,4271.16,22412,7,0
2025-12-12 04:00:00,4271.11,4276.88,4269.39,4270.46,18181,7,0
2025-12-12 05:00:00,4270.48,4274.64,4268.82,4270.62,14148,7,0
2025-12-12 06:00:00,4270.62,4271.09,4266.33,4266.5,11170,7,0
2025-12-12 07:00:00,4266.5,4280.55,4266.14,4279.03,15288,7,0
2025-12-12 08:00:00,4279.0,4283.23,4276.65,4282.87,16750,7,0
2025-12-12 09:00:00,4282.86,4290.46,4281.5,4287.19,14869,7,0
2025-12-12 10:00:00,4287.11,4309.48,4287.08,4308.16,18238,7,0
2025-12-12 11:00:00,4308.16,4320.46,4307.01,4318.31,19806,7,0
2025-12-12 12:00:00,4318.31,4331.01,4314.83,4329.82,18427,7,0
2025-12-12 13:00:00,4329.82,4339.27,4327.05,4336.38,18268,7,0
2025-12-12 14:00:00,4336.39,4339.24,4324.84,4325.9,18908,7,0
2025-12-12 15:00:00,4325.86,4346.22,4321.47,4341.11,24576,7,0
2025-12-12 16:00:00,4341.11,4353.58,4331.08,4347.14,26605,7,0
2025-12-12 17:00:00,4347.16,4351.48,4283.18,4290.46,30200,7,0
2025-12-12 18:00:00,4290.25,4296.26,4257.75,4281.94,30157,7,0
2025-12-12 19:00:00,4281.97,4298.37,4271.12,4294.36,26277,7,0
2025-12-12 20:00:00,4294.37,4303.62,4290.66,4294.96,22890,7,0
2025-12-12 21:00:00,4294.94,4299.82,4289.89,4296.64,19134,7,0
2025-12-12 22:00:00,4296.63,4302.99,4288.61,4299.46,19815,7,0
2025-12-12 23:00:00,4299.4,4304.25,4298.29,4300.11,9910,7,0
2025-12-15 01:00:00,4299.18,4308.39,4293.8,4302.48,12577,7,0
2025-12-15 02:00:00,4302.42,4308.12,4300.21,4307.58,10829,7,0
2025-12-15 03:00:00,4307.58,4325.75,4305.81,4322.64,21725,7,0
2025-12-15 04:00:00,4322.58,4329.22,4320.93,4326.53,17573,7,0
2025-12-15 05:00:00,4326.51,4329.74,4319.49,4327.24,17278,7,0
2025-12-15 06:00:00,4327.24,4330.08,4323.26,4326.12,12880,7,0
2025-12-15 07:00:00,4326.12,4344.46,4325.04,4343.62,16644,7,0
2025-12-15 08:00:00,4343.64,4347.37,4339.75,4343.63,17955,7,0
2025-12-15 09:00:00,4343.6,4344.81,4333.63,4339.29,16341,7,0
2025-12-15 10:00:00,4339.29,4349.02,4338.91,4347.21,16027,7,0
2025-12-15 11:00:00,4347.05,4350.34,4342.43,4342.54,15531,7,0
2025-12-15 12:00:00,4342.54,4348.29,4337.77,4339.74,14749,7,0
2025-12-15 13:00:00,4339.75,4343.68,4335.4,4342.83,13554,7,0
2025-12-15 14:00:00,4342.83,4348.38,4342.71,4345.8,15621,7,0
2025-12-15 15:00:00,4345.8,4346.31,4330.9,4332.21,23218,7,0
2025-12-15 16:00:00,4332.23,4336.68,4317.56,4323.85,27221,7,0
2025-12-15 17:00:00,4323.83,4327.88,4311.78,4318.28,28725,7,0
2025-12-15 18:00:00,4318.26,4318.85,4285.46,4297.62,28472,7,0
2025-12-15 19:00:00,4297.61,4306.62,4290.81,4304.47,24043,7,0
2025-12-15 20:00:00,4304.45,4313.71,4300.02,4313.2,20864,7,0
2025-12-15 21:00:00,4313.2,4317.78,4307.98,4314.14,18830,7,0
2025-12-15 22:00:00,4314.15,4314.38,4299.63,4304.48,19731,7,0
2025-12-15 23:00:00,4304.46,4305.85,4300.75,4305.45,8102,7,0
2025-12-16 01:00:00,4304.33,4309.8,4303.42,4304.18,9279,7,0
2025-12-16 02:00:00,4304.18,4313.34,4302.85,4307.91,13869,7,0
2025-12-16 03:00:00,4307.91,4317.91,4299.19,4308.86,23165,7,0
2025-12-16 04:00:00,4308.86,4312.26,4286.74,4289.8,21183,7,0
2025-12-16 05:00:00,4289.8,4294.54,4280.77,4290.96,21509,7,0
2025-12-16 06:00:00,4290.96,4292.3,4286.7,4289.15,13696,7,0
2025-12-16 07:00:00,4289.2,4292.34,4271.64,4284.12,19390,7,0
2025-12-16 08:00:00,4284.12,4292.22,4282.71,4289.35,18040,7,0
2025-12-16 09:00:00,4289.34,4289.93,4279.75,4287.73,16146,7,0
2025-12-16 10:00:00,4287.71,4289.39,4275.56,4284.74,17524,7,0
2025-12-16 11:00:00,4284.74,4285.94,4276.52,4280.39,14358,7,0
2025-12-16 12:00:00,4280.48,4284.31,4274.92,4277.37,14964,7,0
2025-12-16 13:00:00,4277.36,4279.68,4273.86,4278.52,13432,7,0
2025-12-16 14:00:00,4278.54,4294.91,4276.84,4294.54,17213,7,0
2025-12-16 15:00:00,4294.55,4313.3,4290.93,4313.06,24360,7,0
2025-12-16 16:00:00,4313.06,4332.27,4311.44,4324.6,27268,7,0
2025-12-16 17:00:00,4324.52,4335.06,4312.49,4319.79,27931,7,0
2025-12-16 18:00:00,4319.8,4323.24,4291.25,4300.62,26216,7,0
2025-12-16 19:00:00,4300.58,4310.9,4300.21,4303.66,22251,7,0
2025-12-16 20:00:00,4303.63,4313.56,4298.22,4311.31,22426,7,0
2025-12-16 21:00:00,4311.37,4316.01,4297.29,4310.74,20654,7,0
2025-12-16 22:00:00,4310.74,4314.55,4302.8,4304.77,17116,7,0
2025-12-16 23:00:00,4304.76,4305.59,4300.73,4302.32,7408,7,0
2025-12-17 01:00:00,4302.56,4309.2,4301.56,4307.97,7177,7,0
2025-12-17 02:00:00,4307.86,4315.09,4307.53,4313.28,9226,7,0
2025-12-17 03:00:00,4313.28,4326.84,4311.47,4326.72,24282,7,0
2025-12-17 04:00:00,4326.72,4327.84,4311.2,4314.35,20575,7,0
2025-12-17 05:00:00,4314.31,4325.22,4312.74,4323.79,18744,7,0
2025-12-17 06:00:00,4323.79,4331.6,4320.63,4329.71,14279,7,0
2025-12-17 07:00:00,4329.7,4342.4,4328.03,4333.97,19651,7,0
2025-12-17 08:00:00,4333.97,4337.77,4324.92,4328.78,18884,7,0
2025-12-17 09:00:00,4328.76,4328.8,4315.65,4318.0,17535,7,0
2025-12-17 10:00:00,4318.0,4320.96,4308.52,4319.2,18086,7,0
2025-12-17 11:00:00,4319.2,4323.32,4316.0,4316.97,13994,7,0
2025-12-17 12:00:00,4316.95,4322.33,4306.74,4317.74,14789,7,0
2025-12-17 13:00:00,4317.73,4320.55,4315.1,4316.44,13144,7,0
2025-12-17 14:00:00,4316.44,4323.2,4315.03,4317.48,14250,7,0
2025-12-17 15:00:00,4317.49,4344.12,4315.19,4342.15,24034,7,0
2025-12-17 16:00:00,4342.15,4346.03,4322.99,4338.3,28743,7,0
2025-12-17 17:00:00,4338.3,4349.0,4324.34,4330.28,29124,7,0
2025-12-17 18:00:00,4330.29,4337.7,4320.42,4333.66,27562,7,0
2025-12-17 19:00:00,4333.62,4342.45,4328.56,4342.42,24998,7,0
2025-12-17 20:00:00,4342.42,4346.41,4329.0,4336.18,24839,7,0
2025-12-17 21:00:00,4336.15,4341.08,4330.32,4337.07,20552,7,0
2025-12-17 22:00:00,4337.07,4346.03,4335.22,4341.38,19607,7,0
2025-12-17 23:00:00,4341.41,4346.24,4338.34,4338.57,8860,7,0
2025-12-18 01:00:00,4337.5,4343.2,4335.74,4339.13,9142,7,0
2025-12-18 02:00:00,4339.33,4342.99,4333.09,4334.82,13659,7,0
2025-12-18 03:00:00,4334.81,4337.05,4324.54,4331.65,22831,7,0
2025-12-18 04:00:00,4331.63,4337.77,4329.95,4333.28,19116,7,0
2025-12-18 05:00:00,4333.28,4336.8,4330.97,4333.16,16989,7,0
2025-12-18 06:00:00,4333.22,4333.58,4328.65,4331.95,13581,7,0
2025-12-18 07:00:00,4331.97,4337.47,4331.19,4333.26,17359,7,0
2025-12-18 08:00:00,4333.26,4336.18,4330.76,4334.04,18594,7,0
2025-12-18 09:00:00,4334.0,4337.78,4330.11,4331.57,13063,7,0
2025-12-18 10:00:00,4331.57,4332.62,4322.32,4326.64,15034,7,0
2025-12-18 11:00:00,4326.64,4328.63,4320.91,4323.52,15321,7,0
2025-12-18 12:00:00,4323.52,4327.64,4322.1,4325.3,12602,7,0
2025-12-18 13:00:00,4325.34,4328.72,4324.41,4325.67,11063,7,0
2025-12-18 14:00:00,4325.67,4326.68,4317.44,4320.9,13954,7,0
2025-12-18 15:00:00,4320.9,4343.01,4314.52,4336.64,24511,7,0
2025-12-18 16:00:00,4336.61,4341.48,4308.69,4328.57,28357,7,0
2025-12-18 17:00:00,4328.52,4341.63,4325.04,4338.17,28182,7,0
2025-12-18 18:00:00,4338.17,4374.63,4337.92,4360.4,27488,7,0
2025-12-18 19:00:00,4360.4,4363.51,4322.01,4333.27,28514,7,0
2025-12-18 20:00:00,4333.32,4341.31,4325.73,4331.8,23985,7,0
2025-12-18 21:00:00,4331.78,4334.76,4322.93,4324.97,22694,7,0
2025-12-18 22:00:00,4325.02,4338.32,4324.66,4335.02,21876,7,0
2025-12-18 23:00:00,4334.99,4334.99,4328.68,4332.41,9034,7,0
2025-12-19 01:00:00,4334.29,4336.92,4332.23,4335.15,6898,7,0
2025-12-19 02:00:00,4335.28,4335.8,4325.76,4326.14,10034,7,0
2025-12-19 03:00:00,4326.14,4328.39,4309.35,4323.35,22012,7,0
2025-12-19 04:00:00,4323.36,4327.96,4314.28,4316.77,15372,7,0
2025-12-19 05:00:00,4316.76,4322.48,4312.75,4318.06,15073,7,0
2025-12-19 06:00:00,4318.06,4323.02,4317.03,4322.83,11422,7,0
2025-12-19 07:00:00,4322.83,4329.09,4317.65,4325.98,15172,7,0
2025-12-19 08:00:00,4325.98,4329.51,4321.72,4326.49,16817,7,0
2025-12-19 09:00:00,4326.49,4329.66,4321.81,4322.71,13462,7,0
2025-12-19 10:00:00,4322.7,4331.11,4321.14,4326.06,13779,7,0
2025-12-19 11:00:00,4326.06,4333.68,4324.45,4329.48,12707,7,0
2025-12-19 12:00:00,4329.49,4331.8,4322.51,4327.84,13593,7,0
2025-12-19 13:00:00,4327.9,4329.52,4325.24,4327.3,14000,7,0
2025-12-19 14:00:00,4327.29,4328.95,4320.75,4326.82,14893,7,0
2025-12-19 15:00:00,4326.82,4335.4,4326.16,4328.46,20919,7,0
2025-12-19 16:00:00,4328.47,4337.96,4319.84,4332.6,25700,7,0
2025-12-19 17:00:00,4332.58,4349.19,4332.12,4347.87,26079,7,0
2025-12-19 18:00:00,4347.87,4354.78,4342.08,4349.85,23748,7,0
2025-12-19 19:00:00,4349.83,4356.0,4347.08,4353.45,19634,8,0
2025-12-19 20:00:00,4353.45,4356.52,4343.21,4348.69,19083,8,0
2025-12-19 21:00:00,4348.69,4350.7,4345.24,4345.34,13561,8,0
2025-12-19 22:00:00,4345.34,4346.41,4336.91,4339.6,16815,8,0
2025-12-19 23:00:00,4339.6,4340.25,4336.73,4338.53,6874,8,0
2025-12-22 01:00:00,4339.16,4356.42,4338.12,4355.2,11815,8,0
2025-12-22 02:00:00,4355.21,4366.24,4355.14,4364.96,13286,8,0
2025-12-22 03:00:00,4364.96,4384.83,4361.35,4382.99,21897,8,0
2025-12-22 04:00:00,4383.0,4388.73,4378.63,4385.92,17730,8,0
2025-12-22 05:00:00,4386.0,4394.96,4384.33,4392.68,14023,8,0
2025-12-22 06:00:00,4392.71,4400.86,4391.45,4398.48,10913,8,0
2025-12-22 07:00:00,4398.47,4409.54,4396.74,4400.09,17271,7,0
2025-12-22 08:00:00,4400.1,4419.93,4398.89,4419.24,18218,7,0
2025-12-22 09:00:00,4419.24,4420.26,4410.56,4414.46,13633,8,0
2025-12-22 10:00:00,4414.46,4415.01,4406.25,4408.35,13995,8,0
2025-12-22 11:00:00,4408.36,4414.85,4408.09,4411.13,10339,8,0
2025-12-22 12:00:00,4411.15,4415.86,4406.21,4408.71,11407,8,0
2025-12-22 13:00:00,4408.73,4411.78,4406.2,4410.43,11728,8,0
2025-12-22 14:00:00,4410.44,4416.0,4406.37,4415.67,14971,8,0
2025-12-22 15:00:00,4415.69,4427.4,4413.48,4423.7,22105,8,0
2025-12-22 16:00:00,4423.7,4429.08,4414.86,4419.31,23830,8,0
2025-12-22 17:00:00,4419.29,4435.67,4412.09,4431.9,24933,8,0
2025-12-22 18:00:00,4431.89,4442.17,4428.22,4438.84,21075,8,0
2025-12-22 19:00:00,4438.84,4442.06,4432.18,4438.53,16520,8,0
2025-12-22 20:00:00,4438.55,4439.13,4429.5,4435.3,14346,8,0
2025-12-22 21:00:00,4435.3,4435.94,4428.91,4433.62,13608,8,0
2025-12-22 22:00:00,4433.62,4439.28,4431.89,4438.71,13783,8,0
2025-12-22 23:00:00,4438.73,4449.27,4438.61,4443.76,10235,8,0
2025-12-23 01:00:00,4447.71,4461.66,4445.11,4460.17,12211,8,0
2025-12-23 02:00:00,4460.19,4470.61,4458.18,4470.57,11599,8,0
2025-12-23 03:00:00,4470.57,4490.84,4469.77,4486.81,22959,8,0
2025-12-23 04:00:00,4486.81,4497.79,4481.26,4493.49,18040,8,0
2025-12-23 05:00:00,4493.49,4496.65,4483.04,4486.96,18579,8,0
2025-12-23 06:00:00,4486.96,4488.42,4478.97,4482.64,12950,8,0
2025-12-23 07:00:00,4482.55,4485.62,4474.99,4475.29,18188,8,0
2025-12-23 08:00:00,4475.32,4481.56,4469.52,4481.48,17050,8,0
2025-12-23 09:00:00,4481.48,4489.68,4478.49,4486.75,14531,8,0
2025-12-23 10:00:00,4486.78,4493.34,4484.98,4489.99,14591,8,0
2025-12-23 11:00:00,4489.99,4491.27,4478.18,4480.5,14844,8,0
2025-12-23 12:00:00,4480.5,4487.61,4479.59,4484.32,13332,8,0
2025-12-23 13:00:00,4484.33,4494.32,4483.19,4493.57,12132,8,0
2025-12-23 14:00:00,4493.57,4493.68,4483.43,4486.6,13446,8,0
2025-12-23 15:00:00,4486.6,4497.37,4473.39,4479.25,24514,8,0
2025-12-23 16:00:00,4479.28,4479.92,4441.47,4446.38,29071,8,0
2025-12-23 17:00:00,4446.4,4459.35,4430.53,4458.48,28683,8,0
2025-12-23 18:00:00,4458.48,4476.65,4456.02,4474.27,23295,8,0
2025-12-23 19:00:00,4474.27,4479.85,4470.14,4472.81,22197,8,0
2025-12-23 20:00:00,4472.81,4485.07,4472.81,4484.52,18944,8,0
2025-12-23 21:00:00,4484.5,4496.41,4484.19,4490.82,18211,8,0
2025-12-23 22:00:00,4490.82,4499.87,4489.57,4497.63,16977,8,0
2025-12-23 23:00:00,4497.62,4498.99,4483.64,4485.16,10367,8,0
2025-12-24 01:00:00,4485.59,4510.39,4483.7,4503.44,13722,8,0
2025-12-24 02:00:00,4503.4,4518.28,4500.76,4511.99,17069,8,0
2025-12-24 03:00:00,4511.95,4525.83,4507.12,4518.81,24388,8,0
2025-12-24 04:00:00,4518.81,4519.29,4475.43,4477.62,22216,8,0
2025-12-24 05:00:00,4477.69,4498.26,4471.27,4493.2,20813,8,0
2025-12-24 06:00:00,4493.2,4501.49,4491.35,4499.28,13727,8,0
2025-12-24 07:00:00,4499.28,4500.73,4485.26,4488.5,19992,8,0
2025-12-24 08:00:00,4488.5,4498.14,4485.51,4493.53,19056,8,0
2025-12-24 09:00:00,4493.59,4495.03,4483.58,4483.75,15104,8,0
2025-12-24 10:00:00,4483.89,4492.9,4478.26,4482.39,19201,8,0
2025-12-24 11:00:00,4482.4,4496.13,4482.18,4494.74,16348,8,0
2025-12-24 12:00:00,4494.73,4499.94,4482.55,4489.46,13716,8,0
2025-12-24 13:00:00,4489.47,4491.96,4483.17,4491.59,14133,8,0
2025-12-24 14:00:00,4491.6,4496.15,4489.88,4490.86,15661,8,0
2025-12-24 15:00:00,4490.86,4493.48,4474.53,4487.92,23570,8,0
2025-12-24 16:00:00,4487.93,4489.47,4460.71,4464.96,26930,8,0
2025-12-24 17:00:00,4464.92,4476.6,4448.43,4458.55,28609,8,0
2025-12-24 18:00:00,4458.55,4478.21,4456.05,4476.93,23991,8,0
2025-12-24 19:00:00,4476.93,4487.84,4475.65,4480.68,22193,8,0
2025-12-24 20:00:00,4480.69,4482.54,4477.39,4479.57,6241,8,0
2025-12-26 01:00:00,4499.57,4504.97,4483.63,4495.11,13171,8,0
2025-12-26 02:00:00,4495.1,4517.91,4492.41,4517.82,16297,8,0
2025-12-26 03:00:00,4517.82,4531.48,4497.84,4503.96,26147,8,0
2025-12-26 04:00:00,4503.89,4509.96,4492.52,4508.8,22416,8,0
2025-12-26 05:00:00,4508.8,4513.54,4497.7,4502.02,19544,8,0
2025-12-26 06:00:00,4501.97,4511.76,4500.64,4509.09,15055,8,0
2025-12-26 07:00:00,4509.15,4514.91,4506.1,4510.08,18683,8,0
2025-12-26 08:00:00,4510.08,4519.52,4508.18,4511.9,20927,8,0
2025-12-26 09:00:00,4511.82,4515.66,4507.28,4511.01,15400,8,0
2025-12-26 10:00:00,4511.01,4519.45,4509.77,4518.77,13816,8,0
2025-12-26 11:00:00,4518.77,4520.51,4512.12,4512.83,13098,8,0
2025-12-26 12:00:00,4512.83,4523.7,4511.46,4514.58,15162,8,0
2025-12-26 13:00:00,4514.58,4515.18,4503.13,4509.87,18255,8,0
2025-12-26 14:00:00,4509.83,4514.88,4506.76,4508.69,15234,8,0
2025-12-26 15:00:00,4508.78,4528.52,4503.71,4525.25,23758,8,0
2025-12-26 16:00:00,4525.17,4533.51,4513.06,4521.11,26291,8,0
2025-12-26 17:00:00,4521.15,4547.43,4519.6,4546.74,26890,8,0
2025-12-26 18:00:00,4546.64,4549.92,4531.53,4536.38,25609,8,0
2025-12-26 19:00:00,4536.41,4537.59,4510.16,4519.16,25221,8,0
2025-12-26 20:00:00,4519.19,4532.76,4514.99,4531.01,23017,8,0
2025-12-26 21:00:00,4531.11,4535.74,4520.2,4523.92,19120,8,0
2025-12-26 22:00:00,4523.93,4535.78,4521.85,4531.19,22819,8,0
2025-12-26 23:00:00,4531.14,4534.66,4527.26,4531.13,13746,8,0
2025-12-29 01:00:00,4536.54,4549.84,4523.64,4527.23,22151,8,0
2025-12-29 02:00:00,4527.13,4528.08,4472.45,4497.28,25698,8,0
2025-12-29 03:00:00,4497.23,4517.51,4492.39,4497.3,26413,8,0
2025-12-29 04:00:00,4497.24,4515.9,4496.44,4512.49,20574,8,0
2025-12-29 05:00:00,4512.53,4520.4,4509.47,4516.6,19893,8,0
2025-12-29 06:00:00,4516.6,4519.64,4508.06,4515.72,15155,8,0
2025-12-29 07:00:00,4515.69,4519.35,4505.18,4506.5,17417,8,0
2025-12-29 08:00:00,4506.59,4510.69,4471.28,4475.27,25260,8,0
2025-12-29 09:00:00,4475.27,4481.79,4445.54,4474.68,23020,8,0
2025-12-29 10:00:00,4474.66,4488.53,4452.68,4461.21,22579,8,0
2025-12-29 11:00:00,4461.17,4476.29,4459.29,4472.18,19550,8,0
2025-12-29 12:00:00,4472.17,4474.67,4457.15,4461.0,16973,8,0
2025-12-29 13:00:00,4461.0,4467.73,4434.23,4446.8,19036,8,0
2025-12-29 14:00:00,4446.81,4464.7,4445.79,4464.4,18335,8,0
2025-12-29 15:00:00,4464.36,4467.61,4407.19,4421.65,28015,8,0
2025-12-29 16:00:00,4421.58,4421.61,4356.97,4360.51,30413,8,0
2025-12-29 17:00:00,4360.49,4360.67,4302.99,4325.37,30012,8,0
2025-12-29 18:00:00,4325.32,4347.53,4323.47,4341.73,26136,8,0
2025-12-29 19:00:00,4341.9,4343.07,4315.01,4328.21,24336,8,0
2025-12-29 20:00:00,4328.22,4334.65,4323.03,4331.36,22774,8,0
2025-12-29 21:00:00,4331.35,4338.13,4327.66,4336.98,17254,8,0
2025-12-29 22:00:00,4336.98,4344.59,4326.07,4334.81,19877,8,0
2025-12-29 23:00:00,4334.82,4339.5,4327.75,4331.66,12628,8,0
2025-12-30 01:00:00,4332.49,4347.27,4323.51,4345.81,14875,8,0
2025-12-30 02:00:00,4345.81,4350.91,4334.69,4339.79,16580,8,0
2025-12-30 03:00:00,4339.79,4360.33,4324.64,4360.33,24121,8,0
2025-12-30 04:00:00,4360.24,4364.88,4349.06,4362.6,22201,8,0
2025-12-30 05:00:00,4362.61,4369.31,4356.35,4359.38,18206,8,0
2025-12-30 06:00:00,4359.38,4369.69,4357.59,4363.55,10390,8,0
2025-12-30 07:00:00,4363.55,4380.13,4358.87,4377.74,19533,8,0
2025-12-30 08:00:00,4377.74,4378.61,4359.92,4364.81,22751,8,0
2025-12-30 09:00:00,4364.84,4383.43,4359.33,4372.54,19679,8,0
2025-12-30 10:00:00,4372.53,4373.75,4350.23,4365.1,19330,8,0
2025-12-30 11:00:00,4365.11,4376.46,4364.29,4372.28,18213,8,0
2025-12-30 12:00:00,4372.31,4391.73,4367.73,4384.96,18179,8,0
2025-12-30 13:00:00,4384.96,4390.27,4381.34,4384.36,16523,8,0
2025-12-30 14:00:00,4384.28,4402.85,4383.57,4401.25,20767,8,0
2025-12-30 15:00:00,4401.25,4404.35,4376.44,4388.45,26775,8,0
2025-12-30 16:00:00,4388.48,4392.19,4355.77,4366.42,27164,8,0
2025-12-30 17:00:00,4366.4,4377.63,4359.47,4365.11,27086,8,0
2025-12-30 18:00:00,4365.18,4379.95,4354.85,4377.84,25402,8,0
2025-12-30 19:00:00,4377.84,4381.9,4364.44,4370.2,22560,8,0
2025-12-30 20:00:00,4370.25,4378.72,4362.71,4364.84,21246,8,0
2025-12-30 21:00:00,4364.87,4368.1,4337.63,4348.58,20019,8,0
2025-12-30 22:00:00,4348.58,4355.42,4337.92,4341.4,22531,8,0
2025-12-30 23:00:00,4341.58,4350.5,4335.03,4338.7,11977,8,0
2025-12-31 01:00:00,4339.97,4346.5,4328.91,4339.15,15080,8,0
2025-12-31 02:00:00,4339.15,4346.71,4332.81,4342.68,15941,8,0
2025-12-31 03:00:00,4342.59,4373.28,4336.98,4366.07,24223,8,0
2025-12-31 04:00:00,4366.17,4371.22,4347.04,4348.82,22971,8,0
2025-12-31 05:00:00,4348.82,4360.02,4340.88,4348.64,24134,8,0
2025-12-31 06:00:00,4348.6,4351.42,4330.91,4332.96,18723,8,0
2025-12-31 07:00:00,4332.96,4343.15,4276.17,4285.68,23601,8,0
2025-12-31 08:00:00,4285.74,4328.66,4274.48,4328.06,23124,8,0
2025-12-31 09:00:00,4328.06,4334.98,4323.8,4331.32,17233,8,0
2025-12-31 10:00:00,4331.21,4332.87,4303.48,4307.39,17303,8,0
2025-12-31 11:00:00,4307.39,4337.42,4307.24,4325.86,18885,8,0
2025-12-31 12:00:00,4325.85,4331.59,4303.61,4306.34,17122,8,0
2025-12-31 13:00:00,4306.53,4316.29,4304.1,4311.03,15971,8,0
2025-12-31 14:00:00,4311.03,4318.09,4303.22,4313.83,17592,8,0
2025-12-31 15:00:00,4313.87,4348.37,4308.13,4346.0,22524,8,0
2025-12-31 16:00:00,4346.05,4353.5,4333.04,4346.08,26543,8,0
2025-12-31 17:00:00,4346.08,4346.48,4327.4,4337.38,27029,8,0
2025-12-31 18:00:00,4337.4,4339.83,4317.24,4323.08,23450,8,0
2025-12-31 19:00:00,4323.06,4329.73,4318.15,4321.97,21625,8,0
2025-12-31 20:00:00,4321.99,4331.53,4315.9,4319.81,19742,8,0
2025-12-31 21:00:00,4319.81,4323.03,4307.96,4311.58,19103,8,0
2025-12-31 22:00:00,4311.58,4324.52,4304.59,4313.48,19014,8,0
2025-12-31 23:00:00,4313.49,4318.8,4307.1,4318.73,8374,8,0
2026-01-02 01:00:00,4326.7,4351.42,4324.5,4348.49,12931,8,0
2026-01-02 02:00:00,4348.54,4356.09,4341.49,4354.15,13721,8,0
2026-01-02 03:00:00,4354.15,4356.07,4344.74,4348.08,16969,8,0
2026-01-02 04:00:00,4348.06,4363.24,4345.11,4363.04,15726,8,0
2026-01-02 05:00:00,4363.04,4375.7,4362.2,4375.21,16471,8,0
2026-01-02 06:00:00,4375.21,4378.49,4371.32,4373.23,14505,8,0
2026-01-02 07:00:00,4373.23,4381.78,4371.19,4380.69,14330,8,0
2026-01-02 08:00:00,4380.68,4381.06,4373.43,4374.8,15938,8,0
2026-01-02 09:00:00,4374.8,4383.42,4371.97,4382.89,17628,8,0
2026-01-02 10:00:00,4382.87,4397.56,4380.88,4387.07,17278,8,0
2026-01-02 11:00:00,4387.02,4391.62,4383.4,4385.48,16714,8,0
2026-01-02 12:00:00,4385.45,4398.6,4384.66,4396.22,16470,8,0
2026-01-02 13:00:00,4396.17,4399.37,4390.79,4393.05,16065,8,0
2026-01-02 14:00:00,4393.08,4398.3,4385.3,4394.38,17961,8,0
2026-01-02 15:00:00,4394.38,4402.32,4362.12,4366.05,22603,8,0
2026-01-02 16:00:00,4366.05,4373.7,4348.25,4353.51,23882,8,0
2026-01-02 17:00:00,4353.51,4357.13,4330.34,4335.32,25902,8,0
2026-01-02 18:00:00,4335.4,4337.49,4315.19,4326.53,25415,8,0
2026-01-02 19:00:00,4326.5,4333.64,4322.8,4323.11,22649,8,0
2026-01-02 20:00:00,4323.11,4323.7,4310.01,4315.17,22347,8,0
2026-01-02 21:00:00,4315.17,4326.33,4315.17,4318.11,21101,8,0
2026-01-02 22:00:00,4318.11,4331.59,4317.23,4331.47,19704,8,0
2026-01-02 23:00:00,4331.5,4333.48,4327.16,4332.94,9444,8,0
2026-01-05 01:00:00,4361.3,4375.96,4345.75,4372.52,18213,8,0
2026-01-05 02:00:00,4372.57,4396.65,4370.27,4394.79,19242,8,0
2026-01-05 03:00:00,4394.96,4420.7,4391.4,4401.9,28052,8,0
2026-01-05 04:00:00,4401.94,4409.71,4388.89,4405.52,23621,8,0
2026-01-05 05:00:00,4405.42,4414.05,4399.98,4400.27,21155,8,0
2026-01-05 06:00:00,4400.08,4408.42,4397.35,4404.33,12717,8,0
2026-01-05 07:00:00,4404.28,4414.52,4401.1,4412.45,17417,8,0
2026-01-05 08:00:00,4412.45,4426.54,4411.39,4420.27,21041,8,0
2026-01-05 09:00:00,4420.27,4425.17,4416.76,4421.89,16673,8,0
2026-01-05 10:00:00,4421.89,4433.87,4419.43,4430.14,17004,8,0
2026-01-05 11:00:00,4430.14,4438.26,4426.23,4434.88,17449,8,0
2026-01-05 12:00:00,4434.88,4439.9,4430.87,4436.28,14802,8,0
2026-01-05 13:00:00,4436.33,4437.43,4411.07,4419.5,20167,8,0
2026-01-05 14:00:00,4419.4,4421.5,4405.64,4409.74,20008,8,0
2026-01-05 15:00:00,4409.75,4418.96,4396.29,4416.91,25697,8,0
2026-01-05 16:00:00,4416.91,4442.93,4416.87,4436.76,27934,8,0
2026-01-05 17:00:00,4436.76,4455.81,4435.51,4448.6,27223,8,0
2026-01-05 18:00:00,4448.62,4454.45,4438.43,4441.84,21773,8,0
2026-01-05 19:00:00,4441.86,4449.11,4432.39,4443.58,23021,8,0
2026-01-05 20:00:00,4443.58,4448.59,4439.86,4448.42,18423,8,0
2026-01-05 21:00:00,4448.52,4449.36,4435.11,4439.83,18419,8,0
2026-01-05 22:00:00,4439.83,4447.05,4438.08,4444.95,19678,8,0
2026-01-05 23:00:00,4444.93,4449.24,4443.4,4449.02,8602,8,0
2026-01-06 01:00:00,4448.18,4460.18,4436.9,4440.63,11579,8,0
2026-01-06 02:00:00,4440.68,4444.78,4430.57,4436.46,14363,8,0
2026-01-06 03:00:00,4436.45,4452.34,4428.08,4450.68,24206,8,0
2026-01-06 04:00:00,4450.75,4461.09,4448.84,4454.92,22135,8,0
2026-01-06 05:00:00,4454.95,4468.21,4454.23,4467.72,16927,8,0
2026-01-06 06:00:00,4467.72,4468.55,4461.93,4467.44,12501,8,0
2026-01-06 07:00:00,4467.44,4474.24,4449.54,4452.06,20640,8,0
2026-01-06 08:00:00,4452.3,4467.08,4451.6,4465.91,20737,8,0
2026-01-06 09:00:00,4465.89,4470.45,4457.26,4459.54,16025,8,0
2026-01-06 10:00:00,4459.54,4475.83,4457.55,4468.43,17052,8,0
2026-01-06 11:00:00,4468.43,4468.57,4444.91,4446.4,18144,8,0
2026-01-06 12:00:00,4446.4,4456.04,4442.74,4451.78,15546,8,0
2026-01-06 13:00:00,4451.78,4464.54,4448.85,4463.39,14968,8,0
2026-01-06 14:00:00,4463.37,4466.35,4458.9,4463.75,16159,8,0
2026-01-06 15:00:00,4463.75,4470.48,4454.22,4468.05,24656,8,0
2026-01-06 16:00:00,4468.05,4489.82,4464.56,4486.74,25678,8,0
2026-01-06 17:00:00,4487.42,4490.93,4463.24,4478.46,28080,8,0
2026-01-06 18:00:00,4478.44,4488.94,4471.7,4488.37,24003,8,0
2026-01-06 19:00:00,4488.35,4491.49,4481.67,4489.49,21193,8,0
2026-01-06 20:00:00,4489.49,4494.13,4482.25,4488.58,20658,8,0
2026-01-06 21:00:00,4488.58,4489.52,4477.5,4481.36,19760,8,0
2026-01-06 22:00:00,4481.38,4496.99,4480.43,4493.85,17586,8,0
2026-01-06 23:00:00,4493.87,4497.37,4491.83,4494.62,8960,8,0
2026-01-07 01:00:00,4495.58,4500.52,4492.14,4493.4,11398,8,0
2026-01-07 02:00:00,4493.46,4494.72,4482.64,4492.13,14898,8,0
2026-01-07 03:00:00,4491.99,4495.84,4461.28,4465.6,26627,8,0
2026-01-07 04:00:00,4465.6,4478.78,4459.78,4474.82,21836,8,0
2026-01-07 05:00:00,4474.82,4480.35,4471.99,4474.81,19221,8,0
2026-01-07 06:00:00,4474.77,4476.16,4463.66,4464.85,16122,8,0
2026-01-07 07:00:00,4464.85,4470.5,4443.39,4454.42,21428,8,0
2026-01-07 08:00:00,4454.42,4460.41,4441.58,4444.29,21924,8,0
2026-01-07 09:00:00,4444.25,4465.0,4441.78,4461.16,17576,8,0
2026-01-07 10:00:00,4461.16,4474.83,4459.41,4468.32,16051,8,0
2026-01-07 11:00:00,4468.32,4468.74,4459.5,4463.47,15695,8,0
2026-01-07 12:00:00,4463.47,4467.76,4458.93,4464.46,13927,8,0
2026-01-07 13:00:00,4464.46,4465.01,4446.59,4447.4,15575,8,0
2026-01-07 14:00:00,4447.4,4455.13,4439.35,4445.17,19951,8,0
2026-01-07 15:00:00,4445.15,4453.13,4427.94,4452.96,26688,8,0
2026-01-07 16:00:00,4452.91,4454.23,4435.7,4445.53,27188,8,0
2026-01-07 17:00:00,4445.53,4452.29,4423.53,4446.17,27411,8,0
2026-01-07 18:00:00,4446.12,4468.37,4443.93,4464.19,24313,8,0
2026-01-07 19:00:00,4464.18,4465.43,4449.89,4451.89,19744,8,0
2026-01-07 20:00:00,4452.05,4458.9,4447.28,4452.16,21270,8,0
2026-01-07 21:00:00,4452.17,4458.01,4445.46,4456.98,19095,8,0
2026-01-07 22:00:00,4456.98,4461.67,4450.61,4452.04,19500,8,0
2026-01-07 23:00:00,4452.04,4456.07,4449.92,4455.76,8565,8,0
2026-01-08 01:00:00,4458.85,4463.99,4458.33,4463.49,9066,8,0
2026-01-08 02:00:00,4463.55,4466.45,4446.82,4450.26,15974,8,0
2026-01-08 03:00:00,4450.26,4460.38,4441.97,4448.49,23782,8,0
2026-01-08 04:00:00,4448.48,4449.69,4433.51,4441.38,22879,8,0
2026-01-08 05:00:00,4441.38,4446.49,4437.43,4440.39,19517,8,0
2026-01-08 06:00:00,4440.39,4440.58,4430.3,4431.65,14883,8,0
2026-01-08 07:00:00,4431.66,4432.45,4415.79,4425.62,23342,8,0
2026-01-08 08:00:00,4425.62,4437.85,4416.11,4433.3,24714,8,0
2026-01-08 09:00:00,4433.3,4439.71,4428.47,4431.0,17863,8,0
2026-01-08 10:00:00,4431.01,4433.37,4419.99,4431.65,19738,8,0
2026-01-08 11:00:00,4431.71,4435.5,4426.04,4432.66,16876,8,0
2026-01-08 12:00:00,4432.66,4434.83,4423.11,4433.31,15027,8,0
2026-01-08 13:00:00,4433.3,4433.3,4422.36,4422.9,15818,8,0
2026-01-08 14:00:00,4422.91,4431.43,4407.76,4427.74,21324,8,0
2026-01-08 15:00:00,4427.75,4436.12,4417.42,4423.87,24813,8,0
2026-01-08 16:00:00,4423.83,4439.34,4419.17,4433.0,27049,8,0
2026-01-08 17:00:00,4433.01,4456.36,4427.94,4454.23,25603,8,0
2026-01-08 18:00:00,4454.19,4464.56,4447.02,4463.33,24170,8,0
2026-01-08 19:00:00,4463.33,4465.47,4457.73,4463.55,19930,8,0
2026-01-08 20:00:00,4463.51,4463.51,4448.06,4449.66,20514,8,0
2026-01-08 21:00:00,4449.6,4452.95,4444.82,4452.22,17371,8,0
2026-01-08 22:00:00,4452.22,4478.17,4451.59,4476.2,20501,8,0
2026-01-08 23:00:00,4476.21,4479.52,4472.78,4477.39,10816,8,0
2026-01-09 01:00:00,4481.27,4484.1,4472.88,4475.64,10351,8,0
2026-01-09 02:00:00,4475.64,4476.65,4460.06,4461.4,13545,8,0
2026-01-09 03:00:00,4462.54,4470.05,4452.95,4469.05,23951,8,0
2026-01-09 04:00:00,4469.06,4476.56,4465.72,4469.61,19474,8,0
2026-01-09 05:00:00,4469.59,4470.02,4460.57,4464.25,17376,8,0
2026-01-09 06:00:00,4464.2,4466.95,4460.83,4464.76,11366,8,0
2026-01-09 07:00:00,4464.76,4471.84,4458.35,4468.16,15485,8,0
2026-01-09 08:00:00,4468.16,4477.47,4466.15,4474.18,18345,8,0
2026-01-09 09:00:00,4474.17,4475.55,4468.64,4470.31,12836,8,0
2026-01-09 10:00:00,4470.31,4476.9,4464.11,4468.55,15325,8,0
2026-01-09 11:00:00,4468.55,4477.66,4468.46,4471.22,14089,8,0
2026-01-09 12:00:00,4471.23,4474.29,4467.16,4472.64,11155,8,0
2026-01-09 13:00:00,4472.63,4476.22,4468.84,4475.55,11852,8,0
2026-01-09 14:00:00,4475.47,4480.5,4461.27,4466.08,16882,8,0
2026-01-09 15:00:00,4466.08,4491.95,4459.34,4482.78,26616,8,0
2026-01-09 16:00:00,4482.79,4498.1,4479.31,4494.47,28447,8,0
2026-01-09 17:00:00,4494.57,4517.16,4490.33,4512.4,27028,8,0
2026-01-09 18:00:00,4512.42,4514.38,4499.88,4506.5,23333,8,0
2026-01-09 19:00:00,4506.5,4511.49,4482.15,4484.67,22398,8,0
2026-01-09 20:00:00,4484.66,4504.59,4483.15,4496.26,20948,8,0
2026-01-09 21:00:00,4496.24,4501.92,4492.84,4499.45,16032,8,0
2026-01-09 22:00:00,4499.4,4510.17,4497.91,4507.72,18284,8,0
2026-01-09 23:00:00,4507.66,4511.07,4505.08,4509.52,8470,8,0
2026-01-12 01:00:00,4518.93,4544.97,4512.96,4540.1,17217,8,0
2026-01-12 02:00:00,4540.1,4601.25,4536.41,4588.87,24197,8,0
2026-01-12 03:00:00,4588.87,4595.06,4570.55,4570.65,27978,8,0
2026-01-12 04:00:00,4570.29,4582.18,4561.94,4577.55,23969,8,0
2026-01-12 05:00:00,4577.55,4581.42,4567.83,4570.67,19115,8,0
2026-01-12 06:00:00,4570.68,4572.19,4563.4,4568.46,16085,8,0
2026-01-12 07:00:00,4568.5,4585.05,4566.22,4580.91,18543,8,0
2026-01-12 08:00:00,4580.91,4580.96,4569.87,4578.58,19508,8,0
2026-01-12 09:00:00,4578.58,4589.69,4574.83,4587.77,18629,8,0
2026-01-12 10:00:00,4587.77,4598.45,4579.54,4596.89,18875,8,0
2026-01-12 11:00:00,4596.88,4599.39,4587.76,4589.19,17885,8,0
2026-01-12 12:00:00,4589.19,4595.49,4586.13,4594.31,14761,8,0
2026-01-12 13:00:00,4594.33,4594.97,4581.86,4585.29,15307,8,0
2026-01-12 14:00:00,4585.29,4590.7,4578.56,4590.49,18110,8,0
2026-01-12 15:00:00,4590.47,4620.37,4588.69,4615.86,24905,8,0
2026-01-12 16:00:00,4615.85,4617.27,4585.08,4602.24,29670,8,0
2026-01-12 17:00:00,4602.22,4627.5,4601.98,4621.39,26244,8,0
2026-01-12 18:00:00,4621.38,4630.23,4607.94,4616.97,22508,8,0
2026-01-12 19:00:00,4617.0,4620.58,4610.78,4616.43,20427,8,0
2026-01-12 20:00:00,4616.43,4618.59,4600.62,4610.88,20225,8,0
2026-01-12 21:00:00,4610.89,4618.94,4608.81,4611.21,17797,8,0
2026-01-12 22:00:00,4611.21,4611.73,4591.57,4593.71,21747,8,0
2026-01-12 23:00:00,4593.76,4597.13,4589.39,4596.9,11715,8,0
2026-01-13 01:00:00,4597.27,4608.18,4578.19,4599.16,17205,8,0
2026-01-13 02:00:00,4599.22,4599.48,4584.59,4587.39,13773,8,0
2026-01-13 03:00:00,4587.39,4595.82,4575.71,4577.93,25189,8,0
2026-01-13 04:00:00,4577.93,4595.16,4576.79,4594.31,21693,8,0
2026-01-13 05:00:00,4594.31,4599.7,4592.58,4594.21,17060,8,0
2026-01-13 06:00:00,4594.21,4599.91,4594.04,4596.51,12684,8,0
2026-01-13 07:00:00,4596.51,4602.24,4585.74,4592.25,17634,8,0
2026-01-13 08:00:00,4592.15,4592.46,4573.73,4581.61,22106,8,0
2026-01-13 09:00:00,4581.65,4587.13,4577.55,4580.77,14801,8,0
2026-01-13 10:00:00,4580.67,4597.09,4579.75,4592.81,16501,8,0
2026-01-13 11:00:00,4592.85,4595.69,4585.78,4586.16,13501,8,0
2026-01-13 12:00:00,4586.16,4588.37,4580.53,4586.37,13034,8,0
2026-01-13 13:00:00,4586.37,4592.09,4582.22,4588.58,13403,8,0
2026-01-13 14:00:00,4588.59,4595.3,4577.89,4593.29,14515,8,0
2026-01-13 15:00:00,4593.28,4620.94,4590.87,4611.58,26372,8,0
2026-01-13 16:00:00,4611.58,4634.71,4609.16,4629.94,27348,8,0
2026-01-13 17:00:00,4629.92,4630.32,4600.95,4619.21,28087,8,0
2026-01-13 18:00:00,4619.18,4620.84,4593.15,4613.49,23968,8,0
2026-01-13 19:00:00,4613.49,4616.08,4586.78,4590.42,21908,8,0
2026-01-13 20:00:00,4590.46,4602.01,4581.25,4594.18,24939,8,0
2026-01-13 21:00:00,4594.18,4598.97,4584.3,4597.56,20481,8,0
2026-01-13 22:00:00,4597.56,4597.83,4569.87,4586.03,22054,8,0
2026-01-13 23:00:00,4586.0,4589.87,4582.86,4586.63,10882,8,0
2026-01-14 01:00:00,4588.39,4598.85,4587.26,4597.1,11887,8,0
2026-01-14 02:00:00,4597.05,4610.76,4597.0,4609.03,16101,8,0
2026-01-14 03:00:00,4609.03,4620.01,4606.32,4619.25,23153,8,0
2026-01-14 04:00:00,4619.25,4623.7,4614.31,4620.54,19943,8,0
2026-01-14 05:00:00,4620.54,4630.03,4613.46,4628.22,17816,8,0
2026-01-14 06:00:00,4628.22,4630.47,4625.38,4629.23,15803,8,0
2026-01-14 07:00:00,4629.31,4639.68,4618.07,4619.89,20940,8,0
2026-01-14 08:00:00,4619.93,4637.23,4618.56,4637.22,23469,8,0
2026-01-14 09:00:00,4637.24,4639.62,4631.64,4632.59,15707,8,0
2026-01-14 10:00:00,4632.59,4638.0,4622.05,4634.92,19071,8,0
2026-01-14 11:00:00,4634.96,4639.58,4627.15,4630.55,16492,8,0
2026-01-14 12:00:00,4630.47,4638.25,4627.89,4633.09,15175,8,0
2026-01-14 13:00:00,4633.09,4637.52,4626.14,4630.36,15193,8,0
2026-01-14 14:00:00,4630.38,4641.89,4630.36,4638.73,18153,8,0
2026-01-14 15:00:00,4638.72,4641.59,4624.41,4635.76,25562,8,0
2026-01-14 16:00:00,4635.76,4638.9,4606.87,4617.67,27012,9,0
2026-01-14 17:00:00,4617.67,4626.62,4599.39,4617.93,28596,9,0
2026-01-14 18:00:00,4617.96,4624.86,4608.7,4617.12,25628,9,0
2026-01-14 19:00:00,4617.1,4619.09,4601.27,4614.37,25448,9,0
2026-01-14 20:00:00,4614.37,4637.26,4612.86,4635.1,23039,9,0
2026-01-14 21:00:00,4635.12,4642.97,4633.52,4639.29,22608,9,0
2026-01-14 22:00:00,4639.27,4641.63,4625.81,4632.66,24260,9,0
2026-01-14 23:00:00,4632.66,4633.06,4617.9,4626.05,13094,9,0
2026-01-15 01:00:00,4630.62,4632.62,4602.91,4615.39,18865,9,0
2026-01-15 02:00:00,4615.33,4618.2,4610.18,4615.29,16429,8,0
2026-01-15 03:00:00,4615.29,4617.58,4583.8,4600.14,27977,9,0
2026-01-15 04:00:00,4600.2,4614.76,4595.49,4602.95,24114,9,0
2026-01-15 05:00:00,4602.98,4604.34,4581.25,4592.3,24409,9,0
2026-01-15 06:00:00,4592.29,4597.45,4587.06,4592.22,17735,9,0
2026-01-15 07:00:00,4592.28,4599.01,4581.25,4595.29,20643,9,0
2026-01-15 08:00:00,4595.28,4612.03,4593.79,4610.29,22644,9,0
2026-01-15 09:00:00,4610.29,4613.61,4599.29,4601.86,16493,9,0
2026-01-15 10:00:00,4601.83,4607.13,4597.91,4604.29,17964,9,0
2026-01-15 11:00:00,4604.29,4613.12,4600.68,4612.65,16606,9,0
2026-01-15 12:00:00,4612.67,4620.34,4609.43,4619.87,16169,9,0
2026-01-15 13:00:00,4619.87,4622.99,4615.66,4619.26,15362,9,0
2026-01-15 14:00:00,4619.24,4620.83,4611.76,4614.04,16421,9,0
2026-01-15 15:00:00,4614.02,4616.19,4582.35,4587.91,27598,9,0
2026-01-15 16:00:00,4588.26,4615.11,4583.55,4611.2,27410,9,0
2026-01-15 17:00:00,4611.15,4618.08,4603.86,4615.54,25227,9,0
2026-01-15 18:00:00,4615.52,4624.99,4601.41,4605.65,24880,9,0
2026-01-15 19:00:00,4605.65,4616.96,4605.65,4616.59,20558,9,0
2026-01-15 20:00:00,4616.59,4621.2,4613.68,4617.59,20140,9,0
2026-01-15 21:00:00,4617.59,4621.54,4612.84,4615.88,17965,9,0
2026-01-15 22:00:00,4615.89,4616.34,4600.81,4605.78,22870,9,0
2026-01-15 23:00:00,4605.78,4616.42,4604.55,4615.57,11049,9,0
2026-01-16 01:00:00,4616.45,4620.9,4606.47,4610.32,13351,9,0
2026-01-16 02:00:00,4610.32,4611.39,4598.6,4600.16,16734,8,0
2026-01-16 03:00:00,4600.15,4608.59,4594.03,4600.68,23633,9,0
2026-01-16 04:00:00,4600.69,4604.28,4591.43,4595.06,22884,9,0
2026-01-16 05:00:00,4595.04,4599.95,4592.86,4596.48,17272,9,0
2026-01-16 06:00:00,4596.47,4602.13,4596.11,4601.2,11621,9,0
2026-01-16 07:00:00,4601.2,4616.09,4595.32,4611.59,17391,9,0
2026-01-16 08:00:00,4611.58,4612.43,4594.13,4598.19,21584,9,0
2026-01-16 09:00:00,4598.21,4612.11,4596.9,4607.61,16262,9,0
2026-01-16 10:00:00,4607.62,4610.63,4601.36,4603.26,14181,9,0
2026-01-16 11:00:00,4603.26,4608.56,4599.01,4600.84,12427,9,0
2026-01-16 12:00:00,4600.86,4611.21,4599.81,4600.23,12190,9,0
2026-01-16 13:00:00,4600.25,4616.05,4598.63,4612.58,13973,9,0
2026-01-16 14:00:00,4612.6,4613.0,4597.38,4601.81,14904,9,0
2026-01-16 15:00:00,4601.88,4605.66,4582.68,4601.99,26300,9,0
2026-01-16 16:00:00,4601.96,4614.74,4596.33,4607.9,25033,9,0
2026-01-16 17:00:00,4607.86,4620.39,4536.75,4571.27,30028,9,0
2026-01-16 18:00:00,4571.29,4599.09,4567.86,4591.34,27434,9,0
2026-01-16 19:00:00,4591.37,4593.2,4576.88,4581.44,22803,9,0
2026-01-16 20:00:00,4581.44,4596.18,4580.1,4582.69,21254,9,0
2026-01-16 21:00:00,4582.66,4592.47,4580.99,4590.61,19353,9,0
2026-01-16 22:00:00,4590.61,4595.91,4580.77,4582.05,19470,9,0
2026-01-16 23:00:00,4582.0,4598.44,4582.0,4595.85,10859,9,0
2026-01-19 01:00:00,4628.22,4690.77,4620.22,4672.74,23979,9,0
2026-01-19 02:00:00,4672.7,4682.05,4661.2,4675.43,19868,9,0
2026-01-19 03:00:00,4675.4,4678.58,4656.21,4657.35,26089,9,0
2026-01-19 04:00:00,4657.29,4665.1,4653.33,4662.57,20828,9,0
2026-01-19 05:00:00,4662.55,4669.97,4658.28,4658.43,17306,9,0
2026-01-19 06:00:00,4658.43,4666.01,4658.3,4663.29,11638,9,0
2026-01-19 07:00:00,4663.29,4674.3,4663.18,4670.04,15480,9,0
2026-01-19 08:00:00,4670.04,4679.16,4666.85,4678.08,16266,9,0
2026-01-19 09:00:00,4678.06,4678.63,4661.93,4665.14,15045,9,0
2026-01-19 10:00:00,4665.14,4673.96,4661.78,4663.67,14753,9,0
2026-01-19 11:00:00,4663.66,4672.92,4662.14,4668.44,16058,9,0
2026-01-19 12:00:00,4668.44,4671.21,4661.33,4663.8,14024,9,0
2026-01-19 13:00:00,4663.8,4667.54,4659.76,4660.84,12621,9,0
2026-01-19 14:00:00,4660.86,4673.76,4660.16,4671.95,14990,9,0
2026-01-19 15:00:00,4672.01,4673.75,4664.54,4666.16,18262,9,0
2026-01-19 16:00:00,4666.17,4670.4,4661.6,4666.63,17971,9,0
2026-01-19 17:00:00,4666.62,4676.16,4664.26,4674.36,18765,9,0
2026-01-19 18:00:00,4674.31,4675.66,4670.38,4672.25,14599,9,0
2026-01-19 19:00:00,4672.25,4678.84,4669.23,4676.28,13892,9,0
2026-01-19 20:00:00,4676.28,4680.33,4673.83,4676.69,11762,9,0
2026-01-19 21:00:00,4676.69,4676.8,4667.21,4670.92,6949,9,0
2026-01-20 01:00:00,4672.44,4677.18,4664.4,4665.34,11833,9,0
2026-01-20 02:00:00,4665.39,4668.04,4659.56,4660.53,13749,9,0
2026-01-20 03:00:00,4660.5,4676.08,4660.11,4669.69,22885,9,0
2026-01-20 04:00:00,4669.68,4674.87,4665.57,4668.66,12285,8,0
2026-01-20 05:00:00,4668.71,4681.47,4666.15,4680.18,8261,8,0
2026-01-20 06:00:00,4680.16,4697.07,4679.69,4695.28,7849,8,0
2026-01-20 07:00:00,4695.29,4716.67,4694.19,4714.67,9702,8,0
2026-01-20 08:00:00,4714.67,4717.04,4705.73,4712.55,10580,8,0
2026-01-20 09:00:00,4712.55,4722.75,4711.49,4716.17,7989,8,0
2026-01-20 10:00:00,4716.18,4731.66,4715.03,4729.42,8824,8,0
2026-01-20 11:00:00,4729.44,4737.48,4721.32,4732.45,8822,9,0
2026-01-20 12:00:00,4732.45,4735.04,4723.22,4726.62,7478,9,0
2026-01-20 13:00:00,4726.62,4735.28,4721.62,4733.03,6683,9,0
2026-01-20 14:00:00,4733.03,4733.03,4724.06,4727.5,7910,9,0
2026-01-20 15:00:00,4727.5,4738.38,4715.01,4737.1,14876,9,0
2026-01-20 16:00:00,4737.1,4751.16,4728.51,4741.33,22751,9,0
2026-01-20 17:00:00,4741.21,4748.59,4722.45,4737.56,22597,9,0
2026-01-20 18:00:00,4737.58,4757.61,4729.01,4753.67,16389,9,0
2026-01-20 19:00:00,4753.67,4762.44,4746.15,4759.25,13769,9,0
2026-01-20 20:00:00,4759.24,4766.3,4752.92,4759.42,13209,9,0
2026-01-20 21:00:00,4759.43,4766.3,4756.66,4760.84,10650,9,0
2026-01-20 22:00:00,4760.84,4761.26,4747.56,4756.75,12552,9,0
2026-01-20 23:00:00,4756.75,4763.86,4756.38,4763.17,4687,9,0
2026-01-21 01:00:00,4764.44,4781.12,4757.83,4775.87,5700,9,0
2026-01-21 02:00:00,4775.87,4787.59,4770.77,4784.66,6694,9,0
2026-01-21 03:00:00,4784.63,4844.15,4783.49,4835.21,14338,9,0
2026-01-21 04:00:00,4835.39,4842.06,4817.47,4836.7,10454,9,0
2026-01-21 05:00:00,4836.7,4849.74,4827.1,4845.01,9118,9,0
2026-01-21 06:00:00,4845.01,4870.86,4837.87,4865.96,7748,9,0
2026-01-21 07:00:00,4865.98,4878.23,4858.97,4869.99,9778,9,0
2026-01-21 08:00:00,4869.99,4888.33,4845.6,4847.57,11977,9,0
2026-01-21 09:00:00,4847.57,4857.18,4832.62,4855.27,11034,9,0
2026-01-21 10:00:00,4855.27,4869.57,4851.51,4854.6,8089,9,0
2026-01-21 11:00:00,4854.6,4877.18,4852.34,4860.43,8560,9,0
2026-01-21 12:00:00,4860.39,4866.77,4859.6,4862.02,8047,9,0
2026-01-21 13:00:00,4862.04,4871.57,4854.86,4866.87,7043,9,0
2026-01-21 14:00:00,4866.87,4870.87,4855.7,4865.19,8093,9,0
2026-01-21 15:00:00,4865.18,4880.35,4858.4,4879.47,11983,9,0
2026-01-21 16:00:00,4879.47,4880.94,4839.47,4852.05,19815,9,0
2026-01-21 17:00:00,4852.08,4868.81,4813.01,4847.84,19750,9,0
2026-01-21 18:00:00,4847.84,4855.77,4819.66,4833.44,17329,9,0
2026-01-21 19:00:00,4833.5,4834.31,4802.47,4826.32,17382,9,0
2026-01-21 20:00:00,4826.32,4850.54,4819.7,4850.17,15398,9,0
2026-01-21 21:00:00,4850.17,4854.13,4755.71,4781.34,20055,9,0
2026-01-21 22:00:00,4781.34,4827.98,4772.3,4826.78,20885,9,0
2026-01-21 23:00:00,4826.64,4839.66,4813.35,4828.83,8693,9,0
2026-01-22 01:00:00,4831.1,4834.05,4777.59,4778.27,8937,10,0
2026-01-22 02:00:00,4778.3,4798.85,4778.11,4798.14,8894,10,0
2026-01-22 03:00:00,4797.88,4809.7,4772.33,4798.04,14865,10,0
2026-01-22 04:00:00,4797.97,4798.38,4774.61,4789.12,12229,10,0
2026-01-22 05:00:00,4789.12,4796.88,4784.37,4796.65,10244,10,0
2026-01-22 06:00:00,4796.65,4800.53,4793.91,4797.48,7068,10,0
2026-01-22 07:00:00,4797.47,4821.72,4793.71,4821.35,9922,10,0
2026-01-22 08:00:00,4821.35,4829.24,4816.24,4826.49,10869,10,0
2026-01-22 09:00:00,4826.52,4838.55,4825.78,4832.72,7419,10,0
2026-01-22 10:00:00,4832.72,4835.59,4822.35,4830.82,7910,10,0
2026-01-22 11:00:00,4830.82,4838.05,4814.08,4823.13,7948,10,0
2026-01-22 12:00:00,4823.13,4831.82,4819.39,4829.04,6419,10,0
2026-01-22 13:00:00,4829.04,4836.41,4824.45,4831.2,6716,10,0
2026-01-22 14:00:00,4831.2,4832.6,4818.84,4819.65,7582,10,0
2026-01-22 15:00:00,4819.6,4835.3,4810.69,4822.38,11591,10,0
2026-01-22 16:00:00,4822.36,4847.88,4820.5,4835.34,12217,10,0
2026-01-22 17:00:00,4835.33,4873.8,4827.08,4871.7,15679,10,0
2026-01-22 18:00:00,4871.64,4885.39,4868.06,4877.95,12883,10,0
2026-01-22 19:00:00,4877.95,4906.34,4869.82,4904.59,13441,10,0
2026-01-22 20:00:00,4904.57,4919.6,4901.37,4916.1,11808,10,0
2026-01-22 21:00:00,4916.1,4924.47,4906.05,4911.75,9973,10,0
2026-01-22 22:00:00,4911.75,4928.5,4911.56,4917.04,10229,10,0
2026-01-22 23:00:00,4916.93,4940.72,4914.69,4936.2,5617,10,0
2026-01-23 01:00:00,4942.18,4960.54,4930.76,4959.01,8511,10,0
2026-01-23 02:00:00,4959.01,4965.73,4947.48,4965.14,7255,10,0
2026-01-23 03:00:00,4965.14,4967.2,4936.35,4953.57,12566,10,0
2026-01-23 04:00:00,4953.57,4962.24,4946.88,4955.56,7828,10,0
2026-01-23 05:00:00,4955.56,4959.0,4937.99,4952.03,7640,10,0
2026-01-23 06:00:00,4952.03,4958.34,4950.16,4956.28,3876,10,0
2026-01-23 07:00:00,4956.28,4967.22,4954.54,4960.59,5797,10,0
2026-01-23 08:00:00,4960.59,4963.12,4945.54,4953.7,8346,10,0
2026-01-23 09:00:00,4953.7,4959.58,4943.34,4944.47,7853,10,0
2026-01-23 10:00:00,4944.47,4947.64,4901.23,4913.77,12283,10,0
2026-01-23 11:00:00,4913.77,4921.58,4899.67,4918.68,11995,10,0
2026-01-23 12:00:00,4918.68,4932.48,4915.73,4929.86,8959,10,0
2026-01-23 13:00:00,4929.83,4929.94,4912.02,4922.85,8405,10,0
2026-01-23 14:00:00,4922.85,4942.53,4918.41,4939.4,10230,10,0
2026-01-23 15:00:00,4939.4,4947.89,4923.79,4939.02,15931,10,0
2026-01-23 16:00:00,4939.05,4956.48,4932.84,4943.25,14840,10,0
2026-01-23 17:00:00,4943.25,4963.3,4938.35,4960.64,18111,10,0
2026-01-23 18:00:00,4960.64,4988.27,4959.21,4980.43,15971,10,0
2026-01-23 19:00:00,4980.43,4988.19,4962.17,4965.98,14365,10,0
2026-01-23 20:00:00,4965.98,4984.18,4958.36,4966.64,14978,10,0
2026-01-23 21:00:00,4966.64,4989.74,4966.64,4984.37,11752,10,0
2026-01-23 22:00:00,4984.27,4985.73,4970.68,4981.55,12508,10,0
2026-01-23 23:00:00,4981.29,4988.13,4978.14,4987.1,4416,10,0
2026-01-26 01:00:00,5006.29,5040.1,5001.87,5039.8,12623,10,0
2026-01-26 02:00:00,5039.8,5052.1,5030.7,5041.74,10963,10,0
2026-01-26 03:00:00,5041.71,5085.64,5028.95,5070.86,16138,10,0
2026-01-26 04:00:00,5070.95,5093.12,5066.91,5080.77,13229,10,0
2026-01-26 05:00:00,5080.77,5087.86,5070.02,5076.73,10644,10,0
2026-01-26 06:00:00,5076.73,5078.0,5058.5,5070.42,14289,10,0
2026-01-26 07:00:00,5070.42,5076.42,5052.37,5074.44,23342,10,0
2026-01-26 08:00:00,5074.39,5111.13,5065.47,5078.09,25248,10,0
2026-01-26 09:00:00,5077.6,5095.71,5074.02,5089.23,18681,10,0
2026-01-26 10:00:00,5089.23,5098.33,5080.18,5083.35,20768,10,0
2026-01-26 11:00:00,5083.39,5098.36,5075.48,5084.12,21106,10,0
2026-01-26 12:00:00,5084.12,5095.04,5078.63,5091.73,18794,10,0
2026-01-26 13:00:00,5091.72,5092.8,5078.51,5091.53,18283,10,0
2026-01-26 14:00:00,5091.5,5096.95,5077.2,5078.91,21061,10,0
2026-01-26 15:00:00,5078.89,5083.19,5054.71,5068.46,27243,10,0
2026-01-26 16:00:00,5068.47,5096.95,5058.34,5096.26,27845,10,0
2026-01-26 17:00:00,5096.3,5097.27,5074.17,5091.03,28840,10,0
2026-01-26 18:00:00,5090.99,5105.11,5065.29,5089.52,29001,10,0
2026-01-26 19:00:00,5089.63,5104.98,5080.98,5100.93,27288,10,0
2026-01-26 20:00:00,5100.94,5103.36,5058.18,5068.87,30745,10,0
2026-01-26 21:00:00,5068.9,5069.69,5008.52,5028.67,31701,10,0
2026-01-26 22:00:00,5028.77,5062.26,5026.42,5055.08,29027,10,0
2026-01-26 23:00:00,5055.35,5059.27,4990.13,5008.66,26194,10,0
2026-01-27 01:00:00,5013.41,5061.65,5012.82,5043.53,20394,10,0
2026-01-27 02:00:00,5043.48,5054.07,5013.76,5032.8,20189,10,0
2026-01-27 03:00:00,5032.8,5076.1,5019.08,5060.4,27390,10,0
2026-01-27 04:00:00,5060.43,5079.82,5049.63,5072.56,22260,10,0
2026-01-27 05:00:00,5072.56,5079.24,5060.44,5076.93,20219,10,0
2026-01-27 06:00:00,5076.93,5078.74,5061.66,5067.93,18966,10,0
2026-01-27 07:00:00,5067.93,5085.29,5057.38,5083.06,21771,10,0
2026-01-27 08:00:00,5083.06,5094.09,5076.71,5085.91,20825,10,0
2026-01-27 09:00:00,5085.92,5100.84,5081.61,5086.06,22000,10,0
2026-01-27 10:00:00,5086.06,5088.32,5073.37,5079.44,21049,10,0
2026-01-27 11:00:00,5079.45,5099.57,5077.97,5098.87,19870,10,0
2026-01-27 12:00:00,5098.85,5098.85,5082.0,5086.29,18766,10,0
2026-01-27 13:00:00,5086.29,5090.87,5066.95,5076.85,18536,10,0
2026-01-27 14:00:00,5077.0,5091.19,5073.65,5085.11,22828,10,0
2026-01-27 15:00:00,5085.04,5092.77,5069.66,5077.35,27343,10,0
2026-01-27 16:00:00,5077.47,5082.2,5046.68,5054.78,31395,10,0
2026-01-27 17:00:00,5054.72,5091.36,5047.75,5091.18,30381,10,0
2026-01-27 18:00:00,5091.19,5103.19,5083.38,5087.57,27900,10,0
2026-01-27 19:00:00,5087.59,5094.21,5076.86,5081.24,27337,10,0
2026-01-27 20:00:00,5081.23,5095.5,5076.41,5088.01,25772,10,0
2026-01-27 21:00:00,5088.01,5100.06,5081.19,5099.04,20627,10,0
2026-01-27 22:00:00,5099.05,5182.49,5098.04,5176.66,30602,10,0
2026-01-27 23:00:00,5176.72,5190.46,5169.44,5180.95,22258,10,0
2026-01-28 01:00:00,5179.66,5184.78,5159.11,5172.52,21955,10,0
2026-01-28 02:00:00,5172.49,5180.13,5157.41,5172.21,20974,10,0
2026-01-28 03:00:00,5171.94,5225.21,5168.71,5204.69,29300,10,0
2026-01-28 04:00:00,5204.59,5234.62,5201.65,5231.97,25492,10,0
2026-01-28 05:00:00,5231.97,5247.58,5224.6,5235.14,25032,10,0
2026-01-28 06:00:00,5235.13,5248.95,5232.31,5245.65,18240,10,0
2026-01-28 07:00:00,5245.66,5266.42,5241.66,5261.31,22647,10,0
2026-01-28 08:00:00,5261.34,5271.47,5252.06,5269.94,22609,10,0
2026-01-28 09:00:00,5269.87,5292.86,5262.96,5290.46,21434,10,0
2026-01-28 10:00:00,5290.45,5311.55,5280.82,5293.72,23933,10,0
2026-01-28 11:00:00,5293.72,5297.5,5263.18,5278.13,22034,10,0
2026-01-28 12:00:00,5278.16,5285.73,5269.42,5270.12,18134,10,0
2026-01-28 13:00:00,5270.12,5270.81,5238.69,5261.66,21648,10,0
2026-01-28 14:00:00,5261.66,5279.34,5251.69,5279.26,21555,10,0
2026-01-28 15:00:00,5279.26,5289.44,5256.99,5266.54,27583,10,0
2026-01-28 16:00:00,5266.53,5288.56,5248.74,5286.16,28869,10,0
2026-01-28 17:00:00,5286.32,5298.29,5235.95,5278.21,31016,10,0
2026-01-28 18:00:00,5278.37,5300.17,5274.57,5299.79,28404,10,0
2026-01-28 19:00:00,5299.79,5307.06,5283.22,5298.04,27070,10,0
2026-01-28 20:00:00,5298.01,5326.0,5268.7,5282.98,29805,10,0
2026-01-28 21:00:00,5282.98,5332.06,5269.63,5325.63,30748,10,0
2026-01-28 22:00:00,5325.53,5391.33,5321.44,5376.53,30788,10,0
2026-01-28 23:00:00,5376.78,5417.58,5376.78,5417.42,22490,10,0
2026-01-29 01:00:00,5415.79,5598.61,5415.79,5513.13,29878,10,0
2026-01-29 02:00:00,5512.53,5527.16,5454.62,5520.3,28414,10,0
2026-01-29 03:00:00,5520.39,5551.43,5445.54,5545.8,30493,10,0
2026-01-29 04:00:00,5545.8,5550.34,5504.39,5535.81,28420,10,0
2026-01-29 05:00:00,5535.81,5549.03,5508.41,5545.79,26258,10,0
2026-01-29 06:00:00,5545.82,5564.6,5533.6,5558.3,22550,10,0
2026-01-29 07:00:00,5558.3,5564.4,5516.39,5562.63,25470,10,0
2026-01-29 08:00:00,5562.48,5595.43,5554.72,5561.75,28136,10,0
2026-01-29 09:00:00,5561.76,5575.06,5536.97,5549.09,24944,10,0
2026-01-29 10:00:00,5549.09,5554.88,5474.58,5509.96,26074,10,0
2026-01-29 11:00:00,5509.85,5529.63,5498.17,5514.17,23780,10,0
2026-01-29 12:00:00,5514.17,5525.2,5482.3,5483.51,22217,10,0
2026-01-29 13:00:00,5483.52,5528.95,5470.88,5522.67,21700,10,0
2026-01-29 14:00:00,5522.66,5543.05,5518.51,5534.24,23645,10,0
2026-01-29 15:00:00,5534.21,5541.21,5500.49,5510.06,29109,10,0
2026-01-29 16:00:00,5510.41,5549.75,5491.14,5496.94,31427,10,0
2026-01-29 17:00:00,5496.94,5496.94,5102.71,5182.64,32201,10,0
2026-01-29 18:00:00,5182.52,5311.23,5172.06,5264.13,32647,10,0
2026-01-29 19:00:00,5264.09,5375.45,5264.09,5334.94,32020,10,0
2026-01-29 20:00:00,5334.87,5362.1,5307.92,5338.94,30609,10,0
2026-01-29 21:00:00,5338.99,5345.43,5290.38,5305.69,30789,10,0
2026-01-29 22:00:00,5305.73,5407.44,5282.79,5394.91,29252,10,0
2026-01-29 23:00:00,5394.57,5426.19,5375.0,5377.9,22952,10,0
2026-01-30 01:00:00,5386.99,5448.7,5378.03,5438.47,24596,10,0
2026-01-30 02:00:00,5438.38,5450.95,5390.08,5407.12,25699,10,0
2026-01-30 03:00:00,5407.13,5409.74,5291.51,5301.11,31112,10,0
2026-01-30 04:00:00,5301.0,5312.86,5112.48,5225.0,32673,10,0
2026-01-30 05:00:00,5224.9,5229.76,5150.7,5196.46,30023,10,0
2026-01-30 06:00:00,5196.35,5230.46,5193.67,5215.04,25724,10,0
2026-01-30 07:00:00,5215.04,5241.09,5180.04,5184.89,26443,10,0
2026-01-30 08:00:00,5184.88,5205.37,5145.55,5155.9,29707,10,0
2026-01-30 09:00:00,5155.94,5186.52,5118.05,5181.32,28145,10,0
2026-01-30 10:00:00,5181.33,5181.34,5057.6,5117.45,29499,10,0
2026-01-30 11:00:00,5117.36,5131.88,4942.8,5014.08,28601,10,0
2026-01-30 12:00:00,5013.77,5122.4,5001.01,5119.92,26406,10,0
2026-01-30 13:00:00,5119.74,5144.93,5089.62,5136.03,24330,10,0
2026-01-30 14:00:00,5136.03,5145.81,5055.42,5064.71,25049,10,0
2026-01-30 15:00:00,5064.6,5100.01,4992.61,5019.03,27750,10,0
2026-01-30 16:00:00,5019.42,5113.36,5014.68,5032.68,27905,10,0
2026-01-30 17:00:00,5033.05,5074.06,4980.78,5050.35,28454,10,0
2026-01-30 18:00:00,5050.79,5051.7,4944.61,4985.76,28647,10,0
2026-01-30 19:00:00,4985.52,4986.16,4801.05,4849.66,29360,10,0
2026-01-30 20:00:00,4849.8,4893.94,4691.37,4879.58,29336,10,0
2026-01-30 21:00:00,4879.89,4947.89,4843.14,4932.67,28008,10,0
2026-01-30 22:00:00,4932.79,4933.17,4809.5,4847.93,28123,10,0
2026-01-30 23:00:00,4847.57,4892.65,4831.88,4885.55,21861,10,0
2026-02-02 01:00:00,4809.66,4867.85,4697.67,4740.69,21569,10,0
2026-02-02 02:00:00,4741.71,4884.48,4740.57,4766.67,25458,10,0
2026-02-02 03:00:00,4766.64,4784.59,4591.78,4737.7,26617,10,0
2026-02-02 04:00:00,4737.7,4773.0,4698.92,4711.54,25419,10,0
2026-02-02 05:00:00,4710.92,4729.41,4630.4,4646.7,25775,10,0
2026-02-02 06:00:00,4646.6,4713.45,4603.4,4679.83,25079,10,0
2026-02-02 07:00:00,4679.84,4696.13,4498.55,4550.07,25664,10,0
2026-02-02 08:00:00,4549.93,4573.88,4402.98,4503.87,26595,10,0
2026-02-02 09:00:00,4504.76,4619.06,4486.42,4587.11,24875,10,0
2026-02-02 10:00:00,4587.24,4651.27,4563.7,4640.91,24392,10,0
2026-02-02 11:00:00,4640.91,4731.2,4603.72,4719.63,24591,10,0
2026-02-02 12:00:00,4719.6,4733.83,4657.28,4705.71,23319,10,0
2026-02-02 13:00:00,4705.72,4779.29,4703.71,4766.39,22253,10,0
2026-02-02 14:00:00,4766.04,4812.39,4743.66,4794.15,22822,10,0
2026-02-02 15:00:00,4794.19,4803.67,4669.76,4706.22,26325,10,0
2026-02-02 16:00:00,4706.22,4793.53,4680.1,4720.05,26549,10,0
2026-02-02 17:00:00,4719.77,4745.38,4617.33,4619.91,27340,10,0
2026-02-02 18:00:00,4620.0,4708.74,4596.87,4666.02,26461,10,0
2026-02-02 19:00:00,4666.01,4713.99,4656.71,4674.49,23966,10,0
2026-02-02 20:00:00,4674.25,4674.27,4618.71,4657.85,23651,10,0
2026-02-02 21:00:00,4657.91,4712.78,4631.53,4685.5,22990,10,0
2026-02-02 22:00:00,4685.58,4700.71,4647.82,4652.56,23468,10,0
2026-02-02 23:00:00,4652.52,4686.97,4644.06,4658.41,18260,10,0
2026-02-03 01:00:00,4670.51,4775.65,4665.96,4774.44,21823,10,0
2026-02-03 02:00:00,4774.42,4830.3,4766.27,4780.4,22652,10,0
2026-02-03 03:00:00,4780.43,4855.89,4766.54,4841.64,25559,10,0
2026-02-03 04:00:00,4841.43,4841.78,4745.73,4783.72,24668,10,0
2026-02-03 05:00:00,4783.67,4813.35,4752.04,4809.95,23093,10,0
2026-02-03 06:00:00,4809.57,4825.13,4800.97,4809.23,19337,10,0
2026-02-03 07:00:00,4809.22,4841.87,4809.22,4825.19,20929,10,0
2026-02-03 08:00:00,4825.22,4893.9,4816.6,4881.53,23541,10,0
2026-02-03 09:00:00,4881.29,4933.58,4872.19,4917.31,20081,10,0
2026-02-03 10:00:00,4917.32,4948.9,4898.51,4912.54,19958,10,0
2026-02-03 11:00:00,4912.53,4926.12,4884.75,4916.18,19291,10,0
2026-02-03 12:00:00,4916.25,4929.78,4901.81,4902.35,16324,10,0
2026-02-03 13:00:00,4902.36,4919.37,4884.0,4916.92,17798,10,0
2026-02-03 14:00:00,4916.96,4935.73,4892.5,4913.77,18754,10,0
2026-02-03 15:00:00,4913.77,4951.04,4902.81,4932.44,23602,10,0
2026-02-03 16:00:00,4932.78,4936.23,4894.06,4917.09,24970,10,0
2026-02-03 17:00:00,4917.18,4948.65,4904.81,4935.5,24800,10,0
2026-02-03 18:00:00,4935.49,4993.87,4929.86,4955.63,24012,10,0
2026-02-03 19:00:00,4955.63,4969.82,4907.64,4929.2,25562,10,0
2026-02-03 20:00:00,4929.07,4954.02,4885.41,4908.34,24605,10,0
2026-02-03 21:00:00,4908.38,4948.89,4880.97,4927.3,24069,10,0
2026-02-03 22:00:00,4927.3,4956.85,4902.77,4944.63,22691,10,0
2026-02-03 23:00:00,4944.59,4964.15,4933.85,4946.45,14038,10,0
2026-02-04 01:00:00,4945.85,4972.23,4910.77,4947.64,19987,10,0
2026-02-04 02:00:00,4947.59,5016.14,4946.41,5015.66,21237,10,0
2026-02-04 03:00:00,5015.66,5053.43,4985.33,5046.61,23605,10,0
2026-02-04 04:00:00,5046.72,5065.45,5035.6,5040.54,20353,10,0
2026-02-04 05:00:00,5040.53,5073.62,5036.31,5070.22,18694,10,0
2026-02-04 06:00:00,5070.22,5081.17,5056.55,5080.6,14475,10,0
2026-02-04 07:00:00,5080.6,5090.34,5069.42,5079.51,15909,10,0
2026-02-04 08:00:00,5079.53,5082.79,5051.27,5076.59,19808,10,0
2026-02-04 09:00:00,5076.57,5091.44,5062.28,5084.87,17206,10,0
2026-02-04 10:00:00,5084.85,5091.85,5069.06,5083.6,15038,10,0
2026-02-04 11:00:00,5083.59,5086.88,5043.1,5060.09,17891,10,0
2026-02-04 12:00:00,5060.06,5064.37,5041.75,5048.73,16053,10,0
2026-02-04 13:00:00,5048.73,5053.52,5013.74,5047.64,16732,10,0
2026-02-04 14:00:00,5047.61,5063.19,5036.72,5041.03,15559,10,0
2026-02-04 15:00:00,5041.03,5063.44,5023.62,5053.99,21933,10,0
2026-02-04 16:00:00,5054.0,5058.95,4967.42,4986.55,24451,10,0
2026-02-04 17:00:00,4986.59,5007.81,4887.78,4920.72,27030,10,0
2026-02-04 18:00:00,4920.61,4940.32,4854.29,4904.58,25985,10,0
2026-02-04 19:00:00,4904.56,4930.75,4888.41,4897.97,25082,10,0
2026-02-04 20:00:00,4897.97,4935.29,4873.11,4927.4,22624,10,0
2026-02-04 21:00:00,4927.41,4957.8,4914.67,4942.0,21426,10,0
2026-02-04 22:00:00,4941.96,4951.3,4915.42,4938.29,20407,10,0
2026-02-04 23:00:00,4938.51,4970.97,4937.73,4965.2,12726,10,0
2026-02-05 01:00:00,4965.58,5023.82,4965.58,5012.33,18691,10,0
2026-02-05 02:00:00,5012.34,5020.54,4997.24,5006.8,16947,10,0
2026-02-05 03:00:00,5006.79,5012.09,4936.1,4958.78,25066,10,0
2026-02-05 04:00:00,4958.8,4961.91,4805.39,4811.8,26599,10,0
2026-02-05 05:00:00,4811.79,4887.89,4789.89,4880.67,25825,10,0
2026-02-05 06:00:00,4880.66,4891.21,4863.46,4863.87,21169,10,0
2026-02-05 07:00:00,4863.96,4906.53,4826.84,4896.22,22907,10,0
2026-02-05 08:00:00,4896.31,4934.01,4878.34,4920.7,23724,10,0
2026-02-05 09:00:00,4920.55,4940.74,4895.99,4915.0,21361,10,0
2026-02-05 10:00:00,4915.1,4943.52,4901.29,4912.5,20131,10,0
2026-02-05 11:00:00,4912.23,4914.42,4849.76,4855.08,22278,10,0
2026-02-05 12:00:00,4855.14,4886.67,4848.24,4877.02,19866,10,0
2026-02-05 13:00:00,4877.01,4894.47,4864.51,4868.32,17024,10,0
2026-02-05 14:00:00,4868.31,4878.17,4810.73,4853.88,24034,10,0
2026-02-05 15:00:00,4853.95,4867.8,4802.11,4835.47,24947,10,0
2026-02-05 16:00:00,4835.47,4869.94,4806.04,4847.03,26304,10,0
2026-02-05 17:00:00,4846.39,4864.22,4800.53,4817.94,26846,10,0
2026-02-05 18:00:00,4817.79,4906.84,4812.55,4888.93,25513,10,0
2026-02-05 19:00:00,4889.03,4890.63,4859.26,4869.23,24001,10,0
2026-02-05 20:00:00,4869.22,4875.23,4851.33,4858.3,22119,10,0
2026-02-05 21:00:00,4858.26,4865.23,4823.71,4829.48,21023,10,0
2026-02-05 22:00:00,4829.44,4843.3,4792.83,4811.26,22144,10,0
2026-02-05 23:00:00,4811.31,4826.1,4759.79,4776.55,17529,10,0
2026-02-06 01:00:00,4789.7,4794.04,4703.44,4703.93,21209,10,0
2026-02-06 02:00:00,4703.95,4764.54,4655.22,4763.15,25291,10,0
2026-02-06 03:00:00,4763.1,4784.74,4693.79,4774.19,25499,10,0
2026-02-06 04:00:00,4774.28,4846.5,4761.33,4816.57,23879,10,0
2026-02-06 05:00:00,4816.6,4839.43,4801.2,4824.34,20569,10,0
2026-02-06 06:00:00,4824.33,4831.86,4807.25,4813.93,15981,10,0
2026-02-06 07:00:00,4813.94,4898.01,4807.83,4897.88,19862,10,0
2026-02-06 08:00:00,4897.85,4903.15,4825.83,4846.44,22136,10,0
2026-02-06 09:00:00,4846.24,4861.83,4838.6,4841.21,17425,10,0
2026-02-06 10:00:00,4841.15,4882.31,4829.75,4861.98,17985,10,0
2026-02-06 11:00:00,4861.99,4872.6,4839.13,4866.61,16287,10,0
2026-02-06 12:00:00,4866.6,4880.05,4851.82,4878.48,15059,10,0
2026-02-06 13:00:00,4878.48,4895.81,4863.99,4887.16,15905,10,0
2026-02-06 14:00:00,4887.23,4903.57,4871.91,4900.32,16449,10,0
2026-02-06 15:00:00,4900.3,4938.49,4897.22,4929.28,22062,10,0
2026-02-06 16:00:00,4929.27,4949.68,4894.69,4948.19,22282,10,0
2026-02-06 17:00:00,4948.19,4964.91,4928.68,4943.7,24183,10,0
2026-02-06 18:00:00,4943.72,4953.32,4921.71,4951.71,21713,10,0
2026-02-06 19:00:00,4951.68,4968.54,4948.41,4960.56,18662,10,0
2026-02-06 20:00:00,4960.58,4971.48,4943.96,4962.52,17114,10,0
2026-02-06 21:00:00,4962.51,4963.26,4948.8,4957.3,13996,10,0
2026-02-06 22:00:00,4957.25,4959.08,4936.76,4953.44,16425,10,0
2026-02-06 23:00:00,4953.43,4966.01,4946.53,4966.01,9655,10,0
2026-02-09 01:00:00,4983.79,5046.74,4965.13,5036.17,18896,10,0
2026-02-09 02:00:00,5036.14,5045.0,5012.11,5019.93,17990,10,0
2026-02-09 03:00:00,5019.85,5042.06,4976.32,4982.59,21579,10,0
2026-02-09 04:00:00,4982.6,5017.51,4969.25,5007.2,18636,10,0
2026-02-09 05:00:00,5007.22,5031.42,5005.7,5016.21,16651,10,0
2026-02-09 06:00:00,5016.16,5024.86,5007.65,5012.08,13360,10,0
2026-02-09 07:00:00,5012.08,5041.54,5011.35,5037.12,15556,10,0
2026-02-09 08:00:00,5036.69,5045.61,5014.04,5031.4,19308,10,0
2026-02-09 09:00:00,5031.38,5031.38,4997.64,5006.49,17283,10,0
2026-02-09 10:00:00,5006.49,5035.5,5002.88,5027.4,15879,10,0
2026-02-09 11:00:00,5027.38,5040.9,5002.88,5007.8,14913,10,0
2026-02-09 12:00:00,5007.98,5015.23,4982.42,4990.99,17314,10,0
2026-02-09 13:00:00,4990.98,5017.99,4988.76,5010.85,14419,10,0
2026-02-09 14:00:00,5010.87,5021.69,5007.4,5013.42,14591,10,0
2026-02-09 15:00:00,5013.42,5024.68,4995.17,5007.04,20566,10,0
2026-02-09 16:00:00,5007.0,5040.57,5002.4,5038.04,21858,10,0
2026-02-09 17:00:00,5038.06,5060.36,5023.65,5058.99,20926,10,0
2026-02-09 18:00:00,5058.99,5080.41,5056.91,5073.4,19253,10,0
2026-02-09 19:00:00,5073.42,5075.62,5040.99,5046.29,18071,10,0
2026-02-09 20:00:00,5046.32,5064.0,5044.22,5062.86,18387,10,0
2026-02-09 21:00:00,5062.84,5080.06,5062.48,5074.59,15645,10,0
2026-02-09 22:00:00,5074.57,5086.67,5072.35,5079.68,17518,10,0
2026-02-09 23:00:00,5079.73,5083.22,5048.38,5060.3,10896,10,0
2026-02-10 01:00:00,5060.87,5075.69,4987.88,5031.96,18452,10,0
2026-02-10 02:00:00,5031.94,5048.4,5008.81,5018.97,17861,10,0
2026-02-10 03:00:00,5018.98,5037.77,5012.7,5032.83,21648,10,0
2026-02-10 04:00:00,5032.84,5056.33,5031.81,5038.34,19054,10,0
2026-02-10 05:00:00,5038.23,5038.23,5016.64,5030.19,17851,10,0
2026-02-10 06:00:00,5030.19,5033.98,5017.67,5031.64,12801,10,0
2026-02-10 07:00:00,5031.67,5040.62,5011.43,5039.54,16213,10,0
2026-02-10 08:00:00,5039.48,5045.55,5019.11,5024.66,17870,10,0
2026-02-10 09:00:00,5024.65,5036.06,5018.74,5033.98,14152,10,0
2026-02-10 10:00:00,5033.97,5055.08,5028.95,5041.91,15831,10,0
2026-02-10 11:00:00,5041.94,5063.33,5040.69,5046.8,14415,10,0
2026-02-10 12:00:00,5046.8,5058.27,5037.18,5046.98,13591,10,0
2026-02-10 13:00:00,5046.98,5057.49,5044.46,5056.11,11777,10,0
2026-02-10 14:00:00,5056.1,5057.22,5019.69,5032.24,16123,10,0
2026-02-10 15:00:00,5032.25,5058.59,5026.75,5051.16,18507,10,0
2026-02-10 16:00:00,5051.15,5078.64,5020.68,5039.61,21252,10,0
2026-02-10 17:00:00,5038.41,5048.02,4999.17,5019.61,22876,10,0
2026-02-10 18:00:00,5019.62,5026.57,5005.7,5023.9,21383,10,0
2026-02-10 19:00:00,5023.9,5040.07,5020.89,5026.32,17458,10,0
2026-02-10 20:00:00,5026.3,5027.94,5004.96,5013.28,18560,10,0
2026-02-10 21:00:00,5013.28,5030.24,5008.9,5028.08,15426,10,0
2026-02-10 22:00:00,5028.08,5045.44,5020.46,5030.48,16274,10,0
2026-02-10 23:00:00,5030.4,5032.87,5020.47,5022.9,8747,10,0
2026-02-11 01:00:00,5027.08,5054.67,5025.07,5041.99,11414,10,0
2026-02-11 02:00:00,5041.99,5049.56,5028.34,5037.91,13766,10,0
2026-02-11 03:00:00,5037.86,5053.02,5030.81,5052.65,17389,10,0
2026-02-11 04:00:00,5052.62,5057.82,5032.7,5055.51,16175,10,0
2026-02-11 05:00:00,5055.75,5060.89,5045.22,5054.58,12930,10,0
2026-02-11 06:00:00,5054.58,5059.74,5045.95,5046.48,10063,10,0
2026-02-11 07:00:00,5046.48,5063.95,5043.63,5052.79,13842,10,0
2026-02-11 08:00:00,5052.71,5064.6,5049.51,5064.14,15741,10,0
2026-02-11 09:00:00,5064.1,5069.34,5049.09,5055.58,15919,10,0
2026-02-11 10:00:00,5055.58,5060.51,5045.96,5053.71,13008,10,0
2026-02-11 11:00:00,5053.75,5072.13,5047.27,5062.82,13322,10,0
2026-02-11 12:00:00,5062.8,5101.25,5062.56,5093.36,15940,10,0
2026-02-11 13:00:00,5093.36,5116.68,5082.61,5111.91,15750,10,0
2026-02-11 14:00:00,5111.92,5119.17,5051.51,5082.88,19152,10,0
2026-02-11 15:00:00,5083.73,5089.87,5019.04,5065.85,23181,10,0
2026-02-11 16:00:00,5065.84,5082.82,5035.94,5059.52,23956,10,0
2026-02-11 17:00:00,5059.57,5081.86,5039.22,5060.47,25088,10,0
2026-02-11 18:00:00,5060.29,5078.23,5042.87,5075.34,21338,10,0
2026-02-11 19:00:00,5075.35,5098.85,5068.89,5091.74,19663,10,0
2026-02-11 20:00:00,5091.69,5092.96,5067.06,5082.51,18758,10,0
2026-02-11 21:00:00,5082.56,5094.37,5077.05,5082.12,17387,10,0
2026-02-11 22:00:00,5082.09,5089.97,5078.29,5086.75,17011,10,0
2026-02-11 23:00:00,5086.78,5092.77,5069.91,5082.74,10360,10,0
2026-02-12 01:00:00,5085.14,5099.96,5053.31,5061.04,15052,10,0
2026-02-12 02:00:00,5061.25,5067.67,5049.92,5063.09,17325,10,0
2026-02-12 03:00:00,5063.06,5064.29,5045.29,5063.4,18941,10,0
2026-02-12 04:00:00,5063.46,5072.76,5055.17,5065.99,15653,10,0
2026-02-12 05:00:00,5066.0,5074.72,5055.01,5057.04,14231,10,0
2026-02-12 06:00:00,5057.06,5069.98,5051.0,5069.46,11134,10,0
2026-02-12 07:00:00,5069.46,5078.32,5064.71,5075.64,13988,10,0
2026-02-12 08:00:00,5075.64,5076.4,5047.33,5059.77,16678,10,0
2026-02-12 09:00:00,5059.78,5066.37,5051.92,5064.04,12304,10,0
2026-02-12 10:00:00,5063.99,5073.6,5052.52,5068.57,13682,10,0
2026-02-12 11:00:00,5068.56,5080.84,5066.3,5073.25,12336,10,0
2026-02-12 12:00:00,5073.23,5077.18,5056.07,5062.15,12475,10,0
2026-02-12 13:00:00,5062.12,5068.41,5059.49,5063.96,10425,10,0
2026-02-12 14:00:00,5063.98,5068.69,5048.78,5052.8,12275,10,0
2026-02-12 15:00:00,5052.81,5083.78,5051.54,5075.44,17073,10,0
2026-02-12 16:00:00,5075.46,5077.84,5039.47,5044.52,20519,10,0
2026-02-12 17:00:00,5044.53,5074.85,5039.97,5060.65,20173,10,0
2026-02-12 18:00:00,5060.56,5068.21,4878.62,4954.71,27017,10,0
2026-02-12 19:00:00,4954.73,4982.86,4939.58,4941.14,25010,10,0
2026-02-12 20:00:00,4941.14,4952.24,4906.58,4935.68,24138,10,0
2026-02-12 21:00:00,4935.71,4958.0,4928.8,4945.59,21663,10,0
2026-02-12 22:00:00,4945.62,4948.52,4911.42,4915.36,21857,10,0
2026-02-12 23:00:00,4914.95,4926.7,4911.93,4922.08,12237,10,0
2026-02-13 01:00:00,4929.99,4929.99,4888.11,4920.27,16228,10,0
2026-02-13 02:00:00,4920.19,4948.56,4913.69,4928.16,17536,10,0
2026-02-13 03:00:00,4928.14,4988.61,4927.36,4980.88,20736,10,0
2026-02-13 04:00:00,4980.91,4991.42,4972.25,4988.46,16515,10,0
2026-02-13 05:00:00,4988.43,4989.36,4973.85,4981.46,12017,10,0
2026-02-13 06:00:00,4981.46,4997.26,4973.02,4976.73,10301,10,0
2026-02-13 07:00:00,4976.72,4986.5,4945.04,4946.12,14273,10,0
2026-02-13 08:00:00,4946.41,4968.78,4946.22,4967.3,16812,10,0
2026-02-13 09:00:00,4967.26,4982.79,4951.22,4974.83,14664,10,0
2026-02-13 10:00:00,4975.01,4989.64,4971.5,4982.64,14767,10,0
2026-02-13 11:00:00,4982.64,4982.92,4961.52,4970.35,12140,10,0
2026-02-13 12:00:00,4970.35,4980.71,4947.27,4950.13,11256,10,0
2026-02-13 13:00:00,4950.25,4955.08,4933.82,4954.06,14264,10,0
2026-02-13 14:00:00,4954.01,4974.05,4952.31,4969.52,13001,10,0
2026-02-13 15:00:00,4969.56,4999.58,4957.76,4987.1,17519,10,0
2026-02-13 16:00:00,4987.12,5011.05,4964.82,4995.55,21140,10,0
2026-02-13 17:00:00,4995.53,5020.54,4974.2,4976.9,23203,10,0
2026-02-13 18:00:00,4976.85,5033.76,4975.85,5007.92,20109,10,0
2026-02-13 19:00:00,5007.91,5029.29,5006.02,5021.07,16897,10,0
2026-02-13 20:00:00,5021.06,5035.49,5015.55,5031.24,15862,10,0
2026-02-13 21:00:00,5031.26,5046.11,5024.46,5024.46,15343,10,0
2026-02-13 22:00:00,5023.69,5034.73,5021.71,5032.54,17086,10,0
2026-02-13 23:00:00,5032.55,5046.05,5029.8,5043.31,7270,10,0
2026-02-16 01:00:00,5037.74,5052.31,5009.62,5020.07,15272,10,0
2026-02-16 02:00:00,5020.07,5022.71,5000.4,5015.64,12229,10,0
2026-02-16 03:00:00,5015.6,5031.13,5007.18,5028.93,11436,10,0
2026-02-16 04:00:00,5028.93,5031.19,4992.37,4994.78,12526,10,0
2026-02-16 05:00:00,4994.78,5000.08,4976.3,4987.6,12022,10,0
2026-02-16 06:00:00,4987.56,4992.18,4973.29,4977.0,11261,10,0
2026-02-16 07:00:00,4977.77,4990.7,4966.54,4990.65,10349,10,0
2026-02-16 08:00:00,4990.65,5003.13,4985.16,4994.93,9619,10,0
2026-02-16 09:00:00,4994.93,5010.07,4989.08,5007.32,9491,10,0
2026-02-16 10:00:00,5007.32,5013.42,4995.81,5008.12,11300,10,0
2026-02-16 11:00:00,5008.12,5017.21,5008.01,5013.56,9150,10,0
2026-02-16 12:00:00,5013.54,5017.3,5000.49,5006.14,9394,10,0
2026-02-16 13:00:00,5006.14,5008.11,4999.14,5004.42,7823,10,0
2026-02-16 14:00:00,5004.43,5008.1,4993.08,5002.02,9741,10,0
2026-02-16 15:00:00,5001.98,5003.77,4989.85,4997.31,9773,10,0
2026-02-16 16:00:00,4997.31,4999.6,4981.81,4988.39,11765,10,0
2026-02-16 17:00:00,4988.15,4988.38,4969.14,4979.77,12247,10,0
2026-02-16 18:00:00,4979.71,4990.46,4973.2,4988.14,10955,10,0
2026-02-16 19:00:00,4988.14,4996.08,4988.14,4991.7,7443,10,0
2026-02-16 20:00:00,4991.89,4997.71,4988.68,4994.64,8674,10,0
2026-02-16 21:00:00,4994.64,4996.42,4990.6,4993.32,4518,10,0
2026-02-17 01:00:00,4995.41,5000.85,4985.31,4989.83,9348,10,0
2026-02-17 02:00:00,4989.82,4991.41,4932.22,4935.76,13414,10,0
2026-02-17 03:00:00,4935.79,4963.93,4922.97,4957.58,15324,10,0
2026-02-17 04:00:00,4957.63,4971.12,4954.61,4967.13,10802,10,0
2026-02-17 05:00:00,4967.14,4970.15,4950.12,4956.89,11256,10,0
2026-02-17 06:00:00,4956.89,4960.2,4946.78,4953.06,8745,10,0
2026-02-17 07:00:00,4952.87,4954.27,4859.19,4888.91,18313,10,0
2026-02-17 08:00:00,4888.91,4914.33,4886.84,4910.4,13046,10,0
2026-02-17 09:00:00,4910.45,4922.21,4904.04,4917.18,12615,10,0
2026-02-17 10:00:00,4917.16,4930.37,4916.59,4920.83,13263,10,0
2026-02-17 11:00:00,4920.87,4932.66,4913.5,4926.02,12175,10,0
2026-02-17 12:00:00,4926.01,4939.44,4907.67,4913.24,11936,10,0
2026-02-17 13:00:00,4913.24,4930.92,4913.24,4929.4,11219,10,0
2026-02-17 14:00:00,4929.4,4944.23,4928.38,4932.12,12199,10,0
2026-02-17 15:00:00,4932.1,4933.39,4870.26,4870.75,17131,10,0
2026-02-17 16:00:00,4870.79,4907.21,4842.2,4863.03,22637,10,0
2026-02-17 17:00:00,4863.56,4882.49,4849.24,4878.61,23290,10,0
2026-02-17 18:00:00,4878.61,4893.6,4868.6,4869.3,21032,10,0
2026-02-17 19:00:00,4869.32,4871.4,4850.38,4865.17,19361,10,0
2026-02-17 20:00:00,4865.18,4910.57,4862.56,4899.03,18524,10,0
2026-02-17 21:00:00,4899.06,4901.05,4876.67,4880.35,16880,10,0
2026-02-17 22:00:00,4880.36,4884.14,4873.43,4878.02,17149,10,0
2026-02-17 23:00:00,4878.03,4886.8,4875.19,4878.15,7077,10,0
2026-02-18 01:00:00,4879.28,4884.49,4854.33,4859.17,12360,10,0
2026-02-18 02:00:00,4859.18,4882.65,4858.44,4874.91,12936,10,0
2026-02-18 03:00:00,4874.91,4892.74,4874.57,4890.03,11761,10,0
2026-02-18 04:00:00,4890.02,4907.41,4886.64,4905.44,9021,10,0
2026-02-18 05:00:00,4905.44,4922.16,4904.33,4920.8,9066,10,0
2026-02-18 06:00:00,4920.81,4940.42,4918.36,4934.24,9162,10,0
2026-02-18 07:00:00,4934.23,4939.87,4930.06,4933.47,7763,10,0
2026-02-18 08:00:00,4933.45,4936.14,4925.28,4930.88,9182,10,0
2026-02-18 09:00:00,4930.88,4942.31,4929.24,4930.35,8733,10,0
2026-02-18 10:00:00,4930.34,4932.36,4916.76,4917.29,9931,10,0
2026-02-18 11:00:00,4917.22,4923.12,4913.06,4917.35,9901,10,0
2026-02-18 12:00:00,4917.34,4924.57,4909.49,4914.53,11339,10,0
2026-02-18 13:00:00,4914.51,4917.66,4906.46,4913.09,8891,10,0
2026-02-18 14:00:00,4913.11,4947.22,4912.17,4943.14,12229,10,0
2026-02-18 15:00:00,4943.12,4969.03,4943.12,4954.42,15550,10,0
2026-02-18 16:00:00,4954.47,4994.22,4952.43,4991.76,18291,10,0
2026-02-18 17:00:00,4991.8,5008.97,4991.65,4997.96,18706,10,0
2026-02-18 18:00:00,4998.07,5010.95,4991.5,5000.43,16949,10,0
2026-02-18 19:00:00,5000.43,5001.68,4993.55,4999.32,13684,10,0
2026-02-18 20:00:00,4999.32,5003.32,4980.69,4987.49,16305,10,0
2026-02-18 21:00:00,4987.39,4995.44,4973.0,4980.67,17203,10,0
2026-02-18 22:00:00,4980.62,4987.62,4975.6,4984.93,15983,10,0
2026-02-18 23:00:00,4984.99,4986.42,4976.05,4976.36,5426,10,0
2026-02-19 01:00:00,4976.92,4988.79,4961.42,4976.04,11170,10,0
2026-02-19 02:00:00,4976.07,4976.39,4960.69,4961.37,10908,10,0
2026-02-19 03:00:00,4961.37,4975.66,4960.71,4973.13,9906,10,0
2026-02-19 04:00:00,4973.11,4977.38,4965.83,4968.22,8569,10,0
2026-02-19 05:00:00,4968.18,4983.47,4966.4,4981.65,8491,10,0
2026-02-19 06:00:00,4981.67,4985.49,4976.94,4984.31,7386,10,0
2026-02-19 07:00:00,4984.31,4998.65,4984.31,4996.98,7441,10,0
2026-02-19 08:00:00,4996.98,5020.01,4996.69,5018.38,9058,10,0
2026-02-19 09:00:00,5018.38,5021.72,5008.96,5010.34,9110,10,0
2026-02-19 10:00:00,5010.32,5021.93,5006.48,5017.14,11177,10,0
2026-02-19 11:00:00,5017.14,5020.45,4993.3,4995.81,11768,10,0
2026-02-19 12:00:00,4995.8,4996.19,4981.75,4993.38,12344,10,0
2026-02-19 13:00:00,4993.37,4996.33,4978.15,4984.59,11236,10,0
2026-02-19 14:00:00,4984.59,4992.84,4980.6,4984.94,10931,10,0
2026-02-19 15:00:00,4984.92,4998.58,4973.12,4997.07,14662,10,0
2026-02-19 16:00:00,4997.08,5010.58,4963.97,5005.67,19778,10,0
2026-02-19 17:00:00,5005.72,5022.28,4996.25,5013.79,21555,10,0
2026-02-19 18:00:00,5013.84,5014.37,4990.69,4995.29,18373,10,0
2026-02-19 19:00:00,4995.21,5001.79,4983.04,4984.98,16039,10,0
2026-02-19 20:00:00,4984.96,4989.3,4975.29,4981.76,15237,10,0
2026-02-19 21:00:00,4981.74,4990.33,4978.5,4987.95,13406,10,0
2026-02-19 22:00:00,4987.93,5003.38,4987.91,5001.9,14889,10,0
2026-02-19 23:00:00,5001.77,5004.14,4992.04,4996.3,6586,10,0
2026-02-20 01:00:00,4997.18,5008.15,4985.69,4987.79,9929,10,0
2026-02-20 02:00:00,4987.79,5006.93,4985.49,5006.43,8960,10,0
2026-02-20 03:00:00,5006.43,5014.81,4995.43,4997.05,11585,10,0
2026-02-20 04:00:00,4997.04,5007.54,4992.94,4996.21,10000,10,0
2026-02-20 05:00:00,4996.21,4999.24,4981.76,4987.46,8895,10,0
2026-02-20 06:00:00,4987.89,5003.46,4986.73,4999.8,6620,10,0
2026-02-20 07:00:00,4999.81,5011.92,4998.16,5011.92,8653,10,0
2026-02-20 08:00:00,5011.92,5030.03,5011.92,5020.75,11149,10,0
2026-02-20 09:00:00,5020.73,5028.19,5006.14,5006.33,11330,10,0
2026-02-20 10:00:00,5006.44,5030.9,5005.1,5028.89,12303,10,0
2026-02-20 11:00:00,5028.92,5042.61,5027.54,5027.73,12420,10,0
2026-02-20 12:00:00,5027.73,5038.55,5019.67,5034.76,12092,10,0
2026-02-20 13:00:00,5034.74,5034.84,5015.63,5017.47,11413,10,0
2026-02-20 14:00:00,5017.45,5026.69,5007.23,5025.23,12734,10,0
2026-02-20 15:00:00,5025.34,5048.81,5018.38,5043.5,14753,10,0
2026-02-20 16:00:00,5043.6,5060.55,5037.31,5054.56,18493,10,0
2026-02-20 17:00:00,5054.56,5064.23,4990.01,5042.58,24687,10,0
2026-02-20 18:00:00,5042.72,5069.11,5039.02,5066.69,20644,10,0
2026-02-20 19:00:00,5066.59,5076.34,5054.63,5073.02,19566,10,0
2026-02-20 20:00:00,5072.97,5075.13,5054.46,5071.23,19210,10,0
2026-02-20 21:00:00,5071.48,5079.86,5068.98,5079.55,13153,10,0
2026-02-20 22:00:00,5079.49,5098.11,5076.98,5097.25,16118,10,0
2026-02-20 23:00:00,5096.93,5108.08,5091.76,5108.08,8955,10,0
2026-02-23 01:00:00,5109.76,5171.92,5099.27,5165.43,17551,10,0
2026-02-23 02:00:00,5165.43,5166.71,5129.76,5144.66,18095,10,0
2026-02-23 03:00:00,5144.66,5167.74,5140.38,5157.58,16583,10,0
2026-02-23 04:00:00,5157.45,5176.62,5156.79,5173.65,14597,10,0
2026-02-23 05:00:00,5173.65,5175.95,5152.5,5166.79,12896,10,0
2026-02-23 06:00:00,5166.76,5168.66,5155.59,5160.84,10804,10,0
2026-02-23 07:00:00,5160.83,5161.77,5152.36,5158.32,10847,10,0
2026-02-23 08:00:00,5158.32,5161.48,5145.19,5145.8,11155,10,0
2026-02-23 09:00:00,5145.82,5154.38,5125.15,5136.77,14934,10,0
2026-02-23 10:00:00,5136.81,5142.13,5122.38,5140.3,14149,10,0
2026-02-23 11:00:00,5140.36,5150.17,5139.42,5149.59,11477,10,0
2026-02-23 12:00:00,5149.62,5163.46,5145.31,5162.94,12177,10,0
2026-02-23 13:00:00,5162.94,5163.46,5146.7,5149.78,11324,10,0
2026-02-23 14:00:00,5149.78,5165.49,5145.57,5164.12,12135,10,0
2026-02-23 15:00:00,5164.14,5165.36,5143.75,5146.35,14602,10,0
2026-02-23 16:00:00,5146.35,5200.51,5141.5,5192.52,18895,10,0
2026-02-23 17:00:00,5192.58,5204.98,5180.86,5196.36,21455,10,0
2026-02-23 18:00:00,5196.33,5219.07,5175.96,5210.05,20707,10,0
2026-02-23 19:00:00,5210.06,5213.57,5191.22,5208.0,18067,10,0
2026-02-23 20:00:00,5208.0,5215.81,5201.12,5209.71,16812,10,0
2026-02-23 21:00:00,5209.68,5218.44,5206.69,5215.67,15285,10,0
2026-02-23 22:00:00,5215.74,5237.85,5215.12,5236.39,16644,10,0
2026-02-23 23:00:00,5236.39,5237.46,5226.63,5227.92,8582,10,0
2026-02-24 01:00:00,5227.62,5249.75,5222.55,5235.74,12978,10,0
2026-02-24 02:00:00,5235.75,5238.21,5218.03,5224.01,14773,10,0
2026-02-24 03:00:00,5223.92,5223.96,5145.44,5177.24,22560,10,0
2026-02-24 04:00:00,5177.39,5190.9,5165.69,5190.03,15725,10,0
2026-02-24 05:00:00,5190.02,5191.86,5171.25,5172.11,12604,10,0
2026-02-24 06:00:00,5172.11,5175.15,5161.27,5168.27,10804,10,0
2026-02-24 07:00:00,5167.97,5185.81,5164.39,5182.68,13270,10,0
2026-02-24 08:00:00,5182.68,5184.88,5156.71,5173.61,14245,10,0
2026-02-24 09:00:00,5173.58,5183.86,5164.24,5179.44,13740,10,0
2026-02-24 10:00:00,5179.44,5182.03,5165.14,5173.55,13654,10,0
2026-02-24 11:00:00,5173.53,5180.36,5166.61,5171.49,11334,10,0
2026-02-24 12:00:00,5171.49,5181.32,5163.37,5172.88,11240,10,0
2026-02-24 13:00:00,5172.87,5178.51,5171.07,5172.75,9252,10,0
2026-02-24 14:00:00,5172.77,5173.51,5145.16,5150.7,15009,10,0
2026-02-24 15:00:00,5150.64,5161.33,5111.16,5115.19,18962,10,0
2026-02-24 16:00:00,5115.13,5139.32,5093.83,5128.58,22878,10,0
2026-02-24 17:00:00,5128.57,5155.31,5118.12,5150.37,20741,10,0
2026-02-24 18:00:00,5150.37,5152.28,5131.12,5141.9,18864,10,0
2026-02-24 19:00:00,5141.92,5163.83,5141.86,5163.75,15643,10,0
2026-02-24 20:00:00,5163.79,5170.11,5153.87,5160.17,15434,10,0
2026-02-24 21:00:00,5160.16,5160.47,5146.58,5154.07,14640,10,0
2026-02-24 22:00:00,5154.07,5173.2,5146.74,5164.03,16021,10,0
2026-02-24 23:00:00,5164.09,5165.72,5140.53,5144.86,8576,10,0
2026-02-25 01:00:00,5143.82,5152.18,5121.59,5146.72,11334,10,0
2026-02-25 02:00:00,5146.72,5156.37,5137.17,5152.36,11790,10,0
2026-02-25 03:00:00,5152.38,5189.99,5144.28,5176.89,17649,10,0
2026-02-25 04:00:00,5176.88,5193.91,5166.64,5180.71,15461,10,0
2026-02-25 05:00:00,5180.85,5190.15,5178.38,5182.23,13307,10,0
2026-02-25 06:00:00,5182.21,5185.23,5172.93,5182.72,8730,10,0
2026-02-25 07:00:00,5182.78,5210.62,5182.78,5201.83,13107,10,0
2026-02-25 08:00:00,5201.83,5201.83,5182.44,5194.62,14555,10,0
2026-02-25 09:00:00,5194.75,5195.16,5180.5,5184.74,10227,10,0
2026-02-25 10:00:00,5184.75,5197.23,5184.18,5185.39,11745,10,0
2026-02-25 11:00:00,5185.39,5194.55,5176.75,5193.2,12601,10,0
2026-02-25 12:00:00,5193.23,5195.2,5170.33,5175.16,11642,10,0
2026-02-25 13:00:00,5175.16,5182.59,5155.16,5181.69,12477,10,0
2026-02-25 14:00:00,5181.66,5187.42,5177.48,5182.88,11423,10,0
2026-02-25 15:00:00,5182.85,5191.53,5181.17,5185.24,15270,10,0
2026-02-25 16:00:00,5185.25,5193.29,5159.07,5191.38,19066,10,0
2026-02-25 17:00:00,5191.35,5202.55,5172.64,5194.58,20287,10,0
2026-02-25 18:00:00,5194.87,5213.81,5189.8,5212.33,16792,10,0
2026-02-25 19:00:00,5212.33,5217.6,5203.77,5206.99,15900,10,0
2026-02-25 20:00:00,5206.99,5207.74,5200.84,5202.06,9148,10,0
2026-02-25 21:00:00,5202.06,5208.49,5191.76,5205.15,14643,10,0
2026-02-25 22:00:00,5205.15,5206.32,5145.99,5152.27,18760,10,0
2026-02-25 23:00:00,5152.03,5173.54,5150.44,5169.17,13451,10,0
2026-02-26 01:00:00,5166.12,5182.05,5159.55,5163.06,13112,10,0
2026-02-26 02:00:00,5163.14,5192.09,5155.68,5188.46,14429,10,0
2026-02-26 03:00:00,5188.43,5198.47,5178.59,5191.56,17978,10,0
2026-02-26 04:00:00,5191.55,5195.65,5174.3,5184.4,15737,10,0
2026-02-26 05:00:00,5184.41,5193.84,5183.0,5192.68,11960,10,0
2026-02-26 06:00:00,5192.51,5199.27,5190.47,5192.73,9524,10,0
2026-02-26 07:00:00,5192.81,5205.5,5190.21,5198.32,13344,10,0
2026-02-26 08:00:00,5198.32,5199.62,5190.47,5193.34,12854,10,0
2026-02-26 09:00:00,5193.33,5194.81,5179.73,5186.08,11844,10,0
2026-02-26 10:00:00,5186.24,5190.86,5167.92,5179.39,15499,10,0
2026-02-26 11:00:00,5179.4,5189.53,5173.97,5186.46,12007,10,0
2026-02-26 12:00:00,5186.46,5190.15,5166.01,5171.48,11328,10,0
2026-02-26 13:00:00,5171.48,5178.43,5161.32,5164.7,10700,10,0
2026-02-26 14:00:00,5164.72,5187.88,5157.88,5183.98,13464,10,0
2026-02-26 15:00:00,5183.93,5185.52,5164.37,5166.37,17259,10,0
2026-02-26 16:00:00,5166.08,5176.07,5140.1,5165.21,20124,10,0
2026-02-26 17:00:00,5164.85,5192.85,5130.43,5185.76,23366,10,0
2026-02-26 18:00:00,5185.83,5187.31,5172.98,5179.72,19887,10,0
2026-02-26 19:00:00,5179.74,5190.38,5162.08,5167.27,17698,10,0
2026-02-26 20:00:00,5167.28,5185.84,5160.65,5180.24,17002,10,0
2026-02-26 21:00:00,5180.45,5194.04,5179.65,5187.07,14169,10,0
2026-02-26 22:00:00,5187.07,5201.07,5186.87,5196.62,15824,10,0
2026-02-26 23:00:00,5196.56,5200.74,5183.02,5184.9,7209,10,0
2026-02-27 01:00:00,5184.28,5189.73,5175.83,5184.63,8758,10,0
2026-02-27 02:00:00,5184.63,5194.99,5170.37,5175.07,12767,10,0
2026-02-27 03:00:00,5175.07,5194.48,5167.03,5194.06,17249,10,0
2026-02-27 04:00:00,5194.07,5199.7,5173.64,5183.6,16675,10,0
2026-02-27 05:00:00,5183.61,5190.63,5181.2,5184.19,12393,10,0
2026-02-27 06:00:00,5184.13,5188.81,5181.02,5181.77,9014,10,0
2026-02-27 07:00:00,5181.78,5200.49,5181.5,5197.86,12161,10,0
2026-02-27 08:00:00,5197.86,5199.25,5185.2,5185.73,15356,10,0
2026-02-27 09:00:00,5185.73,5189.71,5175.7,5176.06,12762,10,0
2026-02-27 10:00:00,5176.06,5182.4,5174.43,5178.75,12093,10,0
2026-02-27 11:00:00,5178.76,5182.71,5172.34,5176.01,11246,10,0
2026-02-27 12:00:00,5176.06,5180.97,5168.81,5177.67,11216,10,0
2026-02-27 13:00:00,5177.66,5185.67,5172.72,5185.67,10058,10,0
2026-02-27 14:00:00,5185.74,5190.52,5183.08,5187.6,12308,10,0
2026-02-27 15:00:00,5187.6,5240.6,5186.83,5223.09,21724,10,0
2026-02-27 16:00:00,5223.08,5236.22,5213.84,5223.84,21193,10,0
2026-02-27 17:00:00,5223.86,5246.54,5214.95,5239.51,21772,10,0
2026-02-27 18:00:00,5239.52,5257.81,5222.13,5229.19,21119,10,0
2026-02-27 19:00:00,5229.24,5237.0,5221.34,5234.71,18837,10,0
2026-02-27 20:00:00,5234.72,5246.91,5222.61,5245.36,17484,10,0
2026-02-27 21:00:00,5245.36,5252.36,5240.32,5250.11,15155,10,0
2026-02-27 22:00:00,5250.14,5265.49,5248.68,5263.4,16474,10,0
2026-02-27 23:00:00,5263.35,5281.2,5257.32,5280.19,9508,10,0
2026-03-02 01:00:00,5301.68,5393.42,5299.82,5386.98,27995,10,0
2026-03-02 02:00:00,5386.98,5388.11,5341.15,5347.52,26609,10,0
2026-03-02 03:00:00,5347.5,5347.5,5303.39,5325.02,30273,10,0
2026-03-02 04:00:00,5325.01,5351.77,5317.15,5346.61,24434,10,0
2026-03-02 05:00:00,5346.57,5366.83,5344.51,5366.38,20223,10,0
2026-03-02 06:00:00,5366.38,5367.17,5345.51,5356.07,17042,10,0
2026-03-02 07:00:00,5356.08,5366.26,5341.05,5366.07,19717,10,0
2026-03-02 08:00:00,5366.15,5389.84,5363.74,5387.56,21995,10,0
2026-03-02 09:00:00,5387.58,5419.28,5385.04,5408.46,23142,10,0
2026-03-02 10:00:00,5408.4,5416.83,5391.38,5394.2,22987,10,0
2026-03-02 11:00:00,5394.16,5402.79,5386.16,5392.11,19910,10,0
2026-03-02 12:00:00,5392.11,5400.94,5379.17,5389.04,19016,10,0
2026-03-02 13:00:00,5389.11,5399.96,5375.37,5385.38,18484,10,0
2026-03-02 14:00:00,5385.35,5398.79,5379.04,5397.07,20139,10,0
2026-03-02 15:00:00,5397.09,5416.48,5382.09,5394.03,27789,10,0
2026-03-02 16:00:00,5394.03,5395.18,5306.47,5333.38,31929,10,0
2026-03-02 17:00:00,5333.3,5348.94,5308.36,5316.01,31586,10,0
2026-03-02 18:00:00,5315.39,5315.39,5260.67,5290.07,31324,10,0
2026-03-02 19:00:00,5290.1,5320.73,5286.9,5306.85,27938,10,0
2026-03-02 20:00:00,5306.85,5316.75,5289.69,5315.68,24608,10,0
2026-03-02 21:00:00,5315.67,5334.21,5313.96,5330.44,21781,10,0
2026-03-02 22:00:00,5330.44,5346.43,5328.41,5332.37,26674,10,0
2026-03-02 23:00:00,5332.5,5340.32,5321.81,5322.43,14795,10,0
2026-03-03 01:00:00,5315.41,5346.99,5315.41,5345.97,14893,10,0
2026-03-03 02:00:00,5345.97,5362.06,5337.03,5350.32,17734,10,0
2026-03-03 03:00:00,5350.34,5379.89,5338.27,5339.34,26518,10,0
2026-03-03 04:00:00,5339.33,5368.11,5333.06,5366.95,25060,10,0
2026-03-03 05:00:00,5366.96,5373.54,5359.42,5367.0,19024,10,0
2026-03-03 06:00:00,5367.29,5375.65,5359.43,5361.2,16403,10,0
2026-03-03 07:00:00,5361.32,5367.23,5305.2,5319.13,24246,10,0
2026-03-03 08:00:00,5319.16,5323.04,5279.41,5310.75,27590,10,0
2026-03-03 09:00:00,5310.72,5331.18,5306.08,5327.73,20960,10,0
2026-03-03 10:00:00,5327.74,5335.98,5290.34,5295.78,24905,10,0
2026-03-03 11:00:00,5295.78,5303.91,5226.49,5275.16,27752,10,0
2026-03-03 12:00:00,5275.25,5287.96,5238.11,5248.34,26347,10,0
2026-03-03 13:00:00,5248.46,5264.11,5074.48,5144.86,31988,10,0
2026-03-03 14:00:00,5144.83,5226.66,5138.63,5224.56,28366,10,0
2026-03-03 15:00:00,5224.57,5224.57,5127.56,5156.75,31145,10,0
2026-03-03 16:00:00,5156.71,5175.55,5016.31,5037.96,32317,10,0
2026-03-03 17:00:00,5038.64,5096.97,4996.14,5095.71,33394,10,0
2026-03-03 18:00:00,5095.72,5134.68,5090.62,5106.8,31944,10,0
2026-03-03 19:00:00,5106.81,5109.89,5065.28,5079.17,30843,10,0
2026-03-03 20:00:00,5079.27,5138.22,5079.24,5136.09,29119,10,0
2026-03-03 21:00:00,5136.09,5148.74,5099.43,5113.34,29324,10,0
2026-03-03 22:00:00,5113.35,5130.4,5085.93,5097.04,28763,10,0
2026-03-03 23:00:00,5097.18,5110.51,5083.58,5090.31,16824,10,0
2026-03-04 01:00:00,5101.76,5129.95,5084.75,5125.4,20658,10,0
2026-03-04 02:00:00,5125.39,5140.37,5106.03,5138.72,22104,10,0
2026-03-04 03:00:00,5138.71,5178.64,5138.7,5175.09,28883,10,0
2026-03-04 04:00:00,5175.15,5190.74,5154.14,5156.36,26199,10,0
2026-03-04 05:00:00,5156.36,5177.64,5141.36,5174.58,24823,10,0
2026-03-04 06:00:00,5174.59,5180.89,5152.18,5156.95,21001,10,0
2026-03-04 07:00:00,5156.97,5168.25,5152.2,5160.04,24213,10,0
2026-03-04 08:00:00,5160.01,5160.8,5122.4,5160.8,26046,10,0
2026-03-04 09:00:00,5160.72,5175.98,5158.53,5168.45,21101,10,0
2026-03-04 10:00:00,5168.33,5182.13,5147.74,5167.64,22280,10,0
2026-03-04 11:00:00,5167.63,5185.07,5159.2,5182.3,19653,10,0
2026-03-04 12:00:00,5182.3,5202.57,5179.67,5189.88,21683,10,0
2026-03-04 13:00:00,5189.88,5200.81,5187.72,5192.17,17767,10,0
2026-03-04 14:00:00,5192.17,5206.1,5156.42,5171.2,23961,10,0
2026-03-04 15:00:00,5171.2,5196.41,5167.51,5167.97,26431,10,0
2026-03-04 16:00:00,5167.98,5185.12,5138.71,5146.72,30136,10,0
2026-03-04 17:00:00,5146.72,5167.08,5131.37,5151.39,30771,10,0
2026-03-04 18:00:00,5151.35,5162.64,5138.42,5149.78,27958,10,0
2026-03-04 19:00:00,5149.78,5153.12,5120.34,5141.14,25850,10,0
2026-03-04 20:00:00,5141.14,5143.58,5109.1,5133.59,25770,10,0
2026-03-04 21:00:00,5133.8,5139.63,5123.41,5137.94,20468,10,0
2026-03-04 22:00:00,5138.0,5146.69,5123.65,5134.76,21954,10,0
2026-03-04 23:00:00,5134.86,5144.03,5129.52,5139.25,11657,10,0
2026-03-05 01:00:00,5146.32,5166.15,5144.92,5165.26,14053,10,0
2026-03-05 02:00:00,5165.26,5179.86,5159.5,5172.62,16716,10,0
2026-03-05 03:00:00,5172.61,5186.49,5167.66,5172.67,25758,10,0
2026-03-05 04:00:00,5172.67,5192.49,5171.68,5192.08,22193,10,0
2026-03-05 05:00:00,5192.07,5194.94,5178.46,5180.3,19554,10,0
2026-03-05 06:00:00,5180.28,5186.68,5166.4,5171.74,15560,10,0
2026-03-05 07:00:00,5171.77,5176.88,5148.37,5148.67,20089,10,0
2026-03-05 08:00:00,5148.7,5168.85,5120.84,5167.75,26156,10,0
2026-03-05 09:00:00,5167.75,5172.69,5159.02,5162.26,20519,10,0
2026-03-05 10:00:00,5162.32,5170.19,5137.63,5165.66,22642,10,0
2026-03-05 11:00:00,5165.67,5180.59,5153.9,5161.2,23005,10,0
2026-03-05 12:00:00,5161.15,5167.55,5146.28,5164.57,18958,10,0
2026-03-05 13:00:00,5164.57,5168.07,5156.99,5163.95,15981,10,0
2026-03-05 14:00:00,5163.95,5171.58,5160.98,5162.57,16812,10,0
2026-03-05 15:00:00,5162.69,5164.13,5084.94,5118.05,28228,10,0
2026-03-05 16:00:00,5118.06,5129.91,5090.78,5102.24,29798,10,0
2026-03-05 17:00:00,5102.2,5119.95,5062.22,5102.62,29884,10,0
2026-03-05 18:00:00,5102.6,5104.57,5054.29,5077.73,28895,10,0
2026-03-05 19:00:00,5077.73,5089.56,5055.14,5063.05,29577,10,0
2026-03-05 20:00:00,5062.94,5085.55,5051.1,5069.42,28746,10,0
2026-03-05 21:00:00,5069.45,5081.33,5055.99,5066.0,27624,10,0
2026-03-05 22:00:00,5065.99,5094.83,5061.85,5076.8,27676,10,0
2026-03-05 23:00:00,5076.69,5085.1,5072.17,5083.3,12172,10,0
2026-03-06 01:00:00,5083.46,5101.98,5082.34,5086.31,15083,10,0
2026-03-06 02:00:00,5086.31,5092.32,5074.3,5084.59,18456,10,0
2026-03-06 03:00:00,5084.58,5143.9,5066.68,5134.79,26554,10,0
2026-03-06 04:00:00,5134.77,5138.61,5122.2,5126.38,21754,10,0
2026-03-06 05:00:00,5126.38,5141.5,5124.39,5131.16,17179,10,0
2026-03-06 06:00:00,5131.16,5136.41,5126.47,5127.61,13155,10,0
2026-03-06 07:00:00,5127.59,5130.09,5114.35,5117.18,19109,10,0
2026-03-06 08:00:00,5117.31,5122.99,5109.3,5115.88,19154,10,0
2026-03-06 09:00:00,5115.82,5120.8,5105.79,5119.66,17588,10,0
2026-03-06 10:00:00,5119.66,5123.15,5096.39,5108.62,18305,10,0
2026-03-06 11:00:00,5108.62,5109.5,5083.5,5085.78,21421,10,0
2026-03-06 12:00:00,5085.74,5092.84,5075.77,5091.02,20170,10,0
2026-03-06 13:00:00,5091.15,5099.77,5063.0,5077.12,20654,10,0
2026-03-06 14:00:00,5077.13,5096.71,5076.37,5083.24,21554,10,0
2026-03-06 15:00:00,5083.26,5131.08,5065.56,5085.04,28631,10,0
2026-03-06 16:00:00,5085.22,5131.99,5081.19,5130.35,28687,10,0
2026-03-06 17:00:00,5130.33,5171.68,5128.51,5141.93,29393,10,0
2026-03-06 18:00:00,5141.9,5153.2,5126.05,5139.86,26850,10,0
2026-03-06 19:00:00,5139.84,5152.51,5128.97,5140.79,25866,10,0
2026-03-06 20:00:00,5140.78,5167.72,5138.68,5161.16,25021,10,0
2026-03-06 21:00:00,5161.17,5174.62,5156.73,5159.89,22284,10,0
2026-03-06 22:00:00,5159.89,5162.67,5149.6,5153.53,23092,10,0
2026-03-06 23:00:00,5153.48,5174.99,5151.01,5174.78,11704,10,0
2026-03-09 01:00:00,5180.32,5198.4,5104.29,5130.17,28208,10,0
2026-03-09 02:00:00,5130.17,5135.64,5044.54,5075.97,27233,10,0
2026-03-09 03:00:00,5076.01,5079.99,5028.71,5050.02,28284,10,0
2026-03-09 04:00:00,5050.02,5087.8,5015.01,5070.07,30208,10,0
2026-03-09 05:00:00,5070.07,5099.33,5055.49,5094.64,27938,10,0
2026-03-09 06:00:00,5094.59,5102.37,5081.69,5091.51,22270,10,0
2026-03-09 07:00:00,5091.48,5097.35,5085.33,5090.26,17573,10,0
2026-03-09 08:00:00,5090.27,5140.52,5080.97,5124.34,26579,10,0
2026-03-09 09:00:00,5124.34,5134.0,5097.14,5097.79,26587,10,0
2026-03-09 10:00:00,5097.8,5107.87,5088.74,5098.89,22344,10,0
2026-03-09 11:00:00,5098.9,5110.83,5087.28,5096.62,24255,10,0
2026-03-09 12:00:00,5096.64,5132.64,5095.15,5105.34,24336,10,0
2026-03-09 13:00:00,5105.34,5111.14,5084.22,5087.23,22096,10,0
2026-03-09 14:00:00,5087.24,5097.44,5079.88,5088.08,20863,10,0
2026-03-09 15:00:00,5088.08,5112.2,5088.08,5094.96,20714,10,0
2026-03-09 16:00:00,5095.0,5111.34,5067.43,5074.15,29032,10,0
2026-03-09 17:00:00,5074.17,5116.07,5060.79,5093.9,31017,10,0
2026-03-09 18:00:00,5093.9,5103.49,5079.61,5099.71,26799,10,0
2026-03-09 19:00:00,5099.72,5110.7,5094.84,5104.72,23526,10,0
2026-03-09 20:00:00,5104.72,5106.87,5089.11,5096.0,23203,10,0
2026-03-09 21:00:00,5096.0,5126.49,5092.55,5123.32,20926,10,0
2026-03-09 22:00:00,5123.32,5144.06,5118.55,5141.16,26655,10,0
2026-03-09 23:00:00,5141.21,5148.07,5134.27,5137.42,14762,10,0
2026-03-10 01:00:00,5140.1,5153.06,5117.82,5152.95,18794,10,0
2026-03-10 02:00:00,5152.9,5156.07,5135.73,5139.72,18425,10,0
2026-03-10 03:00:00,5139.73,5141.31,5125.03,5131.06,21271,10,0
2026-03-10 04:00:00,5131.06,5186.17,5124.71,5184.29,27717,10,0
2026-03-10 05:00:00,5184.29,5187.0,5163.96,5165.92,22981,10,0
2026-03-10 06:00:00,5166.03,5173.44,5155.9,5157.67,20328,10,0
2026-03-10 07:00:00,5157.66,5166.58,5154.41,5163.9,14224,10,0
2026-03-10 08:00:00,5163.9,5179.31,5163.89,5177.92,17340,10,0
2026-03-10 09:00:00,5177.94,5180.92,5171.95,5175.32,18538,10,0
2026-03-10 10:00:00,5175.2,5181.33,5158.63,5181.07,20229,10,0
2026-03-10 11:00:00,5181.06,5195.22,5175.13,5183.53,20872,10,0
2026-03-10 12:00:00,5183.53,5189.43,5180.63,5182.66,18161,10,0
2026-03-10 13:00:00,5182.66,5183.96,5156.58,5177.29,22013,10,0
2026-03-10 14:00:00,5177.3,5191.95,5171.92,5175.17,21701,10,0
2026-03-10 15:00:00,5175.18,5189.49,5162.51,5187.05,22594,10,0
2026-03-10 16:00:00,5187.05,5228.82,5186.05,5205.62,28183,10,0
2026-03-10 17:00:00,5205.63,5214.42,5185.44,5206.88,26145,10,0
2026-03-10 18:00:00,5206.82,5238.57,5203.34,5228.7,23876,10,0
2026-03-10 19:00:00,5228.7,5235.54,5222.75,5227.72,21183,10,0
2026-03-10 20:00:00,5227.72,5235.47,5223.74,5227.77,22501,10,0
2026-03-10 21:00:00,5227.7,5228.02,5161.11,5191.74,27781,10,0
2026-03-10 22:00:00,5191.75,5207.62,5179.99,5198.8,25654,10,0
2026-03-10 23:00:00,5198.84,5199.05,5191.85,5192.77,11523,10,0
2026-03-11 01:00:00,5187.12,5197.76,5183.36,5189.3,13866,10,0
2026-03-11 02:00:00,5189.3,5197.33,5187.77,5197.31,11445,10,0
2026-03-11 03:00:00,5197.31,5219.45,5186.94,5215.56,18099,10,0
2026-03-11 04:00:00,5215.55,5223.16,5208.62,5208.69,22366,10,0
2026-03-11 05:00:00,5208.66,5220.52,5194.2,5217.36,20115,10,0
2026-03-11 06:00:00,5217.38,5220.47,5199.41,5203.38,16142,10,0
2026-03-11 07:00:00,5203.38,5208.65,5199.57,5204.52,11538,10,0
2026-03-11 08:00:00,5204.52,5208.27,5191.1,5199.67,17480,10,0
2026-03-11 09:00:00,5199.7,5210.8,5191.61,5197.68,19705,10,0
2026-03-11 10:00:00,5197.68,5202.13,5184.68,5195.79,18708,10,0
2026-03-11 11:00:00,5195.82,5198.74,5175.54,5187.65,18434,10,0
2026-03-11 12:00:00,5187.67,5197.19,5179.79,5187.78,17110,10,0
2026-03-11 13:00:00,5187.78,5195.35,5177.22,5186.11,16389,10,0
2026-03-11 14:00:00,5186.12,5193.6,5175.75,5181.31,17339,10,0
2026-03-11 15:00:00,5181.3,5196.49,5166.77,5167.62,22794,10,0
2026-03-11 16:00:00,5167.62,5183.07,5149.35,5176.96,27326,10,0
2026-03-11 17:00:00,5176.93,5196.23,5174.48,5183.29,27615,10,0
2026-03-11 18:00:00,5183.28,5185.86,5164.3,5166.4,25669,10,0
2026-03-11 19:00:00,5166.39,5178.02,5163.75,5175.71,23338,10,0
2026-03-11 20:00:00,5175.72,5181.06,5154.87,5169.95,22369,10,0
2026-03-11 21:00:00,5169.92,5178.38,5169.27,5172.6,18076,10,0
2026-03-11 22:00:00,5172.62,5183.62,5169.32,5183.32,16764,10,0
2026-03-11 23:00:00,5183.32,5183.6,5175.26,5177.2,8636,10,0
2026-03-12 01:00:00,5179.02,5183.51,5129.78,5139.07,15570,10,0
2026-03-12 02:00:00,5139.07,5157.97,5133.1,5134.34,18535,10,0
2026-03-12 03:00:00,5134.3,5161.6,5125.53,5152.89,20536,10,0
2026-03-12 04:00:00,5152.91,5172.87,5151.58,5168.66,23318,10,0
2026-03-12 05:00:00,5168.66,5175.2,5145.75,5150.63,21365,10,0
2026-03-12 06:00:00,5150.68,5155.62,5147.39,5153.21,17429,10,0
2026-03-12 07:00:00,5153.18,5153.97,5140.58,5142.67,12416,10,0
2026-03-12 08:00:00,5142.66,5157.73,5137.26,5154.55,18278,10,0
2026-03-12 09:00:00,5154.55,5170.28,5147.32,5166.25,18349,10,0
2026-03-12 10:00:00,5166.25,5185.17,5164.55,5182.06,15366,10,0
2026-03-12 11:00:00,5182.07,5189.8,5176.02,5178.18,16328,10,0
2026-03-12 12:00:00,5178.19,5190.41,5174.47,5188.5,16149,10,0
2026-03-12 13:00:00,5188.35,5191.75,5176.33,5182.4,15695,10,0
2026-03-12 14:00:00,5182.4,5183.91,5172.85,5179.03,14646,10,0
2026-03-12 15:00:00,5179.04,5185.57,5163.93,5181.48,21687,10,0
2026-03-12 16:00:00,5181.49,5186.16,5146.18,5151.37,28232,10,0
2026-03-12 17:00:00,5151.39,5163.49,5138.43,5142.97,27897,10,0
2026-03-12 18:00:00,5142.96,5144.91,5109.7,5132.4,27878,10,0
2026-03-12 19:00:00,5132.4,5138.06,5121.35,5123.61,25380,10,0
2026-03-12 20:00:00,5123.61,5129.6,5102.61,5105.33,25033,10,0
2026-03-12 21:00:00,5105.32,5112.6,5090.94,5094.27,22958,10,0
2026-03-12 22:00:00,5094.41,5096.87,5079.64,5084.8,23150,10,0
2026-03-12 23:00:00,5084.77,5090.51,5055.12,5079.79,17530,10,0
2026-03-13 01:00:00,5080.42,5095.93,5073.04,5095.88,15136,10,0
2026-03-13 02:00:00,5095.85,5101.32,5089.01,5098.12,14215,10,0
2026-03-13 03:00:00,5098.11,5115.34,5097.42,5113.76,14824,10,0
2026-03-13 04:00:00,5113.76,5124.28,5108.9,5124.28,21059,10,0
2026-03-13 05:00:00,5124.25,5128.46,5110.48,5112.08,18298,10,0
2026-03-13 06:00:00,5112.08,5116.78,5106.4,5115.69,16238,10,0
2026-03-13 07:00:00,5115.69,5117.99,5102.74,5104.38,12483,10,0
2026-03-13 08:00:00,5104.36,5111.01,5098.28,5103.2,17453,10,0
2026-03-13 09:00:00,5103.24,5107.79,5085.86,5088.32,22559,10,0
2026-03-13 10:00:00,5088.29,5094.22,5071.78,5085.22,19590,10,0
2026-03-13 11:00:00,5085.22,5088.03,5061.61,5087.55,20899,10,0
2026-03-13 12:00:00,5087.54,5097.12,5083.36,5089.74,17765,10,0
2026-03-13 13:00:00,5089.72,5098.37,5080.02,5094.92,17100,10,0
2026-03-13 14:00:00,5094.92,5107.8,5086.37,5107.76,17216,10,0
2026-03-13 15:00:00,5107.63,5121.87,5104.45,5118.33,22539,10,0
2026-03-13 16:00:00,5118.33,5121.22,5096.69,5101.98,25613,10,0
2026-03-13 17:00:00,5101.97,5107.97,5036.11,5041.74,28992,10,0
2026-03-13 18:00:00,5041.77,5071.39,5032.19,5034.83,29119,10,0
2026-03-13 19:00:00,5034.84,5053.01,5019.09,5046.04,28130,10,0
2026-03-13 20:00:00,5046.03,5063.86,5043.48,5046.38,25811,10,0
2026-03-13 21:00:00,5046.39,5051.73,5036.18,5046.45,22768,10,0
2026-03-13 22:00:00,5046.45,5049.87,5009.74,5016.45,23892,10,0
2026-03-13 23:00:00,5016.5,5025.47,5012.44,5018.76,15033,10,0
2026-03-16 01:00:00,5005.99,5030.55,4998.2,5025.02,19979,10,0
2026-03-16 02:00:00,5025.0,5026.19,4967.74,4997.58,25176,10,0
2026-03-16 03:00:00,4997.54,5030.87,4996.87,5025.74,22132,10,0
2026-03-16 04:00:00,5025.79,5026.54,4982.71,5016.09,28768,10,0
2026-03-16 05:00:00,5016.08,5018.84,4997.98,5003.56,23052,10,0
2026-03-16 06:00:00,5003.58,5020.69,4998.14,5019.24,18855,10,0
2026-03-16 07:00:00,5019.24,5026.26,5012.49,5012.82,13225,10,0
2026-03-16 08:00:00,5012.89,5020.06,5003.27,5017.37,17796,10,0
2026-03-16 09:00:00,5017.42,5036.0,5005.5,5012.25,21220,10,0
2026-03-16 10:00:00,5012.24,5016.44,4991.96,4995.4,18889,10,0
2026-03-16 11:00:00,4995.4,5003.54,4985.04,4991.19,20525,10,0
2026-03-16 12:00:00,4991.19,4991.67,4972.7,4975.38,19057,10,0
2026-03-16 13:00:00,4975.39,4999.5,4970.27,4998.84,19574,10,0
2026-03-16 14:00:00,4998.76,5022.64,4993.11,4997.09,19069,10,0
2026-03-16 15:00:00,4997.09,5025.02,4994.48,5019.94,21280,10,0
2026-03-16 16:00:00,5019.93,5034.33,5013.95,5029.83,25076,10,0
2026-03-16 17:00:00,5029.83,5037.96,4988.0,4996.08,26794,10,0
2026-03-16 18:00:00,4996.09,5005.72,4983.94,4987.08,23607,10,0
2026-03-16 19:00:00,4987.05,4998.83,4974.12,4990.46,23448,10,0
2026-03-16 20:00:00,4990.47,5003.89,4984.05,4991.29,21773,10,0
2026-03-16 21:00:00,4991.31,5017.79,4990.05,5012.71,19555,10,0
2026-03-16 22:00:00,5012.71,5020.27,5008.15,5013.13,19377,10,0
2026-03-16 23:00:00,5012.96,5021.63,5004.76,5006.45,9205,10,0
2026-03-17 01:00:00,5007.65,5016.03,4998.62,5002.33,12125,10,0
2026-03-17 02:00:00,5002.33,5015.59,5002.07,5012.95,10782,10,0
2026-03-17 03:00:00,5012.95,5014.14,4998.33,5002.97,16613,10,0
2026-03-17 04:00:00,5002.96,5027.91,4994.87,5027.85,21915,10,0
2026-03-17 05:00:00,5027.84,5029.76,5019.97,5022.66,18009,10,0
2026-03-17 06:00:00,5022.66,5033.59,5020.62,5027.61,15396,10,0
2026-03-17 07:00:00,5027.62,5041.95,5026.32,5037.96,13566,10,0
2026-03-17 08:00:00,5037.95,5044.58,5020.16,5020.79,18443,10,0
2026-03-17 09:00:00,5020.8,5022.88,5005.17,5009.94,20735,10,0
2026-03-17 10:00:00,5009.94,5028.07,5009.0,5021.28,14666,10,0
2026-03-17 11:00:00,5021.28,5029.65,5018.51,5024.8,15930,10,0
2026-03-17 12:00:00,5024.82,5025.9,5010.11,5010.64,15144,10,0
2026-03-17 13:00:00,5010.61,5016.52,4992.14,5000.27,17378,10,0
2026-03-17 14:00:00,5000.24,5011.47,4996.76,5003.33,13859,10,0
2026-03-17 15:00:00,5003.32,5023.91,4999.45,5011.78,18546,10,0
2026-03-17 16:00:00,5011.78,5031.49,5005.6,5016.62,24099,10,0
2026-03-17 17:00:00,5016.66,5020.57,5002.98,5007.68,24736,10,0
2026-03-17 18:00:00,5007.68,5017.53,4973.62,4997.81,25505,10,0
2026-03-17 19:00:00,4997.85,5005.86,4991.6,5002.0,22253,10,0
2026-03-17 20:00:00,5002.01,5008.73,4996.48,5002.47,18003,10,0
2026-03-17 21:00:00,5002.47,5009.02,4999.78,5003.8,14772,10,0
2026-03-17 22:00:00,5003.8,5005.61,4996.48,5000.31,17026,10,0
2026-03-17 23:00:00,5000.29,5006.39,4999.93,5003.43,7528,10,0
2026-03-18 01:00:00,5005.91,5006.28,4993.37,4999.91,7978,10,0
2026-03-18 02:00:00,4999.93,5003.84,4998.88,5002.98,6713,10,0
2026-03-18 03:00:00,5002.98,5012.37,5000.21,5004.22,12740,10,0
2026-03-18 04:00:00,5004.22,5015.86,4991.39,4998.6,20127,10,0
2026-03-18 05:00:00,4998.67,5007.03,4990.59,4992.04,17379,10,0
2026-03-18 06:00:00,4992.02,4997.68,4986.23,4991.28,15648,10,0
2026-03-18 07:00:00,4991.29,4993.59,4981.91,4987.08,12000,10,0
2026-03-18 08:00:00,4987.08,5002.62,4984.75,4997.68,16559,10,0
2026-03-18 09:00:00,4997.69,5016.35,4996.43,5009.38,17250,10,0
2026-03-18 10:00:00,5009.38,5014.87,4990.42,4995.06,13278,10,0
2026-03-18 11:00:00,4995.06,4996.91,4977.51,4987.59,16501,10,0
2026-03-18 12:00:00,4987.58,4995.66,4984.84,4992.19,12769,10,0
2026-03-18 13:00:00,4992.19,4992.22,4959.02,4968.01,16460,10,0
2026-03-18 14:00:00,4967.97,4974.02,4925.09,4930.26,24064,10,0
2026-03-18 15:00:00,4930.23,4932.49,4870.91,4881.76,27869,10,0
2026-03-18 16:00:00,4881.6,4885.46,4834.29,4878.4,31096,10,0
2026-03-18 17:00:00,4878.28,4894.63,4856.74,4869.58,27884,10,0
2026-03-18 18:00:00,4869.58,4880.01,4861.2,4862.49,23791,10,0
2026-03-18 19:00:00,4862.49,4890.34,4861.01,4887.18,21983,10,0
2026-03-18 20:00:00,4886.94,4899.02,4883.93,4890.88,21461,10,0
2026-03-18 21:00:00,4890.94,4899.25,4852.43,4853.0,27268,10,0
2026-03-18 22:00:00,4852.97,4865.26,4838.34,4843.23,26787,10,0
2026-03-18 23:00:00,4843.14,4848.62,4806.98,4818.64,18941,10,0
2026-03-19 01:00:00,4825.14,4838.99,4804.61,4834.61,21135,10,0
2026-03-19 02:00:00,4834.6,4842.61,4828.31,4836.7,15918,10,0
2026-03-19 03:00:00,4836.71,4848.79,4835.33,4841.35,18391,10,0
2026-03-19 04:00:00,4841.35,4867.23,4833.0,4849.98,24559,10,0
2026-03-19 05:00:00,4849.98,4862.03,4841.8,4858.81,20745,10,0
2026-03-19 06:00:00,4858.8,4866.15,4850.86,4850.88,16618,10,0
2026-03-19 07:00:00,4850.88,4853.68,4845.81,4849.83,13233,10,0
2026-03-19 08:00:00,4849.83,4853.85,4827.09,4827.57,19701,10,0
2026-03-19 09:00:00,4827.58,4842.25,4747.88,4763.8,27682,10,0
2026-03-19 10:00:00,4763.8,4784.34,4727.51,4728.04,24482,10,0
2026-03-19 11:00:00,4728.05,4740.37,4686.86,4709.04,28298,10,0
2026-03-19 12:00:00,4709.18,4725.88,4687.79,4698.95,28236,10,0
2026-03-19 13:00:00,4698.95,4719.9,4666.68,4679.17,25879,10,0
2026-03-19 14:00:00,4679.16,4699.76,4650.88,4652.54,25724,10,0
2026-03-19 15:00:00,4651.79,4653.91,4531.61,4574.3,30910,10,0
2026-03-19 16:00:00,4574.34,4621.26,4502.61,4621.26,33967,10,0
2026-03-19 17:00:00,4621.31,4649.14,4581.19,4601.99,33040,10,0
2026-03-19 18:00:00,4601.81,4638.65,4566.28,4596.31,31584,10,0
2026-03-19 19:00:00,4596.47,4626.49,4576.85,4584.84,30601,10,0
2026-03-19 20:00:00,4584.96,4629.81,4573.91,4616.18,28953,10,0
2026-03-19 21:00:00,4616.18,4623.14,4596.23,4622.94,25888,10,0
2026-03-19 22:00:00,4623.0,4663.29,4623.0,4643.93,30932,10,0
2026-03-19 23:00:00,4643.73,4662.0,4642.87,4657.69,16014,10,0
2026-03-20 01:00:00,4651.12,4677.11,4636.24,4636.41,18247,10,0
2026-03-20 02:00:00,4636.4,4647.9,4634.27,4643.56,15724,10,0
2026-03-20 03:00:00,4643.54,4665.08,4642.2,4648.59,18009,10,0
2026-03-20 04:00:00,4648.62,4699.5,4639.23,4677.41,27450,10,0
2026-03-20 05:00:00,4677.36,4703.68,4670.4,4698.06,22206,10,0
2026-03-20 06:00:00,4698.37,4735.77,4693.29,4725.73,21924,10,0
2026-03-20 07:00:00,4725.73,4727.63,4715.56,4721.73,13208,10,0
2026-03-20 08:00:00,4721.72,4723.61,4685.78,4688.47,21666,10,0
2026-03-20 09:00:00,4688.42,4701.09,4661.37,4669.21,25557,10,0
2026-03-20 10:00:00,4669.2,4707.94,4668.06,4706.39,18679,10,0
2026-03-20 11:00:00,4706.39,4734.78,4684.84,4693.78,22312,10,0
2026-03-20 12:00:00,4693.78,4700.48,4659.9,4667.72,21016,10,0
2026-03-20 13:00:00,4667.72,4670.12,4638.21,4645.32,23523,10,0
2026-03-20 14:00:00,4645.32,4674.3,4637.17,4671.72,22092,10,0
2026-03-20 15:00:00,4671.72,4695.62,4662.02,4678.24,26363,10,0
2026-03-20 16:00:00,4678.24,4679.4,4612.88,4616.47,31079,10,0
2026-03-20 17:00:00,4616.46,4622.54,4548.11,4564.1,32870,10,0
2026-03-20 18:00:00,4564.11,4580.33,4540.74,4553.48,31085,10,0
2026-03-20 19:00:00,4553.48,4613.87,4552.14,4583.24,29889,10,0
2026-03-20 20:00:00,4583.28,4600.44,4554.4,4573.5,29769,10,0
2026-03-20 21:00:00,4573.53,4578.47,4477.34,4499.88,29818,10,0
2026-03-20 22:00:00,4499.89,4516.65,4485.51,4501.64,31070,10,0
2026-03-20 23:00:00,4501.65,4514.69,4493.79,4498.06,19650,10,0
2026-03-23 01:00:00,4469.06,4536.26,4449.49,4498.16,24457,10,0
2026-03-23 02:00:00,4498.22,4510.79,4452.33,4464.82,24932,10,0
2026-03-23 03:00:00,4464.79,4473.3,4319.97,4354.33,31512,10,0
2026-03-23 04:00:00,4354.34,4454.27,4330.52,4387.46,33070,10,0
2026-03-23 05:00:00,4387.5,4422.04,4354.94,4360.6,30491,10,0
2026-03-23 06:00:00,4360.63,4377.93,4335.07,4352.85,27624,10,0
2026-03-23 07:00:00,4352.85,4381.96,4350.1,4367.62,23263,10,0
2026-03-23 08:00:00,4367.62,4380.19,4302.45,4310.25,28091,10,0
2026-03-23 09:00:00,4310.31,4310.36,4163.28,4220.28,33109,10,0
2026-03-23 10:00:00,4220.29,4232.6,4098.9,4204.04,33495,10,0
2026-03-23 11:00:00,4204.23,4270.59,4203.4,4251.28,32248,10,0
2026-03-23 12:00:00,4251.3,4308.35,4223.82,4253.57,30469,10,0
2026-03-23 13:00:00,4253.56,4281.82,4241.17,4269.07,28506,10,0
2026-03-23 14:00:00,4269.07,4462.5,4269.07,4379.16,33879,10,0
2026-03-23 15:00:00,4379.29,4492.62,4336.9,4478.69,33733,10,0
2026-03-23 16:00:00,4478.69,4485.35,4402.13,4454.15,34019,10,0
2026-03-23 17:00:00,4454.18,4512.91,4453.51,4461.86,33841,10,0
2026-03-23 18:00:00,4461.88,4486.94,4351.39,4364.0,33817,10,0
2026-03-23 19:00:00,4364.05,4391.68,4352.71,4375.49,33567,10,0
2026-03-23 20:00:00,4375.58,4438.86,4371.12,4426.52,31908,10,0
2026-03-23 21:00:00,4426.35,4467.06,4402.77,4449.06,30408,10,0
2026-03-23 22:00:00,4449.04,4450.65,4393.13,4398.51,30190,10,0
2026-03-23 23:00:00,4398.07,4413.04,4383.01,4406.82,18590,10,0
2026-03-24 01:00:00,4414.01,4431.44,4361.75,4426.98,21671,10,0
2026-03-24 02:00:00,4426.96,4448.38,4421.89,4441.26,20907,10,0
2026-03-24 03:00:00,4441.26,4446.68,4331.53,4364.76,29288,10,0
2026-03-24 04:00:00,4364.77,4374.13,4308.17,4322.16,32465,10,0
2026-03-24 05:00:00,4322.18,4379.33,4306.12,4366.07,31169,10,0
2026-03-24 06:00:00,4366.08,4368.25,4335.11,4347.13,26677,10,0
2026-03-24 07:00:00,4347.13,4357.28,4326.65,4333.44,23152,10,0
2026-03-24 08:00:00,4333.44,4374.23,4319.91,4347.32,28748,10,0
2026-03-24 09:00:00,4347.3,4405.18,4343.0,4402.23,29877,10,0
2026-03-24 10:00:00,4402.17,4432.7,4399.84,4417.47,28633,10,0
2026-03-24 11:00:00,4417.39,4420.92,4391.32,4412.0,28364,10,0
2026-03-24 12:00:00,4411.96,4430.92,4396.04,4426.41,25139,10,0
2026-03-24 13:00:00,4426.43,4441.71,4414.79,4438.62,24382,10,0
2026-03-24 14:00:00,4438.69,4442.05,4374.94,4408.09,27990,10,0
2026-03-24 15:00:00,4408.1,4427.51,4362.29,4378.92,29774,10,0
2026-03-24 16:00:00,4378.99,4389.87,4351.54,4381.5,32816,10,0
2026-03-24 17:00:00,4381.5,4433.48,4380.76,4415.82,33284,10,0
2026-03-24 18:00:00,4415.96,4430.95,4396.35,4411.77,31895,10,0
2026-03-24 19:00:00,4411.67,4427.53,4402.82,4421.36,29472,10,0
2026-03-24 20:00:00,4421.36,4426.39,4372.56,4388.71,31706,10,0
2026-03-24 21:00:00,4388.68,4423.43,4384.19,4389.69,29854,10,0
2026-03-24 22:00:00,4389.72,4411.43,4388.72,4400.42,25712,10,0
2026-03-24 23:00:00,4400.45,4484.08,4397.44,4476.78,24645,10,0
2026-03-25 01:00:00,4472.11,4485.12,4456.08,4484.63,21084,10,0
2026-03-25 02:00:00,4484.63,4551.64,4472.63,4546.84,24025,10,0
2026-03-25 03:00:00,4546.84,4572.07,4537.55,4563.28,25419,10,0
2026-03-25 04:00:00,4563.21,4601.06,4552.43,4594.85,26809,10,0
2026-03-25 05:00:00,4594.83,4602.59,4580.08,4583.74,24239,10,0
2026-03-25 06:00:00,4583.69,4586.24,4567.73,4570.14,20445,10,0
2026-03-25 07:00:00,4570.15,4574.59,4565.71,4572.51,14072,10,0
2026-03-25 08:00:00,4572.78,4573.35,4549.49,4555.77,21184,10,0
2026-03-25 09:00:00,4555.73,4557.03,4533.17,4545.56,23191,10,0
2026-03-25 10:00:00,4545.54,4563.24,4537.07,4539.53,21142,10,0
2026-03-25 11:00:00,4539.53,4567.8,4535.95,4556.14,24975,10,0
2026-03-25 12:00:00,4556.16,4567.65,4527.75,4551.76,23357,10,0
2026-03-25 13:00:00,4551.86,4562.45,4551.2,4558.82,20470,10,0
2026-03-25 14:00:00,4558.82,4585.43,4556.18,4578.87,21368,10,0
2026-03-25 15:00:00,4578.77,4583.72,4522.05,4544.1,27917,10,0
2026-03-25 16:00:00,4544.02,4576.38,4541.02,4544.67,30148,10,0
2026-03-25 17:00:00,4544.77,4579.29,4533.2,4567.09,30688,10,0
2026-03-25 18:00:00,4567.17,4568.76,4525.19,4558.99,29589,10,0
2026-03-25 19:00:00,4559.04,4564.87,4545.31,4555.41,28436,10,0
2026-03-25 20:00:00,4555.41,4564.05,4542.89,4550.89,25734,10,0
2026-03-25 21:00:00,4550.89,4569.04,4531.13,4538.48,25482,10,0
2026-03-25 22:00:00,4538.39,4539.58,4486.94,4530.87,27827,10,0
2026-03-25 23:00:00,4530.89,4542.13,4495.3,4505.76,17043,10,0
2026-03-26 01:00:00,4510.79,4534.61,4505.73,4517.5,19257,10,0
2026-03-26 02:00:00,4517.58,4518.17,4489.04,4498.3,18978,10,0
2026-03-26 03:00:00,4498.3,4539.3,4498.19,4535.82,22531,10,0
2026-03-26 04:00:00,4535.82,4544.45,4522.63,4535.71,25634,10,0
2026-03-26 05:00:00,4535.7,4535.84,4505.81,4508.97,23089,10,0
2026-03-26 06:00:00,4508.98,4518.9,4500.05,4516.66,20246,10,0
2026-03-26 07:00:00,4516.67,4524.32,4511.64,4520.53,14139,10,0
2026-03-26 08:00:00,4520.53,4522.3,4439.07,4439.13,24073,10,0
2026-03-26 09:00:00,4439.24,4459.39,4415.86,4456.37,28104,10,0
2026-03-26 10:00:00,4456.36,4463.94,4439.1,4452.7,23450,10,0
2026-03-26 11:00:00,4452.69,4459.24,4412.8,4428.01,27768,10,0
2026-03-26 12:00:00,4427.95,4436.98,4414.65,4423.58,25424,10,0
2026-03-26 13:00:00,4423.59,4448.15,4417.11,4443.08,23858,10,0
2026-03-26 14:00:00,4443.8,4456.61,4419.07,4423.03,23709,10,0
2026-03-26 15:00:00,4423.05,4445.75,4416.66,4430.19,26082,10,0
2026-03-26 16:00:00,4429.66,4460.47,4420.28,4452.9,30200,10,0
2026-03-26 17:00:00,4452.92,4479.37,4437.44,4465.05,31841,10,0
2026-03-26 18:00:00,4465.09,4469.07,4434.15,4438.35,29619,10,0
2026-03-26 19:00:00,4438.35,4442.72,4367.14,4389.31,30015,10,0
2026-03-26 20:00:00,4389.31,4402.66,4377.33,4381.62,28048,10,0
2026-03-26 21:00:00,4381.54,4397.84,4367.69,4394.53,26160,10,0
2026-03-26 22:00:00,4394.52,4399.34,4359.25,4364.16,25556,10,0
2026-03-26 23:00:00,4363.98,4420.83,4351.16,4380.84,26257,10,0
2026-03-27 01:00:00,4377.69,4415.39,4377.41,4411.63,15941,10,0
2026-03-27 02:00:00,4411.56,4414.56,4390.0,4405.17,14771,10,0
2026-03-27 03:00:00,4405.17,4411.15,4375.59,4378.71,19314,10,0
2026-03-27 04:00:00,4378.71,4420.56,4377.42,4417.37,23881,10,0
2026-03-27 05:00:00,4417.43,4440.62,4417.12,4432.08,22056,10,0
2026-03-27 06:00:00,4432.08,4446.32,4421.32,4437.67,18971,10,0
2026-03-27 07:00:00,4437.68,4449.57,4431.47,4446.16,12699,10,0
2026-03-27 08:00:00,4446.17,4475.12,4440.52,4454.57,20978,10,0
2026-03-27 09:00:00,4454.57,4472.97,4451.8,4459.61,21274,10,0
2026-03-27 10:00:00,4459.59,4463.15,4442.92,4447.72,18447,10,0
2026-03-27 11:00:00,4447.73,4450.82,4423.78,4424.16,21980,10,0
2026-03-27 12:00:00,4424.24,4438.35,4420.89,4428.85,21090,10,0
2026-03-27 13:00:00,4428.86,4432.96,4410.93,4414.75,20447,10,0
2026-03-27 14:00:00,4414.82,4426.25,4404.41,4420.11,20746,10,0
2026-03-27 15:00:00,4420.1,4445.23,4412.74,4437.93,22876,10,0
2026-03-27 16:00:00,4437.93,4443.85,4413.77,4431.93,28751,10,0
2026-03-27 17:00:00,4431.25,4514.81,4430.87,4509.79,30902,10,0
2026-03-27 18:00:00,4509.94,4555.38,4501.81,4523.9,31197,10,0
2026-03-27 19:00:00,4523.88,4533.79,4505.62,4516.14,27127,10,0
2026-03-27 20:00:00,4516.14,4521.45,4486.6,4486.73,27137,10,0
2026-03-27 21:00:00,4486.7,4528.78,4486.64,4516.88,25577,10,0
2026-03-27 22:00:00,4516.87,4526.21,4500.8,4514.43,24610,10,0
2026-03-27 23:00:00,4514.42,4520.18,4491.21,4495.58,15407,10,0
2026-03-30 01:00:00,4493.21,4515.06,4467.71,4484.58,23234,10,0
2026-03-30 02:00:00,4484.6,4492.67,4443.85,4448.64,22520,10,0
2026-03-30 03:00:00,4448.77,4466.76,4420.14,4432.15,27767,10,0
2026-03-30 04:00:00,4432.15,4475.96,4432.07,4469.77,28775,10,0
2026-03-30 05:00:00,4469.75,4499.24,4459.07,4481.35,24732,10,0
2026-03-30 06:00:00,4481.37,4517.61,4478.93,4496.16,22487,10,0
2026-03-30 07:00:00,4496.16,4498.8,4486.43,4496.88,16745,10,0
2026-03-30 08:00:00,4496.88,4528.54,4496.87,4522.39,22242,10,0
2026-03-30 09:00:00,4522.39,4550.63,4517.17,4532.58,24448,10,0
2026-03-30 10:00:00,4532.56,4534.71,4515.93,4527.36,22309,10,0
2026-03-30 11:00:00,4527.31,4540.49,4525.05,4538.26,19918,10,0
2026-03-30 12:00:00,4538.31,4540.64,4523.69,4532.35,20903,10,0
2026-03-30 13:00:00,4532.35,4540.04,4527.83,4532.42,17619,10,0
2026-03-30 14:00:00,4532.47,4580.84,4525.63,4559.62,24504,10,0
2026-03-30 15:00:00,4559.65,4577.96,4545.44,4569.41,24214,10,0
2026-03-30 16:00:00,4569.41,4578.75,4516.78,4523.31,29550,10,0
2026-03-30 17:00:00,4523.35,4541.26,4512.46,4538.66,30582,10,0
2026-03-30 18:00:00,4538.71,4556.85,4524.84,4548.33,28004,10,0
2026-03-30 19:00:00,4548.37,4549.77,4532.6,4539.99,25278,10,0
2026-03-30 20:00:00,4539.96,4542.3,4511.48,4515.12,26474,10,0
2026-03-30 21:00:00,4515.05,4523.17,4498.46,4499.06,24040,10,0
2026-03-30 22:00:00,4499.04,4518.51,4493.12,4513.7,27176,10,0
2026-03-30 23:00:00,4513.56,4516.51,4501.1,4511.13,13625,10,0
2026-03-31 01:00:00,4513.54,4523.3,4502.36,4510.96,13715,10,0
2026-03-31 02:00:00,4510.88,4521.17,4492.73,4513.71,17806,10,0
2026-03-31 03:00:00,4513.71,4548.11,4482.71,4547.59,26577,10,0
2026-03-31 04:00:00,4547.69,4619.41,4532.28,4605.3,30241,10,0
2026-03-31 05:00:00,4605.36,4607.52,4565.72,4568.38,26733,10,0
2026-03-31 06:00:00,4568.19,4577.11,4550.32,4557.33,21746,10,0
2026-03-31 07:00:00,4557.33,4569.41,4557.22,4564.78,17217,10,0
2026-03-31 08:00:00,4564.78,4581.67,4547.74,4568.8,22576,10,0
2026-03-31 09:00:00,4568.8,4569.02,4553.36,4557.23,23142,10,0
2026-03-31 10:00:00,4557.23,4565.85,4543.67,4564.52,22054,10,0
2026-03-31 11:00:00,4564.52,4575.29,4560.59,4568.7,21988,10,0
2026-03-31 12:00:00,4568.7,4572.56,4550.37,4555.65,21402,10,0
2026-03-31 13:00:00,4555.63,4562.0,4529.65,4547.14,20713,10,0
2026-03-31 14:00:00,4547.14,4593.2,4541.25,4582.39,27699,10,0
2026-03-31 15:00:00,4582.39,4597.59,4569.28,4574.93,27051,10,0
2026-03-31 16:00:00,4574.93,4609.79,4567.98,4607.85,28459,10,0
2026-03-31 17:00:00,4608.0,4630.12,4595.04,4599.25,31789,10,0
2026-03-31 18:00:00,4599.16,4625.37,4599.16,4609.51,29443,10,0
2026-03-31 19:00:00,4609.58,4651.58,4607.08,4638.25,28855,10,0
2026-03-31 20:00:00,4638.29,4667.44,4636.42,4654.75,30918,10,0
2026-03-31 21:00:00,4654.69,4671.16,4653.76,4667.44,26464,10,0
2026-03-31 22:00:00,4667.45,4685.65,4661.84,4682.76,25781,10,0
2026-03-31 23:00:00,4682.73,4687.23,4664.89,4668.23,15379,10,0
2026-04-01 01:00:00,4671.52,4695.89,4661.79,4680.79,18779,10,0
2026-04-01 02:00:00,4681.08,4699.9,4672.15,4696.46,17620,10,0
2026-04-01 03:00:00,4696.42,4722.54,4693.56,4710.97,23531,10,0
2026-04-01 04:00:00,4710.98,4724.22,4681.51,4692.78,27494,10,0
2026-04-01 05:00:00,4692.73,4700.6,4678.18,4684.63,21972,10,0
2026-04-01 06:00:00,4684.56,4694.28,4679.72,4681.97,17033,10,0
2026-04-01 07:00:00,4681.97,4682.1,4667.11,4676.46,14549,10,0
2026-04-01 08:00:00,4676.53,4703.51,4674.93,4684.27,19313,10,0
2026-04-01 09:00:00,4684.28,4733.2,4682.81,4730.62,24477,10,0
2026-04-01 10:00:00,4730.61,4747.75,4709.73,4713.08,25170,10,0
2026-04-01 11:00:00,4713.08,4740.38,4710.52,4728.6,22765,10,0
2026-04-01 12:00:00,4728.64,4730.23,4713.17,4723.21,20517,10,0
2026-04-01 13:00:00,4723.25,4738.81,4715.37,4731.4,18577,10,0
2026-04-01 14:00:00,4731.39,4762.94,4728.25,4752.65,21028,10,0
2026-04-01 15:00:00,4752.54,4753.77,4724.45,4724.83,25723,10,0
2026-04-01 16:00:00,4724.9,4749.59,4716.32,4738.48,29731,10,0
2026-04-01 17:00:00,4738.32,4768.76,4724.27,4760.79,30243,10,0
2026-04-01 18:00:00,4760.77,4788.18,4758.54,4786.54,26659,10,0
2026-04-01 19:00:00,4786.55,4790.66,4774.35,4787.35,23192,10,0
2026-04-01 20:00:00,4787.35,4792.97,4773.91,4774.44,22141,10,0
2026-04-01 21:00:00,4774.44,4775.3,4742.28,4753.09,28328,10,0
2026-04-01 22:00:00,4753.12,4778.23,4751.24,4766.16,24658,10,0
2026-04-01 23:00:00,4766.15,4771.24,4754.45,4756.81,13084,10,0
2026-04-02 01:00:00,4757.34,4782.84,4752.28,4776.49,13086,10,0
2026-04-02 02:00:00,4776.49,4800.38,4773.69,4784.16,17133,10,0
2026-04-02 03:00:00,4784.13,4798.72,4775.25,4784.63,22215,10,0
2026-04-02 04:00:00,4784.63,4786.53,4650.72,4696.7,33018,10,0
2026-04-02 05:00:00,4696.78,4704.28,4655.56,4686.94,28894,10,0
2026-04-02 06:00:00,4686.95,4699.38,4675.76,4676.29,22102,10,0
2026-04-02 07:00:00,4676.26,4681.55,4657.32,4672.63,19823,10,0
2026-04-02 08:00:00,4672.64,4680.59,4586.19,4594.12,25112,10,0
2026-04-02 09:00:00,4594.19,4608.67,4554.13,4599.22,29284,10,0
2026-04-02 10:00:00,4599.29,4651.09,4597.27,4642.72,24052,10,0
2026-04-02 11:00:00,4642.73,4648.78,4617.83,4620.93,23267,10,0
2026-04-02 12:00:00,4620.9,4631.97,4613.33,4621.77,20444,10,0
2026-04-02 13:00:00,4621.77,4635.12,4604.13,4620.55,21440,10,0
2026-04-02 14:00:00,4620.53,4630.76,4592.76,4600.16,22530,10,0
2026-04-02 15:00:00,4600.24,4630.24,4594.67,4601.7,24940,10,0
2026-04-02 16:00:00,4601.88,4651.45,4580.76,4645.99,31929,10,0
2026-04-02 17:00:00,4646.25,4699.68,4631.76,4681.51,32970,10,0
2026-04-02 18:00:00,4681.61,4684.11,4652.73,4661.08,31155,10,0
2026-04-02 19:00:00,4661.08,4670.68,4643.05,4659.19,28640,10,0
2026-04-02 20:00:00,4659.17,4668.5,4645.83,4648.73,26194,10,0
2026-04-02 21:00:00,4648.75,4672.13,4647.51,4668.59,22568,10,0
2026-04-02 22:00:00,4668.6,4681.83,4661.59,4672.23,24130,10,0
2026-04-02 23:00:00,4672.15,4676.83,4664.46,4675.72,12627,10,0
2026-04-06 01:00:00,4671.96,4675.48,4608.35,4645.86,23114,10,0
2026-04-06 02:00:00,4645.99,4651.19,4605.39,4610.51,21139,10,0
2026-04-06 03:00:00,4610.52,4629.34,4600.81,4622.26,23378,10,0
2026-04-06 04:00:00,4622.26,4643.21,4620.5,4625.95,20762,10,0
2026-04-06 05:00:00,4625.95,4671.72,4623.69,4648.01,22402,10,0
2026-04-06 06:00:00,4648.0,4648.02,4625.47,4640.53,19598,10,0
2026-04-06 07:00:00,4640.53,4659.92,4640.0,4659.11,14420,10,0
2026-04-06 08:00:00,4659.11,4678.77,4651.5,4652.68,15744,10,0
2026-04-06 09:00:00,4652.67,4667.68,4643.66,4666.03,17780,10,0
2026-04-06 10:00:00,4666.01,4688.33,4645.03,4684.81,20636,10,0
2026-04-06 11:00:00,4684.8,4698.19,4681.44,4695.88,19261,10,0
2026-04-06 12:00:00,4695.9,4706.6,4690.97,4693.64,18155,10,0
2026-04-06 13:00:00,4693.65,4697.65,4685.17,4689.8,17749,10,0
2026-04-06 14:00:00,4689.81,4696.84,4677.1,4678.02,16905,10,0
2026-04-06 15:00:00,4678.0,4686.81,4659.73,4675.94,20114,10,0
2026-04-06 16:00:00,4675.93,4681.8,4660.1,4680.02,26464,10,0
2026-04-06 17:00:00,4680.02,4697.66,4660.36,4682.89,29865,10,0
2026-04-06 18:00:00,4682.88,4684.01,4652.14,4668.18,25167,10,0
2026-04-06 19:00:00,4668.18,4672.66,4658.07,4660.46,20391,10,0
2026-04-06 20:00:00,4660.5,4661.09,4645.83,4653.65,22655,10,0
2026-04-06 21:00:00,4653.65,4666.51,4648.9,4658.32,22098,10,0
2026-04-06 22:00:00,4658.32,4659.39,4645.58,4655.49,17001,10,0
2026-04-06 23:00:00,4655.5,4658.38,4649.31,4649.85,8625,10,0
2026-04-07 01:00:00,4651.27,4667.94,4650.05,4658.45,11658,10,0
2026-04-07 02:00:00,4658.46,4661.2,4651.53,4658.9,9983,10,0
2026-04-07 03:00:00,4658.89,4661.35,4649.17,4654.94,17533,10,0
2026-04-07 04:00:00,4654.94,4664.49,4616.42,4627.07,29413,10,0
2026-04-07 05:00:00,4626.96,4653.94,4619.85,4650.56,22527,10,0
2026-04-07 06:00:00,4650.56,4654.11,4639.61,4649.73,17558,10,0
2026-04-07 07:00:00,4649.68,4663.85,4645.65,4659.65,14888,10,0
2026-04-07 08:00:00,4659.68,4661.52,4623.36,4642.95,20933,10,0
2026-04-07 09:00:00,4642.95,4656.56,4637.96,4653.46,23452,10,0
2026-04-07 10:00:00,4653.51,4657.0,4636.64,4646.13,20060,10,0
2026-04-07 11:00:00,4646.11,4690.89,4644.3,4683.01,26010,10,0
2026-04-07 12:00:00,4683.01,4694.5,4658.96,4670.98,22702,10,0
2026-04-07 13:00:00,4670.97,4680.61,4649.33,4652.11,24777,10,0
2026-04-07 14:00:00,4652.1,4664.18,4628.99,4659.75,22963,10,0
2026-04-07 15:00:00,4659.75,4671.03,4646.97,4651.6,23986,10,0
2026-04-07 16:00:00,4651.63,4663.15,4635.68,4644.12,29179,10,0
2026-04-07 17:00:00,4644.11,4661.66,4607.55,4633.28,31201,10,0
2026-04-07 18:00:00,4633.29,4659.54,4624.99,4655.55,28547,10,0
2026-04-07 19:00:00,4655.56,4668.66,4652.66,4657.11,26652,10,0
2026-04-07 20:00:00,4657.11,4686.62,4653.99,4675.91,25126,10,0
2026-04-07 21:00:00,4675.88,4686.28,4657.56,4662.22,22750,10,0
2026-04-07 22:00:00,4662.22,4718.7,4660.69,4700.78,29106,10,0
2026-04-07 23:00:00,4700.81,4717.14,4697.34,4706.35,19811,10,0
2026-04-08 01:00:00,4719.65,4819.62,4713.45,4818.36,26807,10,0
2026-04-08 02:00:00,4818.29,4836.25,4801.66,4833.53,27775,10,0
2026-04-08 03:00:00,4833.53,4857.68,4808.74,4817.87,27761,10,0
2026-04-08 04:00:00,4817.75,4825.27,4788.26,4810.29,27992,10,0
2026-04-08 05:00:00,4810.22,4825.23,4798.71,4804.04,20869,10,0
2026-04-08 06:00:00,4804.09,4805.95,4795.19,4797.55,18571,10,0
2026-04-08 07:00:00,4797.53,4806.59,4790.26,4803.71,15998,10,0
2026-04-08 08:00:00,4803.68,4843.71,4800.45,4827.66,20834,10,0
2026-04-08 09:00:00,4827.58,4839.7,4820.02,4820.44,24154,10,0
2026-04-08 10:00:00,4819.99,4821.3,4805.29,4813.47,20733,10,0
2026-04-08 11:00:00,4813.44,4819.9,4790.54,4793.86,20814,10,0
2026-04-08 12:00:00,4793.82,4806.77,4776.52,4783.31,19426,10,0
2026-04-08 13:00:00,4783.29,4796.11,4771.3,4782.66,18564,10,0
2026-04-08 14:00:00,4782.61,4802.87,4778.22,4798.4,20541,10,0
2026-04-08 15:00:00,4798.54,4807.31,4768.42,4799.64,25330,10,0
2026-04-08 16:00:00,4799.64,4806.71,4768.33,4777.95,28850,10,0
2026-04-08 17:00:00,4777.71,4792.1,4732.29,4736.25,31266,10,0
2026-04-08 18:00:00,4736.13,4763.17,4734.3,4756.51,27404,10,0
2026-04-08 19:00:00,4756.51,4765.61,4745.55,4760.55,23447,10,0
2026-04-08 20:00:00,4760.54,4764.4,4731.6,4734.08,24093,10,0
2026-04-08 21:00:00,4734.06,4744.51,4703.84,4705.44,27080,10,0
2026-04-08 22:00:00,4705.43,4731.88,4699.59,4730.76,25082,10,0
2026-04-08 23:00:00,4730.67,4732.27,4717.27,4719.6,12077,10,0
2026-04-09 01:00:00,4720.19,4733.03,4704.81,4717.72,15506,13,0
2026-04-09 02:00:00,4717.71,4720.05,4705.49,4715.63,14393,13,0
2026-04-09 03:00:00,4715.74,4719.14,4698.61,4706.86,20066,13,0
2026-04-09 04:00:00,4706.86,4728.26,4699.69,4727.37,24960,13,0
2026-04-09 05:00:00,4727.36,4732.96,4717.55,4719.2,18851,13,0
2026-04-09 06:00:00,4719.15,4720.27,4705.33,4711.54,17113,13,0
2026-04-09 07:00:00,4711.53,4725.47,4709.81,4720.87,12223,13,0
2026-04-09 08:00:00,4720.87,4726.59,4705.86,4713.25,18878,13,0
2026-04-09 09:00:00,4713.22,4725.43,4703.61,4712.48,21992,13,0
2026-04-09 10:00:00,4712.55,4731.45,4705.83,4724.42,22853,13,0
2026-04-09 11:00:00,4724.48,4733.13,4719.91,4726.35,18303,13,0
2026-04-09 12:00:00,4726.27,4733.35,4723.02,4729.29,16548,13,0
2026-04-09 13:00:00,4729.32,4746.76,4723.81,4741.16,17253,13,0
2026-04-09 14:00:00,4741.15,4757.42,4738.49,4756.6,16821,13,0
2026-04-09 15:00:00,4756.6,4759.63,4735.11,4745.83,21888,13,0
2026-04-09 16:00:00,4746.01,4777.14,4738.79,4764.49,27809,13,0
2026-04-09 17:00:00,4764.46,4776.36,4747.31,4768.66,28644,13,0
2026-04-09 18:00:00,4768.66,4797.97,4761.17,4792.89,28256,13,0
2026-04-09 19:00:00,4792.84,4801.02,4784.52,4788.88,24657,13,0
2026-04-09 20:00:00,4788.91,4801.2,4786.79,4797.85,21866,13,0
2026-04-09 21:00:00,4797.87,4798.2,4767.95,4772.16,25155,13,0
2026-04-09 22:00:00,4772.15,4782.67,4767.09,4768.86,21219,13,0
2026-04-09 23:00:00,4768.87,4773.42,4760.97,4765.0,10632,13,0
2026-04-10 01:00:00,4766.81,4780.23,4758.82,4764.22,11617,13,0
2026-04-10 02:00:00,4764.25,4764.33,4756.96,4763.78,9858,13,0
2026-04-10 03:00:00,4763.78,4763.85,4750.77,4762.92,16138,13,0
2026-04-10 04:00:00,4762.94,4777.11,4757.98,4764.48,21705,13,0
2026-04-10 05:00:00,4764.57,4765.44,4738.13,4753.11,20903,13,0
2026-04-10 06:00:00,4753.14,4769.61,4752.89,4766.61,16457,13,0
2026-04-10 07:00:00,4766.61,4770.82,4757.94,4758.6,10710,13,0
2026-04-10 08:00:00,4758.6,4769.2,4757.46,4765.92,14699,13,0
2026-04-10 09:00:00,4765.94,4765.96,4742.93,4746.44,20923,13,0
2026-04-10 10:00:00,4746.17,4757.56,4741.29,4749.62,17111,13,0
2026-04-10 11:00:00,4749.62,4753.32,4730.92,4740.71,18460,13,0
2026-04-10 12:00:00,4740.71,4760.75,4740.59,4751.68,18730,13,0
2026-04-10 13:00:00,4751.59,4760.73,4742.41,4757.35,16340,13,0
2026-04-10 14:00:00,4757.21,4768.83,4753.36,4768.21,15800,13,0
2026-04-10 15:00:00,4768.23,4782.45,4759.89,4771.93,23339,13,0
2026-04-10 16:00:00,4771.94,4780.3,4765.46,4775.05,26967,13,0
2026-04-10 17:00:00,4775.05,4795.04,4767.42,4774.85,28176,13,0
2026-04-10 18:00:00,4774.82,4787.37,4755.35,4762.29,26698,13,0
2026-04-10 19:00:00,4762.33,4766.14,4747.53,4763.83,24897,13,0
2026-04-10 20:00:00,4763.84,4768.63,4758.19,4760.38,20922,13,0
2026-04-10 21:00:00,4760.33,4773.22,4751.05,4765.3,19991,13,0
2026-04-10 22:00:00,4765.31,4770.44,4758.3,4759.66,19033,13,0
2026-04-10 23:00:00,4759.77,4759.98,4741.31,4749.46,12375,13,0
2026-04-13 01:00:00,4633.48,4692.86,4633.48,4659.13,23285,13,0
2026-04-13 02:00:00,4659.15,4671.66,4644.46,4671.46,18412,13,0
2026-04-13 03:00:00,4671.46,4698.72,4664.69,4695.66,20576,13,0
2026-04-13 04:00:00,4695.63,4728.12,4693.81,4721.31,26298,13,0
2026-04-13 05:00:00,4721.35,4727.85,4711.26,4720.55,20582,13,0
2026-04-13 06:00:00,4720.55,4723.98,4712.35,4718.23,15126,13,0
2026-04-13 07:00:00,4718.22,4724.98,4708.72,4723.17,13364,13,0
2026-04-13 08:00:00,4723.16,4730.77,4716.39,4729.47,17596,13,0
2026-04-13 09:00:00,4729.46,4732.76,4720.88,4725.69,21021,13,0
2026-04-13 10:00:00,4725.68,4739.96,4724.87,4733.77,19687,13,0
2026-04-13 11:00:00,4733.77,4738.67,4720.33,4723.53,18383,13,0
2026-04-13 12:00:00,4723.48,4728.64,4710.56,4714.71,17845,13,0
2026-04-13 13:00:00,4714.71,4723.99,4708.49,4722.01,16562,13,0
2026-04-13 14:00:00,4722.2,4729.1,4703.77,4706.68,19458,13,0
2026-04-13 15:00:00,4706.71,4725.23,4703.75,4723.64,22406,13,0
2026-04-13 16:00:00,4723.63,4744.61,4721.34,4730.69,28014,13,0
2026-04-13 17:00:00,4730.7,4731.27,4708.84,4719.07,29097,13,0
2026-04-13 18:00:00,4719.07,4719.82,4700.49,4714.5,25905,13,0
2026-04-13 19:00:00,4714.49,4746.35,4709.31,4733.1,27443,13,0
2026-04-13 20:00:00,4733.11,4750.09,4725.55,4730.01,22946,13,0
2026-04-13 21:00:00,4730.01,4740.75,4723.39,4738.57,20850,13,0
2026-04-13 22:00:00,4738.52,4747.51,4730.71,4741.17,19462,13,0
2026-04-13 23:00:00,4741.14,4744.12,4738.22,4741.1,8893,13,0
2026-04-14 01:00:00,4744.75,4759.59,4744.38,4758.07,11561,13,0
2026-04-14 02:00:00,4758.08,4765.72,4754.54,4757.61,13136,13,0
2026-04-14 03:00:00,4757.61,4775.68,4751.65,4769.89,18697,13,0
2026-04-14 04:00:00,4769.89,4776.91,4761.9,4764.91,23573,13,0
2026-04-14 05:00:00,4764.98,4777.06,4762.19,4775.27,17551,13,0
2026-04-14 06:00:00,4775.27,4775.62,4765.83,4767.85,14493,13,0
2026-04-14 07:00:00,4767.99,4776.89,4767.05,4774.15,9549,13,0
2026-04-14 08:00:00,4774.12,4774.24,4758.1,4760.02,17614,13,0
2026-04-14 09:00:00,4760.04,4783.04,4760.04,4782.0,19930,13,0
2026-04-14 10:00:00,4782.03,4796.42,4767.83,4777.28,23239,13,0
2026-04-14 11:00:00,4777.28,4789.98,4774.36,4786.78,19464,13,0
2026-04-14 12:00:00,4786.79,4789.32,4771.85,4778.26,18094,13,0
2026-04-14 13:00:00,4778.27,4788.15,4752.83,4768.45,18086,13,0
2026-04-14 14:00:00,4768.37,4783.03,4766.95,4775.07,17422,13,0
2026-04-14 15:00:00,4775.02,4777.66,4762.31,4771.39,23632,13,0
2026-04-14 16:00:00,4771.34,4803.45,4771.2,4794.55,27750,13,0
2026-04-14 17:00:00,4794.56,4817.9,4793.14,4803.9,28200,13,0
2026-04-14 18:00:00,4803.91,4816.15,4791.25,4808.12,26073,13,0
2026-04-14 19:00:00,4808.12,4820.26,4805.1,4810.16,22263,13,0
2026-04-14 20:00:00,4810.16,4841.41,4809.5,4835.05,22328,13,0
2026-04-14 21:00:00,4835.1,4843.45,4831.04,4835.72,20260,13,0
2026-04-14 22:00:00,4835.72,4846.28,4835.72,4845.01,18249,13,0
2026-04-14 23:00:00,4845.0,4846.3,4839.62,4840.63,8492,13,0
2026-04-15 01:00:00,4840.52,4850.85,4833.42,4835.12,13242,13,0
2026-04-15 02:00:00,4835.13,4844.08,4833.8,4837.36,14044,13,0
2026-04-15 03:00:00,4837.29,4840.05,4827.18,4835.57,16261,13,0
2026-04-15 04:00:00,4835.56,4871.39,4828.23,4847.17,25481,13,0
2026-04-15 05:00:00,4847.17,4853.47,4820.75,4823.95,22687,13,0
2026-04-15 06:00:00,4823.94,4829.61,4817.03,4824.12,15806,13,0
2026-04-15 07:00:00,4824.09,4827.78,4820.52,4824.95,10408,13,0
2026-04-15 08:00:00,4824.92,4830.54,4812.71,4819.64,19778,13,0
2026-04-15 09:00:00,4819.67,4824.98,4811.22,4811.86,20650,13,0
2026-04-15 10:00:00,4811.74,4817.01,4804.06,4811.16,19842,13,0
2026-04-15 11:00:00,4811.1,4821.43,4804.68,4818.43,17965,13,0
2026-04-15 12:00:00,4818.44,4819.58,4786.37,4798.18,21653,13,0
2026-04-15 13:00:00,4798.16,4805.28,4790.58,4799.96,20886,13,0
2026-04-15 14:00:00,4799.99,4814.97,4795.57,4812.63,19167,13,0
2026-04-15 15:00:00,4812.63,4816.24,4807.08,4811.68,19153,13,0
2026-04-15 16:00:00,4811.68,4830.22,4808.63,4828.94,27325,13,0
2026-04-15 17:00:00,4828.95,4830.5,4813.51,4815.59,26104,13,0
2026-04-15 18:00:00,4815.58,4816.19,4787.0,4801.71,25563,13,0
2026-04-15 19:00:00,4801.69,4812.64,4800.18,4803.95,22424,13,0
2026-04-15 20:00:00,4803.93,4808.8,4790.92,4792.65,20672,13,0
2026-04-15 21:00:00,4792.66,4802.14,4790.25,4799.81,19997,13,0
2026-04-15 22:00:00,4799.65,4803.48,4794.56,4795.87,18538,13,0
2026-04-15 23:00:00,4795.84,4796.66,4787.89,4791.2,9870,13,0
2026-04-16 01:00:00,4794.52,4811.95,4790.93,4807.63,12463,13,0
2026-04-16 02:00:00,4807.6,4826.71,4807.51,4823.51,12181,13,0
2026-04-16 03:00:00,4823.51,4837.71,4820.96,4833.19,15928,13,0
2026-04-16 04:00:00,4833.21,4836.42,4811.31,4818.04,21846,13,0
2026-04-16 05:00:00,4818.01,4825.02,4812.49,4819.77,17936,13,0
2026-04-16 06:00:00,4819.77,4827.14,4819.1,4824.13,13606,13,0
2026-04-16 07:00:00,4824.15,4833.48,4822.81,4833.14,10154,13,0
2026-04-16 08:00:00,4833.14,4838.33,4821.12,4821.37,17054,13,0
2026-04-16 09:00:00,4821.38,4830.59,4814.58,4826.1,21965,13,0
2026-04-16 10:00:00,4826.07,4830.95,4817.25,4821.02,19247,13,0
2026-04-16 11:00:00,4821.03,4821.96,4806.62,4813.78,18754,13,0
2026-04-16 12:00:00,4813.79,4818.04,4806.94,4812.9,15879,13,0
2026-04-16 13:00:00,4812.91,4817.27,4805.21,4817.23,15671,13,0
2026-04-16 14:00:00,4817.24,4822.49,4815.61,4822.2,15649,13,0
2026-04-16 15:00:00,4822.17,4823.15,4811.68,4816.21,18930,13,0
2026-04-16 16:00:00,4816.24,4823.98,4784.7,4795.0,26437,13,0
2026-04-16 17:00:00,4794.85,4805.38,4773.15,4788.76,29899,13,0
2026-04-16 18:00:00,4788.75,4813.06,4788.27,4807.08,26259,13,0
2026-04-16 19:00:00,4807.09,4810.04,4785.22,4792.03,23847,13,0
2026-04-16 20:00:00,4792.06,4795.39,4781.38,4789.33,24649,13,0
2026-04-16 21:00:00,4789.35,4794.21,4785.85,4789.71,23159,13,0
2026-04-16 22:00:00,4789.72,4798.68,4789.64,4793.77,19960,13,0
2026-04-16 23:00:00,4793.75,4793.85,4786.46,4790.08,8406,13,0
2026-04-17 01:00:00,4791.96,4797.95,4790.91,4795.37,10975,13,0
2026-04-17 02:00:00,4795.37,4797.94,4791.81,4792.17,10537,13,0
2026-04-17 03:00:00,4791.76,4801.2,4786.01,4794.87,15390,13,0
2026-04-17 04:00:00,4794.87,4795.47,4767.81,4789.52,23637,13,0
2026-04-17 05:00:00,4789.51,4794.7,4784.55,4784.75,16322,13,0
2026-04-17 06:00:00,4784.75,4798.03,4784.66,4793.35,14180,13,0
2026-04-17 07:00:00,4793.34,4804.55,4792.63,4803.25,9699,13,0
2026-04-17 08:00:00,4803.24,4806.26,4793.8,4794.34,16526,13,0
2026-04-17 09:00:00,4794.31,4795.31,4779.35,4785.03,19375,13,0
2026-04-17 10:00:00,4785.02,4794.78,4778.83,4784.37,16209,13,0
2026-04-17 11:00:00,4784.33,4797.01,4780.9,4795.97,15688,13,0
2026-04-17 12:00:00,4795.98,4800.98,4790.02,4790.42,15126,13,0
2026-04-17 13:00:00,4790.42,4794.01,4782.36,4787.42,14119,13,0
2026-04-17 14:00:00,4787.43,4811.74,4783.58,4799.21,15947,13,0
2026-04-17 15:00:00,4799.2,4847.71,4797.75,4846.46,24172,13,0
2026-04-17 16:00:00,4846.38,4889.36,4835.07,4880.34,32210,13,0
2026-04-17 17:00:00,4880.36,4885.52,4860.8,4873.13,28883,13,0
2026-04-17 18:00:00,4873.12,4880.47,4854.95,4867.39,27373,13,0
2026-04-17 19:00:00,4867.48,4873.41,4863.69,4867.02,21737,13,0
2026-04-17 20:00:00,4867.0,4869.53,4853.85,4862.54,22979,13,0
2026-04-17 21:00:00,4862.58,4868.04,4856.01,4858.29,21874,13,0
2026-04-17 22:00:00,4858.25,4861.29,4852.83,4854.64,20598,13,0
2026-04-17 23:00:00,4854.56,4855.28,4830.69,4832.52,16843,13,0
2026-04-20 01:00:00,4767.09,4795.2,4759.41,4779.29,19575,13,0
2026-04-20 02:00:00,4779.29,4779.46,4737.11,4755.16,19891,13,0
2026-04-20 03:00:00,4755.22,4774.43,4745.05,4772.54,20701,10,0
2026-04-20 04:00:00,4772.49,4814.37,4771.37,4807.87,24142,13,0
2026-04-20 05:00:00,4807.85,4809.05,4793.19,4797.29,19365,13,0
2026-04-20 06:00:00,4797.29,4798.34,4788.8,4790.92,14887,13,0
2026-04-20 07:00:00,4790.9,4795.79,4787.3,4788.97,11408,13,0
2026-04-20 08:00:00,4788.97,4796.06,4779.61,4790.88,18885,13,0
2026-04-20 09:00:00,4790.88,4795.46,4783.9,4795.45,20695,13,0
2026-04-20 10:00:00,4795.45,4805.79,4787.02,4789.71,20793,13,0
2026-04-20 11:00:00,4789.71,4796.26,4786.11,4796.26,18158,13,0
2026-04-20 12:00:00,4796.27,4797.97,4783.49,4791.59,17439,13,0
2026-04-20 13:00:00,4791.59,4800.84,4789.89,4795.94,15204,13,0
2026-04-20 14:00:00,4795.94,4810.84,4786.62,4810.41,18386,13,0
2026-04-20 15:00:00,4810.62,4822.3,4799.13,4803.44,21482,13,0
2026-04-20 16:00:00,4803.44,4826.34,4799.82,4817.89,27669,13,0
2026-04-20 17:00:00,4817.88,4827.63,4792.85,4805.44,28598,13,0
2026-04-20 18:00:00,4805.4,4809.46,4792.88,4799.79,26760,13,0
2026-04-20 19:00:00,4799.79,4806.45,4792.84,4805.62,20692,13,0
2026-04-20 20:00:00,4805.62,4812.08,4803.91,4806.87,19213,13,0
2026-04-20 21:00:00,4806.86,4816.57,4806.86,4814.2,17072,13,0
2026-04-20 22:00:00,4814.19,4821.51,4810.45,4814.3,15811,13,0
2026-04-20 23:00:00,4814.31,4821.96,4812.25,4820.62,8938,13,0
2026-04-21 01:00:00,4822.3,4833.02,4820.72,4827.75,14028,13,0
2026-04-21 02:00:00,4827.75,4831.8,4819.9,4821.87,9536,13,0
2026-04-21 03:00:00,4821.89,4830.82,4816.98,4824.13,16914,11,0
2026-04-21 04:00:00,4824.13,4824.64,4805.88,4810.23,18977,13,0
2026-04-21 05:00:00,4810.23,4810.44,4802.62,4806.84,15569,13,0
2026-04-21 06:00:00,4806.84,4807.65,4792.69,4797.19,15216,13,0
2026-04-21 07:00:00,4797.15,4797.91,4788.79,4789.14,10546,13,0
2026-04-21 08:00:00,4789.04,4796.98,4783.24,4784.14,16770,13,0
2026-04-21 09:00:00,4784.13,4790.8,4774.71,4778.88,20684,13,0
2026-04-21 10:00:00,4778.8,4792.69,4772.68,4785.96,18287,13,0
2026-04-21 11:00:00,4785.94,4792.96,4774.83,4785.99,18006,13,0
2026-04-21 12:00:00,4785.99,4789.62,4781.23,4783.75,15556,13,0
2026-04-21 13:00:00,4783.72,4790.45,4780.87,4789.79,12870,13,0
2026-04-21 14:00:00,4789.79,4798.0,4775.33,4794.7,16648,13,0
2026-04-21 15:00:00,4794.7,4796.95,4766.79,4778.84,22509,13,0
2026-04-21 16:00:00,4778.85,4794.37,4761.28,4779.13,28059,13,0
2026-04-21 17:00:00,4779.13,4782.59,4723.69,4739.09,29100,13,0
2026-04-21 18:00:00,4739.07,4757.55,4727.79,4741.67,29767,13,0
2026-04-21 19:00:00,4741.66,4746.71,4708.31,4711.11,25774,13,0
2026-04-21 20:00:00,4711.16,4722.08,4697.03,4711.16,27276,13,0
2026-04-21 21:00:00,4711.19,4714.79,4692.45,4709.3,24194,13,0
2026-04-21 22:00:00,4709.38,4715.14,4668.32,4679.36,27453,13,0
2026-04-21 23:00:00,4679.38,4719.38,4669.0,4718.81,20909,13,0
2026-04-22 01:00:00,4721.11,4729.58,4715.65,4719.57,12565,13,0
2026-04-22 02:00:00,4719.58,4740.57,4718.12,4738.07,13397,13,0
2026-04-22 03:00:00,4738.07,4747.4,4738.07,4739.96,16827,10,0
2026-04-22 04:00:00,4739.96,4754.7,4735.98,4752.25,21562,13,0
2026-04-22 05:00:00,4752.25,4758.75,4750.15,4755.77,15169,13,0
2026-04-22 06:00:00,4755.77,4765.02,4753.01,4758.21,14279,13,0
2026-04-22 07:00:00,4758.21,4759.66,4752.28,4754.64,10798,13,0
2026-04-22 08:00:00,4754.64,4772.07,4752.16,4767.77,18049,13,0
2026-04-22 09:00:00,4767.77,4767.84,4758.86,4767.74,16381,13,0
2026-04-22 10:00:00,4767.76,4772.34,4759.62,4760.61,16141,13,0
2026-04-22 11:00:00,4760.6,4762.31,4751.95,4757.14,17133,13,0
2026-04-22 12:00:00,4757.14,4762.48,4752.52,4755.29,15797,13,0
2026-04-22 13:00:00,4755.29,4760.11,4745.85,4759.24,15781,13,0
2026-04-22 14:00:00,4759.25,4760.78,4747.92,4750.4,15873,13,0
2026-04-22 15:00:00,4750.41,4759.81,4742.95,4744.27,20027,13,0
2026-04-22 16:00:00,4744.28,4760.87,4736.48,4753.01,27750,13,0
2026-04-22 17:00:00,4753.0,4757.47,4730.1,4735.9,27997,13,0
2026-04-22 18:00:00,4736.04,4740.22,4725.05,4727.68,25509,13,0
2026-04-22 19:00:00,4727.68,4734.96,4724.0,4728.75,21119,13,0
2026-04-22 20:00:00,4728.75,4739.59,4728.61,4737.21,19703,13,0
2026-04-22 21:00:00,4737.2,4749.4,4729.96,4741.74,17354,13,0
2026-04-22 22:00:00,4741.73,4745.46,4736.92,4740.2,18628,13,0
2026-04-22 23:00:00,4740.22,4740.47,4734.47,4739.45,10554,13,0
2026-04-23 01:00:00,4742.12,4746.06,4725.66,4725.98,11213,13,0
2026-04-23 02:00:00,4725.98,4729.97,4723.57,4727.83,10327,13,0
2026-04-23 03:00:00,4727.84,4753.58,4694.32,4748.12,25883,10,0
2026-04-23 04:00:00,4747.86,4749.85,4722.58,4723.39,24030,13,0
2026-04-23 05:00:00,4723.33,4724.8,4698.32,4698.91,25492,13,0
2026-04-23 06:00:00,4698.93,4708.72,4698.28,4704.01,21296,13,0
2026-04-23 07:00:00,4704.01,4707.06,4698.81,4704.43,13306,13,0
2026-04-23 08:00:00,4704.41,4715.22,4692.47,4713.7,18603,13,0
2026-04-23 09:00:00,4713.64,4721.28,4708.58,4712.92,20237,13,0
2026-04-23 10:00:00,4712.96,4720.55,4703.08,4719.16,20837,13,0
2026-04-23 11:00:00,4719.15,4724.9,4701.72,4703.34,18791,13,0
2026-04-23 12:00:00,4703.34,4703.72,4694.72,4697.63,19592,13,0
2026-04-23 13:00:00,4697.65,4701.72,4684.33,4696.68,19477,13,0
2026-04-23 14:00:00,4696.63,4720.94,4695.59,4720.65,19835,13,0
2026-04-23 15:00:00,4720.64,4743.15,4719.78,4740.18,25071,13,0
2026-04-23 16:00:00,4740.11,4741.23,4724.02,4724.46,25798,13,0
2026-04-23 17:00:00,4724.43,4736.65,4717.11,4733.67,27223,13,0
2026-04-23 18:00:00,4733.59,4741.03,4716.59,4720.52,24482,13,0
2026-04-23 19:00:00,4720.53,4737.17,4715.68,4733.01,21712,13,0
2026-04-23 20:00:00,4733.01,4734.52,4664.26,4709.43,31798,13,0
2026-04-23 21:00:00,4709.44,4722.03,4699.43,4701.13,26899,13,0
2026-04-23 22:00:00,4701.15,4704.52,4689.47,4696.05,24664,13,0
2026-04-23 23:00:00,4696.04,4698.29,4686.54,4692.94,13411,13,0
2026-04-24 01:00:00,4701.01,4703.17,4690.11,4693.27,10989,13,0
2026-04-24 02:00:00,4693.27,4700.82,4686.99,4695.46,13170,13,0
2026-04-24 03:00:00,4695.48,4707.96,4691.05,4704.67,20934,10,0
2026-04-24 04:00:00,4704.67,4711.12,4690.37,4699.59,23498,13,0
2026-04-24 05:00:00,4699.59,4700.68,4673.25,4676.82,22854,13,0
2026-04-24 06:00:00,4676.82,4678.38,4668.74,4672.19,18808,13,0
2026-04-24 07:00:00,4672.19,4676.94,4657.82,4674.48,17123,13,0
2026-04-24 08:00:00,4674.48,4687.36,4669.66,4686.43,17914,13,0
2026-04-24 09:00:00,4686.43,4688.06,4666.85,4671.94,20803,13,0
2026-04-24 10:00:00,4671.94,4695.26,4671.06,4694.47,17105,13,0
2026-04-24 11:00:00,4694.47,4697.47,4685.08,4690.8,18720,13,0
2026-04-24 12:00:00,4690.79,4696.75,4679.37,4682.08,18416,13,0
2026-04-24 13:00:00,4682.08,4686.28,4674.68,4677.87,15595,13,0
2026-04-24 14:00:00,4677.88,4717.36,4677.84,4706.89,24945,13,0
2026-04-24 15:00:00,4706.9,4711.87,4690.45,4700.78,23464,13,0
2026-04-24 16:00:00,4700.78,4717.42,4689.83,4711.81,27565,13,0
2026-04-24 17:00:00,4711.85,4740.31,4706.99,4726.45,29207,13,0
2026-04-24 18:00:00,4726.45,4733.46,4715.04,4727.24,26574,13,0
2026-04-24 19:00:00,4727.26,4729.75,4719.2,4726.89,22666,13,0
2026-04-24 20:00:00,4726.87,4730.05,4719.1,4723.44,20571,13,0
2026-04-24 21:00:00,4723.44,4724.88,4716.9,4722.78,17715,13,0
2026-04-24 22:00:00,4722.78,4726.08,4713.7,4717.17,17784,13,0
2026-04-24 23:00:00,4716.47,4717.47,4705.36,4707.4,11454,13,0
2026-04-27 01:00:00,4697.32,4705.03,4680.1,4684.6,15977,13,0
2026-04-27 02:00:00,4684.67,4684.92,4675.09,4680.06,13032,13,0
2026-04-27 03:00:00,4680.03,4698.14,4672.19,4697.77,17468,10,0
2026-04-27 04:00:00,4697.78,4709.82,4690.95,4702.67,24724,13,0
2026-04-27 05:00:00,4702.68,4723.46,4696.29,4718.2,19827,13,0
2026-04-27 06:00:00,4718.2,4729.41,4714.5,4724.21,16125,13,0
2026-04-27 07:00:00,4724.21,4730.04,4722.77,4724.99,11616,13,0
2026-04-27 08:00:00,4724.99,4725.52,4708.81,4710.1,16547,13,0
2026-04-27 09:00:00,4710.09,4715.71,4709.34,4712.87,18365,13,0
2026-04-27 10:00:00,4712.87,4718.37,4710.01,4713.37,17899,13,0
2026-04-27 11:00:00,4713.38,4714.74,4705.4,4706.84,18670,13,0
2026-04-27 12:00:00,4706.84,4708.31,4699.57,4703.62,14723,13,0
2026-04-27 13:00:00,4703.62,4710.82,4699.53,4708.79,14004,13,0
2026-04-27 14:00:00,4708.83,4709.16,4700.12,4704.89,15956,13,0
2026-04-27 15:00:00,4704.88,4712.63,4697.07,4699.23,20324,13,0
2026-04-27 16:00:00,4699.26,4703.4,4689.33,4696.14,26207,13,0
2026-04-27 17:00:00,4696.19,4696.69,4676.68,4678.17,27322,13,0
2026-04-27 18:00:00,4678.2,4682.54,4667.23,4670.1,25148,13,0
2026-04-27 19:00:00,4670.12,4679.56,4667.34,4676.71,19459,13,0
2026-04-27 20:00:00,4676.73,4686.16,4668.3,4682.15,20582,13,0
2026-04-27 21:00:00,4682.14,4685.49,4678.93,4680.73,16065,13,0
2026-04-27 22:00:00,4680.73,4682.74,4676.7,4680.71,14830,13,0
2026-04-27 23:00:00,4680.8,4681.5,4677.57,4679.9,6887,13,0
2026-04-28 01:00:00,4683.82,4691.16,4682.4,4687.97,9942,13,0
2026-04-28 02:00:00,4687.97,4695.08,4687.33,4692.01,9035,13,0
2026-04-28 03:00:00,4692.03,4701.42,4690.49,4690.64,16202,11,0
2026-04-28 04:00:00,4690.62,4691.54,4669.48,4670.74,21276,13,0
2026-04-28 05:00:00,4670.74,4679.74,4666.59,4669.17,19695,13,0
2026-04-28 06:00:00,4669.17,4675.85,4668.47,4671.0,14916,13,0
2026-04-28 07:00:00,4671.02,4671.32,4666.77,4667.65,11449,13,0
2026-04-28 08:00:00,4667.65,4668.04,4623.93,4632.22,23018,13,0
2026-04-28 09:00:00,4632.19,4642.97,4623.41,4629.06,23407,13,0
2026-04-28 10:00:00,4629.02,4639.46,4620.65,4633.22,21317,13,0
2026-04-28 11:00:00,4633.18,4635.37,4614.63,4629.68,22044,13,0
2026-04-28 12:00:00,4629.7,4630.05,4604.6,4604.78,21574,13,0
2026-04-28 13:00:00,4604.77,4616.57,4603.33,4603.38,19088,13,0
2026-04-28 14:00:00,4603.36,4608.8,4555.49,4562.67,25310,13,0
2026-04-28 15:00:00,4562.62,4600.07,4554.96,4593.76,27542,13,0
2026-04-28 16:00:00,4593.73,4594.53,4570.88,4580.46,29520,13,0
2026-04-28 17:00:00,4580.43,4580.68,4557.34,4574.55,30556,13,0
2026-04-28 18:00:00,4574.53,4586.54,4567.0,4586.5,27872,13,0
2026-04-28 19:00:00,4586.52,4594.95,4577.84,4592.32,23919,13,0
2026-04-28 20:00:00,4592.32,4601.58,4587.31,4594.76,22042,13,0
2026-04-28 21:00:00,4594.76,4600.54,4592.17,4594.32,18798,13,0
2026-04-28 22:00:00,4594.33,4600.03,4593.34,4595.67,17375,13,0
2026-04-28 23:00:00,4595.62,4598.68,4591.22,4596.48,9652,13,0
2026-04-29 01:00:00,4598.43,4600.28,4592.48,4594.2,7792,13,0
2026-04-29 02:00:00,4594.2,4596.2,4587.99,4595.66,9477,13,0
2026-04-29 03:00:00,4595.71,4610.34,4594.8,4600.27,16281,10,0
2026-04-29 04:00:00,4600.27,4600.47,4576.14,4584.92,24588,13,0
2026-04-29 05:00:00,4584.92,4604.24,4584.92,4593.58,20322,13,0
2026-04-29 06:00:00,4593.66,4603.33,4592.21,4595.45,14747,13,0
2026-04-29 07:00:00,4595.46,4605.65,4595.36,4604.83,11197,13,0
2026-04-29 08:00:00,4604.85,4607.73,4590.8,4591.04,15564,13,0
2026-04-29 09:00:00,4591.05,4598.71,4580.85,4584.56,20086,13,0
2026-04-29 10:00:00,4584.57,4588.9,4567.31,4567.84,21688,13,0
2026-04-29 11:00:00,4567.84,4576.77,4557.35,4573.18,22080,13,0
2026-04-29 12:00:00,4573.18,4580.79,4551.65,4555.79,21140,13,0
2026-04-29 13:00:00,4555.69,4576.63,4555.1,4569.95,18276,13,0
2026-04-29 14:00:00,4569.91,4572.08,4559.26,4561.72,19490,13,0
2026-04-29 15:00:00,4561.72,4569.07,4542.13,4544.92,21659,13,0
2026-04-29 16:00:00,4544.93,4553.34,4510.25,4521.79,28399,13,0
2026-04-29 17:00:00,4521.83,4542.69,4517.89,4539.47,28276,13,0
2026-04-29 18:00:00,4539.47,4558.92,4536.23,4547.63,26939,13,0
2026-04-29 19:00:00,4547.76,4564.93,4543.4,4545.52,25260,13,0
2026-04-29 20:00:00,4545.52,4554.51,4541.65,4547.31,23060,13,0
2026-04-29 21:00:00,4547.76,4552.85,4518.3,4538.05,29402,13,0
2026-04-29 22:00:00,4538.11,4550.68,4533.23,4547.03,25328,13,0
2026-04-29 23:00:00,4546.96,4553.61,4541.43,4543.51,20001,13,0
2026-04-30 01:00:00,4545.6,4552.7,4539.32,4552.17,11747,13,0
2026-04-30 02:00:00,4552.17,4562.0,4549.75,4561.77,11196,13,0
2026-04-30 03:00:00,4561.79,4574.09,4556.54,4569.98,20322,12,0
2026-04-30 04:00:00,4569.87,4582.47,4564.6,4579.17,22562,13,0
2026-04-30 05:00:00,4579.17,4581.94,4559.93,4564.95,20038,13,0
2026-04-30 06:00:00,4564.95,4569.13,4555.75,4556.15,16801,13,0
2026-04-30 07:00:00,4556.06,4557.0,4540.89,4542.08,18645,13,0
2026-04-30 08:00:00,4542.1,4569.64,4541.97,4562.62,19342,13,0
2026-04-30 09:00:00,4562.64,4591.59,4560.2,4589.52,22408,13,0
2026-04-30 10:00:00,4589.52,4605.5,4584.88,4598.49,21511,13,0
2026-04-30 11:00:00,4598.48,4629.67,4597.39,4616.3,23421,13,0
2026-04-30 12:00:00,4616.37,4631.84,4614.29,4625.23,22376,13,0
2026-04-30 13:00:00,4625.2,4646.88,4623.76,4639.81,22672,13,0
2026-04-30 14:00:00,4639.81,4645.38,4626.9,4630.21,24368,13,0
2026-04-30 15:00:00,4630.21,4640.13,4624.66,4639.58,22973,13,0
2026-04-30 16:00:00,4639.58,4645.93,4610.63,4611.0,27691,13,0
2026-04-30 17:00:00,4611.05,4625.98,4609.5,4619.77,29935,13,0
2026-04-30 18:00:00,4619.81,4625.41,4611.31,4615.37,26015,13,0
2026-04-30 19:00:00,4615.35,4617.78,4605.42,4607.6,20809,13,0
2026-04-30 20:00:00,4607.61,4621.62,4607.61,4616.86,20438,13,0
2026-04-30 21:00:00,4616.86,4625.24,4616.78,4622.48,18983,13,0
2026-04-30 22:00:00,4622.48,4627.37,4614.59,4617.0,19576,13,0
2026-04-30 23:00:00,4617.03,4622.04,4615.45,4620.62,13078,13,0
2026-05-01 01:00:00,4626.58,4635.79,4625.56,4630.42,10682,13,0
2026-05-01 02:00:00,4630.37,4634.04,4626.39,4626.5,10531,13,0
2026-05-01 03:00:00,4626.57,4631.14,4618.49,4619.72,17631,10,0
2026-05-01 04:00:00,4619.72,4622.26,4613.95,4620.96,14451,13,0
2026-05-01 05:00:00,4620.97,4636.02,4616.57,4619.1,13737,13,0
2026-05-01 06:00:00,4619.1,4632.07,4617.84,4626.7,11828,13,0
2026-05-01 07:00:00,4626.7,4628.73,4609.22,4609.23,12691,13,0
2026-05-01 08:00:00,4609.23,4616.17,4602.98,4604.91,12776,13,0
2026-05-01 09:00:00,4604.92,4607.86,4590.87,4594.91,17013,13,0
2026-05-01 10:00:00,4594.79,4598.1,4575.92,4578.22,18056,13,0
2026-05-01 11:00:00,4578.21,4582.57,4565.18,4568.7,17281,13,0
2026-05-01 12:00:00,4568.76,4573.01,4560.32,4562.75,15336,13,0
2026-05-01 13:00:00,4562.75,4576.04,4561.44,4566.85,13009,13,0
2026-05-01 14:00:00,4566.85,4579.55,4562.54,4578.74,16536,13,0
2026-05-01 15:00:00,4578.74,4607.82,4574.99,4591.22,21858,13,0
2026-05-01 16:00:00,4591.21,4628.87,4586.57,4625.73,24247,13,0
2026-05-01 17:00:00,4625.73,4660.2,4625.73,4632.13,29354,13,0
2026-05-01 18:00:00,4632.14,4648.1,4619.11,4643.24,24385,13,0
2026-05-01 19:00:00,4643.24,4650.06,4633.98,4638.87,22634,13,0
2026-05-01 20:00:00,4638.86,4642.7,4626.81,4629.62,18882,13,0
2026-05-01 21:00:00,4629.48,4630.69,4613.8,4624.3,19736,13,0
2026-05-01 22:00:00,4624.31,4627.71,4608.91,4610.85,17855,13,0
2026-05-01 23:00:00,4610.85,4617.35,4607.03,4615.6,10754,13,0
2026-05-04 01:00:00,4632.88,4637.82,4612.62,4618.87,13957,13,0
2026-05-04 02:00:00,4618.88,4620.92,4611.38,4613.95,12324,13,0
2026-05-04 03:00:00,4613.97,4616.53,4602.01,4613.06,18086,10,0
2026-05-04 04:00:00,4613.06,4614.07,4592.74,4613.07,16801,13,0
2026-05-04 05:00:00,4613.07,4618.54,4591.11,4605.86,16602,13,0
2026-05-04 06:00:00,4605.86,4617.23,4598.61,4615.13,15892,13,0
2026-05-04 07:00:00,4615.13,4615.46,4605.33,4605.94,13194,13,0
2026-05-04 08:00:00,4605.94,4613.18,4592.37,4599.09,17553,13,0
2026-05-04 09:00:00,4599.07,4600.75,4583.72,4588.54,18439,10,0
2026-05-04 10:00:00,4588.59,4593.41,4578.05,4579.03,17956,13,0
2026-05-04 11:00:00,4579.03,4581.45,4573.74,4577.06,18687,13,0
2026-05-04 12:00:00,4577.06,4584.55,4572.45,4575.49,14623,13,0
2026-05-04 13:00:00,4575.49,4575.89,4526.12,4562.69,26778,13,0
2026-05-04 14:00:00,4562.69,4570.79,4551.52,4559.94,21039,13,0
2026-05-04 15:00:00,4560.36,4579.33,4559.35,4568.7,20925,13,0
2026-05-04 16:00:00,4568.42,4575.89,4555.69,4564.07,25701,13,0
2026-05-04 17:00:00,4564.07,4583.26,4553.59,4561.51,26565,13,0
2026-05-04 18:00:00,4561.49,4566.06,4513.21,4521.54,29925,13,0
2026-05-04 19:00:00,4521.59,4526.96,4500.73,4510.67,27767,13,0
2026-05-04 20:00:00,4510.68,4531.63,4510.68,4522.34,22740,13,0
2026-05-04 21:00:00,4522.33,4525.34,4509.93,4516.3,19607,13,0
2026-05-04 22:00:00,4516.3,4527.18,4511.47,4517.86,19930,13,0
2026-05-04 23:00:00,4517.91,4523.24,4511.8,4523.21,9258,13,0
2026-05-05 01:00:00,4523.95,4525.48,4515.69,4517.53,7660,13,0
2026-05-05 02:00:00,4517.52,4521.6,4516.22,4519.08,7311,13,0
2026-05-05 03:00:00,4519.06,4530.41,4513.65,4530.07,16018,11,0
2026-05-05 04:00:00,4530.08,4542.29,4525.49,4540.97,16508,13,0
2026-05-05 05:00:00,4540.96,4546.67,4534.72,4539.08,12826,13,0
2026-05-05 06:00:00,4539.08,4542.71,4532.47,4534.61,10072,13,0
2026-05-05 07:00:00,4534.61,4536.65,4528.06,4533.71,10755,13,0
2026-05-05 08:00:00,4533.71,4551.7,4531.53,4545.73,15495,13,0
2026-05-05 09:00:00,4545.75,4552.11,4533.84,4548.13,17113,13,0
2026-05-05 10:00:00,4548.14,4558.26,4543.37,4545.56,17570,13,0
2026-05-05 11:00:00,4545.55,4559.7,4545.53,4558.4,17563,13,0
2026-05-05 12:00:00,4558.51,4560.47,4551.12,4556.29,15878,13,0
2026-05-05 13:00:00,4556.29,4556.93,4540.27,4543.82,15065,13,0
2026-05-05 14:00:00,4543.82,4564.9,4539.91,4562.79,18408,13,0
2026-05-05 15:00:00,4562.77,4574.67,4554.28,4564.67,20979,13,0
2026-05-05 16:00:00,4564.64,4584.97,4564.35,4579.4,23826,13,0
2026-05-05 17:00:00,4579.39,4586.6,4566.01,4582.38,25025,13,0
2026-05-05 18:00:00,4582.39,4583.87,4568.4,4568.59,20903,13,0
2026-05-05 19:00:00,4568.57,4569.04,4553.77,4561.25,18945,13,0
2026-05-05 20:00:00,4561.25,4562.77,4553.32,4559.86,17858,13,0
2026-05-05 21:00:00,4559.86,4565.76,4557.67,4561.08,15054,13,0
2026-05-05 22:00:00,4561.07,4561.53,4551.61,4554.86,14339,13,0
2026-05-05 23:00:00,4554.71,4560.03,4554.03,4556.26,8788,13,0
2026-05-06 01:00:00,4560.38,4577.23,4546.34,4573.36,11374,13,0
2026-05-06 02:00:00,4573.36,4595.74,4569.53,4594.01,17051,13,0
2026-05-06 03:00:00,4594.02,4619.82,4588.29,4618.79,20099,13,0
2026-05-06 04:00:00,4618.78,4628.64,4609.58,4626.11,21986,13,0
2026-05-06 05:00:00,4626.11,4641.89,4625.36,4640.77,17425,13,0
2026-05-06 06:00:00,4640.78,4652.07,4638.62,4643.96,15922,13,0
2026-05-06 07:00:00,4643.74,4653.68,4643.48,4649.07,15317,13,0
2026-05-06 08:00:00,4649.07,4663.85,4644.67,4663.0,16155,13,0
2026-05-06 09:00:00,4663.01,4669.59,4657.14,4669.26,18892,13,0
2026-05-06 10:00:00,4669.28,4681.84,4657.48,4681.66,18420,13,0
2026-05-06 11:00:00,4681.63,4702.48,4671.67,4700.18,19808,13,0
2026-05-06 12:00:00,4700.13,4708.54,4689.19,4701.86,23495,13,0
2026-05-06 13:00:00,4701.84,4722.95,4695.63,4717.97,23056,13,0
2026-05-06 14:00:00,4717.97,4721.34,4690.88,4692.17,24127,13,0
2026-05-06 15:00:00,4692.17,4693.15,4660.52,4683.34,25509,13,0
2026-05-06 16:00:00,4683.32,4707.81,4668.86,4702.16,28000,13,0
2026-05-06 17:00:00,4702.16,4717.49,4697.77,4703.07,27798,13,0
2026-05-06 18:00:00,4703.07,4705.82,4687.88,4687.88,23882,13,0
2026-05-06 19:00:00,4687.88,4692.08,4679.57,4683.16,22147,13,0
2026-05-06 20:00:00,4683.17,4688.08,4678.96,4684.07,19929,13,0
2026-05-06 21:00:00,4684.07,4690.5,4681.92,4686.09,15195,13,0
2026-05-06 22:00:00,4686.09,4700.19,4686.09,4692.48,17029,13,0
2026-05-06 23:00:00,4692.48,4699.66,4685.22,4690.66,11399,13,0
2026-05-07 01:00:00,4692.91,4699.89,4689.47,4694.9,9706,13,0
2026-05-07 02:00:00,4694.9,4699.59,4690.29,4698.99,9537,13,0
2026-05-07 03:00:00,4699.02,4701.23,4685.6,4688.64,19308,10,0
2026-05-07 04:00:00,4688.64,4721.35,4685.31,4714.79,23162,13,0
2026-05-07 05:00:00,4714.79,4718.55,4699.95,4707.28,18948,13,0
2026-05-07 06:00:00,4707.28,4709.89,4699.05,4699.22,13650,13,0
2026-05-07 07:00:00,4699.22,4700.81,4692.52,4696.41,12903,13,0
2026-05-07 08:00:00,4696.41,4706.56,4694.77,4701.06,15394,13,0
2026-05-07 09:00:00,4701.06,4750.15,4701.06,4739.15,21619,13,0
2026-05-07 10:00:00,4739.2,4750.68,4731.68,4743.21,23378,13,0
2026-05-07 11:00:00,4743.21,4753.53,4730.97,4731.02,21206,13,0
2026-05-07 12:00:00,4731.05,4739.47,4721.94,4729.12,19443,13,0
2026-05-07 13:00:00,4729.09,4739.88,4726.7,4735.68,16909,13,0
2026-05-07 14:00:00,4735.75,4743.73,4727.32,4742.8,18964,13,0
2026-05-07 15:00:00,4742.8,4752.64,4733.36,4750.12,22766,13,0
2026-05-07 16:00:00,4750.12,4758.24,4731.29,4746.37,26915,13,0
2026-05-07 17:00:00,4746.37,4763.42,4741.06,4762.79,26582,13,0
2026-05-07 18:00:00,4762.78,4764.78,4726.45,4729.26,27052,13,0
2026-05-07 19:00:00,4729.26,4729.76,4704.56,4715.09,28228,13,0
2026-05-07 20:00:00,4715.09,4719.58,4687.79,4711.54,28416,13,0
2026-05-07 21:00:00,4711.48,4716.01,4695.53,4709.7,25701,13,0
2026-05-07 22:00:00,4709.7,4713.01,4697.89,4702.94,24859,13,0
2026-05-07 23:00:00,4703.09,4719.2,4686.37,4688.42,17845,13,0
2026-05-08 01:00:00,4679.08,4699.37,4676.93,4685.9,15216,13,0
2026-05-08 02:00:00,4685.91,4705.6,4684.61,4704.41,11476,13,0
2026-05-08 03:00:00,4704.38,4709.5,4694.01,4701.36,18183,12,0
2026-05-08 04:00:00,4701.36,4725.42,4700.58,4722.88,21564,13,0
2026-05-08 05:00:00,4722.91,4732.76,4707.03,4713.4,20466,13,0
2026-05-08 06:00:00,4713.44,4731.04,4711.14,4719.66,15803,13,0
2026-05-08 07:00:00,4719.66,4723.32,4709.07,4711.09,13547,13,0
2026-05-08 08:00:00,4711.09,4731.37,4709.7,4727.58,16863,13,0
2026-05-08 09:00:00,4727.56,4734.6,4712.7,4725.72,21085,13,0
2026-05-08 10:00:00,4725.72,4726.52,4697.17,4707.95,21824,13,0
2026-05-08 11:00:00,4707.96,4723.58,4706.75,4715.81,18210,13,0
2026-05-08 12:00:00,4715.79,4722.86,4707.5,4711.93,17337,13,0
2026-05-08 13:00:00,4711.93,4727.91,4711.22,4719.79,15452,13,0
2026-05-08 14:00:00,4719.83,4727.38,4713.69,4717.76,16516,13,0
2026-05-08 15:00:00,4717.76,4732.05,4702.88,4724.45,24485,13,0
2026-05-08 16:00:00,4724.45,4748.04,4716.7,4748.04,26771,13,0
2026-05-08 17:00:00,4748.01,4749.4,4713.36,4716.0,27016,13,0
2026-05-08 18:00:00,4716.0,4720.89,4702.01,4707.07,24978,13,0
2026-05-08 19:00:00,4707.08,4720.28,4705.45,4712.47,18522,13,0
2026-05-08 20:00:00,4712.47,4722.71,4712.18,4720.9,15234,13,0
2026-05-08 21:00:00,4720.9,4729.01,4719.97,4721.95,14948,13,0
2026-05-08 22:00:00,4721.96,4726.83,4721.03,4724.07,12535,13,0
2026-05-08 23:00:00,4724.0,4724.33,4714.7,4715.72,8930,13,0
2026-05-11 01:00:00,4683.48,4700.44,4679.03,4691.91,15722,13,0
2026-05-11 02:00:00,4691.92,4698.59,4688.91,4691.76,11991,13,0
2026-05-11 03:00:00,4691.63,4693.34,4670.34,4683.6,20739,13,0
2026-05-11 04:00:00,4683.39,4705.5,4674.66,4685.72,25668,13,0
2026-05-11 05:00:00,4685.72,4700.22,4676.68,4681.74,20782,13,0
2026-05-11 06:00:00,4681.74,4690.45,4675.24,4678.69,16499,13,0
2026-05-11 07:00:00,4678.69,4679.82,4668.54,4672.1,14468,13,0
2026-05-11 08:00:00,4672.1,4680.66,4648.17,4652.34,18351,13,0
2026-05-11 09:00:00,4652.34,4680.46,4649.32,4678.48,20955,13,0
2026-05-11 10:00:00,4678.44,4680.35,4664.39,4667.8,16989,13,0
2026-05-11 11:00:00,4667.77,4678.83,4664.25,4667.55,16891,13,0
2026-05-11 12:00:00,4667.63,4670.03,4650.63,4656.79,15761,13,0
2026-05-11 13:00:00,4656.79,4667.51,4656.44,4663.91,14553,13,0
2026-05-11 14:00:00,4663.94,4677.33,4663.94,4674.55,16366,13,0
2026-05-11 15:00:00,4674.55,4701.02,4667.51,4700.05,22905,13,0
2026-05-11 16:00:00,4700.05,4748.52,4698.81,4736.17,28089,13,0
2026-05-11 17:00:00,4736.17,4738.54,4715.25,4725.67,25777,13,0
2026-05-11 18:00:00,4725.63,4738.29,4722.93,4732.21,21299,13,0
2026-05-11 19:00:00,4732.21,4733.52,4708.07,4716.53,19661,13,0
2026-05-11 20:00:00,4716.52,4724.64,4715.94,4723.71,17724,13,0
2026-05-11 21:00:00,4723.71,4729.4,4721.02,4724.91,15403,13,0
2026-05-11 22:00:00,4724.98,4736.19,4722.45,4733.63,16034,13,0
2026-05-11 23:00:00,4733.63,4738.58,4729.99,4735.15,8397,13,0
2026-05-12 01:00:00,4735.87,4755.12,4735.85,4750.91,11220,13,0
2026-05-12 02:00:00,4750.91,4769.55,4746.16,4767.47,13990,13,0
2026-05-12 03:00:00,4767.48,4773.54,4748.83,4749.35,20021,10,0
2026-05-12 04:00:00,4749.34,4755.57,4720.38,4727.19,25806,13,0
2026-05-12 05:00:00,4727.18,4733.96,4722.32,4730.11,21075,13,0
2026-05-12 06:00:00,4730.05,4733.29,4718.18,4720.25,16214,13,0
2026-05-12 07:00:00,4720.25,4730.41,4711.16,4714.23,14426,13,0
2026-05-12 08:00:00,4714.21,4722.15,4708.8,4714.37,20163,13,0
2026-05-12 09:00:00,4714.37,4714.45,4694.6,4697.19,23107,13,0
2026-05-12 10:00:00,4697.14,4703.85,4687.46,4699.89,18651,13,0
2026-05-12 11:00:00,4699.89,4706.82,4697.15,4703.43,16775,13,0
2026-05-12 12:00:00,4703.44,4705.28,4694.29,4699.51,17022,13,0
2026-05-12 13:00:00,4699.51,4708.5,4685.24,4694.41,17667,13,0
2026-05-12 14:00:00,4694.4,4709.2,4687.26,4706.62,19357,13,0
2026-05-12 15:00:00,4706.66,4711.61,4689.73,4705.77,23609,13,0
2026-05-12 16:00:00,4705.78,4708.99,4677.03,4678.75,28251,13,0
2026-05-12 17:00:00,4679.24,4695.14,4669.83,4672.92,28442,13,0
2026-05-12 18:00:00,4672.92,4676.18,4638.39,4666.15,27721,13,0
2026-05-12 19:00:00,4666.08,4675.09,4664.19,4671.2,22443,13,0
2026-05-12 20:00:00,4671.19,4682.45,4671.18,4678.91,19934,13,0
2026-05-12 21:00:00,4678.87,4698.17,4676.31,4695.98,21034,13,0
2026-05-12 22:00:00,4695.99,4715.69,4695.99,4715.67,19353,13,0
2026-05-12 23:00:00,4715.69,4719.35,4712.23,4715.08,10465,13,0
2026-05-13 01:00:00,4715.97,4722.49,4712.55,4717.03,11217,13,0
2026-05-13 02:00:00,4717.03,4723.93,4715.37,4717.03,15307,13,0
2026-05-13 03:00:00,4717.0,4726.89,4714.17,4714.55,20238,10,0
2026-05-13 04:00:00,4714.55,4717.08,4701.18,4702.55,22888,13,0
2026-05-13 05:00:00,4702.55,4707.64,4687.67,4691.87,19492,13,0
2026-05-13 06:00:00,4691.84,4705.93,4688.93,4696.04,15569,13,0
2026-05-13 07:00:00,4696.04,4703.43,4695.52,4699.63,12117,13,0
2026-05-13 08:00:00,4699.63,4707.35,4693.75,4704.01,18007,13,0
2026-05-13 09:00:00,4704.05,4715.44,4699.19,4701.57,19755,13,0
2026-05-13 10:00:00,4701.69,4708.8,4696.72,4702.87,17134,13,0
2026-05-13 11:00:00,4702.87,4704.32,4694.52,4700.66,16478,13,0
2026-05-13 12:00:00,4700.65,4701.8,4686.03,4700.94,17371,13,0
2026-05-13 13:00:00,4700.94,4710.53,4693.74,4694.17,17692,13,0
2026-05-13 14:00:00,4694.16,4705.43,4691.61,4697.43,18753,13,0
2026-05-13 15:00:00,4697.44,4701.65,4676.35,4683.88,24379,13,0
2026-05-13 16:00:00,4683.88,4694.67,4669.53,4679.44,26975,13,0
2026-05-13 17:00:00,4679.4,4691.0,4672.95,4679.79,27366,13,0
2026-05-13 18:00:00,4679.8,4699.88,4679.0,4695.5,24195,13,0
2026-05-13 19:00:00,4695.51,4709.95,4695.16,4695.71,22292,13,0
2026-05-13 20:00:00,4695.72,4701.3,4684.59,4685.61,20055,13,0
2026-05-13 21:00:00,4685.62,4694.07,4677.7,4684.97,19066,13,0
2026-05-13 22:00:00,4684.98,4690.55,4683.39,4688.28,17167,13,0
2026-05-13 23:00:00,4688.28,4693.47,4686.04,4688.68,9070,13,0
2026-05-14 01:00:00,4691.96,4700.62,4688.99,4700.17,10156,13,0
2026-05-14 02:00:00,4700.16,4702.19,4693.28,4696.62,9988,13,0
2026-05-14 03:00:00,4696.65,4706.89,4689.57,4705.12,18584,10,0
2026-05-14 04:00:00,4705.12,4707.02,4683.63,4688.76,26514,13,0
2026-05-14 05:00:00,4688.76,4699.69,4680.03,4686.36,21649,13,0
2026-05-14 06:00:00,4686.36,4693.43,4674.0,4675.07,20305,13,0
2026-05-14 07:00:00,4675.08,4712.71,4668.75,4702.5,17999,13,0
2026-05-14 08:00:00,4702.5,4704.3,4689.26,4689.75,19956,13,0
2026-05-14 09:00:00,4689.75,4702.44,4686.2,4700.24,21397,13,0
2026-05-14 10:00:00,4700.25,4718.89,4690.86,4693.25,20905,13,0
2026-05-14 11:00:00,4693.16,4706.69,4692.11,4693.31,19677,13,0
2026-05-14 12:00:00,4693.31,4702.63,4688.46,4699.61,18241,13,0
2026-05-14 13:00:00,4699.62,4705.55,4691.25,4697.07,17990,13,0
2026-05-14 14:00:00,4697.11,4704.86,4689.35,4694.39,18086,13,0
2026-05-14 15:00:00,4694.46,4710.11,4692.38,4704.92,21061,13,0
2026-05-14 16:00:00,4704.92,4707.81,4666.83,4679.63,27861,13,0
2026-05-14 17:00:00,4679.62,4700.94,4677.69,4679.52,27054,13,0
2026-05-14 18:00:00,4679.5,4689.44,4677.14,4685.95,22602,13,0
2026-05-14 19:00:00,4685.93,4686.99,4670.38,4678.59,22016,13,0
2026-05-14 20:00:00,4678.6,4683.08,4676.46,4678.15,19879,13,0
2026-05-14 21:00:00,4678.23,4678.42,4667.06,4671.67,17443,13,0
2026-05-14 22:00:00,4671.68,4671.88,4653.16,4654.22,18028,13,0
2026-05-14 23:00:00,4654.2,4656.97,4644.39,4651.19,12529,13,0
2026-05-15 01:00:00,4652.87,4662.71,4646.88,4662.48,12234,13,0
2026-05-15 02:00:00,4662.47,4665.36,4646.98,4652.15,15105,13,0
2026-05-15 03:00:00,4652.15,4658.21,4613.6,4630.18,25212,13,0
2026-05-15 04:00:00,4630.25,4631.56,4607.26,4613.89,29708,13,0
2026-05-15 05:00:00,4613.92,4623.49,4609.4,4618.16,24664,13,0
2026-05-15 06:00:00,4618.15,4622.33,4607.48,4615.48,19810,13,0
2026-05-15 07:00:00,4615.5,4621.61,4604.42,4605.9,17272,13,0
2026-05-15 08:00:00,4605.93,4606.56,4558.02,4559.0,27719,13,0
2026-05-15 09:00:00,4558.87,4580.49,4556.38,4569.78,27463,13,0
2026-05-15 10:00:00,4569.89,4588.72,4566.01,4570.89,23831,13,0
2026-05-15 11:00:00,4570.76,4571.95,4550.04,4554.33,24963,13,0
2026-05-15 12:00:00,4554.39,4563.75,4532.0,4545.78,24999,13,0
2026-05-15 13:00:00,4545.81,4572.55,4544.17,4566.19,24568,13,0
2026-05-15 14:00:00,4566.19,4570.26,4549.86,4552.02,22571,13,0
2026-05-15 15:00:00,4552.01,4558.74,4543.73,4545.95,24500,13,0
2026-05-15 16:00:00,4545.92,4557.58,4511.8,4533.51,29742,13,0
2026-05-15 17:00:00,4533.49,4566.48,4525.41,4562.81,30151,13,0
2026-05-15 18:00:00,4562.81,4563.75,4533.85,4539.69,27562,13,0
2026-05-15 19:00:00,4539.73,4548.08,4529.39,4544.45,24406,13,0
2026-05-15 20:00:00,4544.41,4564.54,4543.19,4559.58,22830,13,0
2026-05-15 21:00:00,4559.59,4563.05,4552.43,4559.32,21095,13,0
2026-05-15 22:00:00,4559.32,4560.21,4545.02,4545.93,19741,13,0
2026-05-15 23:00:00,4545.9,4546.41,4533.17,4538.63,14827,13,0
2026-05-18 01:00:00,4538.7,4555.05,4528.6,4546.22,17467,13,0
2026-05-18 02:00:00,4546.23,4548.04,4532.08,4537.17,18076,13,0
2026-05-18 03:00:00,4537.19,4542.65,4480.35,4516.09,29343,10,0
2026-05-18 04:00:00,4516.01,4535.61,4489.55,4525.44,30569,13,0
2026-05-18 05:00:00,4525.44,4542.89,4522.14,4533.73,24912,13,0
2026-05-18 06:00:00,4533.74,4548.04,4525.24,4541.19,23892,13,0
2026-05-18 07:00:00,4541.19,4549.7,4530.17,4540.75,20922,13,0
2026-05-18 08:00:00,4540.75,4551.89,4529.91,4530.97,23706,13,0
2026-05-18 09:00:00,4530.97,4548.13,4529.8,4546.8,23938,13,0
2026-05-18 10:00:00,4546.8,4559.99,4538.32,4546.27,22648,13,0
2026-05-18 11:00:00,4546.26,4557.01,4542.52,4550.02,20504,13,0
2026-05-18 12:00:00,4550.02,4552.0,4540.28,4542.98,18097,13,0
2026-05-18 13:00:00,4542.98,4547.73,4532.19,4540.27,18599,13,0
2026-05-18 14:00:00,4540.22,4566.99,4530.12,4550.72,23649,13,0
2026-05-18 15:00:00,4550.73,4574.89,4545.39,4571.37,25450,13,0
2026-05-18 16:00:00,4571.36,4584.25,4561.92,4575.69,28301,13,0
2026-05-18 17:00:00,4575.72,4575.75,4537.83,4546.52,29640,13,0
2026-05-18 18:00:00,4546.53,4547.98,4531.92,4543.57,26852,13,0
2026-05-18 19:00:00,4543.57,4554.57,4533.96,4550.22,24524,13,0
2026-05-18 20:00:00,4550.21,4558.3,4545.65,4547.05,20686,13,0
2026-05-18 21:00:00,4547.04,4547.82,4534.34,4535.79,21041,13,0
2026-05-18 22:00:00,4535.79,4565.09,4535.3,4558.57,25562,13,0
2026-05-18 23:00:00,4558.54,4566.7,4557.87,4566.18,10674,13,0
2026-05-19 01:00:00,4567.89,4578.4,4567.36,4573.94,9895,13,0
2026-05-19 02:00:00,4573.95,4588.96,4573.8,4581.85,12734,13,0
2026-05-19 03:00:00,4581.81,4589.27,4561.32,4563.35,22407,13,0
2026-05-19 04:00:00,4563.4,4572.35,4554.2,4563.91,24835,13,0
2026-05-19 05:00:00,4563.89,4563.9,4546.03,4547.16,22760,13,0
2026-05-19 06:00:00,4547.17,4555.06,4543.75,4545.06,17898,13,0
2026-05-19 07:00:00,4545.05,4545.72,4537.99,4542.49,16439,13,0
2026-05-19 08:00:00,4542.49,4546.58,4531.0,4540.9,21882,13,0
2026-05-19 09:00:00,4540.9,4553.97,4533.52,4548.08,23147,13,0
2026-05-19 10:00:00,4548.15,4559.37,4541.43,4557.25,20704,13,0
2026-05-19 11:00:00,4557.23,4559.18,4536.41,4542.77,19622,13,0
2026-05-19 12:00:00,4542.79,4546.78,4536.13,4541.86,19647,13,0
2026-05-19 13:00:00,4541.85,4544.72,4525.5,4544.7,19518,13,0
2026-05-19 14:00:00,4544.68,4547.96,4529.94,4530.77,19754,13,0
2026-05-19 15:00:00,4530.81,4547.16,4527.49,4537.18,21248,13,0
2026-05-19 16:00:00,4537.16,4537.44,4464.98,4504.29,30623,13,0
2026-05-19 17:00:00,4504.27,4514.13,4484.56,4494.18,30549,13,0
2026-05-19 18:00:00,4494.18,4509.31,4489.96,4508.46,25987,13,0
2026-05-19 19:00:00,4508.46,4512.48,4496.25,4507.77,21753,13,0
2026-05-19 20:00:00,4507.76,4511.09,4499.16,4500.87,19785,13,0
2026-05-19 21:00:00,4500.88,4503.69,4490.34,4493.64,20166,13,0
2026-05-19 22:00:00,4493.65,4497.58,4481.28,4483.42,20471,13,0
2026-05-19 23:00:00,4483.45,4488.22,4481.01,4481.95,10646,13,0
2026-05-20 01:00:00,4482.96,4485.85,4477.45,4484.39,11132,13,0
2026-05-20 02:00:00,4484.39,4496.43,4479.88,4489.36,12685,13,0
2026-05-20 03:00:00,4489.39,4508.86,4479.73,4500.97,25359,10,0
2026-05-20 04:00:00,4500.94,4506.13,4456.11,4481.35,28801,13,0
2026-05-20 05:00:00,4481.35,4487.0,4458.56,4465.32,26020,13,0
2026-05-20 06:00:00,4465.3,4467.18,4453.64,4463.71,21404,13,0
2026-05-20 07:00:00,4463.71,4470.71,4456.82,4462.04,18123,13,0
2026-05-20 08:00:00,4462.03,4478.99,4461.71,4472.8,21539,13,0
2026-05-20 09:00:00,4472.81,4478.47,4461.48,4474.4,24200,13,0
2026-05-20 10:00:00,4474.3,4486.03,4472.04,4478.65,21209,13,0
2026-05-20 11:00:00,4478.66,4490.2,4476.79,4484.15,21591,13,0
2026-05-20 12:00:00,4484.17,4491.12,4472.84,4484.98,18315,13,0
2026-05-20 13:00:00,4484.97,4497.06,4484.77,4494.72,16727,13,0
2026-05-20 14:00:00,4494.66,4501.15,4490.89,4499.19,17726,13,0
2026-05-20 15:00:00,4499.19,4505.47,4492.98,4496.25,20449,13,0
2026-05-20 16:00:00,4496.24,4506.25,4482.07,4483.08,27150,13,0
2026-05-20 17:00:00,4483.14,4537.33,4467.12,4531.36,31050,13,0
2026-05-20 18:00:00,4531.34,4552.75,4523.23,4529.17,28338,13,0
2026-05-20 19:00:00,4529.19,4535.45,4524.18,4534.49,23578,13,0
2026-05-20 20:00:00,4534.5,4538.23,4529.98,4531.52,20717,13,0
2026-05-20 21:00:00,4531.46,4545.1,4529.57,4542.41,19170,13,0
2026-05-20 22:00:00,4542.4,4550.1,4541.79,4545.82,17893,13,0
2026-05-20 23:00:00,4545.82,4550.42,4542.04,4543.83,13775,13,0
2026-05-21 01:00:00,4545.63,4548.73,4535.29,4539.95,13080,13,0
2026-05-21 02:00:00,4539.96,4547.33,4534.66,4546.56,11441,13,0
2026-05-21 03:00:00,4546.62,4553.25,4537.39,4545.36,20444,10,0
2026-05-21 04:00:00,4545.37,4570.73,4539.93,4561.04,24324,13,0
2026-05-21 05:00:00,4561.06,4564.94,4531.55,4533.33,21765,13,0
2026-05-21 06:00:00,4533.33,4540.3,4527.25,4528.38,16826,13,0
2026-05-21 07:00:00,4528.28,4540.31,4527.43,4538.5,13306,13,0
2026-05-21 08:00:00,4538.51,4540.35,4518.54,4527.96,20818,13,0
2026-05-21 09:00:00,4527.96,4539.94,4518.92,4521.59,22941,13,0
2026-05-21 10:00:00,4521.56,4524.42,4512.05,4519.7,20297,13,0
2026-05-21 11:00:00,4519.69,4536.82,4518.36,4532.6,22291,13,0
2026-05-21 12:00:00,4532.58,4542.99,4527.82,4530.68,19696,13,0
2026-05-21 13:00:00,4530.68,4535.29,4505.09,4511.55,24183,13,0
2026-05-21 14:00:00,4511.58,4521.28,4508.13,4514.11,21181,13,0
2026-05-21 15:00:00,4514.08,4519.3,4502.48,4504.14,23898,13,0
2026-05-21 16:00:00,4504.14,4521.12,4488.64,4513.31,29104,13,0
2026-05-21 17:00:00,4513.36,4515.44,4498.2,4508.92,29071,13,0
2026-05-21 18:00:00,4508.92,4515.06,4496.74,4511.95,25806,13,0
2026-05-21 19:00:00,4512.02,4520.78,4512.02,4519.51,23001,13,0
2026-05-21 20:00:00,4519.51,4559.36,4514.2,4551.53,28068,13,0
2026-05-21 21:00:00,4551.53,4556.16,4527.53,4531.98,26084,13,0
2026-05-21 22:00:00,4531.97,4543.8,4529.84,4543.07,22426,13,0
2026-05-21 23:00:00,4543.05,4544.83,4539.83,4542.62,9893,13,0
2026-05-22 01:00:00,4544.91,4546.04,4539.78,4543.4,9014,13,0
2026-05-22 02:00:00,4543.37,4545.14,4532.66,4535.5,10232,13,0
2026-05-22 03:00:00,4535.53,4541.1,4525.7,4526.78,18806,10,0
2026-05-22 04:00:00,4526.84,4536.32,4521.14,4526.4,22869,13,0
2026-05-22 05:00:00,4526.41,4529.44,4518.64,4523.25,18904,13,0
2026-05-22 06:00:00,4523.25,4529.97,4519.25,4529.51,15174,13,0
2026-05-22 07:00:00,4529.5,4533.02,4525.51,4527.29,12128,13,0
2026-05-22 08:00:00,4527.28,4534.28,4507.47,4511.27,17767,13,0
2026-05-22 09:00:00,4511.29,4528.95,4510.18,4526.89,22573,13,0
2026-05-22 10:00:00,4526.89,4527.43,4516.18,4521.89,19240,13,0
2026-05-22 11:00:00,4521.9,4531.22,4517.04,4521.91,20292,13,0
2026-05-22 12:00:00,4521.92,4536.04,4514.85,4532.23,18419,13,0
2026-05-22 13:00:00,4532.23,4536.88,4510.26,4514.73,18505,13,0
2026-05-22 14:00:00,4514.73,4525.11,4511.59,4520.69,17814,13,0
2026-05-22 15:00:00,4520.67,4535.91,4515.12,4528.32,22378,13,0
2026-05-22 16:00:00,4528.3,4534.35,4510.33,4513.73,26056,13,0
2026-05-22 17:00:00,4513.79,4513.94,4491.88,4500.62,27607,13,0
2026-05-22 18:00:00,4500.61,4522.34,4500.31,4520.18,23618,13,0
2026-05-22 19:00:00,4520.17,4526.89,4512.44,4514.94,20537,13,0
2026-05-22 20:00:00,4514.94,4527.81,4513.21,4519.2,21423,13,0
2026-05-22 21:00:00,4519.23,4520.12,4512.03,4515.04,17593,13,0
2026-05-22 22:00:00,4515.17,4515.85,4504.36,4508.36,18873,13,0
2026-05-22 23:00:00,4508.27,4510.49,4504.22,4508.01,10464,13,0
2026-05-25 01:00:00,4530.9,4565.58,4530.9,4565.04,19013,13,0
2026-05-25 02:00:00,4565.05,4579.94,4565.01,4567.08,14832,13,0
2026-05-25 03:00:00,4567.05,4579.6,4566.14,4569.63,18992,13,0
2026-05-25 04:00:00,4569.59,4576.34,4560.31,4562.89,23155,13,0
2026-05-25 05:00:00,4562.89,4570.23,4558.87,4561.3,18462,13,0
2026-05-25 06:00:00,4561.36,4564.53,4556.6,4559.81,16369,13,0
2026-05-25 07:00:00,4559.81,4565.85,4559.39,4564.88,11391,13,0
2026-05-25 08:00:00,4564.89,4566.0,4551.98,4553.35,15397,13,0
2026-05-25 09:00:00,4553.34,4563.28,4550.47,4562.5,18450,13,0
2026-05-25 10:00:00,4562.49,4565.09,4552.62,4564.85,18019,13,0
2026-05-25 11:00:00,4564.83,4565.08,4553.48,4556.13,14389,13,0
2026-05-25 12:00:00,4556.14,4569.13,4555.05,4567.65,12292,13,0
2026-05-25 13:00:00,4567.67,4573.71,4567.63,4568.67,12450,13,0
2026-05-25 14:00:00,4568.67,4577.02,4567.68,4569.47,12591,13,0
2026-05-25 15:00:00,4569.47,4570.25,4553.02,4567.77,17167,13,0
2026-05-25 16:00:00,4567.74,4571.42,4560.14,4563.15,18355,13,0
2026-05-25 17:00:00,4563.14,4570.62,4562.4,4566.83,14445,13,0
2026-05-25 18:00:00,4566.82,4574.68,4565.69,4570.89,14515,13,0
2026-05-25 19:00:00,4570.89,4574.65,4568.01,4573.63,9995,13,0
2026-05-25 20:00:00,4573.61,4577.8,4563.37,4565.17,8575,13,0
2026-05-25 21:00:00,4565.18,4571.51,4564.48,4570.86,3307,13,0
2026-05-26 01:00:00,4570.18,4576.6,4569.73,4575.01,10262,13,0
2026-05-26 02:00:00,4575.01,4580.16,4555.2,4559.68,14867,13,0
2026-05-26 03:00:00,4559.77,4560.07,4539.64,4549.66,21262,10,0
2026-05-26 04:00:00,4549.66,4550.24,4527.94,4537.04,24271,13,0
2026-05-26 05:00:00,4537.05,4539.59,4530.09,4532.3,16814,13,0
2026-05-26 06:00:00,4532.27,4545.43,4532.12,4542.39,13382,13,0
2026-05-26 07:00:00,4542.39,4543.22,4523.55,4525.5,12402,13,0
2026-05-26 08:00:00,4525.5,4535.1,4523.02,4527.3,17391,13,0
2026-05-26 09:00:00,4527.3,4536.22,4527.12,4531.05,18541,13,0
2026-05-26 10:00:00,4531.06,4539.02,4521.73,4538.25,20240,13,0
